,num_layers,hidden1,hidden2,dropout,random_seed,epochs_trained,val_error
0,1.0,5.0,5.0,0.3,0.0,207.0,0.7946481903394064
1,1.0,5.0,5.0,0.3,10.0,181.0,0.8428398768107096
2,1.0,5.0,5.0,0.3,100.0,294.0,0.7266680101553599
3,1.0,5.0,5.0,0.3,1000.0,157.0,1.0800132354100545
4,1.0,5.0,5.0,0.3,10000.0,142.0,0.862979382276535
5,1.0,5.0,5.0,0.5,0.0,177.0,0.9321097135543823
6,1.0,5.0,5.0,0.5,10.0,176.0,0.9233088692029318
7,1.0,5.0,5.0,0.5,100.0,202.0,0.8323598404725393
8,1.0,5.0,5.0,0.5,1000.0,112.0,1.2064189314842224
9,1.0,5.0,5.0,0.5,10000.0,157.0,0.9921952883402506
10,1.0,5.0,5.0,0.7,0.0,120.0,1.1967425346374512
11,1.0,5.0,5.0,0.7,10.0,138.0,1.1221843957901
12,1.0,5.0,5.0,0.7,100.0,172.0,1.0713707307974498
13,1.0,5.0,5.0,0.7,1000.0,85.0,1.3220640420913696
14,1.0,5.0,5.0,0.7,10000.0,126.0,1.0443956851959229
15,1.0,5.0,10.0,0.3,0.0,143.0,0.8615067998568217
16,1.0,5.0,10.0,0.3,10.0,66.0,0.9323236147562662
17,1.0,5.0,10.0,0.3,100.0,232.0,0.7941450476646423
18,1.0,5.0,10.0,0.3,1000.0,72.0,0.869327167669932
19,1.0,5.0,10.0,0.3,10000.0,58.0,0.9378661215305328
20,1.0,5.0,10.0,0.5,0.0,137.0,0.9468958675861359
21,1.0,5.0,10.0,0.5,10.0,72.0,0.9732139408588409
22,1.0,5.0,10.0,0.5,100.0,253.0,0.8092745542526245
23,1.0,5.0,10.0,0.5,1000.0,80.0,0.9069244166215261
24,1.0,5.0,10.0,0.5,10000.0,69.0,0.9763196309407552
25,1.0,5.0,10.0,0.7,0.0,96.0,1.071695735057195
26,1.0,5.0,10.0,0.7,10.0,115.0,1.0227240820725758
27,1.0,5.0,10.0,0.7,100.0,124.0,1.0529554386933644
28,1.0,5.0,10.0,0.7,1000.0,124.0,0.9917138914267222
29,1.0,5.0,10.0,0.7,10000.0,126.0,0.9963166415691376
30,1.0,5.0,15.0,0.3,0.0,83.0,0.9306054612000784
31,1.0,5.0,15.0,0.3,10.0,300.0,0.7127012014389038
32,1.0,5.0,15.0,0.3,100.0,94.0,0.836164246002833
33,1.0,5.0,15.0,0.3,1000.0,157.0,0.8023314376672109
34,1.0,5.0,15.0,0.3,10000.0,206.0,0.703547328710556
35,1.0,5.0,15.0,0.5,0.0,98.0,0.9561130007108053
36,1.0,5.0,15.0,0.5,10.0,300.0,0.7672721942265829
37,1.0,5.0,15.0,0.5,100.0,163.0,0.828930139541626
38,1.0,5.0,15.0,0.5,1000.0,98.0,0.854749470949173
39,1.0,5.0,15.0,0.5,10000.0,221.0,0.7821604311466217
40,1.0,5.0,15.0,0.7,0.0,97.0,1.0406821072101593
41,1.0,5.0,15.0,0.7,10.0,94.0,1.02239994208018
42,1.0,5.0,15.0,0.7,100.0,121.0,1.011707842350006
43,1.0,5.0,15.0,0.7,1000.0,112.0,0.9596789677937826
44,1.0,5.0,15.0,0.7,10000.0,90.0,1.0221473375956218
45,1.0,5.0,20.0,0.3,0.0,68.0,0.8463833431402842
46,1.0,5.0,20.0,0.3,10.0,299.0,0.7475472589333853
47,1.0,5.0,20.0,0.3,100.0,78.0,0.8739224374294281
48,1.0,5.0,20.0,0.3,1000.0,65.0,0.8455888529618582
49,1.0,5.0,20.0,0.3,10000.0,177.0,0.7656076351801554
50,1.0,5.0,20.0,0.5,0.0,69.0,0.8706762393315634
51,1.0,5.0,20.0,0.5,10.0,237.0,0.8235522309939066
52,1.0,5.0,20.0,0.5,100.0,235.0,0.7873307764530182
53,1.0,5.0,20.0,0.5,1000.0,248.0,0.74516960978508
54,1.0,5.0,20.0,0.5,10000.0,166.0,0.796124796072642
55,1.0,5.0,20.0,0.7,0.0,79.0,1.018255740404129
56,1.0,5.0,20.0,0.7,10.0,137.0,1.0425229668617249
57,1.0,5.0,20.0,0.7,100.0,131.0,0.9569117029507955
58,1.0,5.0,20.0,0.7,1000.0,99.0,0.95208939909935
59,1.0,5.0,20.0,0.7,10000.0,98.0,0.9309127430121104
60,1.0,5.0,25.0,0.3,0.0,285.0,0.7279102007548014
61,1.0,5.0,25.0,0.3,10.0,175.0,0.7512012223402659
62,1.0,5.0,25.0,0.3,100.0,57.0,0.9930489857991537
63,1.0,5.0,25.0,0.3,1000.0,178.0,0.7364398340384165
64,1.0,5.0,25.0,0.3,10000.0,61.0,0.8459894557793936
65,1.0,5.0,25.0,0.5,0.0,106.0,0.8437168200810751
66,1.0,5.0,25.0,0.5,10.0,170.0,0.8162818849086761
67,1.0,5.0,25.0,0.5,100.0,111.0,0.9125059147675832
68,1.0,5.0,25.0,0.5,1000.0,216.0,0.7606268425782522
69,1.0,5.0,25.0,0.5,10000.0,57.0,0.8755926092465719
70,1.0,5.0,25.0,0.7,0.0,133.0,0.9524048666159312
71,1.0,5.0,25.0,0.7,10.0,116.0,1.0256919066111247
72,1.0,5.0,25.0,0.7,100.0,90.0,1.0574975808461506
73,1.0,5.0,25.0,0.7,1000.0,123.0,0.9079462289810181
74,1.0,5.0,25.0,0.7,10000.0,70.0,0.981953908999761
75,1.0,5.0,30.0,0.3,0.0,138.0,0.7743116219838461
76,1.0,5.0,30.0,0.3,10.0,227.0,0.7257008254528046
77,1.0,5.0,30.0,0.3,100.0,133.0,0.8129719694455465
78,1.0,5.0,30.0,0.3,1000.0,62.0,0.8496946891148885
79,1.0,5.0,30.0,0.3,10000.0,142.0,0.7829546332359314
80,1.0,5.0,30.0,0.5,0.0,65.0,0.8511455953121185
81,1.0,5.0,30.0,0.5,10.0,198.0,0.7604510883490244
82,1.0,5.0,30.0,0.5,100.0,136.0,0.8436443507671356
83,1.0,5.0,30.0,0.5,1000.0,63.0,0.902096668879191
84,1.0,5.0,30.0,0.5,10000.0,163.0,0.8148727516333262
85,1.0,5.0,30.0,0.7,0.0,72.0,0.9455552399158478
86,1.0,5.0,30.0,0.7,10.0,93.0,1.001899262269338
87,1.0,5.0,30.0,0.7,100.0,160.0,0.9579028288523356
88,1.0,5.0,30.0,0.7,1000.0,55.0,1.0149146914482117
89,1.0,5.0,30.0,0.7,10000.0,51.0,0.9783230225245158
90,1.0,5.0,35.0,0.3,0.0,172.0,0.7952573597431183
91,1.0,5.0,35.0,0.3,10.0,156.0,0.8346482813358307
92,1.0,5.0,35.0,0.3,100.0,52.0,0.9503398438294729
93,1.0,5.0,35.0,0.3,1000.0,205.0,0.7107885380585989
94,1.0,5.0,35.0,0.3,10000.0,280.0,0.7117913067340851
95,1.0,5.0,35.0,0.5,0.0,60.0,0.8654552598794302
96,1.0,5.0,35.0,0.5,10.0,171.0,0.8524424831072489
97,1.0,5.0,35.0,0.5,100.0,145.0,0.8220818042755127
98,1.0,5.0,35.0,0.5,1000.0,90.0,0.8323991199334463
99,1.0,5.0,35.0,0.5,10000.0,128.0,0.813113937775294
100,1.0,5.0,35.0,0.7,0.0,94.0,0.9632755815982819
101,1.0,5.0,35.0,0.7,10.0,110.0,1.0711871882279713
102,1.0,5.0,35.0,0.7,100.0,122.0,0.9496121108531952
103,1.0,5.0,35.0,0.7,1000.0,100.0,0.9310965637365977
104,1.0,5.0,35.0,0.7,10000.0,90.0,0.967481255531311
105,1.0,5.0,40.0,0.3,0.0,121.0,0.8120932380358378
106,1.0,5.0,40.0,0.3,10.0,169.0,0.782347838083903
107,1.0,5.0,40.0,0.3,100.0,46.0,0.9424463411172231
108,1.0,5.0,40.0,0.3,1000.0,163.0,0.7218998769919077
109,1.0,5.0,40.0,0.3,10000.0,98.0,0.8407589594523112
110,1.0,5.0,40.0,0.5,0.0,75.0,0.9204891920089722
111,1.0,5.0,40.0,0.5,10.0,156.0,0.7774011592070261
112,1.0,5.0,40.0,0.5,100.0,88.0,0.900754044453303
113,1.0,5.0,40.0,0.5,1000.0,142.0,0.7460920115311941
114,1.0,5.0,40.0,0.5,10000.0,184.0,0.8677560885747274
115,1.0,5.0,40.0,0.7,0.0,69.0,1.043867180744807
116,1.0,5.0,40.0,0.7,10.0,131.0,0.9520460168520609
117,1.0,5.0,40.0,0.7,100.0,115.0,1.0202313363552094
118,1.0,5.0,40.0,0.7,1000.0,110.0,0.945060114065806
119,1.0,5.0,40.0,0.7,10000.0,44.0,1.0214213927586873
120,1.0,5.0,45.0,0.3,0.0,119.0,0.807948648929596
121,1.0,5.0,45.0,0.3,10.0,69.0,0.9209142426649729
122,1.0,5.0,45.0,0.3,100.0,81.0,0.8950542608896891
123,1.0,5.0,45.0,0.3,1000.0,55.0,0.859939455986023
124,1.0,5.0,45.0,0.3,10000.0,96.0,0.8162583510080973
125,1.0,5.0,45.0,0.5,0.0,105.0,0.8511272867520651
126,1.0,5.0,45.0,0.5,10.0,238.0,0.7831409772237142
127,1.0,5.0,45.0,0.5,100.0,122.0,0.8509701391061147
128,1.0,5.0,45.0,0.5,1000.0,58.0,0.8908188243707021
129,1.0,5.0,45.0,0.5,10000.0,158.0,0.8161494036515554
130,1.0,5.0,45.0,0.7,0.0,139.0,0.958734005689621
131,1.0,5.0,45.0,0.7,10.0,138.0,0.9406780203183492
132,1.0,5.0,45.0,0.7,100.0,112.0,0.9573348065217336
133,1.0,5.0,45.0,0.7,1000.0,113.0,0.9457153578599294
134,1.0,5.0,45.0,0.7,10000.0,93.0,0.9337274233500162
135,1.0,5.0,50.0,0.3,0.0,58.0,0.8468363781770071
136,1.0,5.0,50.0,0.3,10.0,300.0,0.7413108348846436
137,1.0,5.0,50.0,0.3,100.0,137.0,0.8049715061982473
138,1.0,5.0,50.0,0.3,1000.0,239.0,0.6991605361302694
139,1.0,5.0,50.0,0.3,10000.0,141.0,0.7955702344576517
140,1.0,5.0,50.0,0.5,0.0,69.0,0.8966769675413767
141,1.0,5.0,50.0,0.5,10.0,63.0,0.9717838168144226
142,1.0,5.0,50.0,0.5,100.0,122.0,0.8747106492519379
143,1.0,5.0,50.0,0.5,1000.0,248.0,0.7617193460464478
144,1.0,5.0,50.0,0.5,10000.0,93.0,0.8798868258794149
145,1.0,5.0,50.0,0.7,0.0,71.0,1.009715090195338
146,1.0,5.0,50.0,0.7,10.0,132.0,1.0150876939296722
147,1.0,5.0,50.0,0.7,100.0,122.0,1.0079419314861298
148,1.0,5.0,50.0,0.7,1000.0,69.0,0.9737453361352285
149,1.0,5.0,50.0,0.7,10000.0,53.0,1.0205477078755696
150,2.0,5.0,5.0,0.3,0.0,158.0,0.7856894632180532
151,2.0,5.0,5.0,0.3,10.0,300.0,0.9999085366725922
152,2.0,5.0,5.0,0.3,100.0,163.0,0.7636962532997131
153,2.0,5.0,5.0,0.3,1000.0,146.0,0.7613514065742493
154,2.0,5.0,5.0,0.3,10000.0,124.0,0.7795790135860443
155,2.0,5.0,5.0,0.5,0.0,142.0,0.8508449693520864
156,2.0,5.0,5.0,0.5,10.0,123.0,0.9024312992890676
157,2.0,5.0,5.0,0.5,100.0,196.0,0.8543964624404907
158,2.0,5.0,5.0,0.5,1000.0,116.0,0.8756137986977895
159,2.0,5.0,5.0,0.5,10000.0,117.0,0.8808799882729849
160,2.0,5.0,5.0,0.7,0.0,120.0,1.062566469113032
161,2.0,5.0,5.0,0.7,10.0,138.0,1.0514427026112874
162,2.0,5.0,5.0,0.7,100.0,85.0,1.1063722272713978
163,2.0,5.0,5.0,0.7,1000.0,103.0,1.1484104593594868
164,2.0,5.0,5.0,0.7,10000.0,78.0,1.101541817188263
165,2.0,5.0,10.0,0.3,0.0,182.0,0.7871146500110626
166,2.0,5.0,10.0,0.3,10.0,115.0,0.7472076018651327
167,2.0,5.0,10.0,0.3,100.0,67.0,0.817762553691864
168,2.0,5.0,10.0,0.3,1000.0,131.0,0.7302770713965098
169,2.0,5.0,10.0,0.3,10000.0,81.0,0.82549915711085
170,2.0,5.0,10.0,0.5,0.0,107.0,0.873427003622055
171,2.0,5.0,10.0,0.5,10.0,70.0,0.8455713987350464
172,2.0,5.0,10.0,0.5,100.0,48.0,0.8881711860497793
173,2.0,5.0,10.0,0.5,1000.0,115.0,0.8269332945346832
174,2.0,5.0,10.0,0.5,10000.0,123.0,0.7952604790528616
175,2.0,5.0,10.0,0.7,0.0,98.0,0.9965826272964478
176,2.0,5.0,10.0,0.7,10.0,119.0,0.9090405404567719
177,2.0,5.0,10.0,0.7,100.0,65.0,0.9811177452405294
178,2.0,5.0,10.0,0.7,1000.0,103.0,0.9965697129567465
179,2.0,5.0,10.0,0.7,10000.0,93.0,1.0005213518937428
180,2.0,5.0,15.0,0.3,0.0,139.0,0.7412248849868774
181,2.0,5.0,15.0,0.3,10.0,106.0,0.7548893292744955
182,2.0,5.0,15.0,0.3,100.0,136.0,0.7499493261178335
183,2.0,5.0,15.0,0.3,1000.0,116.0,0.7261479496955872
184,2.0,5.0,15.0,0.3,10000.0,182.0,0.7572336395581564
185,2.0,5.0,15.0,0.5,0.0,93.0,0.8167406022548676
186,2.0,5.0,15.0,0.5,10.0,132.0,0.7870676020781199
187,2.0,5.0,15.0,0.5,100.0,136.0,0.7827723920345306
188,2.0,5.0,15.0,0.5,1000.0,98.0,0.7829684118429819
189,2.0,5.0,15.0,0.5,10000.0,98.0,0.8613255123297373
190,2.0,5.0,15.0,0.7,0.0,137.0,0.9022157390912374
191,2.0,5.0,15.0,0.7,10.0,98.0,0.9130538900693258
192,2.0,5.0,15.0,0.7,100.0,127.0,0.9098506371180216
193,2.0,5.0,15.0,0.7,1000.0,76.0,0.9342996776103973
194,2.0,5.0,15.0,0.7,10000.0,106.0,0.9540655116240183
195,2.0,5.0,20.0,0.3,0.0,76.0,0.8116874396800995
196,2.0,5.0,20.0,0.3,10.0,89.0,0.780889650185903
197,2.0,5.0,20.0,0.3,100.0,101.0,0.8129507203896841
198,2.0,5.0,20.0,0.3,1000.0,69.0,0.8832907478014628
199,2.0,5.0,20.0,0.3,10000.0,71.0,0.8493836919466654
200,2.0,5.0,20.0,0.5,0.0,86.0,0.855153371890386
201,2.0,5.0,20.0,0.5,10.0,74.0,0.8500104347864786
202,2.0,5.0,20.0,0.5,100.0,62.0,0.8700274129708608
203,2.0,5.0,20.0,0.5,1000.0,91.0,0.8520816365877787
204,2.0,5.0,20.0,0.5,10000.0,143.0,0.7677700718243917
205,2.0,5.0,20.0,0.7,0.0,118.0,0.9755268593629202
206,2.0,5.0,20.0,0.7,10.0,73.0,0.970812608798345
207,2.0,5.0,20.0,0.7,100.0,67.0,0.949215292930603
208,2.0,5.0,20.0,0.7,1000.0,97.0,0.9470316171646118
209,2.0,5.0,20.0,0.7,10000.0,106.0,0.9059769610563914
210,2.0,5.0,25.0,0.3,0.0,268.0,0.7389842967192332
211,2.0,5.0,25.0,0.3,10.0,153.0,0.7332103550434113
212,2.0,5.0,25.0,0.3,100.0,49.0,0.8500505884488424
213,2.0,5.0,25.0,0.3,1000.0,114.0,0.7233195702234904
214,2.0,5.0,25.0,0.3,10000.0,118.0,0.7551156083742777
215,2.0,5.0,25.0,0.5,0.0,141.0,0.8109807372093201
216,2.0,5.0,25.0,0.5,10.0,119.0,0.7832586765289307
217,2.0,5.0,25.0,0.5,100.0,184.0,0.758610745271047
218,2.0,5.0,25.0,0.5,1000.0,143.0,0.787282923857371
219,2.0,5.0,25.0,0.5,10000.0,148.0,0.7659798463185629
220,2.0,5.0,25.0,0.7,0.0,142.0,0.8956199785073599
221,2.0,5.0,25.0,0.7,10.0,73.0,0.9735459089279175
222,2.0,5.0,25.0,0.7,100.0,127.0,0.9502774079640707
223,2.0,5.0,25.0,0.7,1000.0,180.0,0.842080682516098
224,2.0,5.0,25.0,0.7,10000.0,90.0,0.916632076104482
225,2.0,5.0,30.0,0.3,0.0,154.0,0.7199716170628866
226,2.0,5.0,30.0,0.3,10.0,135.0,0.7329515616099039
227,2.0,5.0,30.0,0.3,100.0,173.0,0.7187706430753072
228,2.0,5.0,30.0,0.3,1000.0,79.0,0.7308558424313863
229,2.0,5.0,30.0,0.3,10000.0,56.0,0.8327840367952982
230,2.0,5.0,30.0,0.5,0.0,105.0,0.828860859076182
231,2.0,5.0,30.0,0.5,10.0,112.0,0.7630707025527954
232,2.0,5.0,30.0,0.5,100.0,117.0,0.7737623453140259
233,2.0,5.0,30.0,0.5,1000.0,110.0,0.7573412954807281
234,2.0,5.0,30.0,0.5,10000.0,70.0,0.8459118107954661
235,2.0,5.0,30.0,0.7,0.0,107.0,0.9489454428354899
236,2.0,5.0,30.0,0.7,10.0,110.0,0.844859371582667
237,2.0,5.0,30.0,0.7,100.0,104.0,0.8876476983229319
238,2.0,5.0,30.0,0.7,1000.0,91.0,0.9168876012166342
239,2.0,5.0,30.0,0.7,10000.0,71.0,0.9209873576958975
240,2.0,5.0,35.0,0.3,0.0,190.0,0.7191606859366099
241,2.0,5.0,35.0,0.3,10.0,129.0,0.8179411292076111
242,2.0,5.0,35.0,0.3,100.0,120.0,0.737732450167338
243,2.0,5.0,35.0,0.3,1000.0,56.0,0.7965296705563863
244,2.0,5.0,35.0,0.3,10000.0,84.0,0.7752777834733328
245,2.0,5.0,35.0,0.5,0.0,69.0,0.8309820393721262
246,2.0,5.0,35.0,0.5,10.0,76.0,0.8767411510149637
247,2.0,5.0,35.0,0.5,100.0,111.0,0.7908160289128622
248,2.0,5.0,35.0,0.5,1000.0,102.0,0.7977030873298645
249,2.0,5.0,35.0,0.5,10000.0,74.0,0.859464148680369
250,2.0,5.0,35.0,0.7,0.0,96.0,0.9291302661101023
251,2.0,5.0,35.0,0.7,10.0,91.0,0.9933525621891022
252,2.0,5.0,35.0,0.7,100.0,57.0,0.9749341110388438
253,2.0,5.0,35.0,0.7,1000.0,60.0,0.9674950738747915
254,2.0,5.0,35.0,0.7,10000.0,98.0,0.8966015775998434
255,2.0,5.0,40.0,0.3,0.0,59.0,0.8299774428208669
256,2.0,5.0,40.0,0.3,10.0,115.0,0.7481744587421417
257,2.0,5.0,40.0,0.3,100.0,105.0,0.7151673833529154
258,2.0,5.0,40.0,0.3,1000.0,71.0,0.7594568828741709
259,2.0,5.0,40.0,0.3,10000.0,56.0,0.8855400780836741
260,2.0,5.0,40.0,0.5,0.0,59.0,0.8848758935928345
261,2.0,5.0,40.0,0.5,10.0,122.0,0.7697439889113108
262,2.0,5.0,40.0,0.5,100.0,190.0,0.7707122067610422
263,2.0,5.0,40.0,0.5,1000.0,87.0,0.8197700877984365
264,2.0,5.0,40.0,0.5,10000.0,47.0,0.9326391021410624
265,2.0,5.0,40.0,0.7,0.0,101.0,0.9488682548205057
266,2.0,5.0,40.0,0.7,10.0,61.0,0.9331697920958201
267,2.0,5.0,40.0,0.7,100.0,108.0,0.890770415465037
268,2.0,5.0,40.0,0.7,1000.0,111.0,0.8813387155532837
269,2.0,5.0,40.0,0.7,10000.0,53.0,1.0628954370816548
270,2.0,5.0,45.0,0.3,0.0,131.0,0.7596670389175415
271,2.0,5.0,45.0,0.3,10.0,153.0,0.7461523612340292
272,2.0,5.0,45.0,0.3,100.0,167.0,0.7155389885107676
273,2.0,5.0,45.0,0.3,1000.0,90.0,0.7632899085680643
274,2.0,5.0,45.0,0.3,10000.0,119.0,0.7662797768910726
275,2.0,5.0,45.0,0.5,0.0,97.0,0.8135988314946493
276,2.0,5.0,45.0,0.5,10.0,81.0,0.8171828985214233
277,2.0,5.0,45.0,0.5,100.0,141.0,0.7913313309351603
278,2.0,5.0,45.0,0.5,1000.0,44.0,0.8821807006994883
279,2.0,5.0,45.0,0.5,10000.0,91.0,0.8248530626296997
280,2.0,5.0,45.0,0.7,0.0,120.0,0.8865453998247782
281,2.0,5.0,45.0,0.7,10.0,36.0,0.9419210354487101
282,2.0,5.0,45.0,0.7,100.0,89.0,0.9458748896916708
283,2.0,5.0,45.0,0.7,1000.0,60.0,0.9769896666208903
284,2.0,5.0,45.0,0.7,10000.0,83.0,0.9139478703339895
285,2.0,5.0,50.0,0.3,0.0,112.0,0.8057995537916819
286,2.0,5.0,50.0,0.3,10.0,118.0,0.7519073088963827
287,2.0,5.0,50.0,0.3,100.0,42.0,0.8433817227681478
288,2.0,5.0,50.0,0.3,1000.0,45.0,0.8374235232671102
289,2.0,5.0,50.0,0.3,10000.0,153.0,0.7884428997834524
290,2.0,5.0,50.0,0.5,0.0,107.0,0.8299637138843536
291,2.0,5.0,50.0,0.5,10.0,47.0,0.8585790594418844
292,2.0,5.0,50.0,0.5,100.0,48.0,0.8895709216594696
293,2.0,5.0,50.0,0.5,1000.0,44.0,0.8831822375456492
294,2.0,5.0,50.0,0.5,10000.0,71.0,0.9111759265263876
295,2.0,5.0,50.0,0.7,0.0,107.0,0.8872527877489725
296,2.0,5.0,50.0,0.7,10.0,36.0,0.959283192952474
297,2.0,5.0,50.0,0.7,100.0,90.0,0.9194515844186147
298,2.0,5.0,50.0,0.7,1000.0,72.0,0.9661938846111298
299,2.0,5.0,50.0,0.7,10000.0,106.0,0.9674855967362722
300,1.0,10.0,5.0,0.3,0.0,112.0,0.7473482390244802
301,1.0,10.0,5.0,0.3,10.0,163.0,0.7483366131782532
302,1.0,10.0,5.0,0.3,100.0,96.0,0.7056409617265066
303,1.0,10.0,5.0,0.3,1000.0,151.0,0.7221176425615946
304,1.0,10.0,5.0,0.3,10000.0,119.0,0.7213786939779917
305,1.0,10.0,5.0,0.5,0.0,139.0,0.7578274508317312
306,1.0,10.0,5.0,0.5,10.0,106.0,0.8079176743825277
307,1.0,10.0,5.0,0.5,100.0,73.0,0.9513521492481232
308,1.0,10.0,5.0,0.5,1000.0,150.0,0.769791821638743
309,1.0,10.0,5.0,0.5,10000.0,124.0,0.7653520901997884
310,1.0,10.0,5.0,0.7,0.0,48.0,1.0118633806705475
311,1.0,10.0,5.0,0.7,10.0,119.0,0.9410211642583212
312,1.0,10.0,5.0,0.7,100.0,114.0,0.9470216929912567
313,1.0,10.0,5.0,0.7,1000.0,112.0,0.94531978170077
314,1.0,10.0,5.0,0.7,10000.0,172.0,0.9450454413890839
315,1.0,10.0,10.0,0.3,0.0,146.0,0.6928632458051046
316,1.0,10.0,10.0,0.3,10.0,118.0,0.7355219026406606
317,1.0,10.0,10.0,0.3,100.0,33.0,1.0227084855238597
318,1.0,10.0,10.0,0.3,1000.0,69.0,0.8636835018793741
319,1.0,10.0,10.0,0.3,10000.0,142.0,0.6932271321614584
320,1.0,10.0,10.0,0.5,0.0,122.0,0.7595989108085632
321,1.0,10.0,10.0,0.5,10.0,40.0,0.9037145773569742
322,1.0,10.0,10.0,0.5,100.0,127.0,0.8013984660307566
323,1.0,10.0,10.0,0.5,1000.0,83.0,0.8688749273618063
324,1.0,10.0,10.0,0.5,10000.0,144.0,0.7587310870488485
325,1.0,10.0,10.0,0.7,0.0,112.0,0.8568699359893799
326,1.0,10.0,10.0,0.7,10.0,119.0,0.8472015957037607
327,1.0,10.0,10.0,0.7,100.0,179.0,0.9001744389533997
328,1.0,10.0,10.0,0.7,1000.0,75.0,0.9592751264572144
329,1.0,10.0,10.0,0.7,10000.0,72.0,0.9156815807024637
330,1.0,10.0,15.0,0.3,0.0,98.0,0.7408201197783152
331,1.0,10.0,15.0,0.3,10.0,32.0,0.9235872725645701
332,1.0,10.0,15.0,0.3,100.0,98.0,0.7078324556350708
333,1.0,10.0,15.0,0.3,1000.0,172.0,0.6965668598810831
334,1.0,10.0,15.0,0.3,10000.0,32.0,0.8582780659198761
335,1.0,10.0,15.0,0.5,0.0,98.0,0.7499493360519409
336,1.0,10.0,15.0,0.5,10.0,124.0,0.7584791978200277
337,1.0,10.0,15.0,0.5,100.0,31.0,0.988071858882904
338,1.0,10.0,15.0,0.5,1000.0,130.0,0.7249436775843302
339,1.0,10.0,15.0,0.5,10000.0,46.0,0.8649619221687317
340,1.0,10.0,15.0,0.7,0.0,132.0,0.8006865580876669
341,1.0,10.0,15.0,0.7,10.0,107.0,0.794032504161199
342,1.0,10.0,15.0,0.7,100.0,103.0,0.8203847408294678
343,1.0,10.0,15.0,0.7,1000.0,123.0,0.8147072394688925
344,1.0,10.0,15.0,0.7,10000.0,149.0,0.7934114833672842
345,1.0,10.0,20.0,0.3,0.0,116.0,0.7319917678833008
346,1.0,10.0,20.0,0.3,10.0,140.0,0.6807560920715332
347,1.0,10.0,20.0,0.3,100.0,102.0,0.6915976305802664
348,1.0,10.0,20.0,0.3,1000.0,38.0,0.9122063020865122
349,1.0,10.0,20.0,0.3,10000.0,34.0,0.8441881338755289
350,1.0,10.0,20.0,0.5,0.0,116.0,0.7257083555062612
351,1.0,10.0,20.0,0.5,10.0,137.0,0.6924899617830912
352,1.0,10.0,20.0,0.5,100.0,130.0,0.6989108324050903
353,1.0,10.0,20.0,0.5,1000.0,50.0,0.9329221248626709
354,1.0,10.0,20.0,0.5,10000.0,105.0,0.7178625067075094
355,1.0,10.0,20.0,0.7,0.0,169.0,0.7700437108675638
356,1.0,10.0,20.0,0.7,10.0,118.0,0.7916991511980692
357,1.0,10.0,20.0,0.7,100.0,135.0,0.8036505480607351
358,1.0,10.0,20.0,0.7,1000.0,164.0,0.8399081428845724
359,1.0,10.0,20.0,0.7,10000.0,109.0,0.792665958404541
360,1.0,10.0,25.0,0.3,0.0,62.0,0.888581375281016
361,1.0,10.0,25.0,0.3,10.0,110.0,0.7262154519557953
362,1.0,10.0,25.0,0.3,100.0,41.0,0.945752739906311
363,1.0,10.0,25.0,0.3,1000.0,48.0,0.8520932694276174
364,1.0,10.0,25.0,0.3,10000.0,104.0,0.8292889495690664
365,1.0,10.0,25.0,0.5,0.0,51.0,0.9568596680959066
366,1.0,10.0,25.0,0.5,10.0,107.0,0.7436822354793549
367,1.0,10.0,25.0,0.5,100.0,40.0,0.9483035107453665
368,1.0,10.0,25.0,0.5,1000.0,38.0,0.8972448309262594
369,1.0,10.0,25.0,0.5,10000.0,83.0,0.7754289408524832
370,1.0,10.0,25.0,0.7,0.0,90.0,0.7949503461519877
371,1.0,10.0,25.0,0.7,10.0,89.0,0.8135184049606323
372,1.0,10.0,25.0,0.7,100.0,124.0,0.8376617133617401
373,1.0,10.0,25.0,0.7,1000.0,129.0,0.8161052763462067
374,1.0,10.0,25.0,0.7,10000.0,45.0,0.936286042133967
375,1.0,10.0,30.0,0.3,0.0,127.0,0.7216582198937734
376,1.0,10.0,30.0,0.3,10.0,129.0,0.6913445790608724
377,1.0,10.0,30.0,0.3,100.0,128.0,0.6733117202917734
378,1.0,10.0,30.0,0.3,1000.0,31.0,0.9288544952869415
379,1.0,10.0,30.0,0.3,10000.0,90.0,0.7868616183598837
380,1.0,10.0,30.0,0.5,0.0,112.0,0.7746868928273519
381,1.0,10.0,30.0,0.5,10.0,135.0,0.706463634967804
382,1.0,10.0,30.0,0.5,100.0,117.0,0.7067248026529948
383,1.0,10.0,30.0,0.5,1000.0,124.0,0.7950571378072103
384,1.0,10.0,30.0,0.5,10000.0,116.0,0.782024751106898
385,1.0,10.0,30.0,0.7,0.0,85.0,0.8169212142626444
386,1.0,10.0,30.0,0.7,10.0,148.0,0.7497906684875488
387,1.0,10.0,30.0,0.7,100.0,95.0,0.793455183506012
388,1.0,10.0,30.0,0.7,1000.0,81.0,0.8993421594301859
389,1.0,10.0,30.0,0.7,10000.0,105.0,0.7901610334714254
390,1.0,10.0,35.0,0.3,0.0,46.0,0.9058188696702322
391,1.0,10.0,35.0,0.3,10.0,120.0,0.6698377827803293
392,1.0,10.0,35.0,0.3,100.0,27.0,1.0444915890693665
393,1.0,10.0,35.0,0.3,1000.0,176.0,0.699476550022761
394,1.0,10.0,35.0,0.3,10000.0,30.0,0.8795560300350189
395,1.0,10.0,35.0,0.5,0.0,45.0,0.9106175502141317
396,1.0,10.0,35.0,0.5,10.0,91.0,0.7124853233496348
397,1.0,10.0,35.0,0.5,100.0,27.0,0.9965850114822388
398,1.0,10.0,35.0,0.5,1000.0,136.0,0.7510651051998138
399,1.0,10.0,35.0,0.5,10000.0,31.0,0.9162337183952332
400,1.0,10.0,35.0,0.7,0.0,132.0,0.7862885991732279
401,1.0,10.0,35.0,0.7,10.0,41.0,0.8944231371084849
402,1.0,10.0,35.0,0.7,100.0,34.0,1.0440926651159923
403,1.0,10.0,35.0,0.7,1000.0,110.0,0.7904447813828787
404,1.0,10.0,35.0,0.7,10000.0,38.0,0.9247819085915884
405,1.0,10.0,40.0,0.3,0.0,45.0,0.9047097563743591
406,1.0,10.0,40.0,0.3,10.0,39.0,0.9485486050446829
407,1.0,10.0,40.0,0.3,100.0,139.0,0.722215990225474
408,1.0,10.0,40.0,0.3,1000.0,97.0,0.7506961127122244
409,1.0,10.0,40.0,0.3,10000.0,29.0,0.8533099790414175
410,1.0,10.0,40.0,0.5,0.0,121.0,0.7559287150700887
411,1.0,10.0,40.0,0.5,10.0,44.0,0.9187216460704803
412,1.0,10.0,40.0,0.5,100.0,115.0,0.7893911004066467
413,1.0,10.0,40.0,0.5,1000.0,101.0,0.7934219340483347
414,1.0,10.0,40.0,0.5,10000.0,107.0,0.7455119987328848
415,1.0,10.0,40.0,0.7,0.0,127.0,0.7856184840202332
416,1.0,10.0,40.0,0.7,10.0,143.0,0.7653527855873108
417,1.0,10.0,40.0,0.7,100.0,121.0,0.7766754925251007
418,1.0,10.0,40.0,0.7,1000.0,109.0,0.8697554965813955
419,1.0,10.0,40.0,0.7,10000.0,122.0,0.7547346552213033
420,1.0,10.0,45.0,0.3,0.0,118.0,0.709525853395462
421,1.0,10.0,45.0,0.3,10.0,139.0,0.6988856196403503
422,1.0,10.0,45.0,0.3,100.0,71.0,0.7941942910353342
423,1.0,10.0,45.0,0.3,1000.0,35.0,0.9244871238867441
424,1.0,10.0,45.0,0.3,10000.0,119.0,0.7043033043543497
425,1.0,10.0,45.0,0.5,0.0,37.0,0.8838220139344534
426,1.0,10.0,45.0,0.5,10.0,124.0,0.7456340591112772
427,1.0,10.0,45.0,0.5,100.0,74.0,0.7685446540514628
428,1.0,10.0,45.0,0.5,1000.0,46.0,0.8529762427012125
429,1.0,10.0,45.0,0.5,10000.0,30.0,0.879621813694636
430,1.0,10.0,45.0,0.7,0.0,66.0,0.8881536225477854
431,1.0,10.0,45.0,0.7,10.0,41.0,0.9254216055075327
432,1.0,10.0,45.0,0.7,100.0,87.0,0.7977380454540253
433,1.0,10.0,45.0,0.7,1000.0,48.0,0.9168760975201925
434,1.0,10.0,45.0,0.7,10000.0,152.0,0.7523377339045206
435,1.0,10.0,50.0,0.3,0.0,104.0,0.7701963583628336
436,1.0,10.0,50.0,0.3,10.0,136.0,0.718118836482366
437,1.0,10.0,50.0,0.3,100.0,133.0,0.7173951268196106
438,1.0,10.0,50.0,0.3,1000.0,172.0,0.7306731343269348
439,1.0,10.0,50.0,0.3,10000.0,29.0,0.8774571518103281
440,1.0,10.0,50.0,0.5,0.0,86.0,0.7789212067921957
441,1.0,10.0,50.0,0.5,10.0,106.0,0.7162140309810638
442,1.0,10.0,50.0,0.5,100.0,30.0,0.9767478307088217
443,1.0,10.0,50.0,0.5,1000.0,202.0,0.7299838562806448
444,1.0,10.0,50.0,0.5,10000.0,38.0,0.8627715806166331
445,1.0,10.0,50.0,0.7,0.0,99.0,0.8358425895373026
446,1.0,10.0,50.0,0.7,10.0,47.0,0.8664153218269348
447,1.0,10.0,50.0,0.7,100.0,171.0,0.7411007185777029
448,1.0,10.0,50.0,0.7,1000.0,50.0,0.8915249109268188
449,1.0,10.0,50.0,0.7,10000.0,46.0,0.8862164914608002
450,2.0,10.0,5.0,0.3,0.0,55.0,0.8380065858364105
451,2.0,10.0,5.0,0.3,10.0,149.0,0.8180540502071381
452,2.0,10.0,5.0,0.3,100.0,138.0,0.7357969979445139
453,2.0,10.0,5.0,0.3,1000.0,84.0,0.8209416071573893
454,2.0,10.0,5.0,0.3,10000.0,74.0,0.7853273650010427
455,2.0,10.0,5.0,0.5,0.0,78.0,0.912194142738978
456,2.0,10.0,5.0,0.5,10.0,180.0,0.7961655755837759
457,2.0,10.0,5.0,0.5,100.0,138.0,0.7688833574453989
458,2.0,10.0,5.0,0.5,1000.0,83.0,0.8982658187548319
459,2.0,10.0,5.0,0.5,10000.0,65.0,0.8689825733502706
460,2.0,10.0,5.0,0.7,0.0,72.0,1.0105388760566711
461,2.0,10.0,5.0,0.7,10.0,80.0,1.0042839447657268
462,2.0,10.0,5.0,0.7,100.0,97.0,0.8933043678601583
463,2.0,10.0,5.0,0.7,1000.0,71.0,1.1142465472221375
464,2.0,10.0,5.0,0.7,10000.0,79.0,0.9787574509779612
465,2.0,10.0,10.0,0.3,0.0,71.0,0.7658272484938303
466,2.0,10.0,10.0,0.3,10.0,104.0,0.8130322297414144
467,2.0,10.0,10.0,0.3,100.0,62.0,0.7694361905256907
468,2.0,10.0,10.0,0.3,1000.0,90.0,0.7431792219479879
469,2.0,10.0,10.0,0.3,10000.0,38.0,0.8556094467639923
470,2.0,10.0,10.0,0.5,0.0,100.0,0.7604678670565287
471,2.0,10.0,10.0,0.5,10.0,96.0,0.8560942312081655
472,2.0,10.0,10.0,0.5,100.0,75.0,0.8297887941201528
473,2.0,10.0,10.0,0.5,1000.0,88.0,0.7940855820973715
474,2.0,10.0,10.0,0.5,10000.0,38.0,0.8832897941271464
475,2.0,10.0,10.0,0.7,0.0,83.0,0.8983377913633982
476,2.0,10.0,10.0,0.7,10.0,106.0,0.8191109498341879
477,2.0,10.0,10.0,0.7,100.0,64.0,0.9381234248479208
478,2.0,10.0,10.0,0.7,1000.0,77.0,0.9239887992540995
479,2.0,10.0,10.0,0.7,10000.0,54.0,0.9711512724558512
480,2.0,10.0,15.0,0.3,0.0,56.0,0.7348729769388834
481,2.0,10.0,15.0,0.3,10.0,91.0,0.719753623008728
482,2.0,10.0,15.0,0.3,100.0,88.0,0.7164518137772878
483,2.0,10.0,15.0,0.3,1000.0,104.0,0.7412085135777792
484,2.0,10.0,15.0,0.3,10000.0,154.0,0.7702985306580862
485,2.0,10.0,15.0,0.5,0.0,54.0,0.8044210573037466
486,2.0,10.0,15.0,0.5,10.0,86.0,0.7570203145345052
487,2.0,10.0,15.0,0.5,100.0,86.0,0.733750194311142
488,2.0,10.0,15.0,0.5,1000.0,96.0,0.7621660133202871
489,2.0,10.0,15.0,0.5,10000.0,119.0,0.7548836668332418
490,2.0,10.0,15.0,0.7,0.0,69.0,0.8368441859881083
491,2.0,10.0,15.0,0.7,10.0,99.0,0.8027116060256958
492,2.0,10.0,15.0,0.7,100.0,81.0,0.8189933697382609
493,2.0,10.0,15.0,0.7,1000.0,78.0,0.8889531493186951
494,2.0,10.0,15.0,0.7,10000.0,50.0,0.9562008877595266
495,2.0,10.0,20.0,0.3,0.0,41.0,0.8711526393890381
496,2.0,10.0,20.0,0.3,10.0,77.0,0.72008083264033
497,2.0,10.0,20.0,0.3,100.0,72.0,0.7778402169545492
498,2.0,10.0,20.0,0.3,1000.0,78.0,0.713838110367457
499,2.0,10.0,20.0,0.3,10000.0,76.0,0.7565601368745168
500,2.0,10.0,20.0,0.5,0.0,40.0,0.8733856777350107
501,2.0,10.0,20.0,0.5,10.0,105.0,0.7445579171180725
502,2.0,10.0,20.0,0.5,100.0,141.0,0.7481612165768942
503,2.0,10.0,20.0,0.5,1000.0,79.0,0.7379745145638784
504,2.0,10.0,20.0,0.5,10000.0,104.0,0.7491126159826914
505,2.0,10.0,20.0,0.7,0.0,58.0,0.8158561885356903
506,2.0,10.0,20.0,0.7,10.0,106.0,0.7609797318776449
507,2.0,10.0,20.0,0.7,100.0,89.0,0.8907483716805776
508,2.0,10.0,20.0,0.7,1000.0,102.0,0.7770122786362966
509,2.0,10.0,20.0,0.7,10000.0,95.0,0.8175869484742483
510,2.0,10.0,25.0,0.3,0.0,83.0,0.7363790969053904
511,2.0,10.0,25.0,0.3,10.0,80.0,0.7123100956281027
512,2.0,10.0,25.0,0.3,100.0,157.0,0.6940813958644867
513,2.0,10.0,25.0,0.3,1000.0,101.0,0.7085699041684469
514,2.0,10.0,25.0,0.3,10000.0,108.0,0.7422729432582855
515,2.0,10.0,25.0,0.5,0.0,98.0,0.7390022973219553
516,2.0,10.0,25.0,0.5,10.0,100.0,0.7032434940338135
517,2.0,10.0,25.0,0.5,100.0,91.0,0.7817873060703278
518,2.0,10.0,25.0,0.5,1000.0,77.0,0.7797111570835114
519,2.0,10.0,25.0,0.5,10000.0,89.0,0.7877659400304159
520,2.0,10.0,25.0,0.7,0.0,75.0,0.8607470591862997
521,2.0,10.0,25.0,0.7,10.0,129.0,0.7465715408325195
522,2.0,10.0,25.0,0.7,100.0,109.0,0.798156350851059
523,2.0,10.0,25.0,0.7,1000.0,81.0,0.8245622416337332
524,2.0,10.0,25.0,0.7,10000.0,54.0,0.8957483867804209
525,2.0,10.0,30.0,0.3,0.0,77.0,0.7447083294391632
526,2.0,10.0,30.0,0.3,10.0,87.0,0.8292644222577413
527,2.0,10.0,30.0,0.3,100.0,104.0,0.803555945555369
528,2.0,10.0,30.0,0.3,1000.0,89.0,0.7209543784459432
529,2.0,10.0,30.0,0.3,10000.0,69.0,0.8269408245881399
530,2.0,10.0,30.0,0.5,0.0,97.0,0.7321939766407013
531,2.0,10.0,30.0,0.5,10.0,89.0,0.7557969391345978
532,2.0,10.0,30.0,0.5,100.0,77.0,0.7851648231347402
533,2.0,10.0,30.0,0.5,1000.0,116.0,0.755720059076945
534,2.0,10.0,30.0,0.5,10000.0,89.0,0.7580569684505463
535,2.0,10.0,30.0,0.7,0.0,81.0,0.7726680934429169
536,2.0,10.0,30.0,0.7,10.0,49.0,0.8755591511726379
537,2.0,10.0,30.0,0.7,100.0,109.0,0.8112789392471313
538,2.0,10.0,30.0,0.7,1000.0,76.0,0.8336003919442495
539,2.0,10.0,30.0,0.7,10000.0,110.0,0.7713268597920736
540,2.0,10.0,35.0,0.3,0.0,72.0,0.7494256794452667
541,2.0,10.0,35.0,0.3,10.0,109.0,0.7035203178723654
542,2.0,10.0,35.0,0.3,100.0,72.0,0.8140246669451395
543,2.0,10.0,35.0,0.3,1000.0,99.0,0.704897403717041
544,2.0,10.0,35.0,0.3,10000.0,30.0,0.8679054975509644
545,2.0,10.0,35.0,0.5,0.0,76.0,0.7545718351999918
546,2.0,10.0,35.0,0.5,10.0,70.0,0.7686423858006796
547,2.0,10.0,35.0,0.5,100.0,71.0,0.8037255505720774
548,2.0,10.0,35.0,0.5,1000.0,129.0,0.7127626339594523
549,2.0,10.0,35.0,0.5,10000.0,29.0,0.8865813811620077
550,2.0,10.0,35.0,0.7,0.0,85.0,0.7852692206700643
551,2.0,10.0,35.0,0.7,10.0,82.0,0.795867383480072
552,2.0,10.0,35.0,0.7,100.0,91.0,0.799085001150767
553,2.0,10.0,35.0,0.7,1000.0,119.0,0.7561803857485453
554,2.0,10.0,35.0,0.7,10000.0,34.0,0.9197915494441986
555,2.0,10.0,40.0,0.3,0.0,102.0,0.7503902117411295
556,2.0,10.0,40.0,0.3,10.0,64.0,0.7916741669178009
557,2.0,10.0,40.0,0.3,100.0,94.0,0.7591743369897207
558,2.0,10.0,40.0,0.3,1000.0,96.0,0.7595623632272085
559,2.0,10.0,40.0,0.3,10000.0,28.0,0.8637091120084127
560,2.0,10.0,40.0,0.5,0.0,108.0,0.7366423606872559
561,2.0,10.0,40.0,0.5,10.0,69.0,0.8342836797237396
562,2.0,10.0,40.0,0.5,100.0,64.0,0.7631366153558096
563,2.0,10.0,40.0,0.5,1000.0,98.0,0.7517188191413879
564,2.0,10.0,40.0,0.5,10000.0,29.0,0.8768516878286997
565,2.0,10.0,40.0,0.7,0.0,132.0,0.7683163086573283
566,2.0,10.0,40.0,0.7,10.0,81.0,0.828740139802297
567,2.0,10.0,40.0,0.7,100.0,82.0,0.7911226550738016
568,2.0,10.0,40.0,0.7,1000.0,41.0,0.8745115697383881
569,2.0,10.0,40.0,0.7,10000.0,113.0,0.8368818561236063
570,2.0,10.0,45.0,0.3,0.0,88.0,0.7135601143042246
571,2.0,10.0,45.0,0.3,10.0,30.0,0.8278848230838776
572,2.0,10.0,45.0,0.3,100.0,31.0,0.8837599257628123
573,2.0,10.0,45.0,0.3,1000.0,31.0,0.8395041426022848
574,2.0,10.0,45.0,0.3,10000.0,135.0,0.7392639915148417
575,2.0,10.0,45.0,0.5,0.0,107.0,0.7043436169624329
576,2.0,10.0,45.0,0.5,10.0,26.0,0.8635351459185282
577,2.0,10.0,45.0,0.5,100.0,102.0,0.7315204540888468
578,2.0,10.0,45.0,0.5,1000.0,112.0,0.7433511515458425
579,2.0,10.0,45.0,0.5,10000.0,157.0,0.7295076350371043
580,2.0,10.0,45.0,0.7,0.0,74.0,0.8383245766162872
581,2.0,10.0,45.0,0.7,10.0,93.0,0.7665628095467886
582,2.0,10.0,45.0,0.7,100.0,112.0,0.7796683311462402
583,2.0,10.0,45.0,0.7,1000.0,39.0,0.8786381483078003
584,2.0,10.0,45.0,0.7,10000.0,49.0,0.8730419178803762
585,2.0,10.0,50.0,0.3,0.0,86.0,0.7449647585550944
586,2.0,10.0,50.0,0.3,10.0,138.0,0.761248916387558
587,2.0,10.0,50.0,0.3,100.0,82.0,0.7198000550270081
588,2.0,10.0,50.0,0.3,1000.0,129.0,0.6856615841388702
589,2.0,10.0,50.0,0.3,10000.0,29.0,0.8787754575411478
590,2.0,10.0,50.0,0.5,0.0,128.0,0.7330965300401052
591,2.0,10.0,50.0,0.5,10.0,40.0,0.8412069380283356
592,2.0,10.0,50.0,0.5,100.0,107.0,0.7478060722351074
593,2.0,10.0,50.0,0.5,1000.0,123.0,0.7143665353457133
594,2.0,10.0,50.0,0.5,10000.0,29.0,0.8826258977254232
595,2.0,10.0,50.0,0.7,0.0,43.0,0.8744581441084543
596,2.0,10.0,50.0,0.7,10.0,80.0,0.871758888165156
597,2.0,10.0,50.0,0.7,100.0,111.0,0.7654180924097697
598,2.0,10.0,50.0,0.7,1000.0,82.0,0.8395841320355734
599,2.0,10.0,50.0,0.7,10000.0,127.0,0.8099606136480967
600,1.0,15.0,5.0,0.3,0.0,70.0,0.736508866151174
601,1.0,15.0,5.0,0.3,10.0,147.0,0.7076002359390259
602,1.0,15.0,5.0,0.3,100.0,84.0,0.7420220275719961
603,1.0,15.0,5.0,0.3,1000.0,114.0,0.718569686015447
604,1.0,15.0,5.0,0.3,10000.0,79.0,0.9330489536126455
605,1.0,15.0,5.0,0.5,0.0,69.0,0.779528945684433
606,1.0,15.0,5.0,0.5,10.0,110.0,0.7898427744706472
607,1.0,15.0,5.0,0.5,100.0,98.0,0.8080154259999593
608,1.0,15.0,5.0,0.5,1000.0,105.0,0.7744108736515045
609,1.0,15.0,5.0,0.5,10000.0,84.0,0.8178283870220184
610,1.0,15.0,5.0,0.7,0.0,105.0,0.8912212749322256
611,1.0,15.0,5.0,0.7,10.0,91.0,0.9325324594974518
612,1.0,15.0,5.0,0.7,100.0,44.0,1.0416608254114788
613,1.0,15.0,5.0,0.7,1000.0,47.0,0.9934700727462769
614,1.0,15.0,5.0,0.7,10000.0,64.0,0.9781475762526194
615,1.0,15.0,10.0,0.3,0.0,67.0,0.7245471080144247
616,1.0,15.0,10.0,0.3,10.0,49.0,0.7744130988915762
617,1.0,15.0,10.0,0.3,100.0,89.0,0.7483862141768137
618,1.0,15.0,10.0,0.3,1000.0,87.0,0.7054376006126404
619,1.0,15.0,10.0,0.3,10000.0,49.0,0.7823482155799866
620,1.0,15.0,10.0,0.5,0.0,95.0,0.7243956625461578
621,1.0,15.0,10.0,0.5,10.0,95.0,0.7603414952754974
622,1.0,15.0,10.0,0.5,100.0,89.0,0.7473880151907603
623,1.0,15.0,10.0,0.5,1000.0,105.0,0.7148421804110209
624,1.0,15.0,10.0,0.5,10000.0,79.0,0.7519387801488241
625,1.0,15.0,10.0,0.7,0.0,144.0,0.8125057816505432
626,1.0,15.0,10.0,0.7,10.0,81.0,0.8773751457532247
627,1.0,15.0,10.0,0.7,100.0,88.0,0.8467025558153788
628,1.0,15.0,10.0,0.7,1000.0,75.0,0.8124048709869385
629,1.0,15.0,10.0,0.7,10000.0,103.0,0.8161145051320394
630,1.0,15.0,15.0,0.3,0.0,67.0,0.7427240212758383
631,1.0,15.0,15.0,0.3,10.0,88.0,0.7159624397754669
632,1.0,15.0,15.0,0.3,100.0,63.0,0.8304087817668915
633,1.0,15.0,15.0,0.3,1000.0,48.0,0.8342597782611847
634,1.0,15.0,15.0,0.3,10000.0,29.0,0.9407630562782288
635,1.0,15.0,15.0,0.5,0.0,75.0,0.7476321856180826
636,1.0,15.0,15.0,0.5,10.0,99.0,0.7060863773028055
637,1.0,15.0,15.0,0.5,100.0,146.0,0.7386475602785746
638,1.0,15.0,15.0,0.5,1000.0,81.0,0.7285109659036001
639,1.0,15.0,15.0,0.5,10000.0,107.0,0.7219933172067007
640,1.0,15.0,15.0,0.7,0.0,104.0,0.8171629309654236
641,1.0,15.0,15.0,0.7,10.0,99.0,0.7718166410923004
642,1.0,15.0,15.0,0.7,100.0,66.0,0.8555993537108103
643,1.0,15.0,15.0,0.7,1000.0,107.0,0.8175788919130961
644,1.0,15.0,15.0,0.7,10000.0,92.0,0.8255260984102885
645,1.0,15.0,20.0,0.3,0.0,90.0,0.7152982552846273
646,1.0,15.0,20.0,0.3,10.0,66.0,0.7255252500375112
647,1.0,15.0,20.0,0.3,100.0,108.0,0.6907056371370951
648,1.0,15.0,20.0,0.3,1000.0,64.0,0.7515915135542551
649,1.0,15.0,20.0,0.3,10000.0,116.0,0.6793286701043447
650,1.0,15.0,20.0,0.5,0.0,130.0,0.7156177163124084
651,1.0,15.0,20.0,0.5,10.0,73.0,0.7393311361471812
652,1.0,15.0,20.0,0.5,100.0,106.0,0.7028690179189047
653,1.0,15.0,20.0,0.5,1000.0,58.0,0.783476193745931
654,1.0,15.0,20.0,0.5,10000.0,141.0,0.6959729790687561
655,1.0,15.0,20.0,0.7,0.0,144.0,0.7632498741149902
656,1.0,15.0,20.0,0.7,10.0,86.0,0.7671339015165964
657,1.0,15.0,20.0,0.7,100.0,88.0,0.796520600716273
658,1.0,15.0,20.0,0.7,1000.0,84.0,0.8278376857439677
659,1.0,15.0,20.0,0.7,10000.0,121.0,0.7349007725715637
660,1.0,15.0,25.0,0.3,0.0,57.0,0.7409673730532328
661,1.0,15.0,25.0,0.3,10.0,79.0,0.7361824015776316
662,1.0,15.0,25.0,0.3,100.0,89.0,0.6644461850325266
663,1.0,15.0,25.0,0.3,1000.0,54.0,0.7408855855464935
664,1.0,15.0,25.0,0.3,10000.0,72.0,0.7066532671451569
665,1.0,15.0,25.0,0.5,0.0,64.0,0.7842675646146139
666,1.0,15.0,25.0,0.5,10.0,73.0,0.7459433376789093
667,1.0,15.0,25.0,0.5,100.0,91.0,0.6942148009936014
668,1.0,15.0,25.0,0.5,1000.0,84.0,0.6992715497811636
669,1.0,15.0,25.0,0.5,10000.0,54.0,0.7399422029654185
670,1.0,15.0,25.0,0.7,0.0,64.0,0.8842605451742808
671,1.0,15.0,25.0,0.7,10.0,116.0,0.7410771250724792
672,1.0,15.0,25.0,0.7,100.0,116.0,0.7736420432726542
673,1.0,15.0,25.0,0.7,1000.0,78.0,0.7640577356020609
674,1.0,15.0,25.0,0.7,10000.0,86.0,0.7465034524599711
675,1.0,15.0,30.0,0.3,0.0,28.0,0.9204941689968109
676,1.0,15.0,30.0,0.3,10.0,78.0,0.7407772441705068
677,1.0,15.0,30.0,0.3,100.0,92.0,0.6672906577587128
678,1.0,15.0,30.0,0.3,1000.0,84.0,0.7863241732120514
679,1.0,15.0,30.0,0.3,10000.0,67.0,0.729205459356308
680,1.0,15.0,30.0,0.5,0.0,83.0,0.7115947604179382
681,1.0,15.0,30.0,0.5,10.0,106.0,0.7083163062731425
682,1.0,15.0,30.0,0.5,100.0,91.0,0.701527605454127
683,1.0,15.0,30.0,0.5,1000.0,35.0,0.8512387176354727
684,1.0,15.0,30.0,0.5,10000.0,26.0,0.9885199864705404
685,1.0,15.0,30.0,0.7,0.0,80.0,0.7385916312535604
686,1.0,15.0,30.0,0.7,10.0,85.0,0.7922079563140869
687,1.0,15.0,30.0,0.7,100.0,98.0,0.7904291848341624
688,1.0,15.0,30.0,0.7,1000.0,30.0,0.8933125734329224
689,1.0,15.0,30.0,0.7,10000.0,90.0,0.7574512958526611
690,1.0,15.0,35.0,0.3,0.0,79.0,0.7151413460572561
691,1.0,15.0,35.0,0.3,10.0,92.0,0.6808889011542002
692,1.0,15.0,35.0,0.3,100.0,76.0,0.6894990901152293
693,1.0,15.0,35.0,0.3,1000.0,105.0,0.7299056251843771
694,1.0,15.0,35.0,0.3,10000.0,68.0,0.7116556167602539
695,1.0,15.0,35.0,0.5,0.0,76.0,0.778568297624588
696,1.0,15.0,35.0,0.5,10.0,76.0,0.7097159524758657
697,1.0,15.0,35.0,0.5,100.0,76.0,0.7081302603085836
698,1.0,15.0,35.0,0.5,1000.0,33.0,0.858626147111257
699,1.0,15.0,35.0,0.5,10000.0,62.0,0.7792768875757853
700,1.0,15.0,35.0,0.7,0.0,96.0,0.765650083621343
701,1.0,15.0,35.0,0.7,10.0,83.0,0.745694120724996
702,1.0,15.0,35.0,0.7,100.0,88.0,0.771541049083074
703,1.0,15.0,35.0,0.7,1000.0,46.0,0.8840716083844503
704,1.0,15.0,35.0,0.7,10000.0,76.0,0.7765526374181112
705,1.0,15.0,40.0,0.3,0.0,91.0,0.7351949214935303
706,1.0,15.0,40.0,0.3,10.0,71.0,0.7824653585751852
707,1.0,15.0,40.0,0.3,100.0,65.0,0.6962505976359049
708,1.0,15.0,40.0,0.3,1000.0,111.0,0.7026178340117136
709,1.0,15.0,40.0,0.3,10000.0,62.0,0.796775887409846
710,1.0,15.0,40.0,0.5,0.0,78.0,0.7483185430367788
711,1.0,15.0,40.0,0.5,10.0,66.0,0.7204732994238535
712,1.0,15.0,40.0,0.5,100.0,63.0,0.7126761575539907
713,1.0,15.0,40.0,0.5,1000.0,32.0,0.877181222041448
714,1.0,15.0,40.0,0.5,10000.0,87.0,0.7023898065090179
715,1.0,15.0,40.0,0.7,0.0,104.0,0.7767638365427653
716,1.0,15.0,40.0,0.7,10.0,90.0,0.7605686982472738
717,1.0,15.0,40.0,0.7,100.0,100.0,0.7301781674226125
718,1.0,15.0,40.0,0.7,1000.0,116.0,0.7506841719150543
719,1.0,15.0,40.0,0.7,10000.0,82.0,0.7391792237758636
720,1.0,15.0,45.0,0.3,0.0,119.0,0.6692074735959371
721,1.0,15.0,45.0,0.3,10.0,85.0,0.7669582565625509
722,1.0,15.0,45.0,0.3,100.0,93.0,0.7385588387648264
723,1.0,15.0,45.0,0.3,1000.0,72.0,0.7092054585615793
724,1.0,15.0,45.0,0.3,10000.0,95.0,0.7840821544329325
725,1.0,15.0,45.0,0.5,0.0,106.0,0.6895426114400228
726,1.0,15.0,45.0,0.5,10.0,72.0,0.7574577728907267
727,1.0,15.0,45.0,0.5,100.0,82.0,0.7069615324338278
728,1.0,15.0,45.0,0.5,1000.0,116.0,0.6980037490526835
729,1.0,15.0,45.0,0.5,10000.0,91.0,0.7018558084964752
730,1.0,15.0,45.0,0.7,0.0,127.0,0.7306992908318838
731,1.0,15.0,45.0,0.7,10.0,98.0,0.7648134231567383
732,1.0,15.0,45.0,0.7,100.0,100.0,0.7369501491387686
733,1.0,15.0,45.0,0.7,1000.0,101.0,0.7282857696215311
734,1.0,15.0,45.0,0.7,10000.0,68.0,0.7402299145857493
735,1.0,15.0,50.0,0.3,0.0,89.0,0.8050719102223715
736,1.0,15.0,50.0,0.3,10.0,111.0,0.6773348053296407
737,1.0,15.0,50.0,0.3,100.0,98.0,0.7349688112735748
738,1.0,15.0,50.0,0.3,1000.0,30.0,0.824440211057663
739,1.0,15.0,50.0,0.3,10000.0,95.0,0.6668615539868673
740,1.0,15.0,50.0,0.5,0.0,100.0,0.7287641565004984
741,1.0,15.0,50.0,0.5,10.0,127.0,0.6902933220068613
742,1.0,15.0,50.0,0.5,100.0,79.0,0.762198676665624
743,1.0,15.0,50.0,0.5,1000.0,79.0,0.7126579781373342
744,1.0,15.0,50.0,0.5,10000.0,85.0,0.6930132210254669
745,1.0,15.0,50.0,0.7,0.0,34.0,0.8686498006184896
746,1.0,15.0,50.0,0.7,10.0,91.0,0.7363687455654144
747,1.0,15.0,50.0,0.7,100.0,65.0,0.8232681353886923
748,1.0,15.0,50.0,0.7,1000.0,91.0,0.7358410060405731
749,1.0,15.0,50.0,0.7,10000.0,89.0,0.7240493098894755
750,2.0,15.0,5.0,0.3,0.0,81.0,0.7333326836427053
751,2.0,15.0,5.0,0.3,10.0,88.0,0.7483737369378408
752,2.0,15.0,5.0,0.3,100.0,63.0,0.7508643368879954
753,2.0,15.0,5.0,0.3,1000.0,62.0,0.7535696526368459
754,2.0,15.0,5.0,0.3,10000.0,66.0,0.7515369355678558
755,2.0,15.0,5.0,0.5,0.0,73.0,0.776481032371521
756,2.0,15.0,5.0,0.5,10.0,72.0,0.800277998050054
757,2.0,15.0,5.0,0.5,100.0,78.0,0.8384751478830973
758,2.0,15.0,5.0,0.5,1000.0,80.0,0.7955557703971863
759,2.0,15.0,5.0,0.5,10000.0,57.0,0.8387978573640188
760,2.0,15.0,5.0,0.7,0.0,71.0,0.9472332696119944
761,2.0,15.0,5.0,0.7,10.0,85.0,0.925925612449646
762,2.0,15.0,5.0,0.7,100.0,69.0,0.9625646670659384
763,2.0,15.0,5.0,0.7,1000.0,87.0,0.9675532082716624
764,2.0,15.0,5.0,0.7,10000.0,88.0,0.9535875221093496
765,2.0,15.0,10.0,0.3,0.0,65.0,0.7114520370960236
766,2.0,15.0,10.0,0.3,10.0,60.0,0.7387271225452423
767,2.0,15.0,10.0,0.3,100.0,63.0,0.7430063883463541
768,2.0,15.0,10.0,0.3,1000.0,48.0,0.7512434720993042
769,2.0,15.0,10.0,0.3,10000.0,71.0,0.7287271916866302
770,2.0,15.0,10.0,0.5,0.0,70.0,0.7389567494392395
771,2.0,15.0,10.0,0.5,10.0,72.0,0.7873957256476084
772,2.0,15.0,10.0,0.5,100.0,63.0,0.772242933511734
773,2.0,15.0,10.0,0.5,1000.0,89.0,0.7298900683720907
774,2.0,15.0,10.0,0.5,10000.0,47.0,0.8078752259413401
775,2.0,15.0,10.0,0.7,0.0,61.0,0.8054441213607788
776,2.0,15.0,10.0,0.7,10.0,48.0,0.9566120704015096
777,2.0,15.0,10.0,0.7,100.0,63.0,0.8669800659020742
778,2.0,15.0,10.0,0.7,1000.0,78.0,0.8732549051443735
779,2.0,15.0,10.0,0.7,10000.0,48.0,0.8933315873146057
780,2.0,15.0,15.0,0.3,0.0,65.0,0.7637992600599924
781,2.0,15.0,15.0,0.3,10.0,86.0,0.7239345709482828
782,2.0,15.0,15.0,0.3,100.0,88.0,0.7075953483581543
783,2.0,15.0,15.0,0.3,1000.0,52.0,0.7652828097343445
784,2.0,15.0,15.0,0.3,10000.0,56.0,0.7034608821074168
785,2.0,15.0,15.0,0.5,0.0,96.0,0.7341538369655609
786,2.0,15.0,15.0,0.5,10.0,72.0,0.7691375116507212
787,2.0,15.0,15.0,0.5,100.0,46.0,0.760350247224172
788,2.0,15.0,15.0,0.5,1000.0,72.0,0.7514480253060659
789,2.0,15.0,15.0,0.5,10000.0,79.0,0.7021109561125437
790,2.0,15.0,15.0,0.7,0.0,81.0,0.7979638973871866
791,2.0,15.0,15.0,0.7,10.0,79.0,0.7839324474334717
792,2.0,15.0,15.0,0.7,100.0,74.0,0.8195635676383972
793,2.0,15.0,15.0,0.7,1000.0,111.0,0.8069189389546713
794,2.0,15.0,15.0,0.7,10000.0,44.0,0.8047061860561371
795,2.0,15.0,20.0,0.3,0.0,61.0,0.7120582461357117
796,2.0,15.0,20.0,0.3,10.0,63.0,0.7084899445374807
797,2.0,15.0,20.0,0.3,100.0,47.0,0.7862217326958975
798,2.0,15.0,20.0,0.3,1000.0,59.0,0.7330145438512167
799,2.0,15.0,20.0,0.3,10000.0,57.0,0.7292624513308207
800,2.0,15.0,20.0,0.5,0.0,61.0,0.7223766148090363
801,2.0,15.0,20.0,0.5,10.0,75.0,0.7597062687079111
802,2.0,15.0,20.0,0.5,100.0,72.0,0.7993525465329488
803,2.0,15.0,20.0,0.5,1000.0,141.0,0.689461330572764
804,2.0,15.0,20.0,0.5,10000.0,53.0,0.7756477495034536
805,2.0,15.0,20.0,0.7,0.0,79.0,0.7771962781747183
806,2.0,15.0,20.0,0.7,10.0,92.0,0.7830701768398285
807,2.0,15.0,20.0,0.7,100.0,66.0,0.8477287193139394
808,2.0,15.0,20.0,0.7,1000.0,76.0,0.781416525443395
809,2.0,15.0,20.0,0.7,10000.0,56.0,0.7881937325000763
810,2.0,15.0,25.0,0.3,0.0,55.0,0.7093905409177145
811,2.0,15.0,25.0,0.3,10.0,68.0,0.7021413445472717
812,2.0,15.0,25.0,0.3,100.0,61.0,0.6921696265538534
813,2.0,15.0,25.0,0.3,1000.0,47.0,0.7866096695264181
814,2.0,15.0,25.0,0.3,10000.0,65.0,0.7085966368516287
815,2.0,15.0,25.0,0.5,0.0,58.0,0.7255297005176544
816,2.0,15.0,25.0,0.5,10.0,83.0,0.7262721161047617
817,2.0,15.0,25.0,0.5,100.0,62.0,0.714828352133433
818,2.0,15.0,25.0,0.5,1000.0,56.0,0.7782969872156779
819,2.0,15.0,25.0,0.5,10000.0,52.0,0.7391622463862101
820,2.0,15.0,25.0,0.7,0.0,93.0,0.743831604719162
821,2.0,15.0,25.0,0.7,10.0,74.0,0.8082420627276102
822,2.0,15.0,25.0,0.7,100.0,77.0,0.8127622604370117
823,2.0,15.0,25.0,0.7,1000.0,77.0,0.760168214639028
824,2.0,15.0,25.0,0.7,10000.0,64.0,0.8036195834477743
825,2.0,15.0,30.0,0.3,0.0,43.0,0.7138933539390564
826,2.0,15.0,30.0,0.3,10.0,62.0,0.7417960266272227
827,2.0,15.0,30.0,0.3,100.0,101.0,0.706346333026886
828,2.0,15.0,30.0,0.3,1000.0,43.0,0.7286123832066854
829,2.0,15.0,30.0,0.3,10000.0,47.0,0.7207310994466146
830,2.0,15.0,30.0,0.5,0.0,62.0,0.7120804587999979
831,2.0,15.0,30.0,0.5,10.0,84.0,0.7354456682999929
832,2.0,15.0,30.0,0.5,100.0,98.0,0.7661938766638438
833,2.0,15.0,30.0,0.5,1000.0,59.0,0.7283984919389089
834,2.0,15.0,30.0,0.5,10000.0,55.0,0.7186530729134878
835,2.0,15.0,30.0,0.7,0.0,81.0,0.7584574421246847
836,2.0,15.0,30.0,0.7,10.0,115.0,0.7685690323511759
837,2.0,15.0,30.0,0.7,100.0,86.0,0.7840185761451721
838,2.0,15.0,30.0,0.7,1000.0,75.0,0.7312551140785217
839,2.0,15.0,30.0,0.7,10000.0,69.0,0.7685344417889913
840,2.0,15.0,35.0,0.3,0.0,76.0,0.7513532737890879
841,2.0,15.0,35.0,0.3,10.0,49.0,0.6763895551363627
842,2.0,15.0,35.0,0.3,100.0,68.0,0.7280939916769663
843,2.0,15.0,35.0,0.3,1000.0,54.0,0.7399282356103262
844,2.0,15.0,35.0,0.3,10000.0,63.0,0.7280690868695577
845,2.0,15.0,35.0,0.5,0.0,80.0,0.7541831930478414
846,2.0,15.0,35.0,0.5,10.0,53.0,0.7010640203952789
847,2.0,15.0,35.0,0.5,100.0,63.0,0.757458766301473
848,2.0,15.0,35.0,0.5,1000.0,84.0,0.7126688460508982
849,2.0,15.0,35.0,0.5,10000.0,83.0,0.744543194770813
850,2.0,15.0,35.0,0.7,0.0,38.0,0.8578436275323232
851,2.0,15.0,35.0,0.7,10.0,45.0,0.7796419262886047
852,2.0,15.0,35.0,0.7,100.0,88.0,0.7594476938247681
853,2.0,15.0,35.0,0.7,1000.0,110.0,0.713599701722463
854,2.0,15.0,35.0,0.7,10000.0,61.0,0.7881250083446503
855,2.0,15.0,40.0,0.3,0.0,65.0,0.6959891815980276
856,2.0,15.0,40.0,0.3,10.0,54.0,0.7394895553588867
857,2.0,15.0,40.0,0.3,100.0,64.0,0.7352995375792185
858,2.0,15.0,40.0,0.3,1000.0,82.0,0.6544720729192098
859,2.0,15.0,40.0,0.3,10000.0,73.0,0.7147729694843292
860,2.0,15.0,40.0,0.5,0.0,67.0,0.7199036876360575
861,2.0,15.0,40.0,0.5,10.0,46.0,0.8224936127662659
862,2.0,15.0,40.0,0.5,100.0,42.0,0.8211706976095835
863,2.0,15.0,40.0,0.5,1000.0,88.0,0.7005597750345866
864,2.0,15.0,40.0,0.5,10000.0,95.0,0.698828915754954
865,2.0,15.0,40.0,0.7,0.0,104.0,0.7130502959092458
866,2.0,15.0,40.0,0.7,10.0,109.0,0.6973150372505188
867,2.0,15.0,40.0,0.7,100.0,66.0,0.783664733171463
868,2.0,15.0,40.0,0.7,1000.0,105.0,0.7028489212195078
869,2.0,15.0,40.0,0.7,10000.0,89.0,0.7095995048681895
870,2.0,15.0,45.0,0.3,0.0,66.0,0.7286366820335388
871,2.0,15.0,45.0,0.3,10.0,66.0,0.6928974588712057
872,2.0,15.0,45.0,0.3,100.0,68.0,0.7269515097141266
873,2.0,15.0,45.0,0.3,1000.0,55.0,0.7275929152965546
874,2.0,15.0,45.0,0.3,10000.0,49.0,0.7495192090670267
875,2.0,15.0,45.0,0.5,0.0,72.0,0.7341863612333933
876,2.0,15.0,45.0,0.5,10.0,71.0,0.7026451826095581
877,2.0,15.0,45.0,0.5,100.0,71.0,0.7298547327518463
878,2.0,15.0,45.0,0.5,1000.0,69.0,0.728224496046702
879,2.0,15.0,45.0,0.5,10000.0,68.0,0.7124308347702026
880,2.0,15.0,45.0,0.7,0.0,87.0,0.749414712190628
881,2.0,15.0,45.0,0.7,10.0,87.0,0.7203859984874725
882,2.0,15.0,45.0,0.7,100.0,90.0,0.739875058333079
883,2.0,15.0,45.0,0.7,1000.0,76.0,0.7513937652111053
884,2.0,15.0,45.0,0.7,10000.0,74.0,0.7439863483111063
885,2.0,15.0,50.0,0.3,0.0,60.0,0.7153858741124471
886,2.0,15.0,50.0,0.3,10.0,81.0,0.6906721591949463
887,2.0,15.0,50.0,0.3,100.0,90.0,0.7317914664745331
888,2.0,15.0,50.0,0.3,1000.0,49.0,0.7453350325425466
889,2.0,15.0,50.0,0.3,10000.0,52.0,0.7480579614639282
890,2.0,15.0,50.0,0.5,0.0,80.0,0.7034952143828074
891,2.0,15.0,50.0,0.5,10.0,72.0,0.7030107577641805
892,2.0,15.0,50.0,0.5,100.0,79.0,0.7456793288389841
893,2.0,15.0,50.0,0.5,1000.0,84.0,0.7181471089522043
894,2.0,15.0,50.0,0.5,10000.0,65.0,0.7242761651674906
895,2.0,15.0,50.0,0.7,0.0,77.0,0.7349809408187866
896,2.0,15.0,50.0,0.7,10.0,89.0,0.7236322462558746
897,2.0,15.0,50.0,0.7,100.0,80.0,0.7253244717915853
898,2.0,15.0,50.0,0.7,1000.0,66.0,0.7400931517283121
899,2.0,15.0,50.0,0.7,10000.0,64.0,0.7734195590019226
900,1.0,20.0,5.0,0.3,0.0,53.0,0.870530515909195
901,1.0,20.0,5.0,0.3,10.0,63.0,0.7543521622816721
902,1.0,20.0,5.0,0.3,100.0,73.0,0.7316807011763254
903,1.0,20.0,5.0,0.3,1000.0,68.0,0.7694938878218333
904,1.0,20.0,5.0,0.3,10000.0,63.0,0.7664495706558228
905,1.0,20.0,5.0,0.5,0.0,66.0,0.7836532294750214
906,1.0,20.0,5.0,0.5,10.0,58.0,0.8449045618375143
907,1.0,20.0,5.0,0.5,100.0,104.0,0.7629014849662781
908,1.0,20.0,5.0,0.5,1000.0,91.0,0.7742973367373148
909,1.0,20.0,5.0,0.5,10000.0,87.0,0.8073497513930002
910,1.0,20.0,5.0,0.7,0.0,95.0,0.875086228052775
911,1.0,20.0,5.0,0.7,10.0,86.0,0.9361113409201304
912,1.0,20.0,5.0,0.7,100.0,52.0,1.0155967772006989
913,1.0,20.0,5.0,0.7,1000.0,119.0,0.9239311019579569
914,1.0,20.0,5.0,0.7,10000.0,55.0,0.9978723327318827
915,1.0,20.0,10.0,0.3,0.0,56.0,0.7466589709122976
916,1.0,20.0,10.0,0.3,10.0,58.0,0.7440431912740072
917,1.0,20.0,10.0,0.3,100.0,78.0,0.7274308403333029
918,1.0,20.0,10.0,0.3,1000.0,25.0,0.9140468637148539
919,1.0,20.0,10.0,0.3,10000.0,38.0,0.9323506156603495
920,1.0,20.0,10.0,0.5,0.0,65.0,0.7560741106669108
921,1.0,20.0,10.0,0.5,10.0,73.0,0.7355701426664988
922,1.0,20.0,10.0,0.5,100.0,89.0,0.7552512685457865
923,1.0,20.0,10.0,0.5,1000.0,26.0,0.9204854865868887
924,1.0,20.0,10.0,0.5,10000.0,87.0,0.7785220146179199
925,1.0,20.0,10.0,0.7,0.0,68.0,0.8005602260430654
926,1.0,20.0,10.0,0.7,10.0,81.0,0.8455601731936137
927,1.0,20.0,10.0,0.7,100.0,93.0,0.8083264430363973
928,1.0,20.0,10.0,0.7,1000.0,81.0,0.8618050813674927
929,1.0,20.0,10.0,0.7,10000.0,122.0,0.8134283820788065
930,1.0,20.0,15.0,0.3,0.0,57.0,0.7509027818838755
931,1.0,20.0,15.0,0.3,10.0,55.0,0.7831570903460184
932,1.0,20.0,15.0,0.3,100.0,62.0,0.7825308044751486
933,1.0,20.0,15.0,0.3,1000.0,72.0,0.7132766644159952
934,1.0,20.0,15.0,0.3,10000.0,87.0,0.8018828928470612
935,1.0,20.0,15.0,0.5,0.0,63.0,0.7329786717891693
936,1.0,20.0,15.0,0.5,10.0,66.0,0.7714401880900065
937,1.0,20.0,15.0,0.5,100.0,83.0,0.7125829954942068
938,1.0,20.0,15.0,0.5,1000.0,73.0,0.8517158130804697
939,1.0,20.0,15.0,0.5,10000.0,79.0,0.8536003331343333
940,1.0,20.0,15.0,0.7,0.0,46.0,0.8834834595521291
941,1.0,20.0,15.0,0.7,10.0,70.0,0.7933878401915232
942,1.0,20.0,15.0,0.7,100.0,93.0,0.7868203620115916
943,1.0,20.0,15.0,0.7,1000.0,87.0,0.7787938515345255
944,1.0,20.0,15.0,0.7,10000.0,118.0,0.8052965303262075
945,1.0,20.0,20.0,0.3,0.0,84.0,0.7252389093240103
946,1.0,20.0,20.0,0.3,10.0,57.0,0.7383331855138143
947,1.0,20.0,20.0,0.3,100.0,83.0,0.7190222342809042
948,1.0,20.0,20.0,0.3,1000.0,60.0,0.709681769212087
949,1.0,20.0,20.0,0.3,10000.0,23.0,0.8886081477006277
950,1.0,20.0,20.0,0.5,0.0,66.0,0.7731267511844635
951,1.0,20.0,20.0,0.5,10.0,55.0,0.897743841012319
952,1.0,20.0,20.0,0.5,100.0,73.0,0.7682092785835266
953,1.0,20.0,20.0,0.5,1000.0,26.0,0.90285391608874
954,1.0,20.0,20.0,0.5,10000.0,70.0,0.7258085211118063
955,1.0,20.0,20.0,0.7,0.0,58.0,0.7573387324810028
956,1.0,20.0,20.0,0.7,10.0,83.0,0.7561868031819662
957,1.0,20.0,20.0,0.7,100.0,86.0,0.7496677239735922
958,1.0,20.0,20.0,0.7,1000.0,127.0,0.7609398166338602
959,1.0,20.0,20.0,0.7,10000.0,118.0,0.7558213273684183
960,1.0,20.0,25.0,0.3,0.0,55.0,0.737390379110972
961,1.0,20.0,25.0,0.3,10.0,51.0,0.8051074842611948
962,1.0,20.0,25.0,0.3,100.0,24.0,0.85196786125501
963,1.0,20.0,25.0,0.3,1000.0,82.0,0.843164732058843
964,1.0,20.0,25.0,0.3,10000.0,56.0,0.7159846623738607
965,1.0,20.0,25.0,0.5,0.0,67.0,0.6954429348309835
966,1.0,20.0,25.0,0.5,10.0,52.0,0.7637739479541779
967,1.0,20.0,25.0,0.5,100.0,90.0,0.7523389856020609
968,1.0,20.0,25.0,0.5,1000.0,95.0,0.730927993853887
969,1.0,20.0,25.0,0.5,10000.0,85.0,0.6998841166496277
970,1.0,20.0,25.0,0.7,0.0,66.0,0.7364897429943085
971,1.0,20.0,25.0,0.7,10.0,74.0,0.7737023532390594
972,1.0,20.0,25.0,0.7,100.0,49.0,0.8486505448818207
973,1.0,20.0,25.0,0.7,1000.0,84.0,0.8130831817785898
974,1.0,20.0,25.0,0.7,10000.0,80.0,0.7520095705986023
975,1.0,20.0,30.0,0.3,0.0,55.0,0.7748584846655527
976,1.0,20.0,30.0,0.3,10.0,55.0,0.7405329942703247
977,1.0,20.0,30.0,0.3,100.0,60.0,0.7537689904371897
978,1.0,20.0,30.0,0.3,1000.0,60.0,0.8687236309051514
979,1.0,20.0,30.0,0.3,10000.0,86.0,0.7413582503795624
980,1.0,20.0,30.0,0.5,0.0,63.0,0.714143693447113
981,1.0,20.0,30.0,0.5,10.0,57.0,0.7620421350002289
982,1.0,20.0,30.0,0.5,100.0,81.0,0.7382733523845673
983,1.0,20.0,30.0,0.5,1000.0,128.0,0.7601033051808676
984,1.0,20.0,30.0,0.5,10000.0,93.0,0.7039735019207001
985,1.0,20.0,30.0,0.7,0.0,33.0,0.8698167701562246
986,1.0,20.0,30.0,0.7,10.0,68.0,0.7421710193157196
987,1.0,20.0,30.0,0.7,100.0,96.0,0.7378240923086802
988,1.0,20.0,30.0,0.7,1000.0,73.0,0.7666172981262207
989,1.0,20.0,30.0,0.7,10000.0,95.0,0.7326647639274597
990,1.0,20.0,35.0,0.3,0.0,78.0,0.708946297566096
991,1.0,20.0,35.0,0.3,10.0,23.0,0.903562605381012
992,1.0,20.0,35.0,0.3,100.0,69.0,0.6986864904562632
993,1.0,20.0,35.0,0.3,1000.0,57.0,0.7347652415434519
994,1.0,20.0,35.0,0.3,10000.0,74.0,0.7950386106967926
995,1.0,20.0,35.0,0.5,0.0,80.0,0.7544381320476532
996,1.0,20.0,35.0,0.5,10.0,104.0,0.7157014012336731
997,1.0,20.0,35.0,0.5,100.0,75.0,0.7756116290887197
998,1.0,20.0,35.0,0.5,1000.0,69.0,0.8432474533716837
999,1.0,20.0,35.0,0.5,10000.0,113.0,0.6957206527392069
1000,1.0,20.0,35.0,0.7,0.0,64.0,0.7394845287005106
1001,1.0,20.0,35.0,0.7,10.0,51.0,0.8665813903013865
1002,1.0,20.0,35.0,0.7,100.0,93.0,0.7087238132953644
1003,1.0,20.0,35.0,0.7,1000.0,66.0,0.7682807346185049
1004,1.0,20.0,35.0,0.7,10000.0,70.0,0.7440793414910635
1005,1.0,20.0,40.0,0.3,0.0,56.0,0.6951081355412801
1006,1.0,20.0,40.0,0.3,10.0,67.0,0.7125849425792694
1007,1.0,20.0,40.0,0.3,100.0,81.0,0.6725635131200155
1008,1.0,20.0,40.0,0.3,1000.0,24.0,0.9153720140457153
1009,1.0,20.0,40.0,0.3,10000.0,66.0,0.7225452562173208
1010,1.0,20.0,40.0,0.5,0.0,62.0,0.7292325695355734
1011,1.0,20.0,40.0,0.5,10.0,72.0,0.7991075813770294
1012,1.0,20.0,40.0,0.5,100.0,88.0,0.6819890042146047
1013,1.0,20.0,40.0,0.5,1000.0,28.0,0.9012730518976847
1014,1.0,20.0,40.0,0.5,10000.0,57.0,0.7512028912703196
1015,1.0,20.0,40.0,0.7,0.0,60.0,0.7810514867305756
1016,1.0,20.0,40.0,0.7,10.0,72.0,0.7479958335558573
1017,1.0,20.0,40.0,0.7,100.0,88.0,0.7098331948121389
1018,1.0,20.0,40.0,0.7,1000.0,109.0,0.7517203092575073
1019,1.0,20.0,40.0,0.7,10000.0,73.0,0.729523648818334
1020,1.0,20.0,45.0,0.3,0.0,22.0,0.9192073146502177
1021,1.0,20.0,45.0,0.3,10.0,60.0,0.71605717142423
1022,1.0,20.0,45.0,0.3,100.0,67.0,0.7225159406661987
1023,1.0,20.0,45.0,0.3,1000.0,68.0,0.8243347903092703
1024,1.0,20.0,45.0,0.3,10000.0,86.0,0.7050809860229492
1025,1.0,20.0,45.0,0.5,0.0,84.0,0.7138539850711823
1026,1.0,20.0,45.0,0.5,10.0,65.0,0.6981887817382812
1027,1.0,20.0,45.0,0.5,100.0,67.0,0.734044204155604
1028,1.0,20.0,45.0,0.5,1000.0,63.0,0.7365829149881998
1029,1.0,20.0,45.0,0.5,10000.0,82.0,0.7065989176432291
1030,1.0,20.0,45.0,0.7,0.0,64.0,0.7445652286211649
1031,1.0,20.0,45.0,0.7,10.0,66.0,0.7116977175076803
1032,1.0,20.0,45.0,0.7,100.0,110.0,0.7491992811361948
1033,1.0,20.0,45.0,0.7,1000.0,79.0,0.7703325947125753
1034,1.0,20.0,45.0,0.7,10000.0,86.0,0.7381303211053213
1035,1.0,20.0,50.0,0.3,0.0,55.0,0.7864784598350525
1036,1.0,20.0,50.0,0.3,10.0,78.0,0.6964611212412516
1037,1.0,20.0,50.0,0.3,100.0,24.0,0.8657337029774984
1038,1.0,20.0,50.0,0.3,1000.0,25.0,0.9107611278692881
1039,1.0,20.0,50.0,0.3,10000.0,87.0,0.7256314555803934
1040,1.0,20.0,50.0,0.5,0.0,57.0,0.7207999130090078
1041,1.0,20.0,50.0,0.5,10.0,74.0,0.7368825177351633
1042,1.0,20.0,50.0,0.5,100.0,103.0,0.7294880847136179
1043,1.0,20.0,50.0,0.5,1000.0,24.0,0.9148321151733398
1044,1.0,20.0,50.0,0.5,10000.0,71.0,0.6978855828444163
1045,1.0,20.0,50.0,0.7,0.0,78.0,0.7285359700520834
1046,1.0,20.0,50.0,0.7,10.0,30.0,0.8698871632417043
1047,1.0,20.0,50.0,0.7,100.0,79.0,0.7263222436110178
1048,1.0,20.0,50.0,0.7,1000.0,72.0,0.7376486559708914
1049,1.0,20.0,50.0,0.7,10000.0,97.0,0.7040805617968241
1050,2.0,20.0,5.0,0.3,0.0,46.0,0.8125395973523458
1051,2.0,20.0,5.0,0.3,10.0,48.0,0.7800677418708801
1052,2.0,20.0,5.0,0.3,100.0,165.0,0.9889235695203146
1053,2.0,20.0,5.0,0.3,1000.0,58.0,0.7854982316493988
1054,2.0,20.0,5.0,0.3,10000.0,63.0,0.7618424793084463
1055,2.0,20.0,5.0,0.5,0.0,65.0,0.8195252517859141
1056,2.0,20.0,5.0,0.5,10.0,59.0,0.7989727457364401
1057,2.0,20.0,5.0,0.5,100.0,159.0,1.0567809442679088
1058,2.0,20.0,5.0,0.5,1000.0,60.0,0.7966354688008627
1059,2.0,20.0,5.0,0.5,10000.0,59.0,0.7971097628275553
1060,2.0,20.0,5.0,0.7,0.0,58.0,0.8663189808527628
1061,2.0,20.0,5.0,0.7,10.0,50.0,0.9005203545093536
1062,2.0,20.0,5.0,0.7,100.0,66.0,1.2458370725313823
1063,2.0,20.0,5.0,0.7,1000.0,77.0,0.9116982122262319
1064,2.0,20.0,5.0,0.7,10000.0,41.0,0.9860791663328806
1065,2.0,20.0,10.0,0.3,0.0,57.0,0.8010111153125763
1066,2.0,20.0,10.0,0.3,10.0,58.0,0.7752436598141988
1067,2.0,20.0,10.0,0.3,100.0,59.0,0.7330498397350311
1068,2.0,20.0,10.0,0.3,1000.0,55.0,0.7213610112667084
1069,2.0,20.0,10.0,0.3,10000.0,45.0,0.7179858187834421
1070,2.0,20.0,10.0,0.5,0.0,63.0,0.7784572243690491
1071,2.0,20.0,10.0,0.5,10.0,55.0,0.7708005309104919
1072,2.0,20.0,10.0,0.5,100.0,68.0,0.7651860813299814
1073,2.0,20.0,10.0,0.5,1000.0,55.0,0.7204061448574066
1074,2.0,20.0,10.0,0.5,10000.0,45.0,0.7379480600357056
1075,2.0,20.0,10.0,0.7,0.0,57.0,0.8455736935138702
1076,2.0,20.0,10.0,0.7,10.0,53.0,0.8441532452901205
1077,2.0,20.0,10.0,0.7,100.0,62.0,0.812818835179011
1078,2.0,20.0,10.0,0.7,1000.0,60.0,0.8001147905985514
1079,2.0,20.0,10.0,0.7,10000.0,58.0,0.8387019534905752
1080,2.0,20.0,15.0,0.3,0.0,40.0,0.7868429124355316
1081,2.0,20.0,15.0,0.3,10.0,58.0,0.7706223328908285
1082,2.0,20.0,15.0,0.3,100.0,61.0,0.7480711142222086
1083,2.0,20.0,15.0,0.3,1000.0,45.0,0.7696006894111633
1084,2.0,20.0,15.0,0.3,10000.0,58.0,0.7628312110900879
1085,2.0,20.0,15.0,0.5,0.0,67.0,0.759423702955246
1086,2.0,20.0,15.0,0.5,10.0,57.0,0.7199380497137705
1087,2.0,20.0,15.0,0.5,100.0,59.0,0.7276078462600708
1088,2.0,20.0,15.0,0.5,1000.0,63.0,0.7421137193838755
1089,2.0,20.0,15.0,0.5,10000.0,69.0,0.7542370061079661
1090,2.0,20.0,15.0,0.7,0.0,60.0,0.8009902834892273
1091,2.0,20.0,15.0,0.7,10.0,65.0,0.7726681431134542
1092,2.0,20.0,15.0,0.7,100.0,63.0,0.7774555385112762
1093,2.0,20.0,15.0,0.7,1000.0,67.0,0.8037225703398386
1094,2.0,20.0,15.0,0.7,10000.0,54.0,0.8111948668956757
1095,2.0,20.0,20.0,0.3,0.0,66.0,0.729225625594457
1096,2.0,20.0,20.0,0.3,10.0,41.0,0.8115284740924835
1097,2.0,20.0,20.0,0.3,100.0,56.0,0.7502104043960571
1098,2.0,20.0,20.0,0.3,1000.0,24.0,0.8585704664389292
1099,2.0,20.0,20.0,0.3,10000.0,55.0,0.7897629141807556
1100,2.0,20.0,20.0,0.5,0.0,58.0,0.7474301854769388
1101,2.0,20.0,20.0,0.5,10.0,45.0,0.7703193624814352
1102,2.0,20.0,20.0,0.5,100.0,50.0,0.7528408666451772
1103,2.0,20.0,20.0,0.5,1000.0,64.0,0.7490951915582021
1104,2.0,20.0,20.0,0.5,10000.0,60.0,0.7151791652043661
1105,2.0,20.0,20.0,0.7,0.0,84.0,0.769255002339681
1106,2.0,20.0,20.0,0.7,10.0,53.0,0.7775896986325582
1107,2.0,20.0,20.0,0.7,100.0,48.0,0.8104363481203715
1108,2.0,20.0,20.0,0.7,1000.0,79.0,0.7960355679194132
1109,2.0,20.0,20.0,0.7,10000.0,62.0,0.7484522660573324
1110,2.0,20.0,25.0,0.3,0.0,58.0,0.7112533549467722
1111,2.0,20.0,25.0,0.3,10.0,58.0,0.7152896622816721
1112,2.0,20.0,25.0,0.3,100.0,68.0,0.7999447186787924
1113,2.0,20.0,25.0,0.3,1000.0,49.0,0.8376967211564382
1114,2.0,20.0,25.0,0.3,10000.0,57.0,0.7197328905264536
1115,2.0,20.0,25.0,0.5,0.0,44.0,0.7382051249345144
1116,2.0,20.0,25.0,0.5,10.0,61.0,0.7288195391496023
1117,2.0,20.0,25.0,0.5,100.0,51.0,0.7309842109680176
1118,2.0,20.0,25.0,0.5,1000.0,69.0,0.7390087942282358
1119,2.0,20.0,25.0,0.5,10000.0,49.0,0.7913698057333628
1120,2.0,20.0,25.0,0.7,0.0,56.0,0.7550829350948334
1121,2.0,20.0,25.0,0.7,10.0,68.0,0.7572080989678701
1122,2.0,20.0,25.0,0.7,100.0,52.0,0.7976354360580444
1123,2.0,20.0,25.0,0.7,1000.0,74.0,0.7554104725519816
1124,2.0,20.0,25.0,0.7,10000.0,55.0,0.7788720230261484
1125,2.0,20.0,30.0,0.3,0.0,43.0,0.6960339844226837
1126,2.0,20.0,30.0,0.3,10.0,58.0,0.7211660047372183
1127,2.0,20.0,30.0,0.3,100.0,51.0,0.7206668456395467
1128,2.0,20.0,30.0,0.3,1000.0,41.0,0.7582321365674337
1129,2.0,20.0,30.0,0.3,10000.0,78.0,0.7290719151496887
1130,2.0,20.0,30.0,0.5,0.0,42.0,0.7177914381027222
1131,2.0,20.0,30.0,0.5,10.0,70.0,0.6905413866043091
1132,2.0,20.0,30.0,0.5,100.0,50.0,0.7262799640496572
1133,2.0,20.0,30.0,0.5,1000.0,42.0,0.7762670715649923
1134,2.0,20.0,30.0,0.5,10000.0,58.0,0.7132702668507894
1135,2.0,20.0,30.0,0.7,0.0,69.0,0.7496506373087565
1136,2.0,20.0,30.0,0.7,10.0,99.0,0.7070794800917307
1137,2.0,20.0,30.0,0.7,100.0,54.0,0.7577301561832428
1138,2.0,20.0,30.0,0.7,1000.0,68.0,0.7799743513266245
1139,2.0,20.0,30.0,0.7,10000.0,68.0,0.7148085733254751
1140,2.0,20.0,35.0,0.3,0.0,52.0,0.7257881561915079
1141,2.0,20.0,35.0,0.3,10.0,70.0,0.7400627235571543
1142,2.0,20.0,35.0,0.3,100.0,82.0,0.8198013405005137
1143,2.0,20.0,35.0,0.3,1000.0,71.0,0.7402087648709615
1144,2.0,20.0,35.0,0.3,10000.0,59.0,0.7592102388540903
1145,2.0,20.0,35.0,0.5,0.0,57.0,0.7255336145559946
1146,2.0,20.0,35.0,0.5,10.0,59.0,0.7218824326992035
1147,2.0,20.0,35.0,0.5,100.0,79.0,0.7778133650620779
1148,2.0,20.0,35.0,0.5,1000.0,49.0,0.7363754014174143
1149,2.0,20.0,35.0,0.5,10000.0,57.0,0.7321004569530487
1150,2.0,20.0,35.0,0.7,0.0,65.0,0.7610345482826233
1151,2.0,20.0,35.0,0.7,10.0,70.0,0.7475885848204294
1152,2.0,20.0,35.0,0.7,100.0,71.0,0.7794537047545115
1153,2.0,20.0,35.0,0.7,1000.0,96.0,0.7358007033665975
1154,2.0,20.0,35.0,0.7,10000.0,62.0,0.7230009039243063
1155,2.0,20.0,40.0,0.3,0.0,53.0,0.7126934925715128
1156,2.0,20.0,40.0,0.3,10.0,40.0,0.7457763254642487
1157,2.0,20.0,40.0,0.3,100.0,49.0,0.721786230802536
1158,2.0,20.0,40.0,0.3,1000.0,58.0,0.7587176660696665
1159,2.0,20.0,40.0,0.3,10000.0,40.0,0.7467939158280691
1160,2.0,20.0,40.0,0.5,0.0,54.0,0.7320888439814249
1161,2.0,20.0,40.0,0.5,10.0,60.0,0.748488207658132
1162,2.0,20.0,40.0,0.5,100.0,67.0,0.7076742847760519
1163,2.0,20.0,40.0,0.5,1000.0,73.0,0.7856554587682089
1164,2.0,20.0,40.0,0.5,10000.0,62.0,0.7083297371864319
1165,2.0,20.0,40.0,0.7,0.0,69.0,0.7582594652970632
1166,2.0,20.0,40.0,0.7,10.0,60.0,0.7515058815479279
1167,2.0,20.0,40.0,0.7,100.0,71.0,0.7386673986911774
1168,2.0,20.0,40.0,0.7,1000.0,99.0,0.8049206435680389
1169,2.0,20.0,40.0,0.7,10000.0,48.0,0.7602198620637258
1170,2.0,20.0,45.0,0.3,0.0,51.0,0.7189298272132874
1171,2.0,20.0,45.0,0.3,10.0,50.0,0.7506346305211385
1172,2.0,20.0,45.0,0.3,100.0,21.0,0.8531203071276346
1173,2.0,20.0,45.0,0.3,1000.0,45.0,0.8300307989120483
1174,2.0,20.0,45.0,0.3,10000.0,57.0,0.7687222063541412
1175,2.0,20.0,45.0,0.5,0.0,47.0,0.7381555636723837
1176,2.0,20.0,45.0,0.5,10.0,50.0,0.7281736731529236
1177,2.0,20.0,45.0,0.5,100.0,22.0,0.8435996770858765
1178,2.0,20.0,45.0,0.5,1000.0,48.0,0.7969195147355398
1179,2.0,20.0,45.0,0.5,10000.0,60.0,0.8009383281071981
1180,2.0,20.0,45.0,0.7,0.0,44.0,0.7573212385177612
1181,2.0,20.0,45.0,0.7,10.0,73.0,0.7249258160591125
1182,2.0,20.0,45.0,0.7,100.0,110.0,0.744596024354299
1183,2.0,20.0,45.0,0.7,1000.0,81.0,0.7399285535017649
1184,2.0,20.0,45.0,0.7,10000.0,67.0,0.7708768347899119
1185,2.0,20.0,50.0,0.3,0.0,58.0,0.7548463145891825
1186,2.0,20.0,50.0,0.3,10.0,43.0,0.7456242938836416
1187,2.0,20.0,50.0,0.3,100.0,52.0,0.7516433596611023
1188,2.0,20.0,50.0,0.3,1000.0,23.0,0.847779373327891
1189,2.0,20.0,50.0,0.3,10000.0,44.0,0.7343271871407827
1190,2.0,20.0,50.0,0.5,0.0,64.0,0.7023749450842539
1191,2.0,20.0,50.0,0.5,10.0,36.0,0.7656637529532114
1192,2.0,20.0,50.0,0.5,100.0,51.0,0.7419299383958181
1193,2.0,20.0,50.0,0.5,1000.0,22.0,0.8511549731095632
1194,2.0,20.0,50.0,0.5,10000.0,46.0,0.6923426985740662
1195,2.0,20.0,50.0,0.7,0.0,79.0,0.7015807032585144
1196,2.0,20.0,50.0,0.7,10.0,61.0,0.7261826395988464
1197,2.0,20.0,50.0,0.7,100.0,66.0,0.7579253415266672
1198,2.0,20.0,50.0,0.7,1000.0,94.0,0.7367658813794454
1199,2.0,20.0,50.0,0.7,10000.0,57.0,0.7283811767896017
1200,1.0,25.0,5.0,0.3,0.0,60.0,0.7118061979611715
1201,1.0,25.0,5.0,0.3,10.0,52.0,0.7272617916266123
1202,1.0,25.0,5.0,0.3,100.0,84.0,0.7587589621543884
1203,1.0,25.0,5.0,0.3,1000.0,76.0,0.7806393305460612
1204,1.0,25.0,5.0,0.3,10000.0,57.0,0.7454062600930532
1205,1.0,25.0,5.0,0.5,0.0,64.0,0.7779640853404999
1206,1.0,25.0,5.0,0.5,10.0,66.0,0.7896203696727753
1207,1.0,25.0,5.0,0.5,100.0,87.0,0.8455862204233805
1208,1.0,25.0,5.0,0.5,1000.0,68.0,0.7889833549658457
1209,1.0,25.0,5.0,0.5,10000.0,58.0,0.803645501534144
1210,1.0,25.0,5.0,0.7,0.0,55.0,0.9388038416703542
1211,1.0,25.0,5.0,0.7,10.0,62.0,0.9315224389235178
1212,1.0,25.0,5.0,0.7,100.0,62.0,1.0292248825232189
1213,1.0,25.0,5.0,0.7,1000.0,47.0,0.9965673287709554
1214,1.0,25.0,5.0,0.7,10000.0,72.0,0.951356420914332
1215,1.0,25.0,10.0,0.3,0.0,23.0,0.9130122562249502
1216,1.0,25.0,10.0,0.3,10.0,60.0,0.7419750491778055
1217,1.0,25.0,10.0,0.3,100.0,57.0,0.7247986992200216
1218,1.0,25.0,10.0,0.3,1000.0,55.0,0.7249350547790527
1219,1.0,25.0,10.0,0.3,10000.0,95.0,0.6826754013697306
1220,1.0,25.0,10.0,0.5,0.0,68.0,0.7214933137098948
1221,1.0,25.0,10.0,0.5,10.0,47.0,0.7627434829870859
1222,1.0,25.0,10.0,0.5,100.0,44.0,0.7813032666842142
1223,1.0,25.0,10.0,0.5,1000.0,68.0,0.7345693210760752
1224,1.0,25.0,10.0,0.5,10000.0,69.0,0.7677387197812399
1225,1.0,25.0,10.0,0.7,0.0,71.0,0.7994321584701538
1226,1.0,25.0,10.0,0.7,10.0,64.0,0.822796901067098
1227,1.0,25.0,10.0,0.7,100.0,57.0,0.809503028790156
1228,1.0,25.0,10.0,0.7,1000.0,75.0,0.8214901983737946
1229,1.0,25.0,10.0,0.7,10000.0,57.0,0.8266513645648956
1230,1.0,25.0,15.0,0.3,0.0,55.0,0.7567855517069498
1231,1.0,25.0,15.0,0.3,10.0,22.0,0.9048038025697073
1232,1.0,25.0,15.0,0.3,100.0,58.0,0.6778457760810852
1233,1.0,25.0,15.0,0.3,1000.0,56.0,0.8070212304592133
1234,1.0,25.0,15.0,0.3,10000.0,81.0,0.7174802223841349
1235,1.0,25.0,15.0,0.5,0.0,59.0,1.0001224180062611
1236,1.0,25.0,15.0,0.5,10.0,25.0,0.8886408110459646
1237,1.0,25.0,15.0,0.5,100.0,68.0,0.7163387437661489
1238,1.0,25.0,15.0,0.5,1000.0,67.0,0.7002308170000712
1239,1.0,25.0,15.0,0.5,10000.0,81.0,0.7963073054949442
1240,1.0,25.0,15.0,0.7,0.0,70.0,0.7607793013254801
1241,1.0,25.0,15.0,0.7,10.0,66.0,0.7486886481444041
1242,1.0,25.0,15.0,0.7,100.0,52.0,0.7943869630495707
1243,1.0,25.0,15.0,0.7,1000.0,60.0,0.749279648065567
1244,1.0,25.0,15.0,0.7,10000.0,76.0,0.7666793266932169
1245,1.0,25.0,20.0,0.3,0.0,49.0,0.7730389932791392
1246,1.0,25.0,20.0,0.3,10.0,80.0,0.7376542687416077
1247,1.0,25.0,20.0,0.3,100.0,53.0,0.7192356487115225
1248,1.0,25.0,20.0,0.3,1000.0,68.0,0.6851708789666494
1249,1.0,25.0,20.0,0.3,10000.0,67.0,0.7055466175079346
1250,1.0,25.0,20.0,0.5,0.0,51.0,0.7131613294283549
1251,1.0,25.0,20.0,0.5,10.0,67.0,0.8106537262598673
1252,1.0,25.0,20.0,0.5,100.0,62.0,0.7163912256558737
1253,1.0,25.0,20.0,0.5,1000.0,61.0,0.80936265985171
1254,1.0,25.0,20.0,0.5,10000.0,63.0,0.717827320098877
1255,1.0,25.0,20.0,0.7,0.0,70.0,0.7519173125425974
1256,1.0,25.0,20.0,0.7,10.0,63.0,0.7440458039442698
1257,1.0,25.0,20.0,0.7,100.0,57.0,0.7596667011578878
1258,1.0,25.0,20.0,0.7,1000.0,72.0,0.7445436616738638
1259,1.0,25.0,20.0,0.7,10000.0,64.0,0.7527221540609995
1260,1.0,25.0,25.0,0.3,0.0,73.0,0.7164145608743032
1261,1.0,25.0,25.0,0.3,10.0,77.0,0.7048446337381998
1262,1.0,25.0,25.0,0.3,100.0,24.0,0.9113253454367319
1263,1.0,25.0,25.0,0.3,1000.0,28.0,0.8972096343835195
1264,1.0,25.0,25.0,0.3,10000.0,49.0,0.7176622947057089
1265,1.0,25.0,25.0,0.5,0.0,62.0,0.7646012902259827
1266,1.0,25.0,25.0,0.5,10.0,60.0,0.7221541305383047
1267,1.0,25.0,25.0,0.5,100.0,23.0,0.8851616581281027
1268,1.0,25.0,25.0,0.5,1000.0,26.0,0.8847022553284963
1269,1.0,25.0,25.0,0.5,10000.0,62.0,0.7241485218207041
1270,1.0,25.0,25.0,0.7,0.0,74.0,0.7564798096815745
1271,1.0,25.0,25.0,0.7,10.0,72.0,0.741774708032608
1272,1.0,25.0,25.0,0.7,100.0,81.0,0.7345548172791799
1273,1.0,25.0,25.0,0.7,1000.0,25.0,0.8756694197654724
1274,1.0,25.0,25.0,0.7,10000.0,77.0,0.7568140228589376
1275,1.0,25.0,30.0,0.3,0.0,69.0,0.6991062064965566
1276,1.0,25.0,30.0,0.3,10.0,22.0,0.8737314442793528
1277,1.0,25.0,30.0,0.3,100.0,56.0,0.74715789159139
1278,1.0,25.0,30.0,0.3,1000.0,53.0,0.7781842152277628
1279,1.0,25.0,30.0,0.3,10000.0,49.0,0.7704422871271769
1280,1.0,25.0,30.0,0.5,0.0,25.0,0.868985116481781
1281,1.0,25.0,30.0,0.5,10.0,58.0,0.7156792382399241
1282,1.0,25.0,30.0,0.5,100.0,25.0,0.8568049172560374
1283,1.0,25.0,30.0,0.5,1000.0,56.0,0.7031462887922922
1284,1.0,25.0,30.0,0.5,10000.0,55.0,0.762231856584549
1285,1.0,25.0,30.0,0.7,0.0,69.0,0.7799655894438425
1286,1.0,25.0,30.0,0.7,10.0,78.0,0.7254815200964609
1287,1.0,25.0,30.0,0.7,100.0,61.0,0.8756695985794067
1288,1.0,25.0,30.0,0.7,1000.0,76.0,0.7161648670832316
1289,1.0,25.0,30.0,0.7,10000.0,48.0,0.7718700269858042
1290,1.0,25.0,35.0,0.3,0.0,47.0,0.7166603704293569
1291,1.0,25.0,35.0,0.3,10.0,65.0,0.6818938155968984
1292,1.0,25.0,35.0,0.3,100.0,56.0,0.7453350524107615
1293,1.0,25.0,35.0,0.3,1000.0,60.0,0.7095890541871389
1294,1.0,25.0,35.0,0.3,10000.0,58.0,0.7038252552350363
1295,1.0,25.0,35.0,0.5,0.0,55.0,0.7387960453828176
1296,1.0,25.0,35.0,0.5,10.0,60.0,0.7210738758246104
1297,1.0,25.0,35.0,0.5,100.0,56.0,0.7756674786408743
1298,1.0,25.0,35.0,0.5,1000.0,21.0,0.8865805466969808
1299,1.0,25.0,35.0,0.5,10000.0,59.0,0.7319790422916412
1300,1.0,25.0,35.0,0.7,0.0,69.0,0.7246418098608652
1301,1.0,25.0,35.0,0.7,10.0,56.0,0.7480774223804474
1302,1.0,25.0,35.0,0.7,100.0,85.0,0.7252335747083029
1303,1.0,25.0,35.0,0.7,1000.0,23.0,0.8759888013203939
1304,1.0,25.0,35.0,0.7,10000.0,87.0,0.7670244872570038
1305,1.0,25.0,40.0,0.3,0.0,61.0,0.8054701586564382
1306,1.0,25.0,40.0,0.3,10.0,55.0,0.6990540822347006
1307,1.0,25.0,40.0,0.3,100.0,62.0,0.6991650660832723
1308,1.0,25.0,40.0,0.3,1000.0,81.0,0.8370547691980997
1309,1.0,25.0,40.0,0.3,10000.0,75.0,0.7363518079121908
1310,1.0,25.0,40.0,0.5,0.0,77.0,0.7788328528404236
1311,1.0,25.0,40.0,0.5,10.0,70.0,0.7044637799263
1312,1.0,25.0,40.0,0.5,100.0,58.0,0.7275700767834982
1313,1.0,25.0,40.0,0.5,1000.0,53.0,0.7932214339574178
1314,1.0,25.0,40.0,0.5,10000.0,21.0,0.8685407439867655
1315,1.0,25.0,40.0,0.7,0.0,60.0,0.7258341113726298
1316,1.0,25.0,40.0,0.7,10.0,77.0,0.7057553827762604
1317,1.0,25.0,40.0,0.7,100.0,72.0,0.7691203554471334
1318,1.0,25.0,40.0,0.7,1000.0,49.0,0.7782346308231354
1319,1.0,25.0,40.0,0.7,10000.0,77.0,0.7374087770779928
1320,1.0,25.0,45.0,0.3,0.0,53.0,0.6881620387236277
1321,1.0,25.0,45.0,0.3,10.0,46.0,0.7165563007195791
1322,1.0,25.0,45.0,0.3,100.0,71.0,0.7486872375011444
1323,1.0,25.0,45.0,0.3,1000.0,80.0,0.735928495724996
1324,1.0,25.0,45.0,0.3,10000.0,71.0,0.7484376827875773
1325,1.0,25.0,45.0,0.5,0.0,60.0,0.7040138443311056
1326,1.0,25.0,45.0,0.5,10.0,48.0,0.7143612305323283
1327,1.0,25.0,45.0,0.5,100.0,57.0,0.7227262457211813
1328,1.0,25.0,45.0,0.5,1000.0,69.0,0.7261054813861847
1329,1.0,25.0,45.0,0.5,10000.0,79.0,0.7082910239696503
1330,1.0,25.0,45.0,0.7,0.0,68.0,0.7029860218365988
1331,1.0,25.0,45.0,0.7,10.0,49.0,0.7358017961184183
1332,1.0,25.0,45.0,0.7,100.0,85.0,0.7480640908082327
1333,1.0,25.0,45.0,0.7,1000.0,85.0,0.7217728396256765
1334,1.0,25.0,45.0,0.7,10000.0,77.0,0.8653552035490671
1335,1.0,25.0,50.0,0.3,0.0,55.0,0.7279338439305624
1336,1.0,25.0,50.0,0.3,10.0,46.0,0.7934411267439524
1337,1.0,25.0,50.0,0.3,100.0,22.0,0.8452387849489847
1338,1.0,25.0,50.0,0.3,1000.0,57.0,0.6998021801312765
1339,1.0,25.0,50.0,0.3,10000.0,62.0,0.8476415375868479
1340,1.0,25.0,50.0,0.5,0.0,61.0,0.6997734010219574
1341,1.0,25.0,50.0,0.5,10.0,56.0,0.789789229631424
1342,1.0,25.0,50.0,0.5,100.0,63.0,0.7176436384518942
1343,1.0,25.0,50.0,0.5,1000.0,68.0,0.6731516321500143
1344,1.0,25.0,50.0,0.5,10000.0,81.0,0.7670929928620657
1345,1.0,25.0,50.0,0.7,0.0,66.0,0.7101011872291565
1346,1.0,25.0,50.0,0.7,10.0,53.0,0.7119324008623759
1347,1.0,25.0,50.0,0.7,100.0,23.0,0.8775035341580709
1348,1.0,25.0,50.0,0.7,1000.0,72.0,0.7098702589670817
1349,1.0,25.0,50.0,0.7,10000.0,72.0,0.7468560437361399
1350,2.0,25.0,5.0,0.3,0.0,70.0,0.7427214682102203
1351,2.0,25.0,5.0,0.3,10.0,87.0,0.7822201152642568
1352,2.0,25.0,5.0,0.3,100.0,51.0,0.7567262252171835
1353,2.0,25.0,5.0,0.3,1000.0,76.0,0.7491370538870493
1354,2.0,25.0,5.0,0.3,10000.0,52.0,0.832557608683904
1355,2.0,25.0,5.0,0.5,0.0,34.0,0.8422681192557017
1356,2.0,25.0,5.0,0.5,10.0,81.0,0.7896207273006439
1357,2.0,25.0,5.0,0.5,100.0,65.0,0.8087155222892761
1358,2.0,25.0,5.0,0.5,1000.0,74.0,0.7708074351151785
1359,2.0,25.0,5.0,0.5,10000.0,57.0,0.8127290606498718
1360,2.0,25.0,5.0,0.7,0.0,58.0,0.8895505766073862
1361,2.0,25.0,5.0,0.7,10.0,39.0,1.0268379251162212
1362,2.0,25.0,5.0,0.7,100.0,42.0,0.9379115303357443
1363,2.0,25.0,5.0,0.7,1000.0,56.0,0.8520963589350382
1364,2.0,25.0,5.0,0.7,10000.0,62.0,0.9555763304233551
1365,2.0,25.0,10.0,0.3,0.0,45.0,0.757004568974177
1366,2.0,25.0,10.0,0.3,10.0,45.0,0.7216270466645559
1367,2.0,25.0,10.0,0.3,100.0,50.0,0.7712948024272919
1368,2.0,25.0,10.0,0.3,1000.0,52.0,0.7841824591159821
1369,2.0,25.0,10.0,0.3,10000.0,54.0,0.7496434450149536
1370,2.0,25.0,10.0,0.5,0.0,49.0,0.7483044664065043
1371,2.0,25.0,10.0,0.5,10.0,43.0,0.8456327418486277
1372,2.0,25.0,10.0,0.5,100.0,45.0,0.768898993730545
1373,2.0,25.0,10.0,0.5,1000.0,56.0,0.7900948921839396
1374,2.0,25.0,10.0,0.5,10000.0,57.0,0.7561123470465342
1375,2.0,25.0,10.0,0.7,0.0,58.0,0.7741883198420206
1376,2.0,25.0,10.0,0.7,10.0,51.0,0.84285436073939
1377,2.0,25.0,10.0,0.7,100.0,52.0,0.8104521433512369
1378,2.0,25.0,10.0,0.7,1000.0,54.0,0.8066075344880422
1379,2.0,25.0,10.0,0.7,10000.0,68.0,0.7837099134922028
1380,2.0,25.0,15.0,0.3,0.0,49.0,0.7135109007358551
1381,2.0,25.0,15.0,0.3,10.0,40.0,0.7218901316324869
1382,2.0,25.0,15.0,0.3,100.0,46.0,0.7771018246809641
1383,2.0,25.0,15.0,0.3,1000.0,51.0,0.7548920412858328
1384,2.0,25.0,15.0,0.3,10000.0,63.0,0.7643424073855082
1385,2.0,25.0,15.0,0.5,0.0,65.0,0.8154420554637909
1386,2.0,25.0,15.0,0.5,10.0,58.0,0.7146166861057281
1387,2.0,25.0,15.0,0.5,100.0,59.0,0.7196062008539835
1388,2.0,25.0,15.0,0.5,1000.0,56.0,0.7460733751455942
1389,2.0,25.0,15.0,0.5,10000.0,59.0,0.7492773135503134
1390,2.0,25.0,15.0,0.7,0.0,74.0,0.796863834063212
1391,2.0,25.0,15.0,0.7,10.0,59.0,0.7849623262882233
1392,2.0,25.0,15.0,0.7,100.0,58.0,0.7861602008342743
1393,2.0,25.0,15.0,0.7,1000.0,64.0,0.7983042399088541
1394,2.0,25.0,15.0,0.7,10000.0,55.0,0.8263731896877289
1395,2.0,25.0,20.0,0.3,0.0,39.0,0.8124882181485494
1396,2.0,25.0,20.0,0.3,10.0,47.0,0.7605961461861929
1397,2.0,25.0,20.0,0.3,100.0,40.0,0.8081608513991038
1398,2.0,25.0,20.0,0.3,1000.0,47.0,0.7404553393522898
1399,2.0,25.0,20.0,0.3,10000.0,31.0,0.7740762333075205
1400,2.0,25.0,20.0,0.5,0.0,40.0,0.7818330327669779
1401,2.0,25.0,20.0,0.5,10.0,65.0,0.7659114301204681
1402,2.0,25.0,20.0,0.5,100.0,39.0,0.7831270893414816
1403,2.0,25.0,20.0,0.5,1000.0,84.0,0.6904459496339163
1404,2.0,25.0,20.0,0.5,10000.0,43.0,0.777154952287674
1405,2.0,25.0,20.0,0.7,0.0,52.0,0.7644384900728861
1406,2.0,25.0,20.0,0.7,10.0,51.0,0.737337201833725
1407,2.0,25.0,20.0,0.7,100.0,57.0,0.7615317205588022
1408,2.0,25.0,20.0,0.7,1000.0,61.0,0.7715109288692474
1409,2.0,25.0,20.0,0.7,10000.0,46.0,0.7712362309296926
1410,2.0,25.0,25.0,0.3,0.0,54.0,0.754304846127828
1411,2.0,25.0,25.0,0.3,10.0,57.0,0.7673588593800863
1412,2.0,25.0,25.0,0.3,100.0,58.0,0.7636633416016897
1413,2.0,25.0,25.0,0.3,1000.0,68.0,0.6992852886517843
1414,2.0,25.0,25.0,0.3,10000.0,49.0,0.7306067943572998
1415,2.0,25.0,25.0,0.5,0.0,48.0,0.7359629174073538
1416,2.0,25.0,25.0,0.5,10.0,53.0,0.7795987129211426
1417,2.0,25.0,25.0,0.5,100.0,49.0,0.740254153807958
1418,2.0,25.0,25.0,0.5,1000.0,53.0,0.7449428141117096
1419,2.0,25.0,25.0,0.5,10000.0,46.0,0.7545652786890665
1420,2.0,25.0,25.0,0.7,0.0,60.0,0.7768746415774027
1421,2.0,25.0,25.0,0.7,10.0,63.0,0.74636643131574
1422,2.0,25.0,25.0,0.7,100.0,68.0,0.7518546481927236
1423,2.0,25.0,25.0,0.7,1000.0,83.0,0.7309046586354574
1424,2.0,25.0,25.0,0.7,10000.0,49.0,0.7843528489271799
1425,2.0,25.0,30.0,0.3,0.0,57.0,0.7591352462768555
1426,2.0,25.0,30.0,0.3,10.0,53.0,0.769410640001297
1427,2.0,25.0,30.0,0.3,100.0,44.0,0.7985613743464152
1428,2.0,25.0,30.0,0.3,1000.0,47.0,0.7357528805732727
1429,2.0,25.0,30.0,0.3,10000.0,63.0,0.7308820188045502
1430,2.0,25.0,30.0,0.5,0.0,56.0,0.7232539455095927
1431,2.0,25.0,30.0,0.5,10.0,49.0,0.7464894751707712
1432,2.0,25.0,30.0,0.5,100.0,63.0,0.7220357159773508
1433,2.0,25.0,30.0,0.5,1000.0,50.0,0.7447406152884165
1434,2.0,25.0,30.0,0.5,10000.0,64.0,0.7372803688049316
1435,2.0,25.0,30.0,0.7,0.0,53.0,0.7336579461892446
1436,2.0,25.0,30.0,0.7,10.0,84.0,0.7386515637238821
1437,2.0,25.0,30.0,0.7,100.0,65.0,0.7378865381081899
1438,2.0,25.0,30.0,0.7,1000.0,60.0,0.7270892361799876
1439,2.0,25.0,30.0,0.7,10000.0,72.0,0.7166312535603842
1440,2.0,25.0,35.0,0.3,0.0,33.0,0.8053890963395437
1441,2.0,25.0,35.0,0.3,10.0,57.0,0.8159546554088593
1442,2.0,25.0,35.0,0.3,100.0,54.0,0.7761200368404388
1443,2.0,25.0,35.0,0.3,1000.0,43.0,0.8265754381815592
1444,2.0,25.0,35.0,0.3,10000.0,62.0,0.757614016532898
1445,2.0,25.0,35.0,0.5,0.0,54.0,0.7261287073294321
1446,2.0,25.0,35.0,0.5,10.0,44.0,0.7229632635911306
1447,2.0,25.0,35.0,0.5,100.0,60.0,0.7661551038424174
1448,2.0,25.0,35.0,0.5,1000.0,35.0,0.8475013275941213
1449,2.0,25.0,35.0,0.5,10000.0,61.0,0.7198637624581655
1450,2.0,25.0,35.0,0.7,0.0,52.0,0.7594956954320272
1451,2.0,25.0,35.0,0.7,10.0,59.0,0.755659431219101
1452,2.0,25.0,35.0,0.7,100.0,53.0,0.7407228449980418
1453,2.0,25.0,35.0,0.7,1000.0,35.0,0.8449905514717102
1454,2.0,25.0,35.0,0.7,10000.0,56.0,0.7201791803042094
1455,2.0,25.0,40.0,0.3,0.0,59.0,0.7082501153151194
1456,2.0,25.0,40.0,0.3,10.0,51.0,0.7715546687444051
1457,2.0,25.0,40.0,0.3,100.0,39.0,0.8131806055704752
1458,2.0,25.0,40.0,0.3,1000.0,52.0,0.7860537568728129
1459,2.0,25.0,40.0,0.3,10000.0,47.0,0.729794998963674
1460,2.0,25.0,40.0,0.5,0.0,61.0,0.7411845425764719
1461,2.0,25.0,40.0,0.5,10.0,54.0,0.759295811255773
1462,2.0,25.0,40.0,0.5,100.0,40.0,0.7887660960356394
1463,2.0,25.0,40.0,0.5,1000.0,50.0,0.7048526604970297
1464,2.0,25.0,40.0,0.5,10000.0,50.0,0.7382344305515289
1465,2.0,25.0,40.0,0.7,0.0,62.0,0.7558181981245676
1466,2.0,25.0,40.0,0.7,10.0,54.0,0.7534303367137909
1467,2.0,25.0,40.0,0.7,100.0,46.0,0.738840232292811
1468,2.0,25.0,40.0,0.7,1000.0,45.0,0.7229877710342407
1469,2.0,25.0,40.0,0.7,10000.0,55.0,0.7565440734227499
1470,2.0,25.0,45.0,0.3,0.0,40.0,0.7332428296407064
1471,2.0,25.0,45.0,0.3,10.0,58.0,0.713670531908671
1472,2.0,25.0,45.0,0.3,100.0,53.0,0.7753728230794271
1473,2.0,25.0,45.0,0.3,1000.0,42.0,0.7535655001799265
1474,2.0,25.0,45.0,0.3,10000.0,56.0,0.795465479294459
1475,2.0,25.0,45.0,0.5,0.0,34.0,0.9048294425010681
1476,2.0,25.0,45.0,0.5,10.0,56.0,0.7108289202054342
1477,2.0,25.0,45.0,0.5,100.0,59.0,0.8028694490591685
1478,2.0,25.0,45.0,0.5,1000.0,49.0,0.7745265265305837
1479,2.0,25.0,45.0,0.5,10000.0,63.0,0.7440848449865977
1480,2.0,25.0,45.0,0.7,0.0,40.0,0.7716811796029409
1481,2.0,25.0,45.0,0.7,10.0,66.0,0.7167167464892069
1482,2.0,25.0,45.0,0.7,100.0,52.0,0.7571521500746409
1483,2.0,25.0,45.0,0.7,1000.0,43.0,0.7409215768178304
1484,2.0,25.0,45.0,0.7,10000.0,55.0,0.7276678184668223
1485,2.0,25.0,50.0,0.3,0.0,64.0,0.728750983874003
1486,2.0,25.0,50.0,0.3,10.0,48.0,0.7559584975242615
1487,2.0,25.0,50.0,0.3,100.0,38.0,0.7243699431419373
1488,2.0,25.0,50.0,0.3,1000.0,41.0,0.7599305013815562
1489,2.0,25.0,50.0,0.3,10000.0,61.0,0.7387984991073608
1490,2.0,25.0,50.0,0.5,0.0,58.0,0.7190304199854533
1491,2.0,25.0,50.0,0.5,10.0,48.0,0.7296667198340098
1492,2.0,25.0,50.0,0.5,100.0,54.0,0.7176042894522349
1493,2.0,25.0,50.0,0.5,1000.0,45.0,0.7362978359063467
1494,2.0,25.0,50.0,0.5,10000.0,63.0,0.7751652896404266
1495,2.0,25.0,50.0,0.7,0.0,58.0,0.72384312748909
1496,2.0,25.0,50.0,0.7,10.0,51.0,0.745723714431127
1497,2.0,25.0,50.0,0.7,100.0,67.0,0.735541969537735
1498,2.0,25.0,50.0,0.7,1000.0,51.0,0.7357738415400187
1499,2.0,25.0,50.0,0.7,10000.0,68.0,0.7882437209288279
1500,1.0,30.0,5.0,0.3,0.0,81.0,0.7607832352320353
1501,1.0,30.0,5.0,0.3,10.0,68.0,0.7473936080932617
1502,1.0,30.0,5.0,0.3,100.0,60.0,0.7972536484400431
1503,1.0,30.0,5.0,0.3,1000.0,75.0,0.7606722712516785
1504,1.0,30.0,5.0,0.3,10000.0,60.0,0.7159164547920227
1505,1.0,30.0,5.0,0.5,0.0,59.0,0.8693072895208994
1506,1.0,30.0,5.0,0.5,10.0,67.0,0.7708606918652853
1507,1.0,30.0,5.0,0.5,100.0,67.0,0.832313189903895
1508,1.0,30.0,5.0,0.5,1000.0,76.0,0.8493764897187551
1509,1.0,30.0,5.0,0.5,10000.0,109.0,0.7457083066304525
1510,1.0,30.0,5.0,0.7,0.0,44.0,1.0419723788897197
1511,1.0,30.0,5.0,0.7,10.0,54.0,0.9293926556905111
1512,1.0,30.0,5.0,0.7,100.0,50.0,1.0223040680090587
1513,1.0,30.0,5.0,0.7,1000.0,62.0,1.021237055460612
1514,1.0,30.0,5.0,0.7,10000.0,50.0,0.9097310205300649
1515,1.0,30.0,10.0,0.3,0.0,64.0,0.7451069454352061
1516,1.0,30.0,10.0,0.3,10.0,58.0,0.7396321793397268
1517,1.0,30.0,10.0,0.3,100.0,57.0,0.7293816308180491
1518,1.0,30.0,10.0,0.3,1000.0,45.0,0.7422230740388235
1519,1.0,30.0,10.0,0.3,10000.0,46.0,0.7787312865257263
1520,1.0,30.0,10.0,0.5,0.0,67.0,0.7189554969469706
1521,1.0,30.0,10.0,0.5,10.0,71.0,0.7602497140566508
1522,1.0,30.0,10.0,0.5,100.0,69.0,0.7708732485771179
1523,1.0,30.0,10.0,0.5,1000.0,46.0,0.7355720301469167
1524,1.0,30.0,10.0,0.5,10000.0,63.0,0.7530345916748047
1525,1.0,30.0,10.0,0.7,0.0,66.0,0.791029304265976
1526,1.0,30.0,10.0,0.7,10.0,69.0,0.7814954121907552
1527,1.0,30.0,10.0,0.7,100.0,57.0,0.7949458658695221
1528,1.0,30.0,10.0,0.7,1000.0,86.0,0.8125729461510977
1529,1.0,30.0,10.0,0.7,10000.0,57.0,0.8954808115959167
1530,1.0,30.0,15.0,0.3,0.0,105.0,0.7409822841485342
1531,1.0,30.0,15.0,0.3,10.0,76.0,0.6985548039277395
1532,1.0,30.0,15.0,0.3,100.0,57.0,0.751881331205368
1533,1.0,30.0,15.0,0.3,1000.0,21.0,0.8675507505734762
1534,1.0,30.0,15.0,0.3,10000.0,58.0,0.7368623415629069
1535,1.0,30.0,15.0,0.5,0.0,46.0,0.7570220530033112
1536,1.0,30.0,15.0,0.5,10.0,58.0,0.7340379655361176
1537,1.0,30.0,15.0,0.5,100.0,54.0,0.7296194533507029
1538,1.0,30.0,15.0,0.5,1000.0,21.0,0.8782829344272614
1539,1.0,30.0,15.0,0.5,10000.0,46.0,0.7239682972431183
1540,1.0,30.0,15.0,0.7,0.0,72.0,0.7723885675271353
1541,1.0,30.0,15.0,0.7,10.0,55.0,0.798104852437973
1542,1.0,30.0,15.0,0.7,100.0,69.0,0.7539703845977783
1543,1.0,30.0,15.0,0.7,1000.0,25.0,0.8963451286156973
1544,1.0,30.0,15.0,0.7,10000.0,65.0,0.7370526095231374
1545,1.0,30.0,20.0,0.3,0.0,48.0,0.6963492631912231
1546,1.0,30.0,20.0,0.3,10.0,37.0,0.8474554022153219
1547,1.0,30.0,20.0,0.3,100.0,63.0,0.7057985564072927
1548,1.0,30.0,20.0,0.3,1000.0,68.0,0.8173269629478455
1549,1.0,30.0,20.0,0.3,10000.0,23.0,0.8751219908396403
1550,1.0,30.0,20.0,0.5,0.0,73.0,0.7576500574747721
1551,1.0,30.0,20.0,0.5,10.0,55.0,0.803233285744985
1552,1.0,30.0,20.0,0.5,100.0,49.0,0.8539737065633138
1553,1.0,30.0,20.0,0.5,1000.0,75.0,0.7068273226420084
1554,1.0,30.0,20.0,0.5,10000.0,64.0,0.7407591342926025
1555,1.0,30.0,20.0,0.7,0.0,69.0,0.733676920334498
1556,1.0,30.0,20.0,0.7,10.0,58.0,0.7609271506468455
1557,1.0,30.0,20.0,0.7,100.0,57.0,0.7456037898858389
1558,1.0,30.0,20.0,0.7,1000.0,74.0,0.734061727921168
1559,1.0,30.0,20.0,0.7,10000.0,74.0,0.7630989452203115
1560,1.0,30.0,25.0,0.3,0.0,52.0,0.7425880630811056
1561,1.0,30.0,25.0,0.3,10.0,51.0,0.7074266374111176
1562,1.0,30.0,25.0,0.3,100.0,58.0,0.706972340742747
1563,1.0,30.0,25.0,0.3,1000.0,72.0,0.6864930788675944
1564,1.0,30.0,25.0,0.3,10000.0,22.0,0.9184205035368601
1565,1.0,30.0,25.0,0.5,0.0,61.0,0.740619957447052
1566,1.0,30.0,25.0,0.5,10.0,51.0,0.7175053258736929
1567,1.0,30.0,25.0,0.5,100.0,57.0,0.6988891760508219
1568,1.0,30.0,25.0,0.5,1000.0,24.0,0.8428490658601125
1569,1.0,30.0,25.0,0.5,10000.0,67.0,0.7045573890209198
1570,1.0,30.0,25.0,0.7,0.0,59.0,0.7304676373799642
1571,1.0,30.0,25.0,0.7,10.0,71.0,0.7487264176209768
1572,1.0,30.0,25.0,0.7,100.0,67.0,0.7362154821554819
1573,1.0,30.0,25.0,0.7,1000.0,99.0,0.7204196453094482
1574,1.0,30.0,25.0,0.7,10000.0,75.0,0.716503232717514
1575,1.0,30.0,30.0,0.3,0.0,56.0,0.6974424719810486
1576,1.0,30.0,30.0,0.3,10.0,39.0,0.7753170231978098
1577,1.0,30.0,30.0,0.3,100.0,40.0,0.8086802363395691
1578,1.0,30.0,30.0,0.3,1000.0,59.0,0.6908948719501495
1579,1.0,30.0,30.0,0.3,10000.0,51.0,0.7263743877410889
1580,1.0,30.0,30.0,0.5,0.0,53.0,0.7287148237228394
1581,1.0,30.0,30.0,0.5,10.0,39.0,0.8265359103679657
1582,1.0,30.0,30.0,0.5,100.0,67.0,0.7729889750480652
1583,1.0,30.0,30.0,0.5,1000.0,58.0,0.7048559188842773
1584,1.0,30.0,30.0,0.5,10000.0,62.0,0.7192527453104655
1585,1.0,30.0,30.0,0.7,0.0,59.0,0.7152994076410929
1586,1.0,30.0,30.0,0.7,10.0,50.0,0.7481086651484171
1587,1.0,30.0,30.0,0.7,100.0,54.0,0.7592025697231293
1588,1.0,30.0,30.0,0.7,1000.0,53.0,0.7256414592266083
1589,1.0,30.0,30.0,0.7,10000.0,45.0,0.7347731590270996
1590,1.0,30.0,35.0,0.3,0.0,50.0,0.6934754053751627
1591,1.0,30.0,35.0,0.3,10.0,49.0,0.7995600402355194
1592,1.0,30.0,35.0,0.3,100.0,48.0,0.743525097767512
1593,1.0,30.0,35.0,0.3,1000.0,56.0,0.7485799193382263
1594,1.0,30.0,35.0,0.3,10000.0,49.0,0.7086527148882548
1595,1.0,30.0,35.0,0.5,0.0,48.0,0.6990054349104563
1596,1.0,30.0,35.0,0.5,10.0,73.0,0.767929365237554
1597,1.0,30.0,35.0,0.5,100.0,58.0,0.7082722584406534
1598,1.0,30.0,35.0,0.5,1000.0,65.0,0.7342943847179413
1599,1.0,30.0,35.0,0.5,10000.0,53.0,0.7520682613054911
1600,1.0,30.0,35.0,0.7,0.0,48.0,0.7151614924271902
1601,1.0,30.0,35.0,0.7,10.0,52.0,0.7247036695480347
1602,1.0,30.0,35.0,0.7,100.0,67.0,0.7143775522708893
1603,1.0,30.0,35.0,0.7,1000.0,69.0,0.7755725483099619
1604,1.0,30.0,35.0,0.7,10000.0,69.0,0.7099991838137308
1605,1.0,30.0,40.0,0.3,0.0,69.0,0.7328171531359354
1606,1.0,30.0,40.0,0.3,10.0,64.0,0.7815025846163431
1607,1.0,30.0,40.0,0.3,100.0,65.0,0.6847524146238962
1608,1.0,30.0,40.0,0.3,1000.0,63.0,0.7820053597291311
1609,1.0,30.0,40.0,0.3,10000.0,67.0,0.8098596930503845
1610,1.0,30.0,40.0,0.5,0.0,47.0,0.7332896490891775
1611,1.0,30.0,40.0,0.5,10.0,81.0,0.7473412454128265
1612,1.0,30.0,40.0,0.5,100.0,68.0,0.7505330542723337
1613,1.0,30.0,40.0,0.5,1000.0,67.0,0.7502845823764801
1614,1.0,30.0,40.0,0.5,10000.0,67.0,0.7139705220858256
1615,1.0,30.0,40.0,0.7,0.0,59.0,0.7422140836715698
1616,1.0,30.0,40.0,0.7,10.0,82.0,0.7130821645259857
1617,1.0,30.0,40.0,0.7,100.0,78.0,0.7510479390621185
1618,1.0,30.0,40.0,0.7,1000.0,67.0,0.7878479460875193
1619,1.0,30.0,40.0,0.7,10000.0,84.0,0.7417668302853903
1620,1.0,30.0,45.0,0.3,0.0,76.0,0.7103560268878937
1621,1.0,30.0,45.0,0.3,10.0,43.0,0.7075578073660532
1622,1.0,30.0,45.0,0.3,100.0,62.0,0.8338165481885275
1623,1.0,30.0,45.0,0.3,1000.0,64.0,0.7743500769138336
1624,1.0,30.0,45.0,0.3,10000.0,44.0,0.7356864213943481
1625,1.0,30.0,45.0,0.5,0.0,42.0,0.7370845774809519
1626,1.0,30.0,45.0,0.5,10.0,54.0,0.7172271609306335
1627,1.0,30.0,45.0,0.5,100.0,58.0,0.7064786752065023
1628,1.0,30.0,45.0,0.5,1000.0,72.0,0.7342512706915537
1629,1.0,30.0,45.0,0.5,10000.0,52.0,0.7147780160109202
1630,1.0,30.0,45.0,0.7,0.0,48.0,0.7460307876269022
1631,1.0,30.0,45.0,0.7,10.0,81.0,0.7184280852476755
1632,1.0,30.0,45.0,0.7,100.0,67.0,0.711730440457662
1633,1.0,30.0,45.0,0.7,1000.0,84.0,0.7202269832293192
1634,1.0,30.0,45.0,0.7,10000.0,87.0,0.7126696705818176
1635,1.0,30.0,50.0,0.3,0.0,48.0,0.7839991648991903
1636,1.0,30.0,50.0,0.3,10.0,44.0,0.7168393631776174
1637,1.0,30.0,50.0,0.3,100.0,63.0,0.7086301644643148
1638,1.0,30.0,50.0,0.3,1000.0,41.0,0.706027090549469
1639,1.0,30.0,50.0,0.3,10000.0,53.0,0.7191023429234823
1640,1.0,30.0,50.0,0.5,0.0,43.0,0.8037154078483582
1641,1.0,30.0,50.0,0.5,10.0,44.0,0.7282999058564504
1642,1.0,30.0,50.0,0.5,100.0,43.0,0.732454240322113
1643,1.0,30.0,50.0,0.5,1000.0,51.0,0.8711204628149668
1644,1.0,30.0,50.0,0.5,10000.0,51.0,0.693130373954773
1645,1.0,30.0,50.0,0.7,0.0,56.0,0.7289899786313375
1646,1.0,30.0,50.0,0.7,10.0,49.0,0.7330440183480581
1647,1.0,30.0,50.0,0.7,100.0,75.0,0.7255387504895529
1648,1.0,30.0,50.0,0.7,1000.0,62.0,0.7113429506619772
1649,1.0,30.0,50.0,0.7,10000.0,66.0,0.7024427950382233
1650,2.0,30.0,5.0,0.3,0.0,46.0,0.7632823785146078
1651,2.0,30.0,5.0,0.3,10.0,63.0,0.7799981633822123
1652,2.0,30.0,5.0,0.3,100.0,45.0,0.719709187746048
1653,2.0,30.0,5.0,0.3,1000.0,38.0,0.7858308752377828
1654,2.0,30.0,5.0,0.3,10000.0,77.0,0.7843083540598551
1655,2.0,30.0,5.0,0.5,0.0,48.0,0.7865924735864004
1656,2.0,30.0,5.0,0.5,10.0,54.0,0.7910909851392111
1657,2.0,30.0,5.0,0.5,100.0,52.0,0.7727092007795969
1658,2.0,30.0,5.0,0.5,1000.0,37.0,0.8026277422904968
1659,2.0,30.0,5.0,0.5,10000.0,57.0,0.8553122878074646
1660,2.0,30.0,5.0,0.7,0.0,39.0,0.8723355829715729
1661,2.0,30.0,5.0,0.7,10.0,39.0,0.9209695259730021
1662,2.0,30.0,5.0,0.7,100.0,52.0,0.9489864706993103
1663,2.0,30.0,5.0,0.7,1000.0,38.0,0.8655091325441996
1664,2.0,30.0,5.0,0.7,10000.0,81.0,1.0042496422926586
1665,2.0,30.0,10.0,0.3,0.0,51.0,0.742260585228602
1666,2.0,30.0,10.0,0.3,10.0,54.0,0.7880749603112539
1667,2.0,30.0,10.0,0.3,100.0,42.0,0.7912575503190359
1668,2.0,30.0,10.0,0.3,1000.0,29.0,0.801986555258433
1669,2.0,30.0,10.0,0.3,10000.0,41.0,0.7876677413781484
1670,2.0,30.0,10.0,0.5,0.0,38.0,0.7846607665220896
1671,2.0,30.0,10.0,0.5,10.0,59.0,0.7306220829486847
1672,2.0,30.0,10.0,0.5,100.0,51.0,0.7675938010215759
1673,2.0,30.0,10.0,0.5,1000.0,49.0,0.7967525621255239
1674,2.0,30.0,10.0,0.5,10000.0,45.0,0.7448852956295013
1675,2.0,30.0,10.0,0.7,0.0,61.0,0.8608247538407644
1676,2.0,30.0,10.0,0.7,10.0,64.0,0.7892328600088755
1677,2.0,30.0,10.0,0.7,100.0,48.0,0.8470569948355356
1678,2.0,30.0,10.0,0.7,1000.0,49.0,0.8181710739930471
1679,2.0,30.0,10.0,0.7,10000.0,65.0,0.7982335189978281
1680,2.0,30.0,15.0,0.3,0.0,36.0,0.7599526743094126
1681,2.0,30.0,15.0,0.3,10.0,44.0,0.7874033252398173
1682,2.0,30.0,15.0,0.3,100.0,55.0,0.7317494551340739
1683,2.0,30.0,15.0,0.3,1000.0,49.0,0.7832018832365671
1684,2.0,30.0,15.0,0.3,10000.0,40.0,0.735166072845459
1685,2.0,30.0,15.0,0.5,0.0,36.0,0.7722148100535074
1686,2.0,30.0,15.0,0.5,10.0,44.0,0.7691634992758433
1687,2.0,30.0,15.0,0.5,100.0,43.0,0.7686153948307037
1688,2.0,30.0,15.0,0.5,1000.0,38.0,0.7440820038318634
1689,2.0,30.0,15.0,0.5,10000.0,58.0,0.7171746790409088
1690,2.0,30.0,15.0,0.7,0.0,61.0,0.7698777616024017
1691,2.0,30.0,15.0,0.7,10.0,48.0,0.7816027303536733
1692,2.0,30.0,15.0,0.7,100.0,45.0,0.7656922439734141
1693,2.0,30.0,15.0,0.7,1000.0,38.0,0.8638994296391805
1694,2.0,30.0,15.0,0.7,10000.0,53.0,0.7409670849641165
1695,2.0,30.0,20.0,0.3,0.0,58.0,0.7964791854222616
1696,2.0,30.0,20.0,0.3,10.0,41.0,0.7299935420354208
1697,2.0,30.0,20.0,0.3,100.0,47.0,0.8021995226542155
1698,2.0,30.0,20.0,0.3,1000.0,41.0,0.747191866238912
1699,2.0,30.0,20.0,0.3,10000.0,55.0,0.766020139058431
1700,2.0,30.0,20.0,0.5,0.0,44.0,0.7390349805355072
1701,2.0,30.0,20.0,0.5,10.0,47.0,0.738410085439682
1702,2.0,30.0,20.0,0.5,100.0,50.0,0.720174252986908
1703,2.0,30.0,20.0,0.5,1000.0,42.0,0.8367519080638885
1704,2.0,30.0,20.0,0.5,10000.0,41.0,0.7796164453029633
1705,2.0,30.0,20.0,0.7,0.0,55.0,0.7422885199387869
1706,2.0,30.0,20.0,0.7,10.0,58.0,0.779303510983785
1707,2.0,30.0,20.0,0.7,100.0,39.0,0.7493859231472015
1708,2.0,30.0,20.0,0.7,1000.0,33.0,0.8968739112218221
1709,2.0,30.0,20.0,0.7,10000.0,55.0,0.7922438780466715
1710,2.0,30.0,25.0,0.3,0.0,39.0,0.7736068566640218
1711,2.0,30.0,25.0,0.3,10.0,63.0,0.737760603427887
1712,2.0,30.0,25.0,0.3,100.0,30.0,0.7848885456720988
1713,2.0,30.0,25.0,0.3,1000.0,47.0,0.7699190974235535
1714,2.0,30.0,25.0,0.3,10000.0,63.0,0.7656399408976237
1715,2.0,30.0,25.0,0.5,0.0,50.0,0.7283782164255778
1716,2.0,30.0,25.0,0.5,10.0,50.0,0.7243693868319193
1717,2.0,30.0,25.0,0.5,100.0,63.0,0.7628054221471151
1718,2.0,30.0,25.0,0.5,1000.0,62.0,0.7582870423793793
1719,2.0,30.0,25.0,0.5,10000.0,60.0,0.7475574413935343
1720,2.0,30.0,25.0,0.7,0.0,40.0,0.7380538185437521
1721,2.0,30.0,25.0,0.7,10.0,65.0,0.7255264321962992
1722,2.0,30.0,25.0,0.7,100.0,39.0,0.7964942355950674
1723,2.0,30.0,25.0,0.7,1000.0,45.0,0.7604086001714071
1724,2.0,30.0,25.0,0.7,10000.0,64.0,0.7615579466025034
1725,2.0,30.0,30.0,0.3,0.0,38.0,0.7309244771798452
1726,2.0,30.0,30.0,0.3,10.0,44.0,0.7470772465070089
1727,2.0,30.0,30.0,0.3,100.0,53.0,0.7478376924991608
1728,2.0,30.0,30.0,0.3,1000.0,44.0,0.8403415779272715
1729,2.0,30.0,30.0,0.3,10000.0,70.0,0.8567947149276733
1730,2.0,30.0,30.0,0.5,0.0,44.0,0.7452503542105356
1731,2.0,30.0,30.0,0.5,10.0,46.0,0.8343166212240855
1732,2.0,30.0,30.0,0.5,100.0,38.0,0.7519310712814331
1733,2.0,30.0,30.0,0.5,1000.0,51.0,0.7142061293125153
1734,2.0,30.0,30.0,0.5,10000.0,36.0,0.8219690322875977
1735,2.0,30.0,30.0,0.7,0.0,43.0,0.7299094597498575
1736,2.0,30.0,30.0,0.7,10.0,58.0,0.7579980889956156
1737,2.0,30.0,30.0,0.7,100.0,44.0,0.7577674984931946
1738,2.0,30.0,30.0,0.7,1000.0,54.0,0.7947847843170166
1739,2.0,30.0,30.0,0.7,10000.0,58.0,0.7604355017344157
1740,2.0,30.0,35.0,0.3,0.0,44.0,0.7079964975516001
1741,2.0,30.0,35.0,0.3,10.0,37.0,0.7637345790863037
1742,2.0,30.0,35.0,0.3,100.0,46.0,0.767450879017512
1743,2.0,30.0,35.0,0.3,1000.0,44.0,0.6878192722797394
1744,2.0,30.0,35.0,0.3,10000.0,37.0,0.752026379108429
1745,2.0,30.0,35.0,0.5,0.0,44.0,0.7108094394207001
1746,2.0,30.0,35.0,0.5,10.0,49.0,0.7291764418284098
1747,2.0,30.0,35.0,0.5,100.0,39.0,0.7711764872074127
1748,2.0,30.0,35.0,0.5,1000.0,53.0,0.6987278163433075
1749,2.0,30.0,35.0,0.5,10000.0,86.0,0.7428865830103556
1750,2.0,30.0,35.0,0.7,0.0,56.0,0.717605988184611
1751,2.0,30.0,35.0,0.7,10.0,47.0,0.7408891320228577
1752,2.0,30.0,35.0,0.7,100.0,44.0,0.7572297751903534
1753,2.0,30.0,35.0,0.7,1000.0,53.0,0.7429189880688986
1754,2.0,30.0,35.0,0.7,10000.0,74.0,0.7450181742509207
1755,2.0,30.0,40.0,0.3,0.0,50.0,0.7552232344945272
1756,2.0,30.0,40.0,0.3,10.0,50.0,0.714830348889033
1757,2.0,30.0,40.0,0.3,100.0,49.0,0.7821781237920126
1758,2.0,30.0,40.0,0.3,1000.0,33.0,0.8969178597132365
1759,2.0,30.0,40.0,0.3,10000.0,60.0,0.7118604977925619
1760,2.0,30.0,40.0,0.5,0.0,46.0,0.7053641478220621
1761,2.0,30.0,40.0,0.5,10.0,59.0,0.7297411958376566
1762,2.0,30.0,40.0,0.5,100.0,56.0,0.7634504238764445
1763,2.0,30.0,40.0,0.5,1000.0,50.0,0.7814227243264517
1764,2.0,30.0,40.0,0.5,10000.0,40.0,0.7916847070058187
1765,2.0,30.0,40.0,0.7,0.0,61.0,0.7428972721099854
1766,2.0,30.0,40.0,0.7,10.0,69.0,0.7012616097927094
1767,2.0,30.0,40.0,0.7,100.0,57.0,0.7178259094556173
1768,2.0,30.0,40.0,0.7,1000.0,34.0,0.8357873260974884
1769,2.0,30.0,40.0,0.7,10000.0,57.0,0.7176016668478647
1770,2.0,30.0,45.0,0.3,0.0,42.0,0.7383554180463155
1771,2.0,30.0,45.0,0.3,10.0,49.0,0.7505613962809244
1772,2.0,30.0,45.0,0.3,100.0,43.0,0.7540223300457001
1773,2.0,30.0,45.0,0.3,1000.0,58.0,0.7016105850537618
1774,2.0,30.0,45.0,0.3,10000.0,43.0,0.7316886881987253
1775,2.0,30.0,45.0,0.5,0.0,45.0,0.7575119435787201
1776,2.0,30.0,45.0,0.5,10.0,46.0,0.7571851213773092
1777,2.0,30.0,45.0,0.5,100.0,45.0,0.7170319358507792
1778,2.0,30.0,45.0,0.5,1000.0,38.0,0.8402616083621979
1779,2.0,30.0,45.0,0.5,10000.0,40.0,0.7529594600200653
1780,2.0,30.0,45.0,0.7,0.0,42.0,0.738802969455719
1781,2.0,30.0,45.0,0.7,10.0,47.0,0.761026124159495
1782,2.0,30.0,45.0,0.7,100.0,52.0,0.7293293376763662
1783,2.0,30.0,45.0,0.7,1000.0,56.0,0.7602158089478811
1784,2.0,30.0,45.0,0.7,10000.0,44.0,0.7356140613555908
1785,2.0,30.0,50.0,0.3,0.0,41.0,0.7490487198034922
1786,2.0,30.0,50.0,0.3,10.0,47.0,0.7620399494965872
1787,2.0,30.0,50.0,0.3,100.0,43.0,0.7396221260229746
1788,2.0,30.0,50.0,0.3,1000.0,61.0,0.7672784129778544
1789,2.0,30.0,50.0,0.3,10000.0,61.0,0.8629218339920044
1790,2.0,30.0,50.0,0.5,0.0,34.0,0.7549569408098856
1791,2.0,30.0,50.0,0.5,10.0,63.0,0.7606512109438578
1792,2.0,30.0,50.0,0.5,100.0,46.0,0.7207529544830322
1793,2.0,30.0,50.0,0.5,1000.0,46.0,0.7197966873645782
1794,2.0,30.0,50.0,0.5,10000.0,40.0,0.714480847120285
1795,2.0,30.0,50.0,0.7,0.0,42.0,0.7314125994841257
1796,2.0,30.0,50.0,0.7,10.0,51.0,0.7484455605347952
1797,2.0,30.0,50.0,0.7,100.0,51.0,0.7193541626135508
1798,2.0,30.0,50.0,0.7,1000.0,49.0,0.7509285310904185
1799,2.0,30.0,50.0,0.7,10000.0,47.0,0.7361061970392863
1800,1.0,35.0,5.0,0.3,0.0,95.0,1.0358351071675618
1801,1.0,35.0,5.0,0.3,10.0,58.0,0.7079357902208964
1802,1.0,35.0,5.0,0.3,100.0,59.0,0.7515993614991506
1803,1.0,35.0,5.0,0.3,1000.0,285.0,0.9583433667818705
1804,1.0,35.0,5.0,0.3,10000.0,176.0,0.9770422379175822
1805,1.0,35.0,5.0,0.5,0.0,114.0,1.0799539188543956
1806,1.0,35.0,5.0,0.5,10.0,73.0,0.7551094889640808
1807,1.0,35.0,5.0,0.5,100.0,48.0,0.7855762839317322
1808,1.0,35.0,5.0,0.5,1000.0,210.0,1.0832697749137878
1809,1.0,35.0,5.0,0.5,10000.0,105.0,1.0800229211648305
1810,1.0,35.0,5.0,0.7,0.0,44.0,1.2023752331733704
1811,1.0,35.0,5.0,0.7,10.0,47.0,0.913521925608317
1812,1.0,35.0,5.0,0.7,100.0,40.0,0.8557460208733877
1813,1.0,35.0,5.0,0.7,1000.0,131.0,1.2266349792480469
1814,1.0,35.0,5.0,0.7,10000.0,61.0,1.1973124146461487
1815,1.0,35.0,10.0,0.3,0.0,68.0,0.6908240815003713
1816,1.0,35.0,10.0,0.3,10.0,49.0,0.7424923777580261
1817,1.0,35.0,10.0,0.3,100.0,46.0,0.8010436991850535
1818,1.0,35.0,10.0,0.3,1000.0,70.0,0.7484330634276072
1819,1.0,35.0,10.0,0.3,10000.0,41.0,0.7471237480640411
1820,1.0,35.0,10.0,0.5,0.0,63.0,0.7936269243558248
1821,1.0,35.0,10.0,0.5,10.0,47.0,0.7346408665180206
1822,1.0,35.0,10.0,0.5,100.0,53.0,0.7429524858792623
1823,1.0,35.0,10.0,0.5,1000.0,78.0,0.7410680055618286
1824,1.0,35.0,10.0,0.5,10000.0,45.0,0.800120989481608
1825,1.0,35.0,10.0,0.7,0.0,53.0,0.8124245603879293
1826,1.0,35.0,10.0,0.7,10.0,59.0,0.8070279260476431
1827,1.0,35.0,10.0,0.7,100.0,52.0,0.7806568344434103
1828,1.0,35.0,10.0,0.7,1000.0,56.0,0.8263993461926779
1829,1.0,35.0,10.0,0.7,10000.0,66.0,0.8359634876251221
1830,1.0,35.0,15.0,0.3,0.0,47.0,0.736328144868215
1831,1.0,35.0,15.0,0.3,10.0,42.0,0.7259732782840729
1832,1.0,35.0,15.0,0.3,100.0,60.0,0.7355638047059377
1833,1.0,35.0,15.0,0.3,1000.0,54.0,0.7170252998669943
1834,1.0,35.0,15.0,0.3,10000.0,52.0,0.7137066125869751
1835,1.0,35.0,15.0,0.5,0.0,55.0,0.7286652326583862
1836,1.0,35.0,15.0,0.5,10.0,50.0,0.7285693089167277
1837,1.0,35.0,15.0,0.5,100.0,62.0,0.7307381133238474
1838,1.0,35.0,15.0,0.5,1000.0,56.0,0.7101884186267853
1839,1.0,35.0,15.0,0.5,10000.0,63.0,0.8332931896050771
1840,1.0,35.0,15.0,0.7,0.0,57.0,0.7418806552886963
1841,1.0,35.0,15.0,0.7,10.0,61.0,0.7945574720700582
1842,1.0,35.0,15.0,0.7,100.0,65.0,0.7900005479653677
1843,1.0,35.0,15.0,0.7,1000.0,78.0,0.8337526122728983
1844,1.0,35.0,15.0,0.7,10000.0,52.0,0.7694302995999655
1845,1.0,35.0,20.0,0.3,0.0,45.0,0.7791333993275961
1846,1.0,35.0,20.0,0.3,10.0,54.0,0.8407135109106699
1847,1.0,35.0,20.0,0.3,100.0,62.0,0.7580823500951132
1848,1.0,35.0,20.0,0.3,1000.0,56.0,0.75148805975914
1849,1.0,35.0,20.0,0.3,10000.0,76.0,0.7565922240416209
1850,1.0,35.0,20.0,0.5,0.0,65.0,0.7083488603432974
1851,1.0,35.0,20.0,0.5,10.0,54.0,0.7728265921274821
1852,1.0,35.0,20.0,0.5,100.0,50.0,0.7086734275023142
1853,1.0,35.0,20.0,0.5,1000.0,60.0,0.7023958563804626
1854,1.0,35.0,20.0,0.5,10000.0,55.0,0.737056295077006
1855,1.0,35.0,20.0,0.7,0.0,55.0,0.7740713854630789
1856,1.0,35.0,20.0,0.7,10.0,66.0,0.8008017539978027
1857,1.0,35.0,20.0,0.7,100.0,52.0,0.7492499053478241
1858,1.0,35.0,20.0,0.7,1000.0,57.0,0.7379852831363678
1859,1.0,35.0,20.0,0.7,10000.0,67.0,0.7545832296212515
1860,1.0,35.0,25.0,0.3,0.0,63.0,0.7074775596459707
1861,1.0,35.0,25.0,0.3,10.0,19.0,0.8544161915779114
1862,1.0,35.0,25.0,0.3,100.0,47.0,0.6965698401133219
1863,1.0,35.0,25.0,0.3,1000.0,50.0,0.822981079419454
1864,1.0,35.0,25.0,0.3,10000.0,51.0,0.7186123430728912
1865,1.0,35.0,25.0,0.5,0.0,50.0,0.8328786492347717
1866,1.0,35.0,25.0,0.5,10.0,49.0,0.720263659954071
1867,1.0,35.0,25.0,0.5,100.0,62.0,0.7442373236020406
1868,1.0,35.0,25.0,0.5,1000.0,49.0,0.7405693133672079
1869,1.0,35.0,25.0,0.5,10000.0,48.0,0.7599739134311676
1870,1.0,35.0,25.0,0.7,0.0,66.0,0.7208271821339926
1871,1.0,35.0,25.0,0.7,10.0,84.0,0.7280998726685842
1872,1.0,35.0,25.0,0.7,100.0,53.0,0.7459448575973511
1873,1.0,35.0,25.0,0.7,1000.0,76.0,0.7232508560021719
1874,1.0,35.0,25.0,0.7,10000.0,51.0,0.7735829253991445
1875,1.0,35.0,30.0,0.3,0.0,42.0,0.7199299732844034
1876,1.0,35.0,30.0,0.3,10.0,50.0,0.6974663933118185
1877,1.0,35.0,30.0,0.3,100.0,71.0,0.7663404047489166
1878,1.0,35.0,30.0,0.3,1000.0,50.0,0.7169238527615865
1879,1.0,35.0,30.0,0.3,10000.0,22.0,0.9228808681170145
1880,1.0,35.0,30.0,0.5,0.0,67.0,0.7596272031466166
1881,1.0,35.0,30.0,0.5,10.0,47.0,0.6978750626246134
1882,1.0,35.0,30.0,0.5,100.0,51.0,0.6874963144461314
1883,1.0,35.0,30.0,0.5,1000.0,50.0,0.7106675803661346
1884,1.0,35.0,30.0,0.5,10000.0,82.0,0.7262655893961588
1885,1.0,35.0,30.0,0.7,0.0,51.0,0.7366463442643484
1886,1.0,35.0,30.0,0.7,10.0,54.0,0.7178738911946615
1887,1.0,35.0,30.0,0.7,100.0,67.0,0.758046418428421
1888,1.0,35.0,30.0,0.7,1000.0,68.0,0.7533791363239288
1889,1.0,35.0,30.0,0.7,10000.0,62.0,0.7449499368667603
1890,1.0,35.0,35.0,0.3,0.0,61.0,0.6737711926301321
1891,1.0,35.0,35.0,0.3,10.0,64.0,0.6907366017500559
1892,1.0,35.0,35.0,0.3,100.0,36.0,0.7331416606903076
1893,1.0,35.0,35.0,0.3,1000.0,61.0,0.934721052646637
1894,1.0,35.0,35.0,0.3,10000.0,52.0,0.7297403315703074
1895,1.0,35.0,35.0,0.5,0.0,44.0,0.750470777352651
1896,1.0,35.0,35.0,0.5,10.0,76.0,0.7312501867612203
1897,1.0,35.0,35.0,0.5,100.0,46.0,0.8145568072795868
1898,1.0,35.0,35.0,0.5,1000.0,71.0,0.8211975495020548
1899,1.0,35.0,35.0,0.5,10000.0,49.0,0.7006931106249491
1900,1.0,35.0,35.0,0.7,0.0,48.0,0.7591430048147837
1901,1.0,35.0,35.0,0.7,10.0,50.0,0.7668173511823019
1902,1.0,35.0,35.0,0.7,100.0,62.0,0.7683601081371307
1903,1.0,35.0,35.0,0.7,1000.0,65.0,0.7456197639306387
1904,1.0,35.0,35.0,0.7,10000.0,64.0,0.7516154944896698
1905,1.0,35.0,40.0,0.3,0.0,54.0,0.7772040665149689
1906,1.0,35.0,40.0,0.3,10.0,20.0,0.8708848655223846
1907,1.0,35.0,40.0,0.3,100.0,53.0,0.8446513513724009
1908,1.0,35.0,40.0,0.3,1000.0,24.0,0.8782627483208975
1909,1.0,35.0,40.0,0.3,10000.0,20.0,0.8625350495179495
1910,1.0,35.0,40.0,0.5,0.0,42.0,0.7097348471482595
1911,1.0,35.0,40.0,0.5,10.0,60.0,0.784381091594696
1912,1.0,35.0,40.0,0.5,100.0,44.0,0.7998710374037424
1913,1.0,35.0,40.0,0.5,1000.0,64.0,0.7167513370513916
1914,1.0,35.0,40.0,0.5,10000.0,22.0,0.9103038708368937
1915,1.0,35.0,40.0,0.7,0.0,60.0,0.7133575777212778
1916,1.0,35.0,40.0,0.7,10.0,66.0,0.7460543612639109
1917,1.0,35.0,40.0,0.7,100.0,61.0,0.7354484299818674
1918,1.0,35.0,40.0,0.7,1000.0,81.0,0.7053602437178293
1919,1.0,35.0,40.0,0.7,10000.0,20.0,0.9107063412666321
1920,1.0,35.0,45.0,0.3,0.0,49.0,0.7448835869630178
1921,1.0,35.0,45.0,0.3,10.0,57.0,0.7407292326291403
1922,1.0,35.0,45.0,0.3,100.0,60.0,0.7423801422119141
1923,1.0,35.0,45.0,0.3,1000.0,47.0,0.7439559400081635
1924,1.0,35.0,45.0,0.3,10000.0,48.0,0.6772687236467997
1925,1.0,35.0,45.0,0.5,0.0,53.0,0.7050911784172058
1926,1.0,35.0,45.0,0.5,10.0,65.0,0.7060707112153372
1927,1.0,35.0,45.0,0.5,100.0,60.0,0.6808120508988699
1928,1.0,35.0,45.0,0.5,1000.0,46.0,0.6961769660313925
1929,1.0,35.0,45.0,0.5,10000.0,51.0,0.7326103349526724
1930,1.0,35.0,45.0,0.7,0.0,46.0,0.7077173193295797
1931,1.0,35.0,45.0,0.7,10.0,83.0,0.7015914221604665
1932,1.0,35.0,45.0,0.7,100.0,72.0,0.6958948771158854
1933,1.0,35.0,45.0,0.7,1000.0,54.0,0.71653879682223
1934,1.0,35.0,45.0,0.7,10000.0,50.0,0.923583855231603
1935,1.0,35.0,50.0,0.3,0.0,47.0,0.7190479437510172
1936,1.0,35.0,50.0,0.3,10.0,54.0,1.023445338010788
1937,1.0,35.0,50.0,0.3,100.0,49.0,0.7098583479722341
1938,1.0,35.0,50.0,0.3,1000.0,58.0,0.7044241428375244
1939,1.0,35.0,50.0,0.3,10000.0,48.0,0.7375682294368744
1940,1.0,35.0,50.0,0.5,0.0,81.0,0.783048689365387
1941,1.0,35.0,50.0,0.5,10.0,49.0,0.7274353603521982
1942,1.0,35.0,50.0,0.5,100.0,50.0,0.7898994088172913
1943,1.0,35.0,50.0,0.5,1000.0,61.0,0.7293181717395782
1944,1.0,35.0,50.0,0.5,10000.0,42.0,0.7483173310756683
1945,1.0,35.0,50.0,0.7,0.0,45.0,0.7155198752880096
1946,1.0,35.0,50.0,0.7,10.0,60.0,0.7262611190478007
1947,1.0,35.0,50.0,0.7,100.0,51.0,0.7041888535022736
1948,1.0,35.0,50.0,0.7,1000.0,56.0,0.709473709265391
1949,1.0,35.0,50.0,0.7,10000.0,59.0,0.7493793368339539
1950,2.0,35.0,5.0,0.3,0.0,27.0,0.8483201464017233
1951,2.0,35.0,5.0,0.3,10.0,48.0,0.8522010743618011
1952,2.0,35.0,5.0,0.3,100.0,34.0,0.7668834825356802
1953,2.0,35.0,5.0,0.3,1000.0,46.0,0.7404607037703196
1954,2.0,35.0,5.0,0.3,10000.0,50.0,0.9089222252368927
1955,2.0,35.0,5.0,0.5,0.0,55.0,0.7564065953095754
1956,2.0,35.0,5.0,0.5,10.0,52.0,0.7923396130402883
1957,2.0,35.0,5.0,0.5,100.0,43.0,0.8326938152313232
1958,2.0,35.0,5.0,0.5,1000.0,47.0,0.7795015275478363
1959,2.0,35.0,5.0,0.5,10000.0,52.0,0.7880707184473673
1960,2.0,35.0,5.0,0.7,0.0,28.0,0.8987927436828613
1961,2.0,35.0,5.0,0.7,10.0,44.0,0.9515969554583231
1962,2.0,35.0,5.0,0.7,100.0,30.0,0.9687780439853668
1963,2.0,35.0,5.0,0.7,1000.0,52.0,0.9288868506749471
1964,2.0,35.0,5.0,0.7,10000.0,41.0,0.9018156329790751
1965,2.0,35.0,10.0,0.3,0.0,40.0,0.7658305366834005
1966,2.0,35.0,10.0,0.3,10.0,49.0,0.7678821782271067
1967,2.0,35.0,10.0,0.3,100.0,35.0,0.7512998580932617
1968,2.0,35.0,10.0,0.3,1000.0,55.0,0.7473491132259369
1969,2.0,35.0,10.0,0.3,10000.0,50.0,0.7252545456091563
1970,2.0,35.0,10.0,0.5,0.0,42.0,0.77343021829923
1971,2.0,35.0,10.0,0.5,10.0,49.0,0.7467012902100881
1972,2.0,35.0,10.0,0.5,100.0,38.0,0.800627181927363
1973,2.0,35.0,10.0,0.5,1000.0,65.0,0.7784763475259145
1974,2.0,35.0,10.0,0.5,10000.0,51.0,0.7839081287384033
1975,2.0,35.0,10.0,0.7,0.0,47.0,0.8489880462487539
1976,2.0,35.0,10.0,0.7,10.0,42.0,0.7813455065091451
1977,2.0,35.0,10.0,0.7,100.0,49.0,0.885042796532313
1978,2.0,35.0,10.0,0.7,1000.0,44.0,0.8066554268201193
1979,2.0,35.0,10.0,0.7,10000.0,43.0,0.8753014008204142
1980,2.0,35.0,15.0,0.3,0.0,37.0,0.7761137286822001
1981,2.0,35.0,15.0,0.3,10.0,52.0,0.7227900127569834
1982,2.0,35.0,15.0,0.3,100.0,49.0,0.7664873997370402
1983,2.0,35.0,15.0,0.3,1000.0,50.0,0.9562105437119802
1984,2.0,35.0,15.0,0.3,10000.0,36.0,0.7249948680400848
1985,2.0,35.0,15.0,0.5,0.0,44.0,0.7209197382132212
1986,2.0,35.0,15.0,0.5,10.0,64.0,0.7702967623869578
1987,2.0,35.0,15.0,0.5,100.0,49.0,0.761818508307139
1988,2.0,35.0,15.0,0.5,1000.0,47.0,0.7380914390087128
1989,2.0,35.0,15.0,0.5,10000.0,35.0,0.7331579228242239
1990,2.0,35.0,15.0,0.7,0.0,49.0,0.8785575230916342
1991,2.0,35.0,15.0,0.7,10.0,67.0,0.7862087786197662
1992,2.0,35.0,15.0,0.7,100.0,70.0,0.751318355401357
1993,2.0,35.0,15.0,0.7,1000.0,57.0,0.7745362321535746
1994,2.0,35.0,15.0,0.7,10000.0,38.0,0.8256557683149973
1995,2.0,35.0,20.0,0.3,0.0,40.0,0.7549918492635092
1996,2.0,35.0,20.0,0.3,10.0,47.0,0.8042794466018677
1997,2.0,35.0,20.0,0.3,100.0,38.0,0.7301977574825287
1998,2.0,35.0,20.0,0.3,1000.0,35.0,0.76120592157046
1999,2.0,35.0,20.0,0.3,10000.0,51.0,0.8095453083515167
2000,2.0,35.0,20.0,0.5,0.0,40.0,0.7507123450438181
2001,2.0,35.0,20.0,0.5,10.0,38.0,0.8323496182759603
2002,2.0,35.0,20.0,0.5,100.0,45.0,0.7518659631411234
2003,2.0,35.0,20.0,0.5,1000.0,41.0,0.7699832022190094
2004,2.0,35.0,20.0,0.5,10000.0,67.0,0.7828706105550131
2005,2.0,35.0,20.0,0.7,0.0,51.0,0.7665006915728251
2006,2.0,35.0,20.0,0.7,10.0,35.0,0.7895360092322031
2007,2.0,35.0,20.0,0.7,100.0,50.0,0.7510464688142141
2008,2.0,35.0,20.0,0.7,1000.0,45.0,0.8421975870927175
2009,2.0,35.0,20.0,0.7,10000.0,50.0,0.8002429008483887
2010,2.0,35.0,25.0,0.3,0.0,39.0,0.7509307563304901
2011,2.0,35.0,25.0,0.3,10.0,45.0,0.7869368195533752
2012,2.0,35.0,25.0,0.3,100.0,34.0,0.7299424906571707
2013,2.0,35.0,25.0,0.3,1000.0,45.0,0.7713791827360789
2014,2.0,35.0,25.0,0.3,10000.0,56.0,0.7599769333998362
2015,2.0,35.0,25.0,0.5,0.0,43.0,0.7269847095012665
2016,2.0,35.0,25.0,0.5,10.0,50.0,0.7202157775561014
2017,2.0,35.0,25.0,0.5,100.0,34.0,0.7497067749500275
2018,2.0,35.0,25.0,0.5,1000.0,48.0,0.7479250828425089
2019,2.0,35.0,25.0,0.5,10000.0,46.0,0.7824715872605642
2020,2.0,35.0,25.0,0.7,0.0,40.0,0.8803388675053915
2021,2.0,35.0,25.0,0.7,10.0,43.0,0.7543446520964304
2022,2.0,35.0,25.0,0.7,100.0,47.0,0.7589075068632761
2023,2.0,35.0,25.0,0.7,1000.0,50.0,0.7893901268641154
2024,2.0,35.0,25.0,0.7,10000.0,66.0,0.8649576207002004
2025,2.0,35.0,30.0,0.3,0.0,41.0,0.8122120896975199
2026,2.0,35.0,30.0,0.3,10.0,47.0,0.8007878959178925
2027,2.0,35.0,30.0,0.3,100.0,51.0,0.7658737401167551
2028,2.0,35.0,30.0,0.3,1000.0,36.0,0.84658815463384
2029,2.0,35.0,30.0,0.3,10000.0,44.0,0.8497304817040762
2030,2.0,35.0,30.0,0.5,0.0,33.0,0.7907081047693888
2031,2.0,35.0,30.0,0.5,10.0,42.0,0.7770661413669586
2032,2.0,35.0,30.0,0.5,100.0,37.0,0.7147273123264313
2033,2.0,35.0,30.0,0.5,1000.0,47.0,0.7416659692923228
2034,2.0,35.0,30.0,0.5,10000.0,46.0,0.7411448359489441
2035,2.0,35.0,30.0,0.7,0.0,50.0,0.7541763087113699
2036,2.0,35.0,30.0,0.7,10.0,53.0,0.7700187762578329
2037,2.0,35.0,30.0,0.7,100.0,42.0,0.7687509755293528
2038,2.0,35.0,30.0,0.7,1000.0,56.0,0.7447542647520701
2039,2.0,35.0,30.0,0.7,10000.0,52.0,0.7500195900599161
2040,2.0,35.0,35.0,0.3,0.0,43.0,0.7818969388802847
2041,2.0,35.0,35.0,0.3,10.0,54.0,0.7465374867121378
2042,2.0,35.0,35.0,0.3,100.0,46.0,0.7222595711549123
2043,2.0,35.0,35.0,0.3,1000.0,46.0,0.7938704291979471
2044,2.0,35.0,35.0,0.3,10000.0,42.0,0.7807346284389496
2045,2.0,35.0,35.0,0.5,0.0,43.0,0.7421176334222158
2046,2.0,35.0,35.0,0.5,10.0,61.0,0.6951733032862345
2047,2.0,35.0,35.0,0.5,100.0,56.0,0.7509093781312307
2048,2.0,35.0,35.0,0.5,1000.0,40.0,0.7387875914573669
2049,2.0,35.0,35.0,0.5,10000.0,56.0,0.7164607346057892
2050,2.0,35.0,35.0,0.7,0.0,57.0,0.7100768884023031
2051,2.0,35.0,35.0,0.7,10.0,42.0,0.7571391264597574
2052,2.0,35.0,35.0,0.7,100.0,56.0,0.7321057617664337
2053,2.0,35.0,35.0,0.7,1000.0,46.0,0.7519629796346029
2054,2.0,35.0,35.0,0.7,10000.0,52.0,0.8266215523084005
2055,2.0,35.0,40.0,0.3,0.0,44.0,0.7472474277019501
2056,2.0,35.0,40.0,0.3,10.0,42.0,0.8316899836063385
2057,2.0,35.0,40.0,0.3,100.0,56.0,0.7363455394903818
2058,2.0,35.0,40.0,0.3,1000.0,41.0,0.7577142318089803
2059,2.0,35.0,40.0,0.3,10000.0,38.0,0.7185318569342295
2060,2.0,35.0,40.0,0.5,0.0,44.0,0.72560715675354
2061,2.0,35.0,40.0,0.5,10.0,52.0,0.8059789141019186
2062,2.0,35.0,40.0,0.5,100.0,53.0,0.7492902874946594
2063,2.0,35.0,40.0,0.5,1000.0,37.0,0.7310150365034739
2064,2.0,35.0,40.0,0.5,10000.0,42.0,0.8490907649199168
2065,2.0,35.0,40.0,0.7,0.0,45.0,0.7201851010322571
2066,2.0,35.0,40.0,0.7,10.0,53.0,0.7442092895507812
2067,2.0,35.0,40.0,0.7,100.0,42.0,0.7201605836550394
2068,2.0,35.0,40.0,0.7,1000.0,50.0,0.7834849158922831
2069,2.0,35.0,40.0,0.7,10000.0,38.0,0.7603352268536886
2070,2.0,35.0,45.0,0.3,0.0,41.0,0.7069046795368195
2071,2.0,35.0,45.0,0.3,10.0,44.0,0.7638145983219147
2072,2.0,35.0,45.0,0.3,100.0,39.0,0.8006928066412607
2073,2.0,35.0,45.0,0.3,1000.0,39.0,0.7094887793064117
2074,2.0,35.0,45.0,0.3,10000.0,36.0,0.7748338381449381
2075,2.0,35.0,45.0,0.5,0.0,42.0,0.7496008276939392
2076,2.0,35.0,45.0,0.5,10.0,47.0,0.7790631751219431
2077,2.0,35.0,45.0,0.5,100.0,68.0,0.7287685573101044
2078,2.0,35.0,45.0,0.5,1000.0,37.0,0.7332281768321991
2079,2.0,35.0,45.0,0.5,10000.0,37.0,0.7273117303848267
2080,2.0,35.0,45.0,0.7,0.0,43.0,0.7361464897791544
2081,2.0,35.0,45.0,0.7,10.0,46.0,0.7236043810844421
2082,2.0,35.0,45.0,0.7,100.0,46.0,0.7261845171451569
2083,2.0,35.0,45.0,0.7,1000.0,51.0,0.7169334491093954
2084,2.0,35.0,45.0,0.7,10000.0,46.0,0.7912683387597402
2085,2.0,35.0,50.0,0.3,0.0,50.0,0.7827758193016052
2086,2.0,35.0,50.0,0.3,10.0,39.0,0.8005262017250061
2087,2.0,35.0,50.0,0.3,100.0,41.0,0.7446215351422628
2088,2.0,35.0,50.0,0.3,1000.0,40.0,0.705789695183436
2089,2.0,35.0,50.0,0.3,10000.0,53.0,0.7698492308457693
2090,2.0,35.0,50.0,0.5,0.0,49.0,0.7161564628283182
2091,2.0,35.0,50.0,0.5,10.0,39.0,0.7501432001590729
2092,2.0,35.0,50.0,0.5,100.0,63.0,0.7221923371156057
2093,2.0,35.0,50.0,0.5,1000.0,54.0,0.7254684567451477
2094,2.0,35.0,50.0,0.5,10000.0,44.0,0.7497467895348867
2095,2.0,35.0,50.0,0.7,0.0,55.0,0.8106944262981415
2096,2.0,35.0,50.0,0.7,10.0,52.0,0.7337172130743662
2097,2.0,35.0,50.0,0.7,100.0,59.0,0.7185453474521637
2098,2.0,35.0,50.0,0.7,1000.0,41.0,0.7422817349433899
2099,2.0,35.0,50.0,0.7,10000.0,52.0,0.7393534680207571
2100,1.0,40.0,5.0,0.3,0.0,54.0,0.7420642177263895
2101,1.0,40.0,5.0,0.3,10.0,48.0,0.756478508313497
2102,1.0,40.0,5.0,0.3,100.0,90.0,0.7345374127229055
2103,1.0,40.0,5.0,0.3,1000.0,58.0,0.8543857832749685
2104,1.0,40.0,5.0,0.3,10000.0,73.0,0.9230534533659617
2105,1.0,40.0,5.0,0.5,0.0,51.0,0.7803981502850851
2106,1.0,40.0,5.0,0.5,10.0,53.0,0.7723608016967773
2107,1.0,40.0,5.0,0.5,100.0,57.0,0.7796102364857992
2108,1.0,40.0,5.0,0.5,1000.0,56.0,0.7820917268594106
2109,1.0,40.0,5.0,0.5,10000.0,90.0,0.8004939953486124
2110,1.0,40.0,5.0,0.7,0.0,65.0,0.8898113369941711
2111,1.0,40.0,5.0,0.7,10.0,59.0,0.8830919762452444
2112,1.0,40.0,5.0,0.7,100.0,64.0,0.840234657128652
2113,1.0,40.0,5.0,0.7,1000.0,44.0,0.892843117316564
2114,1.0,40.0,5.0,0.7,10000.0,68.0,1.0045063495635986
2115,1.0,40.0,10.0,0.3,0.0,42.0,0.7196077108383179
2116,1.0,40.0,10.0,0.3,10.0,46.0,0.7101594905058543
2117,1.0,40.0,10.0,0.3,100.0,55.0,0.7565143207708994
2118,1.0,40.0,10.0,0.3,1000.0,52.0,0.7163453102111816
2119,1.0,40.0,10.0,0.3,10000.0,80.0,0.7443274358908335
2120,1.0,40.0,10.0,0.5,0.0,66.0,0.7253676354885101
2121,1.0,40.0,10.0,0.5,10.0,45.0,0.7518859108289083
2122,1.0,40.0,10.0,0.5,100.0,61.0,0.7470098733901978
2123,1.0,40.0,10.0,0.5,1000.0,49.0,0.7314794063568115
2124,1.0,40.0,10.0,0.5,10000.0,68.0,0.7157103717327118
2125,1.0,40.0,10.0,0.7,0.0,45.0,0.7795908749103546
2126,1.0,40.0,10.0,0.7,10.0,46.0,0.7760607600212097
2127,1.0,40.0,10.0,0.7,100.0,51.0,0.8358263671398163
2128,1.0,40.0,10.0,0.7,1000.0,47.0,0.7999781469504038
2129,1.0,40.0,10.0,0.7,10000.0,72.0,0.809579998254776
2130,1.0,40.0,15.0,0.3,0.0,39.0,0.7632354497909546
2131,1.0,40.0,15.0,0.3,10.0,59.0,0.7055869996547699
2132,1.0,40.0,15.0,0.3,100.0,48.0,0.7186037103335062
2133,1.0,40.0,15.0,0.3,1000.0,71.0,0.6985756158828735
2134,1.0,40.0,15.0,0.3,10000.0,55.0,0.8573268552621206
2135,1.0,40.0,15.0,0.5,0.0,48.0,0.7294391791025797
2136,1.0,40.0,15.0,0.5,10.0,66.0,0.8049501279989878
2137,1.0,40.0,15.0,0.5,100.0,54.0,0.736197421948115
2138,1.0,40.0,15.0,0.5,1000.0,66.0,0.7278611262639364
2139,1.0,40.0,15.0,0.5,10000.0,50.0,0.7701574961344401
2140,1.0,40.0,15.0,0.7,0.0,66.0,0.7516344487667084
2141,1.0,40.0,15.0,0.7,10.0,58.0,0.7686200439929962
2142,1.0,40.0,15.0,0.7,100.0,65.0,0.79586194952329
2143,1.0,40.0,15.0,0.7,1000.0,44.0,0.9491691887378693
2144,1.0,40.0,15.0,0.7,10000.0,53.0,0.7795108159383138
2145,1.0,40.0,20.0,0.3,0.0,78.0,0.6639801065127054
2146,1.0,40.0,20.0,0.3,10.0,34.0,0.7416339814662933
2147,1.0,40.0,20.0,0.3,100.0,63.0,0.7733897765477499
2148,1.0,40.0,20.0,0.3,1000.0,65.0,0.7279069125652313
2149,1.0,40.0,20.0,0.3,10000.0,48.0,0.7164634863535563
2150,1.0,40.0,20.0,0.5,0.0,37.0,0.821373442808787
2151,1.0,40.0,20.0,0.5,10.0,37.0,0.7353320916493734
2152,1.0,40.0,20.0,0.5,100.0,49.0,0.6881826420625051
2153,1.0,40.0,20.0,0.5,1000.0,57.0,0.840677003065745
2154,1.0,40.0,20.0,0.5,10000.0,68.0,0.6957523822784424
2155,1.0,40.0,20.0,0.7,0.0,66.0,0.7243247330188751
2156,1.0,40.0,20.0,0.7,10.0,44.0,0.7473747730255127
2157,1.0,40.0,20.0,0.7,100.0,59.0,0.7366708417733511
2158,1.0,40.0,20.0,0.7,1000.0,53.0,0.7408546408017477
2159,1.0,40.0,20.0,0.7,10000.0,58.0,0.7361689408620199
2160,1.0,40.0,25.0,0.3,0.0,65.0,0.7587899367014567
2161,1.0,40.0,25.0,0.3,10.0,53.0,0.8441391189893087
2162,1.0,40.0,25.0,0.3,100.0,48.0,0.7535428802172343
2163,1.0,40.0,25.0,0.3,1000.0,46.0,0.7212967971960703
2164,1.0,40.0,25.0,0.3,10000.0,64.0,0.7076501746972402
2165,1.0,40.0,25.0,0.5,0.0,50.0,0.697895367940267
2166,1.0,40.0,25.0,0.5,10.0,43.0,0.7111198008060455
2167,1.0,40.0,25.0,0.5,100.0,41.0,0.7017485002676646
2168,1.0,40.0,25.0,0.5,1000.0,52.0,0.7719671626885732
2169,1.0,40.0,25.0,0.5,10000.0,20.0,0.8815371791521708
2170,1.0,40.0,25.0,0.7,0.0,62.0,0.7348398665587107
2171,1.0,40.0,25.0,0.7,10.0,50.0,0.7265331149101257
2172,1.0,40.0,25.0,0.7,100.0,53.0,0.7867351174354553
2173,1.0,40.0,25.0,0.7,1000.0,64.0,0.7183928191661835
2174,1.0,40.0,25.0,0.7,10000.0,49.0,0.7483539581298828
2175,1.0,40.0,30.0,0.3,0.0,46.0,0.7606290181477865
2176,1.0,40.0,30.0,0.3,10.0,18.0,0.9268602828184763
2177,1.0,40.0,30.0,0.3,100.0,45.0,0.6930289268493652
2178,1.0,40.0,30.0,0.3,1000.0,51.0,0.7533985475699106
2179,1.0,40.0,30.0,0.3,10000.0,64.0,0.7133336067199707
2180,1.0,40.0,30.0,0.5,0.0,51.0,0.699128270149231
2181,1.0,40.0,30.0,0.5,10.0,18.0,0.9172400335470835
2182,1.0,40.0,30.0,0.5,100.0,50.0,0.6996277968088785
2183,1.0,40.0,30.0,0.5,1000.0,58.0,0.6837998231252035
2184,1.0,40.0,30.0,0.5,10000.0,50.0,0.7782483597596487
2185,1.0,40.0,30.0,0.7,0.0,51.0,0.7459022502104441
2186,1.0,40.0,30.0,0.7,10.0,78.0,0.7371953924496969
2187,1.0,40.0,30.0,0.7,100.0,64.0,0.7707118391990662
2188,1.0,40.0,30.0,0.7,1000.0,60.0,0.7352380355199178
2189,1.0,40.0,30.0,0.7,10000.0,55.0,0.7367381155490875
2190,1.0,40.0,35.0,0.3,0.0,44.0,0.7302955985069275
2191,1.0,40.0,35.0,0.3,10.0,55.0,0.709409107764562
2192,1.0,40.0,35.0,0.3,100.0,36.0,0.7146431505680084
2193,1.0,40.0,35.0,0.3,1000.0,46.0,0.7961891293525696
2194,1.0,40.0,35.0,0.3,10000.0,48.0,0.7803813815116882
2195,1.0,40.0,35.0,0.5,0.0,51.0,1.0109162330627441
2196,1.0,40.0,35.0,0.5,10.0,39.0,0.7426627278327942
2197,1.0,40.0,35.0,0.5,100.0,45.0,0.733861486117045
2198,1.0,40.0,35.0,0.5,1000.0,44.0,0.7757203280925751
2199,1.0,40.0,35.0,0.5,10000.0,42.0,0.751748114824295
2200,1.0,40.0,35.0,0.7,0.0,66.0,0.7412012418111166
2201,1.0,40.0,35.0,0.7,10.0,19.0,0.8675121267636617
2202,1.0,40.0,35.0,0.7,100.0,61.0,0.7242513398329417
2203,1.0,40.0,35.0,0.7,1000.0,53.0,0.710984081029892
2204,1.0,40.0,35.0,0.7,10000.0,62.0,0.8179965019226074
2205,1.0,40.0,40.0,0.3,0.0,31.0,0.7453204691410065
2206,1.0,40.0,40.0,0.3,10.0,43.0,0.7245257298151652
2207,1.0,40.0,40.0,0.3,100.0,53.0,0.7105884253978729
2208,1.0,40.0,40.0,0.3,1000.0,43.0,0.7076361378033956
2209,1.0,40.0,40.0,0.3,10000.0,48.0,0.7560262183348337
2210,1.0,40.0,40.0,0.5,0.0,54.0,0.88690052429835
2211,1.0,40.0,40.0,0.5,10.0,57.0,0.7075467904408773
2212,1.0,40.0,40.0,0.5,100.0,62.0,0.7194192806879679
2213,1.0,40.0,40.0,0.5,1000.0,46.0,0.7028297980626425
2214,1.0,40.0,40.0,0.5,10000.0,55.0,0.7352864543596903
2215,1.0,40.0,40.0,0.7,0.0,48.0,0.7069520751635233
2216,1.0,40.0,40.0,0.7,10.0,59.0,0.7808801631132761
2217,1.0,40.0,40.0,0.7,100.0,65.0,0.7031718492507935
2218,1.0,40.0,40.0,0.7,1000.0,46.0,0.7217806478341421
2219,1.0,40.0,40.0,0.7,10000.0,51.0,0.7326742112636566
2220,1.0,40.0,45.0,0.3,0.0,62.0,0.7316430807113647
2221,1.0,40.0,45.0,0.3,10.0,45.0,0.703472743431727
2222,1.0,40.0,45.0,0.3,100.0,45.0,0.7156343360741934
2223,1.0,40.0,45.0,0.3,1000.0,41.0,0.7912921110788981
2224,1.0,40.0,45.0,0.3,10000.0,41.0,0.9056283930937449
2225,1.0,40.0,45.0,0.5,0.0,61.0,0.6937440931797028
2226,1.0,40.0,45.0,0.5,10.0,18.0,0.9346044858296713
2227,1.0,40.0,45.0,0.5,100.0,48.0,0.6846072276433309
2228,1.0,40.0,45.0,0.5,1000.0,65.0,0.7675458987553915
2229,1.0,40.0,45.0,0.5,10000.0,41.0,0.7761285603046417
2230,1.0,40.0,45.0,0.7,0.0,73.0,0.8005731503168741
2231,1.0,40.0,45.0,0.7,10.0,19.0,0.8648283978303274
2232,1.0,40.0,45.0,0.7,100.0,54.0,0.708643227815628
2233,1.0,40.0,45.0,0.7,1000.0,51.0,0.7137134969234467
2234,1.0,40.0,45.0,0.7,10000.0,66.0,0.7045677602291107
2235,1.0,40.0,50.0,0.3,0.0,45.0,0.6907607316970825
2236,1.0,40.0,50.0,0.3,10.0,55.0,0.7508819401264191
2237,1.0,40.0,50.0,0.3,100.0,39.0,0.7416962583859762
2238,1.0,40.0,50.0,0.3,1000.0,34.0,0.7217343151569366
2239,1.0,40.0,50.0,0.3,10000.0,42.0,0.6865525444348654
2240,1.0,40.0,50.0,0.5,0.0,55.0,0.6873555878798167
2241,1.0,40.0,50.0,0.5,10.0,44.0,0.7134724458058676
2242,1.0,40.0,50.0,0.5,100.0,56.0,0.7247393727302551
2243,1.0,40.0,50.0,0.5,1000.0,45.0,0.6901714901129404
2244,1.0,40.0,50.0,0.5,10000.0,50.0,0.7037089566389719
2245,1.0,40.0,50.0,0.7,0.0,57.0,0.6914689342180887
2246,1.0,40.0,50.0,0.7,10.0,62.0,0.7068754434585571
2247,1.0,40.0,50.0,0.7,100.0,62.0,0.7570057213306427
2248,1.0,40.0,50.0,0.7,1000.0,66.0,0.6901572545369467
2249,1.0,40.0,50.0,0.7,10000.0,52.0,0.7063506841659546
2250,2.0,40.0,5.0,0.3,0.0,47.0,0.806709369023641
2251,2.0,40.0,5.0,0.3,10.0,53.0,0.7761408686637878
2252,2.0,40.0,5.0,0.3,100.0,46.0,0.754027525583903
2253,2.0,40.0,5.0,0.3,1000.0,65.0,0.7928556005160013
2254,2.0,40.0,5.0,0.3,10000.0,48.0,0.7814743419488271
2255,2.0,40.0,5.0,0.5,0.0,59.0,0.7768238683541616
2256,2.0,40.0,5.0,0.5,10.0,41.0,0.865155428647995
2257,2.0,40.0,5.0,0.5,100.0,38.0,0.8045587142308553
2258,2.0,40.0,5.0,0.5,1000.0,55.0,0.7773612042268118
2259,2.0,40.0,5.0,0.5,10000.0,37.0,0.8110126157601675
2260,2.0,40.0,5.0,0.7,0.0,46.0,0.8517893751462301
2261,2.0,40.0,5.0,0.7,10.0,42.0,0.9398469626903534
2262,2.0,40.0,5.0,0.7,100.0,38.0,0.9297223289807638
2263,2.0,40.0,5.0,0.7,1000.0,42.0,0.8547918101151785
2264,2.0,40.0,5.0,0.7,10000.0,42.0,0.9113235870997111
2265,2.0,40.0,10.0,0.3,0.0,32.0,0.7092136840025584
2266,2.0,40.0,10.0,0.3,10.0,40.0,0.7831734915574392
2267,2.0,40.0,10.0,0.3,100.0,34.0,0.7217256526152293
2268,2.0,40.0,10.0,0.3,1000.0,40.0,0.7566025455792745
2269,2.0,40.0,10.0,0.3,10000.0,37.0,0.7511717081069946
2270,2.0,40.0,10.0,0.5,0.0,46.0,0.7247525652249655
2271,2.0,40.0,10.0,0.5,10.0,43.0,0.7762615084648132
2272,2.0,40.0,10.0,0.5,100.0,34.0,0.7593964437643687
2273,2.0,40.0,10.0,0.5,1000.0,46.0,0.8056269884109497
2274,2.0,40.0,10.0,0.5,10000.0,43.0,0.7888180812199911
2275,2.0,40.0,10.0,0.7,0.0,44.0,0.7847343385219574
2276,2.0,40.0,10.0,0.7,10.0,42.0,0.8754107356071472
2277,2.0,40.0,10.0,0.7,100.0,65.0,0.8781679272651672
2278,2.0,40.0,10.0,0.7,1000.0,37.0,0.9199052055676779
2279,2.0,40.0,10.0,0.7,10000.0,39.0,0.8086633880933126
2280,2.0,40.0,15.0,0.3,0.0,45.0,0.7193377315998077
2281,2.0,40.0,15.0,0.3,10.0,67.0,0.8086735606193542
2282,2.0,40.0,15.0,0.3,100.0,43.0,0.7203570604324341
2283,2.0,40.0,15.0,0.3,1000.0,41.0,0.7587914764881134
2284,2.0,40.0,15.0,0.3,10000.0,41.0,0.7793525358041128
2285,2.0,40.0,15.0,0.5,0.0,46.0,0.7499992748101553
2286,2.0,40.0,15.0,0.5,10.0,52.0,0.7789674699306488
2287,2.0,40.0,15.0,0.5,100.0,35.0,0.7591882646083832
2288,2.0,40.0,15.0,0.5,1000.0,39.0,0.7384215096632639
2289,2.0,40.0,15.0,0.5,10000.0,57.0,0.7438874046007792
2290,2.0,40.0,15.0,0.7,0.0,57.0,0.7622547348340353
2291,2.0,40.0,15.0,0.7,10.0,49.0,0.7802314360936483
2292,2.0,40.0,15.0,0.7,100.0,60.0,0.7546800673007965
2293,2.0,40.0,15.0,0.7,1000.0,39.0,0.7851186196009318
2294,2.0,40.0,15.0,0.7,10000.0,53.0,0.8089253703753153
2295,2.0,40.0,20.0,0.3,0.0,47.0,0.7228448887666067
2296,2.0,40.0,20.0,0.3,10.0,55.0,0.7369908094406128
2297,2.0,40.0,20.0,0.3,100.0,40.0,0.7702636023362478
2298,2.0,40.0,20.0,0.3,1000.0,39.0,0.7344063619772593
2299,2.0,40.0,20.0,0.3,10000.0,44.0,0.7759730319182078
2300,2.0,40.0,20.0,0.5,0.0,38.0,0.7840466598669688
2301,2.0,40.0,20.0,0.5,10.0,46.0,0.7424737016359965
2302,2.0,40.0,20.0,0.5,100.0,39.0,0.7300170958042145
2303,2.0,40.0,20.0,0.5,1000.0,38.0,0.7563101549943289
2304,2.0,40.0,20.0,0.5,10000.0,44.0,0.7427957852681478
2305,2.0,40.0,20.0,0.7,0.0,42.0,0.7926026185353597
2306,2.0,40.0,20.0,0.7,10.0,35.0,0.7686905066172282
2307,2.0,40.0,20.0,0.7,100.0,41.0,0.7624646425247192
2308,2.0,40.0,20.0,0.7,1000.0,43.0,0.7461478114128113
2309,2.0,40.0,20.0,0.7,10000.0,63.0,0.7922897239526113
2310,2.0,40.0,25.0,0.3,0.0,42.0,0.7829610804716746
2311,2.0,40.0,25.0,0.3,10.0,42.0,0.7881073355674744
2312,2.0,40.0,25.0,0.3,100.0,40.0,0.7502423524856567
2313,2.0,40.0,25.0,0.3,1000.0,34.0,0.7924003700415293
2314,2.0,40.0,25.0,0.3,10000.0,41.0,0.748819629351298
2315,2.0,40.0,25.0,0.5,0.0,51.0,0.8149185280005137
2316,2.0,40.0,25.0,0.5,10.0,37.0,0.7163442075252533
2317,2.0,40.0,25.0,0.5,100.0,35.0,0.7810526887575785
2318,2.0,40.0,25.0,0.5,1000.0,39.0,0.7577337225278219
2319,2.0,40.0,25.0,0.5,10000.0,40.0,0.7749718427658081
2320,2.0,40.0,25.0,0.7,0.0,58.0,0.7545001904169718
2321,2.0,40.0,25.0,0.7,10.0,56.0,0.7962508300940195
2322,2.0,40.0,25.0,0.7,100.0,40.0,0.7810976306597391
2323,2.0,40.0,25.0,0.7,1000.0,41.0,0.7599058349927267
2324,2.0,40.0,25.0,0.7,10000.0,46.0,0.731229305267334
2325,2.0,40.0,30.0,0.3,0.0,43.0,0.7888219157854716
2326,2.0,40.0,30.0,0.3,10.0,36.0,0.7779439588387808
2327,2.0,40.0,30.0,0.3,100.0,41.0,0.8219322462876638
2328,2.0,40.0,30.0,0.3,1000.0,40.0,0.8270697792371114
2329,2.0,40.0,30.0,0.3,10000.0,40.0,0.7346695363521576
2330,2.0,40.0,30.0,0.5,0.0,44.0,0.8142819305260977
2331,2.0,40.0,30.0,0.5,10.0,47.0,0.7884836991628011
2332,2.0,40.0,30.0,0.5,100.0,43.0,0.7137310902277628
2333,2.0,40.0,30.0,0.5,1000.0,32.0,0.7571368217468262
2334,2.0,40.0,30.0,0.5,10000.0,45.0,0.7179952263832092
2335,2.0,40.0,30.0,0.7,0.0,81.0,0.7617968817551931
2336,2.0,40.0,30.0,0.7,10.0,42.0,0.8045669297377268
2337,2.0,40.0,30.0,0.7,100.0,36.0,0.7724210023880005
2338,2.0,40.0,30.0,0.7,1000.0,39.0,0.8539657990137736
2339,2.0,40.0,30.0,0.7,10000.0,46.0,0.7198422352472941
2340,2.0,40.0,35.0,0.3,0.0,51.0,0.7815627455711365
2341,2.0,40.0,35.0,0.3,10.0,40.0,0.7787501414616903
2342,2.0,40.0,35.0,0.3,100.0,37.0,0.7591882248719534
2343,2.0,40.0,35.0,0.3,1000.0,35.0,0.7882394194602966
2344,2.0,40.0,35.0,0.3,10000.0,48.0,0.7560004790623983
2345,2.0,40.0,35.0,0.5,0.0,55.0,0.7490185499191284
2346,2.0,40.0,35.0,0.5,10.0,38.0,0.8015126287937164
2347,2.0,40.0,35.0,0.5,100.0,36.0,0.7733660936355591
2348,2.0,40.0,35.0,0.5,1000.0,46.0,0.7224681476751963
2349,2.0,40.0,35.0,0.5,10000.0,42.0,0.7671942611535391
2350,2.0,40.0,35.0,0.7,0.0,37.0,0.7338393926620483
2351,2.0,40.0,35.0,0.7,10.0,49.0,0.7278461456298828
2352,2.0,40.0,35.0,0.7,100.0,42.0,0.7256840467453003
2353,2.0,40.0,35.0,0.7,1000.0,46.0,0.8246732652187347
2354,2.0,40.0,35.0,0.7,10000.0,55.0,0.7750731507937113
2355,2.0,40.0,40.0,0.3,0.0,36.0,0.7375112076600393
2356,2.0,40.0,40.0,0.3,10.0,51.0,0.7299562295277914
2357,2.0,40.0,40.0,0.3,100.0,42.0,0.7310140132904053
2358,2.0,40.0,40.0,0.3,1000.0,43.0,0.7698895533879598
2359,2.0,40.0,40.0,0.3,10000.0,48.0,0.7475810945034027
2360,2.0,40.0,40.0,0.5,0.0,39.0,0.7683083812395731
2361,2.0,40.0,40.0,0.5,10.0,52.0,0.7466053466002146
2362,2.0,40.0,40.0,0.5,100.0,42.0,0.6991593937079111
2363,2.0,40.0,40.0,0.5,1000.0,43.0,0.7390124797821045
2364,2.0,40.0,40.0,0.5,10000.0,42.0,0.6986856857935587
2365,2.0,40.0,40.0,0.7,0.0,42.0,0.7684123714764913
2366,2.0,40.0,40.0,0.7,10.0,41.0,0.7340163091818491
2367,2.0,40.0,40.0,0.7,100.0,47.0,0.7970536748568217
2368,2.0,40.0,40.0,0.7,1000.0,58.0,0.7410527368386587
2369,2.0,40.0,40.0,0.7,10000.0,54.0,0.7090148429075877
2370,2.0,40.0,45.0,0.3,0.0,36.0,0.7444318433602651
2371,2.0,40.0,45.0,0.3,10.0,49.0,0.7108359932899475
2372,2.0,40.0,45.0,0.3,100.0,33.0,0.7283649742603302
2373,2.0,40.0,45.0,0.3,1000.0,44.0,0.7631923258304596
2374,2.0,40.0,45.0,0.3,10000.0,48.0,0.8206333518028259
2375,2.0,40.0,45.0,0.5,0.0,39.0,0.761522521575292
2376,2.0,40.0,45.0,0.5,10.0,56.0,0.753669818242391
2377,2.0,40.0,45.0,0.5,100.0,34.0,0.7485891381899515
2378,2.0,40.0,45.0,0.5,1000.0,65.0,0.7356650729974111
2379,2.0,40.0,45.0,0.5,10000.0,40.0,0.7559534211953481
2380,2.0,40.0,45.0,0.7,0.0,43.0,0.7303364078203837
2381,2.0,40.0,45.0,0.7,10.0,48.0,0.7429391443729401
2382,2.0,40.0,45.0,0.7,100.0,37.0,0.7408289511998495
2383,2.0,40.0,45.0,0.7,1000.0,40.0,0.7576034367084503
2384,2.0,40.0,45.0,0.7,10000.0,41.0,0.751867949962616
2385,2.0,40.0,50.0,0.3,0.0,49.0,0.7187845309575399
2386,2.0,40.0,50.0,0.3,10.0,38.0,0.7277205685774485
2387,2.0,40.0,50.0,0.3,100.0,38.0,0.7353163063526154
2388,2.0,40.0,50.0,0.3,1000.0,38.0,0.855571319659551
2389,2.0,40.0,50.0,0.3,10000.0,46.0,0.7664659023284912
2390,2.0,40.0,50.0,0.5,0.0,52.0,0.7088120381037394
2391,2.0,40.0,50.0,0.5,10.0,33.0,0.8462768793106079
2392,2.0,40.0,50.0,0.5,100.0,41.0,0.7270945409933726
2393,2.0,40.0,50.0,0.5,1000.0,45.0,0.7275627454121908
2394,2.0,40.0,50.0,0.5,10000.0,37.0,0.7312566041946411
2395,2.0,40.0,50.0,0.7,0.0,54.0,0.7271527945995331
2396,2.0,40.0,50.0,0.7,10.0,41.0,0.7120827337106069
2397,2.0,40.0,50.0,0.7,100.0,40.0,0.7820257643858591
2398,2.0,40.0,50.0,0.7,1000.0,43.0,0.7262702484925588
2399,2.0,40.0,50.0,0.7,10000.0,50.0,0.8092326521873474
2400,1.0,45.0,5.0,0.3,0.0,45.0,0.8509122629960378
2401,1.0,45.0,5.0,0.3,10.0,61.0,0.7537482480208079
2402,1.0,45.0,5.0,0.3,100.0,60.0,0.7375324765841166
2403,1.0,45.0,5.0,0.3,1000.0,57.0,0.7371906737486521
2404,1.0,45.0,5.0,0.3,10000.0,55.0,0.7184639076391856
2405,1.0,45.0,5.0,0.5,0.0,47.0,0.7935810883839926
2406,1.0,45.0,5.0,0.5,10.0,53.0,0.8447855512301127
2407,1.0,45.0,5.0,0.5,100.0,65.0,0.8253477116425832
2408,1.0,45.0,5.0,0.5,1000.0,64.0,0.7785923381646475
2409,1.0,45.0,5.0,0.5,10000.0,64.0,0.7975246608257294
2410,1.0,45.0,5.0,0.7,0.0,69.0,0.8782855967680613
2411,1.0,45.0,5.0,0.7,10.0,74.0,0.818746030330658
2412,1.0,45.0,5.0,0.7,100.0,54.0,1.0181017220020294
2413,1.0,45.0,5.0,0.7,1000.0,79.0,0.8536395331223806
2414,1.0,45.0,5.0,0.7,10000.0,41.0,0.904149184624354
2415,1.0,45.0,10.0,0.3,0.0,51.0,0.7869706650575002
2416,1.0,45.0,10.0,0.3,10.0,36.0,0.7616226673126221
2417,1.0,45.0,10.0,0.3,100.0,53.0,0.7447379032770792
2418,1.0,45.0,10.0,0.3,1000.0,50.0,0.7418046792348226
2419,1.0,45.0,10.0,0.3,10000.0,49.0,0.7544094125429789
2420,1.0,45.0,10.0,0.5,0.0,51.0,0.764843742052714
2421,1.0,45.0,10.0,0.5,10.0,48.0,0.9746825397014618
2422,1.0,45.0,10.0,0.5,100.0,29.0,0.7996753255526224
2423,1.0,45.0,10.0,0.5,1000.0,53.0,0.708062599102656
2424,1.0,45.0,10.0,0.5,10000.0,55.0,0.7190764844417572
2425,1.0,45.0,10.0,0.7,0.0,75.0,0.8739837209383646
2426,1.0,45.0,10.0,0.7,10.0,46.0,0.831516295671463
2427,1.0,45.0,10.0,0.7,100.0,69.0,0.8167164425055186
2428,1.0,45.0,10.0,0.7,1000.0,62.0,0.7665556967258453
2429,1.0,45.0,10.0,0.7,10000.0,56.0,0.7678861121336619
2430,1.0,45.0,15.0,0.3,0.0,49.0,0.7203628619511923
2431,1.0,45.0,15.0,0.3,10.0,50.0,0.8419951498508453
2432,1.0,45.0,15.0,0.3,100.0,35.0,0.7642855942249298
2433,1.0,45.0,15.0,0.3,1000.0,34.0,0.7620550096035004
2434,1.0,45.0,15.0,0.3,10000.0,41.0,0.7080395519733429
2435,1.0,45.0,15.0,0.5,0.0,68.0,0.719469279050827
2436,1.0,45.0,15.0,0.5,10.0,57.0,0.7338979045550028
2437,1.0,45.0,15.0,0.5,100.0,54.0,0.8107842405637106
2438,1.0,45.0,15.0,0.5,1000.0,37.0,0.7472807069619497
2439,1.0,45.0,15.0,0.5,10000.0,46.0,0.7921504378318787
2440,1.0,45.0,15.0,0.7,0.0,50.0,0.8103973865509033
2441,1.0,45.0,15.0,0.7,10.0,75.0,0.7619691888491312
2442,1.0,45.0,15.0,0.7,100.0,60.0,0.7600482602914175
2443,1.0,45.0,15.0,0.7,1000.0,56.0,0.7542424301306406
2444,1.0,45.0,15.0,0.7,10000.0,52.0,0.7673433423042297
2445,1.0,45.0,20.0,0.3,0.0,42.0,0.7023452818393707
2446,1.0,45.0,20.0,0.3,10.0,39.0,0.8331504066785177
2447,1.0,45.0,20.0,0.3,100.0,48.0,0.7145029405752817
2448,1.0,45.0,20.0,0.3,1000.0,51.0,0.7226163844267527
2449,1.0,45.0,20.0,0.3,10000.0,47.0,0.7012989223003387
2450,1.0,45.0,20.0,0.5,0.0,44.0,0.7448442180951437
2451,1.0,45.0,20.0,0.5,10.0,67.0,0.7220902442932129
2452,1.0,45.0,20.0,0.5,100.0,62.0,0.7463228205839793
2453,1.0,45.0,20.0,0.5,1000.0,19.0,0.884120911359787
2454,1.0,45.0,20.0,0.5,10000.0,45.0,0.7454268236955007
2455,1.0,45.0,20.0,0.7,0.0,51.0,0.7577359974384308
2456,1.0,45.0,20.0,0.7,10.0,47.0,0.756893922885259
2457,1.0,45.0,20.0,0.7,100.0,20.0,0.8503448863824209
2458,1.0,45.0,20.0,0.7,1000.0,47.0,0.7778966426849365
2459,1.0,45.0,20.0,0.7,10000.0,36.0,0.7811450958251953
2460,1.0,45.0,25.0,0.3,0.0,45.0,0.7522356311480204
2461,1.0,45.0,25.0,0.3,10.0,18.0,0.843860387802124
2462,1.0,45.0,25.0,0.3,100.0,43.0,0.8156857887903849
2463,1.0,45.0,25.0,0.3,1000.0,40.0,0.7067350248495737
2464,1.0,45.0,25.0,0.3,10000.0,47.0,0.7409179707368215
2465,1.0,45.0,25.0,0.5,0.0,41.0,0.7530801097551981
2466,1.0,45.0,25.0,0.5,10.0,72.0,0.7037659287452698
2467,1.0,45.0,25.0,0.5,100.0,50.0,0.7008337080478668
2468,1.0,45.0,25.0,0.5,1000.0,40.0,0.7130757570266724
2469,1.0,45.0,25.0,0.5,10000.0,47.0,0.6960386137167612
2470,1.0,45.0,25.0,0.7,0.0,45.0,0.7172271807988485
2471,1.0,45.0,25.0,0.7,10.0,69.0,0.7305581867694855
2472,1.0,45.0,25.0,0.7,100.0,44.0,0.7263024946053823
2473,1.0,45.0,25.0,0.7,1000.0,54.0,0.7406693597634634
2474,1.0,45.0,25.0,0.7,10000.0,45.0,0.7258789439996084
2475,1.0,45.0,30.0,0.3,0.0,50.0,0.7116164664427439
2476,1.0,45.0,30.0,0.3,10.0,45.0,0.7049301167329153
2477,1.0,45.0,30.0,0.3,100.0,50.0,0.7096990346908569
2478,1.0,45.0,30.0,0.3,1000.0,48.0,0.7101487318674723
2479,1.0,45.0,30.0,0.3,10000.0,37.0,0.6999908685684204
2480,1.0,45.0,30.0,0.5,0.0,63.0,0.7245525519053141
2481,1.0,45.0,30.0,0.5,10.0,40.0,0.7685588598251343
2482,1.0,45.0,30.0,0.5,100.0,55.0,0.7030046880245209
2483,1.0,45.0,30.0,0.5,1000.0,55.0,0.770340085029602
2484,1.0,45.0,30.0,0.5,10000.0,41.0,0.7139704624811808
2485,1.0,45.0,30.0,0.7,0.0,51.0,0.7342476348082224
2486,1.0,45.0,30.0,0.7,10.0,48.0,0.737351248661677
2487,1.0,45.0,30.0,0.7,100.0,49.0,0.7141865789890289
2488,1.0,45.0,30.0,0.7,1000.0,42.0,0.7646685242652893
2489,1.0,45.0,30.0,0.7,10000.0,52.0,0.7248207529385885
2490,1.0,45.0,35.0,0.3,0.0,45.0,0.7831980586051941
2491,1.0,45.0,35.0,0.3,10.0,50.0,0.7162222762902578
2492,1.0,45.0,35.0,0.3,100.0,35.0,0.7695561051368713
2493,1.0,45.0,35.0,0.3,1000.0,61.0,0.7142516573270162
2494,1.0,45.0,35.0,0.3,10000.0,44.0,0.6922091046969095
2495,1.0,45.0,35.0,0.5,0.0,43.0,0.7231625417868296
2496,1.0,45.0,35.0,0.5,10.0,47.0,0.7144873837629954
2497,1.0,45.0,35.0,0.5,100.0,55.0,0.7419061164061228
2498,1.0,45.0,35.0,0.5,1000.0,65.0,0.7467231253782908
2499,1.0,45.0,35.0,0.5,10000.0,40.0,0.7359053293863932
2500,1.0,45.0,35.0,0.7,0.0,56.0,0.7151106397310892
2501,1.0,45.0,35.0,0.7,10.0,57.0,0.7765536606311798
2502,1.0,45.0,35.0,0.7,100.0,57.0,0.7853110233942667
2503,1.0,45.0,35.0,0.7,1000.0,57.0,0.7071329752604166
2504,1.0,45.0,35.0,0.7,10000.0,72.0,0.836283951997757
2505,1.0,45.0,40.0,0.3,0.0,41.0,0.6956904133160909
2506,1.0,45.0,40.0,0.3,10.0,19.0,0.8596274058024088
2507,1.0,45.0,40.0,0.3,100.0,55.0,0.8178130189577738
2508,1.0,45.0,40.0,0.3,1000.0,18.0,0.9005024532477061
2509,1.0,45.0,40.0,0.3,10000.0,45.0,0.7378341257572174
2510,1.0,45.0,40.0,0.5,0.0,47.0,0.6947939693927765
2511,1.0,45.0,40.0,0.5,10.0,47.0,0.7503974537054697
2512,1.0,45.0,40.0,0.5,100.0,40.0,0.7656353016694387
2513,1.0,45.0,40.0,0.5,1000.0,18.0,0.8997146785259247
2514,1.0,45.0,40.0,0.5,10000.0,48.0,0.7741255859533945
2515,1.0,45.0,40.0,0.7,0.0,65.0,0.7025545040766398
2516,1.0,45.0,40.0,0.7,10.0,47.0,0.9589002927144369
2517,1.0,45.0,40.0,0.7,100.0,74.0,0.8254265189170837
2518,1.0,45.0,40.0,0.7,1000.0,66.0,0.7129254837830862
2519,1.0,45.0,40.0,0.7,10000.0,45.0,0.7244203786055247
2520,1.0,45.0,45.0,0.3,0.0,33.0,0.7407156924406687
2521,1.0,45.0,45.0,0.3,10.0,18.0,0.8472962280114492
2522,1.0,45.0,45.0,0.3,100.0,47.0,0.8940718670686086
2523,1.0,45.0,45.0,0.3,1000.0,17.0,0.8952428003152212
2524,1.0,45.0,45.0,0.3,10000.0,54.0,0.7007715503374735
2525,1.0,45.0,45.0,0.5,0.0,49.0,0.8305626014868418
2526,1.0,45.0,45.0,0.5,10.0,56.0,0.7292831540107727
2527,1.0,45.0,45.0,0.5,100.0,44.0,0.7970960736274719
2528,1.0,45.0,45.0,0.5,1000.0,57.0,0.6926999986171722
2529,1.0,45.0,45.0,0.5,10000.0,42.0,0.7076162993907928
2530,1.0,45.0,45.0,0.7,0.0,54.0,0.7377104957898458
2531,1.0,45.0,45.0,0.7,10.0,47.0,0.7304538091023763
2532,1.0,45.0,45.0,0.7,100.0,46.0,0.75423796971639
2533,1.0,45.0,45.0,0.7,1000.0,53.0,0.7405017217000326
2534,1.0,45.0,45.0,0.7,10000.0,50.0,0.7218078871568044
2535,1.0,45.0,50.0,0.3,0.0,59.0,0.7368994255860647
2536,1.0,45.0,50.0,0.3,10.0,44.0,0.71592116355896
2537,1.0,45.0,50.0,0.3,100.0,56.0,0.6981948514779409
2538,1.0,45.0,50.0,0.3,1000.0,38.0,0.7338035702705383
2539,1.0,45.0,50.0,0.3,10000.0,56.0,0.6921851634979248
2540,1.0,45.0,50.0,0.5,0.0,17.0,0.8797935942808787
2541,1.0,45.0,50.0,0.5,10.0,60.0,0.7080328563849131
2542,1.0,45.0,50.0,0.5,100.0,37.0,0.7135679622491201
2543,1.0,45.0,50.0,0.5,1000.0,38.0,0.8058503270149231
2544,1.0,45.0,50.0,0.5,10000.0,49.0,0.7794151107470194
2545,1.0,45.0,50.0,0.7,0.0,59.0,0.7230745355288187
2546,1.0,45.0,50.0,0.7,10.0,50.0,0.7179535925388336
2547,1.0,45.0,50.0,0.7,100.0,43.0,0.7214603821436564
2548,1.0,45.0,50.0,0.7,1000.0,51.0,0.7112822035948435
2549,1.0,45.0,50.0,0.7,10000.0,61.0,0.7312051653862
2550,2.0,45.0,5.0,0.3,0.0,40.0,0.7657031615575155
2551,2.0,45.0,5.0,0.3,10.0,30.0,0.7434857686360677
2552,2.0,45.0,5.0,0.3,100.0,57.0,0.8307489454746246
2553,2.0,45.0,5.0,0.3,1000.0,37.0,0.7855812907218933
2554,2.0,45.0,5.0,0.3,10000.0,42.0,0.755390485127767
2555,2.0,45.0,5.0,0.5,0.0,60.0,0.8474814593791962
2556,2.0,45.0,5.0,0.5,10.0,36.0,0.8007645507653555
2557,2.0,45.0,5.0,0.5,100.0,35.0,0.826280395189921
2558,2.0,45.0,5.0,0.5,1000.0,45.0,0.7861890097459158
2559,2.0,45.0,5.0,0.5,10000.0,47.0,0.8474606374899546
2560,2.0,45.0,5.0,0.7,0.0,43.0,0.9343022704124451
2561,2.0,45.0,5.0,0.7,10.0,36.0,0.9142986635367075
2562,2.0,45.0,5.0,0.7,100.0,54.0,0.9160488545894623
2563,2.0,45.0,5.0,0.7,1000.0,54.0,0.9726325372854868
2564,2.0,45.0,5.0,0.7,10000.0,35.0,1.0271025498708088
2565,2.0,45.0,10.0,0.3,0.0,31.0,0.7829393943150839
2566,2.0,45.0,10.0,0.3,10.0,33.0,0.7576293349266052
2567,2.0,45.0,10.0,0.3,100.0,48.0,0.8013129731019338
2568,2.0,45.0,10.0,0.3,1000.0,44.0,0.8026311496893564
2569,2.0,45.0,10.0,0.3,10000.0,40.0,0.8312801818052927
2570,2.0,45.0,10.0,0.5,0.0,32.0,0.7788163423538208
2571,2.0,45.0,10.0,0.5,10.0,40.0,0.8119176924228668
2572,2.0,45.0,10.0,0.5,100.0,50.0,0.749016801516215
2573,2.0,45.0,10.0,0.5,1000.0,54.0,0.7433563669522604
2574,2.0,45.0,10.0,0.5,10000.0,35.0,0.7593558629353842
2575,2.0,45.0,10.0,0.7,0.0,41.0,0.8251804610093435
2576,2.0,45.0,10.0,0.7,10.0,41.0,0.8864469230175018
2577,2.0,45.0,10.0,0.7,100.0,43.0,0.792262077331543
2578,2.0,45.0,10.0,0.7,1000.0,64.0,0.7756735583146414
2579,2.0,45.0,10.0,0.7,10000.0,51.0,0.8639377951622009
2580,2.0,45.0,15.0,0.3,0.0,39.0,0.7785580257574717
2581,2.0,45.0,15.0,0.3,10.0,47.0,0.7660391330718994
2582,2.0,45.0,15.0,0.3,100.0,50.0,0.7869496544202169
2583,2.0,45.0,15.0,0.3,1000.0,43.0,0.7595849533875784
2584,2.0,45.0,15.0,0.3,10000.0,36.0,0.7736144165198008
2585,2.0,45.0,15.0,0.5,0.0,36.0,0.7896477282047272
2586,2.0,45.0,15.0,0.5,10.0,36.0,0.7680601974328359
2587,2.0,45.0,15.0,0.5,100.0,40.0,0.8338323632876078
2588,2.0,45.0,15.0,0.5,1000.0,43.0,0.7590706845124563
2589,2.0,45.0,15.0,0.5,10000.0,49.0,0.7749082446098328
2590,2.0,45.0,15.0,0.7,0.0,43.0,0.7972935338815054
2591,2.0,45.0,15.0,0.7,10.0,51.0,0.7743699550628662
2592,2.0,45.0,15.0,0.7,100.0,40.0,0.7944699426492056
2593,2.0,45.0,15.0,0.7,1000.0,65.0,0.769320567448934
2594,2.0,45.0,15.0,0.7,10000.0,38.0,0.7511473695437113
2595,2.0,45.0,20.0,0.3,0.0,35.0,0.749604324499766
2596,2.0,45.0,20.0,0.3,10.0,30.0,0.7390098373095194
2597,2.0,45.0,20.0,0.3,100.0,39.0,0.7779360512892405
2598,2.0,45.0,20.0,0.3,1000.0,41.0,0.7710423072179159
2599,2.0,45.0,20.0,0.3,10000.0,37.0,0.7648470600446066
2600,2.0,45.0,20.0,0.5,0.0,31.0,0.7551987369855245
2601,2.0,45.0,20.0,0.5,10.0,39.0,0.7318750123182932
2602,2.0,45.0,20.0,0.5,100.0,55.0,0.8087751766045889
2603,2.0,45.0,20.0,0.5,1000.0,43.0,0.7206680377324423
2604,2.0,45.0,20.0,0.5,10000.0,45.0,0.7564906974633535
2605,2.0,45.0,20.0,0.7,0.0,42.0,0.7743623952070872
2606,2.0,45.0,20.0,0.7,10.0,34.0,0.771017720301946
2607,2.0,45.0,20.0,0.7,100.0,40.0,0.7433690230051676
2608,2.0,45.0,20.0,0.7,1000.0,51.0,0.7391359408696493
2609,2.0,45.0,20.0,0.7,10000.0,44.0,0.7489332954088846
2610,2.0,45.0,25.0,0.3,0.0,40.0,0.8320099115371704
2611,2.0,45.0,25.0,0.3,10.0,35.0,0.7838243941466013
2612,2.0,45.0,25.0,0.3,100.0,39.0,0.7710140546162924
2613,2.0,45.0,25.0,0.3,1000.0,42.0,0.8005720774332682
2614,2.0,45.0,25.0,0.3,10000.0,39.0,0.7474688092867533
2615,2.0,45.0,25.0,0.5,0.0,43.0,0.7822036544481913
2616,2.0,45.0,25.0,0.5,10.0,42.0,0.7675037781397501
2617,2.0,45.0,25.0,0.5,100.0,61.0,0.7003527184327444
2618,2.0,45.0,25.0,0.5,1000.0,37.0,0.8301209708054861
2619,2.0,45.0,25.0,0.5,10000.0,35.0,0.7544531027475992
2620,2.0,45.0,25.0,0.7,0.0,65.0,0.7352441052595774
2621,2.0,45.0,25.0,0.7,10.0,41.0,0.8157116770744324
2622,2.0,45.0,25.0,0.7,100.0,49.0,0.7955922683080038
2623,2.0,45.0,25.0,0.7,1000.0,45.0,0.7653183043003082
2624,2.0,45.0,25.0,0.7,10000.0,45.0,0.7303403913974762
2625,2.0,45.0,30.0,0.3,0.0,38.0,0.7394977807998657
2626,2.0,45.0,30.0,0.3,10.0,41.0,0.8352594077587128
2627,2.0,45.0,30.0,0.3,100.0,45.0,0.7275211016337076
2628,2.0,45.0,30.0,0.3,1000.0,51.0,0.7501883506774902
2629,2.0,45.0,30.0,0.3,10000.0,39.0,0.7997092107931772
2630,2.0,45.0,30.0,0.5,0.0,42.0,0.7030937472979227
2631,2.0,45.0,30.0,0.5,10.0,46.0,0.777074416478475
2632,2.0,45.0,30.0,0.5,100.0,43.0,0.7674253980318705
2633,2.0,45.0,30.0,0.5,1000.0,40.0,0.7438136041164398
2634,2.0,45.0,30.0,0.5,10000.0,39.0,0.7840632796287537
2635,2.0,45.0,30.0,0.7,0.0,47.0,0.7233661214510599
2636,2.0,45.0,30.0,0.7,10.0,46.0,0.7955561677614847
2637,2.0,45.0,30.0,0.7,100.0,30.0,0.7781126002470652
2638,2.0,45.0,30.0,0.7,1000.0,56.0,0.7200140853722891
2639,2.0,45.0,30.0,0.7,10000.0,51.0,0.8044098814328512
2640,2.0,45.0,35.0,0.3,0.0,38.0,0.8062603871027628
2641,2.0,45.0,35.0,0.3,10.0,17.0,0.8355155487855276
2642,2.0,45.0,35.0,0.3,100.0,55.0,0.70458056529363
2643,2.0,45.0,35.0,0.3,1000.0,45.0,0.7600989739100138
2644,2.0,45.0,35.0,0.3,10000.0,33.0,0.7475394904613495
2645,2.0,45.0,35.0,0.5,0.0,39.0,0.7527802685896555
2646,2.0,45.0,35.0,0.5,10.0,17.0,0.8901204764842987
2647,2.0,45.0,35.0,0.5,100.0,45.0,0.7154165108998617
2648,2.0,45.0,35.0,0.5,1000.0,48.0,0.7558601200580597
2649,2.0,45.0,35.0,0.5,10000.0,42.0,0.726686825354894
2650,2.0,45.0,35.0,0.7,0.0,37.0,0.7360286215941111
2651,2.0,45.0,35.0,0.7,10.0,65.0,0.7556362946828207
2652,2.0,45.0,35.0,0.7,100.0,46.0,0.737085352341334
2653,2.0,45.0,35.0,0.7,1000.0,44.0,0.7498191793759664
2654,2.0,45.0,35.0,0.7,10000.0,47.0,0.7419654230276743
2655,2.0,45.0,40.0,0.3,0.0,36.0,0.7603888511657715
2656,2.0,45.0,40.0,0.3,10.0,43.0,0.8137207925319672
2657,2.0,45.0,40.0,0.3,100.0,34.0,0.7324508428573608
2658,2.0,45.0,40.0,0.3,1000.0,43.0,0.8318411906560262
2659,2.0,45.0,40.0,0.3,10000.0,35.0,0.8254453639189402
2660,2.0,45.0,40.0,0.5,0.0,17.0,0.8694552679856619
2661,2.0,45.0,40.0,0.5,10.0,36.0,0.759606122970581
2662,2.0,45.0,40.0,0.5,100.0,37.0,0.7677917877833048
2663,2.0,45.0,40.0,0.5,1000.0,52.0,0.8015326062838236
2664,2.0,45.0,40.0,0.5,10000.0,35.0,0.7583672205607096
2665,2.0,45.0,40.0,0.7,0.0,52.0,0.747054805358251
2666,2.0,45.0,40.0,0.7,10.0,40.0,0.743591696023941
2667,2.0,45.0,40.0,0.7,100.0,49.0,0.7417771617571512
2668,2.0,45.0,40.0,0.7,1000.0,50.0,0.7726158499717712
2669,2.0,45.0,40.0,0.7,10000.0,47.0,0.7252253691355387
2670,2.0,45.0,45.0,0.3,0.0,48.0,0.7386748294035593
2671,2.0,45.0,45.0,0.3,10.0,39.0,0.8073727786540985
2672,2.0,45.0,45.0,0.3,100.0,36.0,0.8112937410672506
2673,2.0,45.0,45.0,0.3,1000.0,40.0,0.7433995306491852
2674,2.0,45.0,45.0,0.3,10000.0,32.0,0.7771013379096985
2675,2.0,45.0,45.0,0.5,0.0,53.0,0.7240620851516724
2676,2.0,45.0,45.0,0.5,10.0,46.0,0.7507622341314951
2677,2.0,45.0,45.0,0.5,100.0,36.0,0.7345308760801951
2678,2.0,45.0,45.0,0.5,1000.0,37.0,0.7327933410803477
2679,2.0,45.0,45.0,0.5,10000.0,31.0,0.7312278548876444
2680,2.0,45.0,45.0,0.7,0.0,37.0,0.8101057211558024
2681,2.0,45.0,45.0,0.7,10.0,42.0,0.7746397256851196
2682,2.0,45.0,45.0,0.7,100.0,39.0,0.7284882863362631
2683,2.0,45.0,45.0,0.7,1000.0,44.0,0.8034970661004385
2684,2.0,45.0,45.0,0.7,10000.0,40.0,0.7276587883631388
2685,2.0,45.0,50.0,0.3,0.0,40.0,0.7914510071277618
2686,2.0,45.0,50.0,0.3,10.0,67.0,0.6936842799186707
2687,2.0,45.0,50.0,0.3,100.0,49.0,0.7590845922629038
2688,2.0,45.0,50.0,0.3,1000.0,34.0,0.7333050866921743
2689,2.0,45.0,50.0,0.3,10000.0,38.0,0.8024821182092031
2690,2.0,45.0,50.0,0.5,0.0,35.0,0.7703663806120554
2691,2.0,45.0,50.0,0.5,10.0,52.0,0.7626209060351054
2692,2.0,45.0,50.0,0.5,100.0,38.0,0.7229133248329163
2693,2.0,45.0,50.0,0.5,1000.0,44.0,0.7078247964382172
2694,2.0,45.0,50.0,0.5,10000.0,41.0,0.769815464814504
2695,2.0,45.0,50.0,0.7,0.0,33.0,0.7401047249635061
2696,2.0,45.0,50.0,0.7,10.0,35.0,0.8019770582516988
2697,2.0,45.0,50.0,0.7,100.0,48.0,0.7548827230930328
2698,2.0,45.0,50.0,0.7,1000.0,45.0,0.7468220591545105
2699,2.0,45.0,50.0,0.7,10000.0,48.0,0.7345309853553772
2700,1.0,50.0,5.0,0.3,0.0,74.0,0.7279968559741974
2701,1.0,50.0,5.0,0.3,10.0,52.0,0.7677827676137289
2702,1.0,50.0,5.0,0.3,100.0,55.0,0.7428803741931915
2703,1.0,50.0,5.0,0.3,1000.0,57.0,0.8330166836579641
2704,1.0,50.0,5.0,0.3,10000.0,49.0,0.7401046454906464
2705,1.0,50.0,5.0,0.5,0.0,53.0,0.7635302444299062
2706,1.0,50.0,5.0,0.5,10.0,55.0,0.7959007620811462
2707,1.0,50.0,5.0,0.5,100.0,55.0,0.781346837679545
2708,1.0,50.0,5.0,0.5,1000.0,64.0,0.8987259964148203
2709,1.0,50.0,5.0,0.5,10000.0,58.0,0.7739772995313009
2710,1.0,50.0,5.0,0.7,0.0,75.0,0.8787418802579244
2711,1.0,50.0,5.0,0.7,10.0,57.0,0.9026907384395599
2712,1.0,50.0,5.0,0.7,100.0,54.0,0.8639213641484579
2713,1.0,50.0,5.0,0.7,1000.0,56.0,1.0592488249142964
2714,1.0,50.0,5.0,0.7,10000.0,58.0,0.9199672440687815
2715,1.0,50.0,10.0,0.3,0.0,45.0,0.7178851763407389
2716,1.0,50.0,10.0,0.3,10.0,34.0,0.7866493662198385
2717,1.0,50.0,10.0,0.3,100.0,62.0,0.806905080874761
2718,1.0,50.0,10.0,0.3,1000.0,44.0,0.7281312843163809
2719,1.0,50.0,10.0,0.3,10000.0,18.0,0.8656834264596304
2720,1.0,50.0,10.0,0.5,0.0,51.0,0.7321913043657938
2721,1.0,50.0,10.0,0.5,10.0,69.0,0.7877151966094971
2722,1.0,50.0,10.0,0.5,100.0,85.0,0.8340317408243815
2723,1.0,50.0,10.0,0.5,1000.0,54.0,0.751743863026301
2724,1.0,50.0,10.0,0.5,10000.0,18.0,0.8777628044287363
2725,1.0,50.0,10.0,0.7,0.0,53.0,0.7995659708976746
2726,1.0,50.0,10.0,0.7,10.0,59.0,0.8243739207585653
2727,1.0,50.0,10.0,0.7,100.0,87.0,0.9601971705754598
2728,1.0,50.0,10.0,0.7,1000.0,54.0,0.8169804215431213
2729,1.0,50.0,10.0,0.7,10000.0,65.0,0.7568343579769135
2730,1.0,50.0,15.0,0.3,0.0,51.0,0.7088460624217987
2731,1.0,50.0,15.0,0.3,10.0,47.0,0.8022010028362274
2732,1.0,50.0,15.0,0.3,100.0,58.0,0.776831845442454
2733,1.0,50.0,15.0,0.3,1000.0,17.0,0.8516555925210317
2734,1.0,50.0,15.0,0.3,10000.0,28.0,0.7748722732067108
2735,1.0,50.0,15.0,0.5,0.0,52.0,0.7071763277053833
2736,1.0,50.0,15.0,0.5,10.0,40.0,0.7358482976754507
2737,1.0,50.0,15.0,0.5,100.0,37.0,0.8184768656889597
2738,1.0,50.0,15.0,0.5,1000.0,17.0,0.8466685314973196
2739,1.0,50.0,15.0,0.5,10000.0,43.0,0.7312554816404978
2740,1.0,50.0,15.0,0.7,0.0,54.0,0.8494891325632731
2741,1.0,50.0,15.0,0.7,10.0,57.0,0.7521945536136627
2742,1.0,50.0,15.0,0.7,100.0,42.0,0.9600491523742676
2743,1.0,50.0,15.0,0.7,1000.0,49.0,0.8539027472337087
2744,1.0,50.0,15.0,0.7,10000.0,41.0,0.7371787428855896
2745,1.0,50.0,20.0,0.3,0.0,17.0,0.8851266702016195
2746,1.0,50.0,20.0,0.3,10.0,52.0,0.7872771124045054
2747,1.0,50.0,20.0,0.3,100.0,44.0,0.7097093065579733
2748,1.0,50.0,20.0,0.3,1000.0,53.0,0.7984993358453115
2749,1.0,50.0,20.0,0.3,10000.0,57.0,0.6969338357448578
2750,1.0,50.0,20.0,0.5,0.0,50.0,0.7332189480463663
2751,1.0,50.0,20.0,0.5,10.0,46.0,0.778964638710022
2752,1.0,50.0,20.0,0.5,100.0,43.0,0.7183726131916046
2753,1.0,50.0,20.0,0.5,1000.0,49.0,0.7265126407146454
2754,1.0,50.0,20.0,0.5,10000.0,40.0,0.7260286808013916
2755,1.0,50.0,20.0,0.7,0.0,61.0,0.7553959091504415
2756,1.0,50.0,20.0,0.7,10.0,47.0,0.7256382803122202
2757,1.0,50.0,20.0,0.7,100.0,51.0,0.7286153237024943
2758,1.0,50.0,20.0,0.7,1000.0,48.0,0.7472327848275503
2759,1.0,50.0,20.0,0.7,10000.0,46.0,0.7461931506792704
2760,1.0,50.0,25.0,0.3,0.0,54.0,0.7262497742970785
2761,1.0,50.0,25.0,0.3,10.0,47.0,0.6817089915275574
2762,1.0,50.0,25.0,0.3,100.0,47.0,0.7436530292034149
2763,1.0,50.0,25.0,0.3,1000.0,53.0,0.6980001131693522
2764,1.0,50.0,25.0,0.3,10000.0,45.0,0.6944921016693115
2765,1.0,50.0,25.0,0.5,0.0,48.0,0.7527079582214355
2766,1.0,50.0,25.0,0.5,10.0,33.0,0.7659428715705872
2767,1.0,50.0,25.0,0.5,100.0,37.0,0.7051676412423452
2768,1.0,50.0,25.0,0.5,1000.0,51.0,0.7108073929945627
2769,1.0,50.0,25.0,0.5,10000.0,50.0,0.7404423753420512
2770,1.0,50.0,25.0,0.7,0.0,51.0,0.7054988344510397
2771,1.0,50.0,25.0,0.7,10.0,51.0,0.7503355542818705
2772,1.0,50.0,25.0,0.7,100.0,41.0,0.7950726350148519
2773,1.0,50.0,25.0,0.7,1000.0,46.0,0.7216579715410868
2774,1.0,50.0,25.0,0.7,10000.0,49.0,0.7293071250120798
2775,1.0,50.0,30.0,0.3,0.0,73.0,0.7478436231613159
2776,1.0,50.0,30.0,0.3,10.0,53.0,0.8084297180175781
2777,1.0,50.0,30.0,0.3,100.0,37.0,0.7472788492838541
2778,1.0,50.0,30.0,0.3,1000.0,52.0,0.7662281195322672
2779,1.0,50.0,30.0,0.3,10000.0,40.0,0.7354676028092703
2780,1.0,50.0,30.0,0.5,0.0,36.0,0.7274341881275177
2781,1.0,50.0,30.0,0.5,10.0,41.0,0.71837251385053
2782,1.0,50.0,30.0,0.5,100.0,61.0,0.7264432907104492
2783,1.0,50.0,30.0,0.5,1000.0,66.0,0.8695935308933258
2784,1.0,50.0,30.0,0.5,10000.0,40.0,0.6943014959494272
2785,1.0,50.0,30.0,0.7,0.0,49.0,0.7196383575598398
2786,1.0,50.0,30.0,0.7,10.0,52.0,0.7177880505720774
2787,1.0,50.0,30.0,0.7,100.0,18.0,0.8568810423215231
2788,1.0,50.0,30.0,0.7,1000.0,44.0,0.7512775957584381
2789,1.0,50.0,30.0,0.7,10000.0,40.0,0.7291163404782613
2790,1.0,50.0,35.0,0.3,0.0,49.0,0.713517020146052
2791,1.0,50.0,35.0,0.3,10.0,48.0,0.9377318123976389
2792,1.0,50.0,35.0,0.3,100.0,58.0,0.738290419181188
2793,1.0,50.0,35.0,0.3,1000.0,17.0,0.857772946357727
2794,1.0,50.0,35.0,0.3,10000.0,46.0,0.729002445936203
2795,1.0,50.0,35.0,0.5,0.0,48.0,0.7540787160396576
2796,1.0,50.0,35.0,0.5,10.0,67.0,0.8531236052513123
2797,1.0,50.0,35.0,0.5,100.0,33.0,0.8610887428124746
2798,1.0,50.0,35.0,0.5,1000.0,47.0,0.7164104878902435
2799,1.0,50.0,35.0,0.5,10000.0,57.0,0.7239362696806589
2800,1.0,50.0,35.0,0.7,0.0,50.0,0.7294555107752482
2801,1.0,50.0,35.0,0.7,10.0,56.0,0.7719180881977081
2802,1.0,50.0,35.0,0.7,100.0,44.0,0.729212244351705
2803,1.0,50.0,35.0,0.7,1000.0,18.0,0.832930713891983
2804,1.0,50.0,35.0,0.7,10000.0,43.0,0.7286534011363983
2805,1.0,50.0,40.0,0.3,0.0,55.0,0.8390391071637472
2806,1.0,50.0,40.0,0.3,10.0,49.0,0.7107115487257639
2807,1.0,50.0,40.0,0.3,100.0,48.0,0.7401039699713389
2808,1.0,50.0,40.0,0.3,1000.0,48.0,0.7318038642406464
2809,1.0,50.0,40.0,0.3,10000.0,60.0,0.7069537242253622
2810,1.0,50.0,40.0,0.5,0.0,47.0,0.7963339487711588
2811,1.0,50.0,40.0,0.5,10.0,52.0,0.7140933573246002
2812,1.0,50.0,40.0,0.5,100.0,54.0,0.7223039368788401
2813,1.0,50.0,40.0,0.5,1000.0,46.0,0.7545113861560822
2814,1.0,50.0,40.0,0.5,10000.0,40.0,0.7174275020758311
2815,1.0,50.0,40.0,0.7,0.0,47.0,0.7482622166474661
2816,1.0,50.0,40.0,0.7,10.0,40.0,0.7341790894667307
2817,1.0,50.0,40.0,0.7,100.0,46.0,0.7268535097440084
2818,1.0,50.0,40.0,0.7,1000.0,55.0,0.7457432548205057
2819,1.0,50.0,40.0,0.7,10000.0,35.0,0.8028400639692942
2820,1.0,50.0,45.0,0.3,0.0,34.0,0.7425822814305624
2821,1.0,50.0,45.0,0.3,10.0,45.0,0.7674578924973806
2822,1.0,50.0,45.0,0.3,100.0,49.0,0.831812192996343
2823,1.0,50.0,45.0,0.3,1000.0,46.0,0.7538979748884836
2824,1.0,50.0,45.0,0.3,10000.0,31.0,0.7902781267960867
2825,1.0,50.0,45.0,0.5,0.0,53.0,0.6873122056325277
2826,1.0,50.0,45.0,0.5,10.0,57.0,0.7149033844470978
2827,1.0,50.0,45.0,0.5,100.0,43.0,0.6932831704616547
2828,1.0,50.0,45.0,0.5,1000.0,42.0,0.7122787038485209
2829,1.0,50.0,45.0,0.5,10000.0,48.0,0.7148889899253845
2830,1.0,50.0,45.0,0.7,0.0,48.0,0.7169936001300812
2831,1.0,50.0,45.0,0.7,10.0,64.0,0.7283715109030405
2832,1.0,50.0,45.0,0.7,100.0,51.0,0.6981891691684723
2833,1.0,50.0,45.0,0.7,1000.0,33.0,0.7570122679074606
2834,1.0,50.0,45.0,0.7,10000.0,53.0,0.7184034287929535
2835,1.0,50.0,50.0,0.3,0.0,39.0,0.7395067512989044
2836,1.0,50.0,50.0,0.3,10.0,17.0,0.8406328757603964
2837,1.0,50.0,50.0,0.3,100.0,52.0,0.7127489844957987
2838,1.0,50.0,50.0,0.3,1000.0,55.0,0.8340189059575399
2839,1.0,50.0,50.0,0.3,10000.0,46.0,0.8165737986564636
2840,1.0,50.0,50.0,0.5,0.0,69.0,0.7110636432965597
2841,1.0,50.0,50.0,0.5,10.0,49.0,0.7511763870716095
2842,1.0,50.0,50.0,0.5,100.0,51.0,0.7806813220183054
2843,1.0,50.0,50.0,0.5,1000.0,41.0,0.7921009957790375
2844,1.0,50.0,50.0,0.5,10000.0,49.0,0.7681626081466675
2845,1.0,50.0,50.0,0.7,0.0,66.0,0.7309024830659231
2846,1.0,50.0,50.0,0.7,10.0,49.0,0.7134906550248464
2847,1.0,50.0,50.0,0.7,100.0,50.0,0.708711306254069
2848,1.0,50.0,50.0,0.7,1000.0,37.0,0.7429290215174357
2849,1.0,50.0,50.0,0.7,10000.0,56.0,0.784776359796524
2850,2.0,50.0,5.0,0.3,0.0,51.0,0.7590909004211426
2851,2.0,50.0,5.0,0.3,10.0,31.0,0.7959955135981241
2852,2.0,50.0,5.0,0.3,100.0,37.0,0.8862109482288361
2853,2.0,50.0,5.0,0.3,1000.0,34.0,0.798056940237681
2854,2.0,50.0,5.0,0.3,10000.0,34.0,0.7712529599666595
2855,2.0,50.0,5.0,0.5,0.0,50.0,0.7713611125946045
2856,2.0,50.0,5.0,0.5,10.0,32.0,0.7744550406932831
2857,2.0,50.0,5.0,0.5,100.0,46.0,0.8378803431987762
2858,2.0,50.0,5.0,0.5,1000.0,54.0,0.7562262614568075
2859,2.0,50.0,5.0,0.5,10000.0,35.0,0.8384685516357422
2860,2.0,50.0,5.0,0.7,0.0,49.0,0.874076912800471
2861,2.0,50.0,5.0,0.7,10.0,41.0,0.9109670122464498
2862,2.0,50.0,5.0,0.7,100.0,54.0,0.9106495082378387
2863,2.0,50.0,5.0,0.7,1000.0,63.0,0.8696096837520599
2864,2.0,50.0,5.0,0.7,10000.0,34.0,0.9237273931503296
2865,2.0,50.0,10.0,0.3,0.0,41.0,0.760900874932607
2866,2.0,50.0,10.0,0.3,10.0,46.0,0.7637769083182017
2867,2.0,50.0,10.0,0.3,100.0,43.0,0.837390124797821
2868,2.0,50.0,10.0,0.3,1000.0,35.0,0.7304007510344187
2869,2.0,50.0,10.0,0.3,10000.0,40.0,0.8080359896024069
2870,2.0,50.0,10.0,0.5,0.0,30.0,0.7559779286384583
2871,2.0,50.0,10.0,0.5,10.0,31.0,0.7787947853406271
2872,2.0,50.0,10.0,0.5,100.0,32.0,0.7819820940494537
2873,2.0,50.0,10.0,0.5,1000.0,45.0,0.7382168074448904
2874,2.0,50.0,10.0,0.5,10000.0,42.0,0.7571040689945221
2875,2.0,50.0,10.0,0.7,0.0,54.0,0.8295017083485922
2876,2.0,50.0,10.0,0.7,10.0,33.0,0.8710247576236725
2877,2.0,50.0,10.0,0.7,100.0,43.0,0.784813771645228
2878,2.0,50.0,10.0,0.7,1000.0,35.0,0.7965067625045776
2879,2.0,50.0,10.0,0.7,10000.0,46.0,0.7852061986923218
2880,2.0,50.0,15.0,0.3,0.0,47.0,0.7410708069801331
2881,2.0,50.0,15.0,0.3,10.0,44.0,0.7166588604450226
2882,2.0,50.0,15.0,0.3,100.0,36.0,0.7504283090432485
2883,2.0,50.0,15.0,0.3,1000.0,38.0,0.798723965883255
2884,2.0,50.0,15.0,0.3,10000.0,41.0,0.7100886404514313
2885,2.0,50.0,15.0,0.5,0.0,64.0,0.753559003273646
2886,2.0,50.0,15.0,0.5,10.0,42.0,0.7338745395342509
2887,2.0,50.0,15.0,0.5,100.0,38.0,0.7393250266710917
2888,2.0,50.0,15.0,0.5,1000.0,37.0,0.7724254230658213
2889,2.0,50.0,15.0,0.5,10000.0,40.0,0.7375409106413523
2890,2.0,50.0,15.0,0.7,0.0,36.0,0.7574159105618795
2891,2.0,50.0,15.0,0.7,10.0,63.0,0.7823812365531921
2892,2.0,50.0,15.0,0.7,100.0,56.0,0.7890042861302694
2893,2.0,50.0,15.0,0.7,1000.0,52.0,0.8542271256446838
2894,2.0,50.0,15.0,0.7,10000.0,41.0,0.755019336938858
2895,2.0,50.0,20.0,0.3,0.0,43.0,0.8306935330231985
2896,2.0,50.0,20.0,0.3,10.0,41.0,0.7541492382685343
2897,2.0,50.0,20.0,0.3,100.0,27.0,0.7692395349343618
2898,2.0,50.0,20.0,0.3,1000.0,28.0,0.7470938662687937
2899,2.0,50.0,20.0,0.3,10000.0,33.0,0.7603897651036581
2900,2.0,50.0,20.0,0.5,0.0,46.0,0.7572079002857208
2901,2.0,50.0,20.0,0.5,10.0,42.0,0.8660936752955118
2902,2.0,50.0,20.0,0.5,100.0,58.0,0.7354908982912699
2903,2.0,50.0,20.0,0.5,1000.0,33.0,0.7678728103637695
2904,2.0,50.0,20.0,0.5,10000.0,53.0,0.7360696097215017
2905,2.0,50.0,20.0,0.7,0.0,42.0,0.7531836032867432
2906,2.0,50.0,20.0,0.7,10.0,45.0,0.7554589907328287
2907,2.0,50.0,20.0,0.7,100.0,34.0,0.7820369303226471
2908,2.0,50.0,20.0,0.7,1000.0,41.0,0.793612003326416
2909,2.0,50.0,20.0,0.7,10000.0,33.0,0.8074644406636556
2910,2.0,50.0,25.0,0.3,0.0,58.0,0.7473522325356802
2911,2.0,50.0,25.0,0.3,10.0,37.0,0.7882477839787801
2912,2.0,50.0,25.0,0.3,100.0,44.0,0.7860942880312601
2913,2.0,50.0,25.0,0.3,1000.0,34.0,0.8034587303797404
2914,2.0,50.0,25.0,0.3,10000.0,40.0,0.7791111469268799
2915,2.0,50.0,25.0,0.5,0.0,35.0,0.8177630503972372
2916,2.0,50.0,25.0,0.5,10.0,40.0,0.7231350143750509
2917,2.0,50.0,25.0,0.5,100.0,40.0,0.7478882273038229
2918,2.0,50.0,25.0,0.5,1000.0,65.0,0.7215379873911539
2919,2.0,50.0,25.0,0.5,10000.0,45.0,0.8851707975069681
2920,2.0,50.0,25.0,0.7,0.0,48.0,0.7740804553031921
2921,2.0,50.0,25.0,0.7,10.0,42.0,0.7706601917743683
2922,2.0,50.0,25.0,0.7,100.0,42.0,0.7746209601561228
2923,2.0,50.0,25.0,0.7,1000.0,46.0,0.7329058349132538
2924,2.0,50.0,25.0,0.7,10000.0,41.0,0.780019074678421
2925,2.0,50.0,30.0,0.3,0.0,49.0,0.7674538493156433
2926,2.0,50.0,30.0,0.3,10.0,43.0,0.7304793397585551
2927,2.0,50.0,30.0,0.3,100.0,38.0,0.77461505929629
2928,2.0,50.0,30.0,0.3,1000.0,38.0,0.7371414303779602
2929,2.0,50.0,30.0,0.3,10000.0,36.0,0.7448541124661764
2930,2.0,50.0,30.0,0.5,0.0,38.0,0.7605304022630056
2931,2.0,50.0,30.0,0.5,10.0,35.0,0.7675987184047699
2932,2.0,50.0,30.0,0.5,100.0,32.0,0.7946539322535197
2933,2.0,50.0,30.0,0.5,1000.0,41.0,0.7142534255981445
2934,2.0,50.0,30.0,0.5,10000.0,36.0,0.7291404704252878
2935,2.0,50.0,30.0,0.7,0.0,43.0,0.7645347515741984
2936,2.0,50.0,30.0,0.7,10.0,62.0,0.7867380877335867
2937,2.0,50.0,30.0,0.7,100.0,44.0,0.7338338593641917
2938,2.0,50.0,30.0,0.7,1000.0,38.0,0.7433302203814188
2939,2.0,50.0,30.0,0.7,10000.0,33.0,0.7475429773330688
2940,2.0,50.0,35.0,0.3,0.0,41.0,0.7885537147521973
2941,2.0,50.0,35.0,0.3,10.0,46.0,0.7662036816279093
2942,2.0,50.0,35.0,0.3,100.0,50.0,0.8560438255469004
2943,2.0,50.0,35.0,0.3,1000.0,36.0,0.7660925288995107
2944,2.0,50.0,35.0,0.3,10000.0,41.0,0.7246813972791036
2945,2.0,50.0,35.0,0.5,0.0,61.0,0.8102285663286845
2946,2.0,50.0,35.0,0.5,10.0,52.0,0.7358839015165964
2947,2.0,50.0,35.0,0.5,100.0,50.0,0.7520554761091868
2948,2.0,50.0,35.0,0.5,1000.0,31.0,0.7563800116380056
2949,2.0,50.0,35.0,0.5,10000.0,37.0,0.7122773230075836
2950,2.0,50.0,35.0,0.7,0.0,36.0,0.7552646696567535
2951,2.0,50.0,35.0,0.7,10.0,43.0,0.7680940628051758
2952,2.0,50.0,35.0,0.7,100.0,33.0,0.7906903624534607
2953,2.0,50.0,35.0,0.7,1000.0,34.0,0.7429478267828623
2954,2.0,50.0,35.0,0.7,10000.0,56.0,0.7313182055950165
2955,2.0,50.0,40.0,0.3,0.0,37.0,0.7739614446957906
2956,2.0,50.0,40.0,0.3,10.0,38.0,0.7862906058629354
2957,2.0,50.0,40.0,0.3,100.0,35.0,0.7918163041273752
2958,2.0,50.0,40.0,0.3,1000.0,40.0,0.7433289885520935
2959,2.0,50.0,40.0,0.3,10000.0,37.0,0.8425539334615072
2960,2.0,50.0,40.0,0.5,0.0,51.0,0.7539120813210806
2961,2.0,50.0,40.0,0.5,10.0,49.0,0.7613898714383444
2962,2.0,50.0,40.0,0.5,100.0,30.0,0.7522181967894236
2963,2.0,50.0,40.0,0.5,1000.0,40.0,0.8147087097167969
2964,2.0,50.0,40.0,0.5,10000.0,31.0,0.7501236299673716
2965,2.0,50.0,40.0,0.7,0.0,58.0,0.7526618341604868
2966,2.0,50.0,40.0,0.7,10.0,60.0,0.7542601426442465
2967,2.0,50.0,40.0,0.7,100.0,43.0,0.7312165101369222
2968,2.0,50.0,40.0,0.7,1000.0,43.0,0.7558227479457855
2969,2.0,50.0,40.0,0.7,10000.0,48.0,0.7478863199551901
2970,2.0,50.0,45.0,0.3,0.0,42.0,0.7523618439833323
2971,2.0,50.0,45.0,0.3,10.0,32.0,0.7484124998251597
2972,2.0,50.0,45.0,0.3,100.0,44.0,0.7568603853384653
2973,2.0,50.0,45.0,0.3,1000.0,36.0,0.7224886318047842
2974,2.0,50.0,45.0,0.3,10000.0,31.0,0.7510060966014862
2975,2.0,50.0,45.0,0.5,0.0,51.0,0.7665104369322459
2976,2.0,50.0,45.0,0.5,10.0,42.0,0.7463606198628744
2977,2.0,50.0,45.0,0.5,100.0,16.0,0.8244272371133169
2978,2.0,50.0,45.0,0.5,1000.0,38.0,0.7227716644605001
2979,2.0,50.0,45.0,0.5,10000.0,47.0,0.7303851842880249
2980,2.0,50.0,45.0,0.7,0.0,50.0,0.7539570728937784
2981,2.0,50.0,45.0,0.7,10.0,58.0,0.7268406053384145
2982,2.0,50.0,45.0,0.7,100.0,44.0,0.7651001413663229
2983,2.0,50.0,45.0,0.7,1000.0,35.0,0.7371948858102163
2984,2.0,50.0,45.0,0.7,10000.0,52.0,0.7502737045288086
2985,2.0,50.0,50.0,0.3,0.0,54.0,0.7293233176072439
2986,2.0,50.0,50.0,0.3,10.0,40.0,0.7542261679967245
2987,2.0,50.0,50.0,0.3,100.0,42.0,0.7725042998790741
2988,2.0,50.0,50.0,0.3,1000.0,44.0,0.7924515207608541
2989,2.0,50.0,50.0,0.3,10000.0,30.0,0.7471922834714254
2990,2.0,50.0,50.0,0.5,0.0,51.0,0.7458015183607737
2991,2.0,50.0,50.0,0.5,10.0,33.0,0.7403250833352407
2992,2.0,50.0,50.0,0.5,100.0,33.0,0.8824701607227325
2993,2.0,50.0,50.0,0.5,1000.0,51.0,0.7484400769074758
2994,2.0,50.0,50.0,0.5,10000.0,35.0,0.7282149692376455
2995,2.0,50.0,50.0,0.7,0.0,43.0,0.8031767308712006
2996,2.0,50.0,50.0,0.7,10.0,42.0,0.7487794458866119
2997,2.0,50.0,50.0,0.7,100.0,29.0,0.7937316099802653
2998,2.0,50.0,50.0,0.7,1000.0,42.0,0.7681055764357249
2999,2.0,50.0,50.0,0.7,10000.0,37.0,0.8368856012821198
