,num_layers,hidden1,hidden2,dropout,random_seed,epochs_trained,val_error
0,1.0,5.0,5.0,0.3,0.0,124.0,0.1939109762509664
1,1.0,5.0,5.0,0.3,10.0,116.0,0.20275372515122095
2,1.0,5.0,5.0,0.3,100.0,74.0,0.21945476283629736
3,1.0,5.0,5.0,0.3,1000.0,68.0,0.30958037078380585
4,1.0,5.0,5.0,0.3,10000.0,108.0,0.2282965232928594
5,1.0,5.0,5.0,0.5,0.0,124.0,0.23438276847203574
6,1.0,5.0,5.0,0.5,10.0,127.0,0.24533096452554068
7,1.0,5.0,5.0,0.5,100.0,80.0,0.24644334117571512
8,1.0,5.0,5.0,0.5,1000.0,170.0,0.2866361041863759
9,1.0,5.0,5.0,0.5,10000.0,153.0,0.2461948643128077
10,1.0,5.0,5.0,0.7,0.0,90.0,0.3845169444878896
11,1.0,5.0,5.0,0.7,10.0,136.0,0.38184499740600586
12,1.0,5.0,5.0,0.7,100.0,77.0,0.34819047152996063
13,1.0,5.0,5.0,0.7,1000.0,133.0,0.3989021082719167
14,1.0,5.0,5.0,0.7,10000.0,184.0,0.3395816783110301
15,1.0,5.0,10.0,0.3,0.0,116.0,0.1863668660322825
16,1.0,5.0,10.0,0.3,10.0,69.0,0.23179547488689423
17,1.0,5.0,10.0,0.3,100.0,138.0,0.19813482215007147
18,1.0,5.0,10.0,0.3,1000.0,115.0,0.19413484881321588
19,1.0,5.0,10.0,0.3,10000.0,140.0,0.20170263200998306
20,1.0,5.0,10.0,0.5,0.0,113.0,0.21946512162685394
21,1.0,5.0,10.0,0.5,10.0,107.0,0.2374012271563212
22,1.0,5.0,10.0,0.5,100.0,129.0,0.22371680041154227
23,1.0,5.0,10.0,0.5,1000.0,142.0,0.20013656467199326
24,1.0,5.0,10.0,0.5,10000.0,121.0,0.21397092441717783
25,1.0,5.0,10.0,0.7,0.0,134.0,0.2728656431039174
26,1.0,5.0,10.0,0.7,10.0,142.0,0.27367224792639416
27,1.0,5.0,10.0,0.7,100.0,152.0,0.33526704212029773
28,1.0,5.0,10.0,0.7,1000.0,120.0,0.28243354956309
29,1.0,5.0,10.0,0.7,10000.0,106.0,0.27445317804813385
30,1.0,5.0,15.0,0.3,0.0,117.0,0.1897419715921084
31,1.0,5.0,15.0,0.3,10.0,80.0,0.204150860508283
32,1.0,5.0,15.0,0.3,100.0,141.0,0.19443561136722565
33,1.0,5.0,15.0,0.3,1000.0,102.0,0.19691591213146845
34,1.0,5.0,15.0,0.3,10000.0,130.0,0.20308436204989752
35,1.0,5.0,15.0,0.5,0.0,112.0,0.2737701088190079
36,1.0,5.0,15.0,0.5,10.0,94.0,0.2130753497282664
37,1.0,5.0,15.0,0.5,100.0,95.0,0.20556036134560904
38,1.0,5.0,15.0,0.5,1000.0,111.0,0.19949967165788016
39,1.0,5.0,15.0,0.5,10000.0,113.0,0.2015471508105596
40,1.0,5.0,15.0,0.7,0.0,80.0,0.5161075095335642
41,1.0,5.0,15.0,0.7,10.0,143.0,0.26671964923540753
42,1.0,5.0,15.0,0.7,100.0,154.0,0.30154185990492505
43,1.0,5.0,15.0,0.7,1000.0,129.0,0.25393641988436383
44,1.0,5.0,15.0,0.7,10000.0,135.0,0.2643312414487203
45,1.0,5.0,20.0,0.3,0.0,76.0,0.20137772212425867
46,1.0,5.0,20.0,0.3,10.0,69.0,0.20967565973599753
47,1.0,5.0,20.0,0.3,100.0,101.0,0.1999619503815969
48,1.0,5.0,20.0,0.3,1000.0,76.0,0.2076521416505178
49,1.0,5.0,20.0,0.3,10000.0,81.0,0.19667489578326544
50,1.0,5.0,20.0,0.5,0.0,134.0,0.21670130640268326
51,1.0,5.0,20.0,0.5,10.0,104.0,0.2089195723334948
52,1.0,5.0,20.0,0.5,100.0,105.0,0.203152966996034
53,1.0,5.0,20.0,0.5,1000.0,106.0,0.2050104762117068
54,1.0,5.0,20.0,0.5,10000.0,85.0,0.19428051014741263
55,1.0,5.0,20.0,0.7,0.0,126.0,0.3142522672812144
56,1.0,5.0,20.0,0.7,10.0,147.0,0.2535136789083481
57,1.0,5.0,20.0,0.7,100.0,96.0,0.26147448519865674
58,1.0,5.0,20.0,0.7,1000.0,121.0,0.2388643523057302
59,1.0,5.0,20.0,0.7,10000.0,89.0,0.23749073346455893
60,1.0,5.0,25.0,0.3,0.0,74.0,0.19820630302031836
61,1.0,5.0,25.0,0.3,10.0,91.0,0.20456882566213608
62,1.0,5.0,25.0,0.3,100.0,101.0,0.19207278887430826
63,1.0,5.0,25.0,0.3,1000.0,79.0,0.20830152928829193
64,1.0,5.0,25.0,0.3,10000.0,85.0,0.21428998559713364
65,1.0,5.0,25.0,0.5,0.0,96.0,0.20716182639201483
66,1.0,5.0,25.0,0.5,10.0,122.0,0.2006972978512446
67,1.0,5.0,25.0,0.5,100.0,102.0,0.19887379308541617
68,1.0,5.0,25.0,0.5,1000.0,114.0,0.2019459530711174
69,1.0,5.0,25.0,0.5,10000.0,82.0,0.21014451483885446
70,1.0,5.0,25.0,0.7,0.0,93.0,0.27086302638053894
71,1.0,5.0,25.0,0.7,10.0,122.0,0.23953292767206827
72,1.0,5.0,25.0,0.7,100.0,114.0,0.2529728313287099
73,1.0,5.0,25.0,0.7,1000.0,122.0,0.23556620379288992
74,1.0,5.0,25.0,0.7,10000.0,96.0,0.23428267737229666
75,1.0,5.0,30.0,0.3,0.0,83.0,0.1965290034810702
76,1.0,5.0,30.0,0.3,10.0,69.0,0.19921975334485373
77,1.0,5.0,30.0,0.3,100.0,56.0,0.1936406915386518
78,1.0,5.0,30.0,0.3,1000.0,48.0,0.21769940356413522
79,1.0,5.0,30.0,0.3,10000.0,76.0,0.20896071940660477
80,1.0,5.0,30.0,0.5,0.0,119.0,0.19878552109003067
81,1.0,5.0,30.0,0.5,10.0,87.0,0.21143619964520136
82,1.0,5.0,30.0,0.5,100.0,49.0,0.2312294840812683
83,1.0,5.0,30.0,0.5,1000.0,102.0,0.19616844008366266
84,1.0,5.0,30.0,0.5,10000.0,111.0,0.19793505718310675
85,1.0,5.0,30.0,0.7,0.0,97.0,0.266502117117246
86,1.0,5.0,30.0,0.7,10.0,129.0,0.24814618130524954
87,1.0,5.0,30.0,0.7,100.0,140.0,0.37162235379219055
88,1.0,5.0,30.0,0.7,1000.0,96.0,0.23989217480023703
89,1.0,5.0,30.0,0.7,10000.0,96.0,0.22825861473878226
90,1.0,5.0,35.0,0.3,0.0,88.0,0.1958055943250656
91,1.0,5.0,35.0,0.3,10.0,84.0,0.1957427238424619
92,1.0,5.0,35.0,0.3,100.0,95.0,0.19025918344656625
93,1.0,5.0,35.0,0.3,1000.0,64.0,0.20930602649847665
94,1.0,5.0,35.0,0.3,10000.0,143.0,0.19297929853200912
95,1.0,5.0,35.0,0.5,0.0,93.0,0.20029899974664053
96,1.0,5.0,35.0,0.5,10.0,112.0,0.21185332039992014
97,1.0,5.0,35.0,0.5,100.0,79.0,0.2136068493127823
98,1.0,5.0,35.0,0.5,1000.0,82.0,0.21702555567026138
99,1.0,5.0,35.0,0.5,10000.0,103.0,0.20382720728715262
100,1.0,5.0,35.0,0.7,0.0,97.0,0.24796481927235922
101,1.0,5.0,35.0,0.7,10.0,111.0,0.26530536512533825
102,1.0,5.0,35.0,0.7,100.0,136.0,0.2532094717025757
103,1.0,5.0,35.0,0.7,1000.0,96.0,0.23628231386343637
104,1.0,5.0,35.0,0.7,10000.0,96.0,0.2520261307557424
105,1.0,5.0,40.0,0.3,0.0,79.0,0.19979402422904968
106,1.0,5.0,40.0,0.3,10.0,82.0,0.19511131942272186
107,1.0,5.0,40.0,0.3,100.0,77.0,0.20041406402985254
108,1.0,5.0,40.0,0.3,1000.0,66.0,0.20301112284262976
109,1.0,5.0,40.0,0.3,10000.0,58.0,0.2072756215929985
110,1.0,5.0,40.0,0.5,0.0,85.0,0.20723908891280493
111,1.0,5.0,40.0,0.5,10.0,94.0,0.2007576252023379
112,1.0,5.0,40.0,0.5,100.0,58.0,0.2334420457482338
113,1.0,5.0,40.0,0.5,1000.0,69.0,0.22095994154612222
114,1.0,5.0,40.0,0.5,10000.0,58.0,0.21335358917713165
115,1.0,5.0,40.0,0.7,0.0,89.0,0.25382430851459503
116,1.0,5.0,40.0,0.7,10.0,170.0,0.23029765983422598
117,1.0,5.0,40.0,0.7,100.0,112.0,0.27250253160794574
118,1.0,5.0,40.0,0.7,1000.0,82.0,0.2545988808075587
119,1.0,5.0,40.0,0.7,10000.0,84.0,0.260540967186292
120,1.0,5.0,45.0,0.3,0.0,69.0,0.20206884543100992
121,1.0,5.0,45.0,0.3,10.0,77.0,0.20810656497875848
122,1.0,5.0,45.0,0.3,100.0,76.0,0.19110732277234396
123,1.0,5.0,45.0,0.3,1000.0,61.0,0.22824394206206003
124,1.0,5.0,45.0,0.3,10000.0,58.0,0.20470215131839117
125,1.0,5.0,45.0,0.5,0.0,134.0,0.21723479529221854
126,1.0,5.0,45.0,0.5,10.0,102.0,0.2087362731496493
127,1.0,5.0,45.0,0.5,100.0,87.0,0.1998298540711403
128,1.0,5.0,45.0,0.5,1000.0,90.0,0.23996196687221527
129,1.0,5.0,45.0,0.5,10000.0,65.0,0.20516364524761835
130,1.0,5.0,45.0,0.7,0.0,107.0,0.300799439350764
131,1.0,5.0,45.0,0.7,10.0,123.0,0.24385111033916473
132,1.0,5.0,45.0,0.7,100.0,111.0,0.2612694998582204
133,1.0,5.0,45.0,0.7,1000.0,161.0,0.22607335448265076
134,1.0,5.0,45.0,0.7,10000.0,83.0,0.24635200202465057
135,1.0,5.0,50.0,0.3,0.0,70.0,0.200114868581295
136,1.0,5.0,50.0,0.3,10.0,69.0,0.19942212849855423
137,1.0,5.0,50.0,0.3,100.0,101.0,0.19204745690027872
138,1.0,5.0,50.0,0.3,1000.0,63.0,0.20121811578671137
139,1.0,5.0,50.0,0.3,10000.0,66.0,0.19617592046658197
140,1.0,5.0,50.0,0.5,0.0,75.0,0.2133102466662725
141,1.0,5.0,50.0,0.5,10.0,76.0,0.22946636627117792
142,1.0,5.0,50.0,0.5,100.0,78.0,0.20050384104251862
143,1.0,5.0,50.0,0.5,1000.0,73.0,0.2124421497186025
144,1.0,5.0,50.0,0.5,10000.0,65.0,0.19708912322918573
145,1.0,5.0,50.0,0.7,0.0,112.0,0.2510850081841151
146,1.0,5.0,50.0,0.7,10.0,129.0,0.25378358860810596
147,1.0,5.0,50.0,0.7,100.0,96.0,0.23415168623129526
148,1.0,5.0,50.0,0.7,1000.0,82.0,0.23711586991945902
149,1.0,5.0,50.0,0.7,10000.0,72.0,0.24488296608130136
150,2.0,5.0,5.0,0.3,0.0,97.0,0.18980557968219122
151,2.0,5.0,5.0,0.3,10.0,132.0,0.1883180191119512
152,2.0,5.0,5.0,0.3,100.0,96.0,0.1902318944533666
153,2.0,5.0,5.0,0.3,1000.0,130.0,0.20381926000118256
154,2.0,5.0,5.0,0.3,10000.0,71.0,0.22057227542002997
155,2.0,5.0,5.0,0.5,0.0,110.0,0.21550106008847555
156,2.0,5.0,5.0,0.5,10.0,229.0,0.28270267446835834
157,2.0,5.0,5.0,0.5,100.0,79.0,0.21866167336702347
158,2.0,5.0,5.0,0.5,1000.0,105.0,0.26254576444625854
159,2.0,5.0,5.0,0.5,10000.0,65.0,0.24586604535579681
160,2.0,5.0,5.0,0.7,0.0,112.0,0.34548868735631305
161,2.0,5.0,5.0,0.7,10.0,122.0,0.39355186621348065
162,2.0,5.0,5.0,0.7,100.0,94.0,0.31792295972506207
163,2.0,5.0,5.0,0.7,1000.0,83.0,0.33800604939460754
164,2.0,5.0,5.0,0.7,10000.0,63.0,0.3469754457473755
165,2.0,5.0,10.0,0.3,0.0,74.0,0.19586732735236487
166,2.0,5.0,10.0,0.3,10.0,68.0,0.20817217230796814
167,2.0,5.0,10.0,0.3,100.0,84.0,0.19749693820873895
168,2.0,5.0,10.0,0.3,1000.0,68.0,0.20471389094988504
169,2.0,5.0,10.0,0.3,10000.0,61.0,0.2294397403796514
170,2.0,5.0,10.0,0.5,0.0,68.0,0.21446458250284195
171,2.0,5.0,10.0,0.5,10.0,69.0,0.22024807830651602
172,2.0,5.0,10.0,0.5,100.0,117.0,0.20136887083450952
173,2.0,5.0,10.0,0.5,1000.0,75.0,0.2150577480594317
174,2.0,5.0,10.0,0.5,10000.0,62.0,0.23624097307523093
175,2.0,5.0,10.0,0.7,0.0,106.0,0.2689376225074132
176,2.0,5.0,10.0,0.7,10.0,72.0,0.2694455037514369
177,2.0,5.0,10.0,0.7,100.0,119.0,0.2708441565434138
178,2.0,5.0,10.0,0.7,1000.0,96.0,0.2715587119261424
179,2.0,5.0,10.0,0.7,10000.0,62.0,0.30750301480293274
180,2.0,5.0,15.0,0.3,0.0,82.0,0.18624493976434073
181,2.0,5.0,15.0,0.3,10.0,62.0,0.20548905928929648
182,2.0,5.0,15.0,0.3,100.0,79.0,0.20728865017493567
183,2.0,5.0,15.0,0.3,1000.0,76.0,0.19586393485466638
184,2.0,5.0,15.0,0.3,10000.0,62.0,0.19813916583855948
185,2.0,5.0,15.0,0.5,0.0,83.0,0.19466090450684229
186,2.0,5.0,15.0,0.5,10.0,65.0,0.20362594972054163
187,2.0,5.0,15.0,0.5,100.0,94.0,0.2051240081588427
188,2.0,5.0,15.0,0.5,1000.0,78.0,0.20215255270401636
189,2.0,5.0,15.0,0.5,10000.0,54.0,0.22247745593388876
190,2.0,5.0,15.0,0.7,0.0,90.0,0.23458612461884817
191,2.0,5.0,15.0,0.7,10.0,106.0,0.24750341475009918
192,2.0,5.0,15.0,0.7,100.0,125.0,0.24433753391106924
193,2.0,5.0,15.0,0.7,1000.0,82.0,0.2624724954366684
194,2.0,5.0,15.0,0.7,10000.0,84.0,0.26926156878471375
195,2.0,5.0,20.0,0.3,0.0,100.0,0.1866921012600263
196,2.0,5.0,20.0,0.3,10.0,68.0,0.1982315108180046
197,2.0,5.0,20.0,0.3,100.0,56.0,0.19844397654136023
198,2.0,5.0,20.0,0.3,1000.0,91.0,0.1897115781903267
199,2.0,5.0,20.0,0.3,10000.0,62.0,0.1998023713628451
200,2.0,5.0,20.0,0.5,0.0,75.0,0.1940911834438642
201,2.0,5.0,20.0,0.5,10.0,55.0,0.19714110096295676
202,2.0,5.0,20.0,0.5,100.0,56.0,0.20006448278824487
203,2.0,5.0,20.0,0.5,1000.0,72.0,0.210014338294665
204,2.0,5.0,20.0,0.5,10000.0,56.0,0.1968252956867218
205,2.0,5.0,20.0,0.7,0.0,96.0,0.24825358390808105
206,2.0,5.0,20.0,0.7,10.0,85.0,0.2281919519106547
207,2.0,5.0,20.0,0.7,100.0,66.0,0.23775572081406912
208,2.0,5.0,20.0,0.7,1000.0,114.0,0.25230080882708233
209,2.0,5.0,20.0,0.7,10000.0,69.0,0.24601620435714722
210,2.0,5.0,25.0,0.3,0.0,78.0,0.19812405606110892
211,2.0,5.0,25.0,0.3,10.0,50.0,0.19485463698705038
212,2.0,5.0,25.0,0.3,100.0,67.0,0.18999749422073364
213,2.0,5.0,25.0,0.3,1000.0,73.0,0.18994206438461939
214,2.0,5.0,25.0,0.3,10000.0,47.0,0.20348243167002997
215,2.0,5.0,25.0,0.5,0.0,91.0,0.20219244559605917
216,2.0,5.0,25.0,0.5,10.0,52.0,0.21275300780932108
217,2.0,5.0,25.0,0.5,100.0,76.0,0.2012456233302752
218,2.0,5.0,25.0,0.5,1000.0,75.0,0.22574579219023386
219,2.0,5.0,25.0,0.5,10000.0,47.0,0.20726563036441803
220,2.0,5.0,25.0,0.7,0.0,106.0,0.2341498633225759
221,2.0,5.0,25.0,0.7,10.0,101.0,0.25154287616411847
222,2.0,5.0,25.0,0.7,100.0,95.0,0.2535642236471176
223,2.0,5.0,25.0,0.7,1000.0,156.0,0.24373891452948251
224,2.0,5.0,25.0,0.7,10000.0,70.0,0.2536799758672714
225,2.0,5.0,30.0,0.3,0.0,96.0,0.19012372692426047
226,2.0,5.0,30.0,0.3,10.0,50.0,0.19454568127791086
227,2.0,5.0,30.0,0.3,100.0,67.0,0.19650191565354666
228,2.0,5.0,30.0,0.3,1000.0,53.0,0.20100910713275275
229,2.0,5.0,30.0,0.3,10000.0,77.0,0.18525045613447824
230,2.0,5.0,30.0,0.5,0.0,70.0,0.20420058319965997
231,2.0,5.0,30.0,0.5,10.0,62.0,0.19572419424851736
232,2.0,5.0,30.0,0.5,100.0,56.0,0.19959731151660284
233,2.0,5.0,30.0,0.5,1000.0,66.0,0.2076210156083107
234,2.0,5.0,30.0,0.5,10000.0,67.0,0.19541210432847342
235,2.0,5.0,30.0,0.7,0.0,93.0,0.25743772586186725
236,2.0,5.0,30.0,0.7,10.0,110.0,0.22326519091924033
237,2.0,5.0,30.0,0.7,100.0,105.0,0.2237183079123497
238,2.0,5.0,30.0,0.7,1000.0,82.0,0.23040007054805756
239,2.0,5.0,30.0,0.7,10000.0,62.0,0.24286281069119772
240,2.0,5.0,35.0,0.3,0.0,25.0,0.24418565134207407
241,2.0,5.0,35.0,0.3,10.0,55.0,0.19375974064071974
242,2.0,5.0,35.0,0.3,100.0,45.0,0.19617212315400442
243,2.0,5.0,35.0,0.3,1000.0,50.0,0.21198873966932297
244,2.0,5.0,35.0,0.3,10000.0,41.0,0.22661609947681427
245,2.0,5.0,35.0,0.5,0.0,126.0,0.18354074656963348
246,2.0,5.0,35.0,0.5,10.0,61.0,0.19811865439017615
247,2.0,5.0,35.0,0.5,100.0,52.0,0.20257694025834402
248,2.0,5.0,35.0,0.5,1000.0,54.0,0.20976379762093225
249,2.0,5.0,35.0,0.5,10000.0,47.0,0.20710905144611994
250,2.0,5.0,35.0,0.7,0.0,129.0,0.22242918610572815
251,2.0,5.0,35.0,0.7,10.0,105.0,0.2275071789820989
252,2.0,5.0,35.0,0.7,100.0,66.0,0.2257085790236791
253,2.0,5.0,35.0,0.7,1000.0,56.0,0.24155978858470917
254,2.0,5.0,35.0,0.7,10000.0,65.0,0.24630732834339142
255,2.0,5.0,40.0,0.3,0.0,77.0,0.20071988056103388
256,2.0,5.0,40.0,0.3,10.0,62.0,0.1941791996359825
257,2.0,5.0,40.0,0.3,100.0,55.0,0.19893700132767358
258,2.0,5.0,40.0,0.3,1000.0,67.0,0.19792612890402475
259,2.0,5.0,40.0,0.3,10000.0,54.0,0.19182074318329492
260,2.0,5.0,40.0,0.5,0.0,67.0,0.21633538603782654
261,2.0,5.0,40.0,0.5,10.0,69.0,0.18977563083171844
262,2.0,5.0,40.0,0.5,100.0,72.0,0.20996931691964468
263,2.0,5.0,40.0,0.5,1000.0,68.0,0.2192297081152598
264,2.0,5.0,40.0,0.5,10000.0,53.0,0.21608085433642069
265,2.0,5.0,40.0,0.7,0.0,57.0,0.26302577058474225
266,2.0,5.0,40.0,0.7,10.0,60.0,0.226801464955012
267,2.0,5.0,40.0,0.7,100.0,108.0,0.21968924254179
268,2.0,5.0,40.0,0.7,1000.0,95.0,0.2578216145435969
269,2.0,5.0,40.0,0.7,10000.0,62.0,0.2838924030462901
270,2.0,5.0,45.0,0.3,0.0,74.0,0.20606252799431482
271,2.0,5.0,45.0,0.3,10.0,41.0,0.20776649316151938
272,2.0,5.0,45.0,0.3,100.0,55.0,0.19888805598020554
273,2.0,5.0,45.0,0.3,1000.0,51.0,0.19803690910339355
274,2.0,5.0,45.0,0.3,10000.0,52.0,0.1899164840579033
275,2.0,5.0,45.0,0.5,0.0,74.0,0.20395338535308838
276,2.0,5.0,45.0,0.5,10.0,45.0,0.21028408904870352
277,2.0,5.0,45.0,0.5,100.0,64.0,0.20810418079296747
278,2.0,5.0,45.0,0.5,1000.0,59.0,0.2098381519317627
279,2.0,5.0,45.0,0.5,10000.0,47.0,0.21116125583648682
280,2.0,5.0,45.0,0.7,0.0,107.0,0.22498552749554315
281,2.0,5.0,45.0,0.7,10.0,57.0,0.23931575814882913
282,2.0,5.0,45.0,0.7,100.0,82.0,0.22642379254102707
283,2.0,5.0,45.0,0.7,1000.0,59.0,0.2554580469926198
284,2.0,5.0,45.0,0.7,10000.0,83.0,0.24392272531986237
285,2.0,5.0,50.0,0.3,0.0,79.0,0.192610373099645
286,2.0,5.0,50.0,0.3,10.0,48.0,0.19663195808728537
287,2.0,5.0,50.0,0.3,100.0,50.0,0.193985595057408
288,2.0,5.0,50.0,0.3,1000.0,54.0,0.20053164660930634
289,2.0,5.0,50.0,0.3,10000.0,51.0,0.19195369382699332
290,2.0,5.0,50.0,0.5,0.0,106.0,0.19252133866151175
291,2.0,5.0,50.0,0.5,10.0,48.0,0.20238188157478967
292,2.0,5.0,50.0,0.5,100.0,66.0,0.19734076410531998
293,2.0,5.0,50.0,0.5,1000.0,59.0,0.20464694748322168
294,2.0,5.0,50.0,0.5,10000.0,50.0,0.2134662320216497
295,2.0,5.0,50.0,0.7,0.0,124.0,0.2152265657981237
296,2.0,5.0,50.0,0.7,10.0,63.0,0.25083062549432117
297,2.0,5.0,50.0,0.7,100.0,87.0,0.22660986830790839
298,2.0,5.0,50.0,0.7,1000.0,58.0,0.24610312283039093
299,2.0,5.0,50.0,0.7,10000.0,69.0,0.26511265834172565
300,1.0,10.0,5.0,0.3,0.0,80.0,0.20684712131818137
301,1.0,10.0,5.0,0.3,10.0,56.0,0.1911205326517423
302,1.0,10.0,5.0,0.3,100.0,65.0,0.19698454439640045
303,1.0,10.0,5.0,0.3,1000.0,58.0,0.20189180970191956
304,1.0,10.0,5.0,0.3,10000.0,85.0,0.20891441653172174
305,1.0,10.0,5.0,0.5,0.0,62.0,0.23308423658212027
306,1.0,10.0,5.0,0.5,10.0,58.0,0.21574456244707108
307,1.0,10.0,5.0,0.5,100.0,72.0,0.22799013058344522
308,1.0,10.0,5.0,0.5,1000.0,71.0,0.21951026717821756
309,1.0,10.0,5.0,0.5,10000.0,78.0,0.2214940736691157
310,1.0,10.0,5.0,0.7,0.0,71.0,0.29344597458839417
311,1.0,10.0,5.0,0.7,10.0,99.0,0.28980227808157605
312,1.0,10.0,5.0,0.7,100.0,101.0,0.2790140559275945
313,1.0,10.0,5.0,0.7,1000.0,67.0,0.3037468244632085
314,1.0,10.0,5.0,0.7,10000.0,66.0,0.2940024485190709
315,1.0,10.0,10.0,0.3,0.0,100.0,0.19756425668795904
316,1.0,10.0,10.0,0.3,10.0,74.0,0.18937629709641138
317,1.0,10.0,10.0,0.3,100.0,66.0,0.19791515419880548
318,1.0,10.0,10.0,0.3,1000.0,50.0,0.20610825469096503
319,1.0,10.0,10.0,0.3,10000.0,63.0,0.21402707199255624
320,1.0,10.0,10.0,0.5,0.0,92.0,0.19414630283912024
321,1.0,10.0,10.0,0.5,10.0,70.0,0.19371691594521204
322,1.0,10.0,10.0,0.5,100.0,79.0,0.19019529471794763
323,1.0,10.0,10.0,0.5,1000.0,91.0,0.20312616477409998
324,1.0,10.0,10.0,0.5,10000.0,78.0,0.20696504910786948
325,1.0,10.0,10.0,0.7,0.0,83.0,0.2330962618192037
326,1.0,10.0,10.0,0.7,10.0,70.0,0.23155907293160757
327,1.0,10.0,10.0,0.7,100.0,71.0,0.22932429611682892
328,1.0,10.0,10.0,0.7,1000.0,107.0,0.26696481307347614
329,1.0,10.0,10.0,0.7,10000.0,66.0,0.23729458451271057
330,1.0,10.0,15.0,0.3,0.0,66.0,0.20317142953475317
331,1.0,10.0,15.0,0.3,10.0,45.0,0.20286946247021356
332,1.0,10.0,15.0,0.3,100.0,68.0,0.19695841521024704
333,1.0,10.0,15.0,0.3,1000.0,61.0,0.20101085056861243
334,1.0,10.0,15.0,0.3,10000.0,57.0,0.1873322476943334
335,1.0,10.0,15.0,0.5,0.0,59.0,0.20534676313400269
336,1.0,10.0,15.0,0.5,10.0,51.0,0.2102761467297872
337,1.0,10.0,15.0,0.5,100.0,58.0,0.19412404050429663
338,1.0,10.0,15.0,0.5,1000.0,59.0,0.20497016857067743
339,1.0,10.0,15.0,0.5,10000.0,61.0,0.18446449687083563
340,1.0,10.0,15.0,0.7,0.0,60.0,0.2311926633119583
341,1.0,10.0,15.0,0.7,10.0,77.0,0.21501994132995605
342,1.0,10.0,15.0,0.7,100.0,64.0,0.21580364306767783
343,1.0,10.0,15.0,0.7,1000.0,81.0,0.22209932406743368
344,1.0,10.0,15.0,0.7,10000.0,71.0,0.20645222316185632
345,1.0,10.0,20.0,0.3,0.0,66.0,0.1887051040927569
346,1.0,10.0,20.0,0.3,10.0,45.0,0.19807671010494232
347,1.0,10.0,20.0,0.3,100.0,67.0,0.19154015431801477
348,1.0,10.0,20.0,0.3,1000.0,45.0,0.2057169700662295
349,1.0,10.0,20.0,0.3,10000.0,55.0,0.22434709717830023
350,1.0,10.0,20.0,0.5,0.0,70.0,0.1831065391500791
351,1.0,10.0,20.0,0.5,10.0,59.0,0.19426985830068588
352,1.0,10.0,20.0,0.5,100.0,61.0,0.18718523780504862
353,1.0,10.0,20.0,0.5,1000.0,50.0,0.19975789139668146
354,1.0,10.0,20.0,0.5,10000.0,73.0,0.21305696417888006
355,1.0,10.0,20.0,0.7,0.0,87.0,0.20920408268769583
356,1.0,10.0,20.0,0.7,10.0,80.0,0.20853676398595175
357,1.0,10.0,20.0,0.7,100.0,66.0,0.21145957708358765
358,1.0,10.0,20.0,0.7,1000.0,65.0,0.2119689335425695
359,1.0,10.0,20.0,0.7,10000.0,70.0,0.21939137081305185
360,1.0,10.0,25.0,0.3,0.0,52.0,0.20650318264961243
361,1.0,10.0,25.0,0.3,10.0,44.0,0.19950379927953085
362,1.0,10.0,25.0,0.3,100.0,47.0,0.2092317541440328
363,1.0,10.0,25.0,0.3,1000.0,57.0,0.2087144280473391
364,1.0,10.0,25.0,0.3,10000.0,53.0,0.22013639907042185
365,1.0,10.0,25.0,0.5,0.0,89.0,0.1979906509319941
366,1.0,10.0,25.0,0.5,10.0,49.0,0.19499856978654861
367,1.0,10.0,25.0,0.5,100.0,67.0,0.19277517745892206
368,1.0,10.0,25.0,0.5,1000.0,88.0,0.20375541597604752
369,1.0,10.0,25.0,0.5,10000.0,57.0,0.20106476296981177
370,1.0,10.0,25.0,0.7,0.0,89.0,0.21002410848935446
371,1.0,10.0,25.0,0.7,10.0,97.0,0.2014272982875506
372,1.0,10.0,25.0,0.7,100.0,76.0,0.19823632637659708
373,1.0,10.0,25.0,0.7,1000.0,81.0,0.21718746920426688
374,1.0,10.0,25.0,0.7,10000.0,69.0,0.2208839307228724
375,1.0,10.0,30.0,0.3,0.0,58.0,0.19199494272470474
376,1.0,10.0,30.0,0.3,10.0,50.0,0.20552373429139456
377,1.0,10.0,30.0,0.3,100.0,62.0,0.1962908705075582
378,1.0,10.0,30.0,0.3,1000.0,44.0,0.21451765795548758
379,1.0,10.0,30.0,0.3,10000.0,45.0,0.20490719874699911
380,1.0,10.0,30.0,0.5,0.0,70.0,0.1872091144323349
381,1.0,10.0,30.0,0.5,10.0,51.0,0.19764635215202966
382,1.0,10.0,30.0,0.5,100.0,61.0,0.191100945075353
383,1.0,10.0,30.0,0.5,1000.0,60.0,0.20762518793344498
384,1.0,10.0,30.0,0.5,10000.0,47.0,0.1944344863295555
385,1.0,10.0,30.0,0.7,0.0,58.0,0.19629083077112833
386,1.0,10.0,30.0,0.7,10.0,95.0,0.2001582309603691
387,1.0,10.0,30.0,0.7,100.0,66.0,0.20455446590979895
388,1.0,10.0,30.0,0.7,1000.0,65.0,0.20602291822433472
389,1.0,10.0,30.0,0.7,10000.0,63.0,0.20264170318841934
390,1.0,10.0,35.0,0.3,0.0,50.0,0.1941829671462377
391,1.0,10.0,35.0,0.3,10.0,41.0,0.19631434107820192
392,1.0,10.0,35.0,0.3,100.0,39.0,0.20813370496034622
393,1.0,10.0,35.0,0.3,1000.0,42.0,0.2118931512037913
394,1.0,10.0,35.0,0.3,10000.0,49.0,0.19564950466156006
395,1.0,10.0,35.0,0.5,0.0,44.0,0.19248156994581223
396,1.0,10.0,35.0,0.5,10.0,50.0,0.19731447597344717
397,1.0,10.0,35.0,0.5,100.0,44.0,0.19797552625338236
398,1.0,10.0,35.0,0.5,1000.0,54.0,0.21048260728518167
399,1.0,10.0,35.0,0.5,10000.0,47.0,0.1876847967505455
400,1.0,10.0,35.0,0.7,0.0,56.0,0.20723666747411093
401,1.0,10.0,35.0,0.7,10.0,55.0,0.20086960742870966
402,1.0,10.0,35.0,0.7,100.0,40.0,0.20947938164075217
403,1.0,10.0,35.0,0.7,1000.0,82.0,0.20768693834543228
404,1.0,10.0,35.0,0.7,10000.0,62.0,0.1950986608862877
405,1.0,10.0,40.0,0.3,0.0,45.0,0.20203511913617453
406,1.0,10.0,40.0,0.3,10.0,45.0,0.19239433109760284
407,1.0,10.0,40.0,0.3,100.0,52.0,0.19375759611527124
408,1.0,10.0,40.0,0.3,1000.0,38.0,0.2065826579928398
409,1.0,10.0,40.0,0.3,10000.0,47.0,0.2040413791934649
410,1.0,10.0,40.0,0.5,0.0,50.0,0.19395202895005545
411,1.0,10.0,40.0,0.5,10.0,55.0,0.1878256176908811
412,1.0,10.0,40.0,0.5,100.0,52.0,0.18247971187035242
413,1.0,10.0,40.0,0.5,1000.0,81.0,0.1992540086309115
414,1.0,10.0,40.0,0.5,10000.0,54.0,0.19978508353233337
415,1.0,10.0,40.0,0.7,0.0,62.0,0.19848525524139404
416,1.0,10.0,40.0,0.7,10.0,91.0,0.19753288477659225
417,1.0,10.0,40.0,0.7,100.0,58.0,0.19588643312454224
418,1.0,10.0,40.0,0.7,1000.0,81.0,0.2087320014834404
419,1.0,10.0,40.0,0.7,10000.0,49.0,0.19746775925159454
420,1.0,10.0,45.0,0.3,0.0,49.0,0.19948708762725195
421,1.0,10.0,45.0,0.3,10.0,34.0,0.22174277901649475
422,1.0,10.0,45.0,0.3,100.0,45.0,0.19655701518058777
423,1.0,10.0,45.0,0.3,1000.0,42.0,0.20570885638395944
424,1.0,10.0,45.0,0.3,10000.0,35.0,0.21616969257593155
425,1.0,10.0,45.0,0.5,0.0,55.0,0.1905207633972168
426,1.0,10.0,45.0,0.5,10.0,42.0,0.2075780207912127
427,1.0,10.0,45.0,0.5,100.0,47.0,0.1939904193083445
428,1.0,10.0,45.0,0.5,1000.0,73.0,0.20341341445843378
429,1.0,10.0,45.0,0.5,10000.0,47.0,0.21438547472159067
430,1.0,10.0,45.0,0.7,0.0,67.0,0.200905313094457
431,1.0,10.0,45.0,0.7,10.0,72.0,0.20349102964003882
432,1.0,10.0,45.0,0.7,100.0,61.0,0.2080975423256556
433,1.0,10.0,45.0,0.7,1000.0,67.0,0.2086008613308271
434,1.0,10.0,45.0,0.7,10000.0,48.0,0.20574851830800375
435,1.0,10.0,50.0,0.3,0.0,47.0,0.19844924906889597
436,1.0,10.0,50.0,0.3,10.0,49.0,0.20967605958382288
437,1.0,10.0,50.0,0.3,100.0,66.0,0.19462978839874268
438,1.0,10.0,50.0,0.3,1000.0,42.0,0.1995267296830813
439,1.0,10.0,50.0,0.3,10000.0,40.0,0.20606502890586853
440,1.0,10.0,50.0,0.5,0.0,54.0,0.19571938862403235
441,1.0,10.0,50.0,0.5,10.0,49.0,0.1961281696955363
442,1.0,10.0,50.0,0.5,100.0,58.0,0.19846544166405997
443,1.0,10.0,50.0,0.5,1000.0,44.0,0.19258287300666174
444,1.0,10.0,50.0,0.5,10000.0,47.0,0.20189285775025687
445,1.0,10.0,50.0,0.7,0.0,69.0,0.20421583702166876
446,1.0,10.0,50.0,0.7,10.0,64.0,0.19382582108179727
447,1.0,10.0,50.0,0.7,100.0,58.0,0.21048705776532492
448,1.0,10.0,50.0,0.7,1000.0,59.0,0.1996215134859085
449,1.0,10.0,50.0,0.7,10000.0,61.0,0.2035281533996264
450,2.0,10.0,5.0,0.3,0.0,62.0,0.18884493658939996
451,2.0,10.0,5.0,0.3,10.0,113.0,0.24479534973700842
452,2.0,10.0,5.0,0.3,100.0,115.0,0.21895510703325272
453,2.0,10.0,5.0,0.3,1000.0,58.0,0.19809908171494803
454,2.0,10.0,5.0,0.3,10000.0,81.0,0.2102356826265653
455,2.0,10.0,5.0,0.5,0.0,57.0,0.22961300114790598
456,2.0,10.0,5.0,0.5,10.0,96.0,0.279120534658432
457,2.0,10.0,5.0,0.5,100.0,71.0,0.2436822752157847
458,2.0,10.0,5.0,0.5,1000.0,80.0,0.22339841723442078
459,2.0,10.0,5.0,0.5,10000.0,78.0,0.23423403998215994
460,2.0,10.0,5.0,0.7,0.0,61.0,0.30063798030217487
461,2.0,10.0,5.0,0.7,10.0,119.0,0.28376490871111554
462,2.0,10.0,5.0,0.7,100.0,58.0,0.2986341913541158
463,2.0,10.0,5.0,0.7,1000.0,84.0,0.30956317981084186
464,2.0,10.0,5.0,0.7,10000.0,92.0,0.29920490086078644
465,2.0,10.0,10.0,0.3,0.0,53.0,0.19982581585645676
466,2.0,10.0,10.0,0.3,10.0,49.0,0.20380192250013351
467,2.0,10.0,10.0,0.3,100.0,45.0,0.19609694431225458
468,2.0,10.0,10.0,0.3,1000.0,44.0,0.20441572864850363
469,2.0,10.0,10.0,0.3,10000.0,58.0,0.2063925340771675
470,2.0,10.0,10.0,0.5,0.0,37.0,0.21163837114969888
471,2.0,10.0,10.0,0.5,10.0,42.0,0.2145891636610031
472,2.0,10.0,10.0,0.5,100.0,43.0,0.20627389351526895
473,2.0,10.0,10.0,0.5,1000.0,38.0,0.20694251110156378
474,2.0,10.0,10.0,0.5,10000.0,48.0,0.21011312305927277
475,2.0,10.0,10.0,0.7,0.0,81.0,0.24259020884831747
476,2.0,10.0,10.0,0.7,10.0,58.0,0.2408420741558075
477,2.0,10.0,10.0,0.7,100.0,66.0,0.24471057454744974
478,2.0,10.0,10.0,0.7,1000.0,67.0,0.24134322504202524
479,2.0,10.0,10.0,0.7,10000.0,62.0,0.242258682847023
480,2.0,10.0,15.0,0.3,0.0,41.0,0.2079777643084526
481,2.0,10.0,15.0,0.3,10.0,43.0,0.20282933364311853
482,2.0,10.0,15.0,0.3,100.0,45.0,0.20358316600322723
483,2.0,10.0,15.0,0.3,1000.0,36.0,0.20728819072246552
484,2.0,10.0,15.0,0.3,10000.0,44.0,0.20739535490671793
485,2.0,10.0,15.0,0.5,0.0,37.0,0.20701391498247781
486,2.0,10.0,15.0,0.5,10.0,47.0,0.19628572960694632
487,2.0,10.0,15.0,0.5,100.0,54.0,0.20741573721170425
488,2.0,10.0,15.0,0.5,1000.0,35.0,0.20427903036276499
489,2.0,10.0,15.0,0.5,10000.0,44.0,0.2100571244955063
490,2.0,10.0,15.0,0.7,0.0,38.0,0.2349830468495687
491,2.0,10.0,15.0,0.7,10.0,52.0,0.21941176305214563
492,2.0,10.0,15.0,0.7,100.0,81.0,0.22625059386094412
493,2.0,10.0,15.0,0.7,1000.0,44.0,0.23163982729117075
494,2.0,10.0,15.0,0.7,10000.0,45.0,0.23828996221224466
495,2.0,10.0,20.0,0.3,0.0,35.0,0.20140986144542694
496,2.0,10.0,20.0,0.3,10.0,40.0,0.20392552266518274
497,2.0,10.0,20.0,0.3,100.0,44.0,0.2030432124932607
498,2.0,10.0,20.0,0.3,1000.0,35.0,0.20426010340452194
499,2.0,10.0,20.0,0.3,10000.0,36.0,0.2126604144771894
500,2.0,10.0,20.0,0.5,0.0,44.0,0.20287911345561346
501,2.0,10.0,20.0,0.5,10.0,40.0,0.20232647905747095
502,2.0,10.0,20.0,0.5,100.0,41.0,0.20011388510465622
503,2.0,10.0,20.0,0.5,1000.0,34.0,0.20089306185642877
504,2.0,10.0,20.0,0.5,10000.0,40.0,0.20872349540392557
505,2.0,10.0,20.0,0.7,0.0,66.0,0.23087016741434732
506,2.0,10.0,20.0,0.7,10.0,50.0,0.22433314472436905
507,2.0,10.0,20.0,0.7,100.0,66.0,0.21139723310867944
508,2.0,10.0,20.0,0.7,1000.0,50.0,0.2174434314171473
509,2.0,10.0,20.0,0.7,10000.0,42.0,0.22147576014200845
510,2.0,10.0,25.0,0.3,0.0,41.0,0.20340193311373392
511,2.0,10.0,25.0,0.3,10.0,42.0,0.19756067544221878
512,2.0,10.0,25.0,0.3,100.0,51.0,0.20613322903712591
513,2.0,10.0,25.0,0.3,1000.0,44.0,0.1963250810901324
514,2.0,10.0,25.0,0.3,10000.0,40.0,0.20281836638847986
515,2.0,10.0,25.0,0.5,0.0,44.0,0.19729359447956085
516,2.0,10.0,25.0,0.5,10.0,42.0,0.20157307634751
517,2.0,10.0,25.0,0.5,100.0,49.0,0.19879194100697836
518,2.0,10.0,25.0,0.5,1000.0,53.0,0.1934530884027481
519,2.0,10.0,25.0,0.5,10000.0,43.0,0.20972481866677603
520,2.0,10.0,25.0,0.7,0.0,78.0,0.21695647885402045
521,2.0,10.0,25.0,0.7,10.0,63.0,0.20863634099562964
522,2.0,10.0,25.0,0.7,100.0,58.0,0.2099179228146871
523,2.0,10.0,25.0,0.7,1000.0,53.0,0.20681975285212198
524,2.0,10.0,25.0,0.7,10000.0,42.0,0.2301107496023178
525,2.0,10.0,30.0,0.3,0.0,33.0,0.2170432930191358
526,2.0,10.0,30.0,0.3,10.0,33.0,0.21562936156988144
527,2.0,10.0,30.0,0.3,100.0,35.0,0.19835292051235834
528,2.0,10.0,30.0,0.3,1000.0,37.0,0.2086991692582766
529,2.0,10.0,30.0,0.3,10000.0,39.0,0.2130130132039388
530,2.0,10.0,30.0,0.5,0.0,35.0,0.2176521271467209
531,2.0,10.0,30.0,0.5,10.0,36.0,0.21072008709112802
532,2.0,10.0,30.0,0.5,100.0,45.0,0.19602440545956293
533,2.0,10.0,30.0,0.5,1000.0,35.0,0.20111112296581268
534,2.0,10.0,30.0,0.5,10000.0,40.0,0.20840221891800562
535,2.0,10.0,30.0,0.7,0.0,61.0,0.2145794779062271
536,2.0,10.0,30.0,0.7,10.0,46.0,0.22090091556310654
537,2.0,10.0,30.0,0.7,100.0,43.0,0.19628536204497019
538,2.0,10.0,30.0,0.7,1000.0,44.0,0.21490356822808585
539,2.0,10.0,30.0,0.7,10000.0,47.0,0.2167104110121727
540,2.0,10.0,35.0,0.3,0.0,34.0,0.2112656111518542
541,2.0,10.0,35.0,0.3,10.0,36.0,0.20765364542603493
542,2.0,10.0,35.0,0.3,100.0,41.0,0.2055246109763781
543,2.0,10.0,35.0,0.3,1000.0,36.0,0.2109704241156578
544,2.0,10.0,35.0,0.3,10000.0,35.0,0.21313421676556268
545,2.0,10.0,35.0,0.5,0.0,34.0,0.20481652269760767
546,2.0,10.0,35.0,0.5,10.0,37.0,0.2051639954249064
547,2.0,10.0,35.0,0.5,100.0,33.0,0.20572511355082193
548,2.0,10.0,35.0,0.5,1000.0,35.0,0.20955640077590942
549,2.0,10.0,35.0,0.5,10000.0,35.0,0.2150880123178164
550,2.0,10.0,35.0,0.7,0.0,51.0,0.210214393834273
551,2.0,10.0,35.0,0.7,10.0,58.0,0.21347921590010324
552,2.0,10.0,35.0,0.7,100.0,39.0,0.20937880128622055
553,2.0,10.0,35.0,0.7,1000.0,65.0,0.20054449886083603
554,2.0,10.0,35.0,0.7,10000.0,44.0,0.21912436683972678
555,2.0,10.0,40.0,0.3,0.0,41.0,0.2022514765461286
556,2.0,10.0,40.0,0.3,10.0,35.0,0.2078366776307424
557,2.0,10.0,40.0,0.3,100.0,40.0,0.2079992244640986
558,2.0,10.0,40.0,0.3,1000.0,33.0,0.2004122187693914
559,2.0,10.0,40.0,0.3,10000.0,34.0,0.2133551836013794
560,2.0,10.0,40.0,0.5,0.0,38.0,0.19263199965159097
561,2.0,10.0,40.0,0.5,10.0,36.0,0.20286117742458978
562,2.0,10.0,40.0,0.5,100.0,40.0,0.2108395000298818
563,2.0,10.0,40.0,0.5,1000.0,35.0,0.20046007881561914
564,2.0,10.0,40.0,0.5,10000.0,35.0,0.21161694576342902
565,2.0,10.0,40.0,0.7,0.0,41.0,0.20558156073093414
566,2.0,10.0,40.0,0.7,10.0,37.0,0.20414477835098901
567,2.0,10.0,40.0,0.7,100.0,50.0,0.21564669907093048
568,2.0,10.0,40.0,0.7,1000.0,40.0,0.2165995935599009
569,2.0,10.0,40.0,0.7,10000.0,38.0,0.221712626516819
570,2.0,10.0,45.0,0.3,0.0,36.0,0.20747671276330948
571,2.0,10.0,45.0,0.3,10.0,37.0,0.200837974747022
572,2.0,10.0,45.0,0.3,100.0,44.0,0.19878204663594565
573,2.0,10.0,45.0,0.3,1000.0,33.0,0.21272519479195276
574,2.0,10.0,45.0,0.3,10000.0,30.0,0.21102716773748398
575,2.0,10.0,45.0,0.5,0.0,33.0,0.20326701800028482
576,2.0,10.0,45.0,0.5,10.0,35.0,0.19604336470365524
577,2.0,10.0,45.0,0.5,100.0,48.0,0.19767921914656958
578,2.0,10.0,45.0,0.5,1000.0,33.0,0.20840538293123245
579,2.0,10.0,45.0,0.5,10000.0,34.0,0.21132305264472961
580,2.0,10.0,45.0,0.7,0.0,35.0,0.2109800527493159
581,2.0,10.0,45.0,0.7,10.0,40.0,0.21245878686507544
582,2.0,10.0,45.0,0.7,100.0,72.0,0.1945615236957868
583,2.0,10.0,45.0,0.7,1000.0,32.0,0.21221587310234705
584,2.0,10.0,45.0,0.7,10000.0,36.0,0.21875808387994766
585,2.0,10.0,50.0,0.3,0.0,38.0,0.20128310968478522
586,2.0,10.0,50.0,0.3,10.0,38.0,0.21429513891537985
587,2.0,10.0,50.0,0.3,100.0,44.0,0.2026799221833547
588,2.0,10.0,50.0,0.3,1000.0,35.0,0.21235879510641098
589,2.0,10.0,50.0,0.3,10000.0,34.0,0.21303110073010126
590,2.0,10.0,50.0,0.5,0.0,38.0,0.19647796700398126
591,2.0,10.0,50.0,0.5,10.0,38.0,0.20407905926307043
592,2.0,10.0,50.0,0.5,100.0,44.0,0.19699835032224655
593,2.0,10.0,50.0,0.5,1000.0,37.0,0.20737194021542868
594,2.0,10.0,50.0,0.5,10000.0,40.0,0.209691954155763
595,2.0,10.0,50.0,0.7,0.0,47.0,0.21306237826744714
596,2.0,10.0,50.0,0.7,10.0,58.0,0.20636687924464545
597,2.0,10.0,50.0,0.7,100.0,45.0,0.20722567538420358
598,2.0,10.0,50.0,0.7,1000.0,41.0,0.21310128271579742
599,2.0,10.0,50.0,0.7,10000.0,40.0,0.21963533014059067
600,1.0,15.0,5.0,0.3,0.0,65.0,0.19562502205371857
601,1.0,15.0,5.0,0.3,10.0,48.0,0.2045946717262268
602,1.0,15.0,5.0,0.3,100.0,59.0,0.19503148645162582
603,1.0,15.0,5.0,0.3,1000.0,48.0,0.20204626768827438
604,1.0,15.0,5.0,0.3,10000.0,42.0,0.22230017185211182
605,1.0,15.0,5.0,0.5,0.0,67.0,0.21609337131182352
606,1.0,15.0,5.0,0.5,10.0,62.0,0.21884435911973318
607,1.0,15.0,5.0,0.5,100.0,71.0,0.21597307175397873
608,1.0,15.0,5.0,0.5,1000.0,59.0,0.21826837956905365
609,1.0,15.0,5.0,0.5,10000.0,59.0,0.21506163477897644
610,1.0,15.0,5.0,0.7,0.0,63.0,0.28188665211200714
611,1.0,15.0,5.0,0.7,10.0,55.0,0.2742253988981247
612,1.0,15.0,5.0,0.7,100.0,57.0,0.2896772772073746
613,1.0,15.0,5.0,0.7,1000.0,55.0,0.28873111307621
614,1.0,15.0,5.0,0.7,10000.0,62.0,0.27092504501342773
615,1.0,15.0,10.0,0.3,0.0,80.0,0.19602802892525992
616,1.0,15.0,10.0,0.3,10.0,52.0,0.1926230862736702
617,1.0,15.0,10.0,0.3,100.0,47.0,0.18945302565892538
618,1.0,15.0,10.0,0.3,1000.0,51.0,0.19726447016000748
619,1.0,15.0,10.0,0.3,10000.0,51.0,0.1998112772901853
620,1.0,15.0,10.0,0.5,0.0,52.0,0.2007845217982928
621,1.0,15.0,10.0,0.5,10.0,58.0,0.20368720094362894
622,1.0,15.0,10.0,0.5,100.0,47.0,0.18996401876211166
623,1.0,15.0,10.0,0.5,1000.0,60.0,0.20416533946990967
624,1.0,15.0,10.0,0.5,10000.0,65.0,0.20882806181907654
625,1.0,15.0,10.0,0.7,0.0,62.0,0.23204563558101654
626,1.0,15.0,10.0,0.7,10.0,85.0,0.22748366991678873
627,1.0,15.0,10.0,0.7,100.0,69.0,0.22107897202173868
628,1.0,15.0,10.0,0.7,1000.0,58.0,0.22553540766239166
629,1.0,15.0,10.0,0.7,10000.0,62.0,0.2266739954551061
630,1.0,15.0,15.0,0.3,0.0,36.0,0.20250917971134186
631,1.0,15.0,15.0,0.3,10.0,29.0,0.22465108086665472
632,1.0,15.0,15.0,0.3,100.0,58.0,0.19429647425810495
633,1.0,15.0,15.0,0.3,1000.0,47.0,0.21828380227088928
634,1.0,15.0,15.0,0.3,10000.0,53.0,0.20491092403729758
635,1.0,15.0,15.0,0.5,0.0,46.0,0.19363664587338766
636,1.0,15.0,15.0,0.5,10.0,57.0,0.20681171119213104
637,1.0,15.0,15.0,0.5,100.0,68.0,0.19453970342874527
638,1.0,15.0,15.0,0.5,1000.0,39.0,0.2169887994726499
639,1.0,15.0,15.0,0.5,10000.0,83.0,0.20320748537778854
640,1.0,15.0,15.0,0.7,0.0,55.0,0.2139571284254392
641,1.0,15.0,15.0,0.7,10.0,60.0,0.20814557621876398
642,1.0,15.0,15.0,0.7,100.0,59.0,0.21571754912535349
643,1.0,15.0,15.0,0.7,1000.0,62.0,0.21488013615210852
644,1.0,15.0,15.0,0.7,10000.0,92.0,0.21668262779712677
645,1.0,15.0,20.0,0.3,0.0,42.0,0.20884006967147192
646,1.0,15.0,20.0,0.3,10.0,58.0,0.20358313620090485
647,1.0,15.0,20.0,0.3,100.0,50.0,0.19380613913138708
648,1.0,15.0,20.0,0.3,1000.0,41.0,0.2044459879398346
649,1.0,15.0,20.0,0.3,10000.0,44.0,0.21758496016263962
650,1.0,15.0,20.0,0.5,0.0,44.0,0.20026608059803644
651,1.0,15.0,20.0,0.5,10.0,58.0,0.19975784420967102
652,1.0,15.0,20.0,0.5,100.0,47.0,0.18888063728809357
653,1.0,15.0,20.0,0.5,1000.0,40.0,0.20579312990109125
654,1.0,15.0,20.0,0.5,10000.0,41.0,0.20857098946968713
655,1.0,15.0,20.0,0.7,0.0,58.0,0.20324119925498962
656,1.0,15.0,20.0,0.7,10.0,62.0,0.20283849785725275
657,1.0,15.0,20.0,0.7,100.0,47.0,0.19762876133124033
658,1.0,15.0,20.0,0.7,1000.0,53.0,0.20877725382645926
659,1.0,15.0,20.0,0.7,10000.0,63.0,0.2043717528382937
660,1.0,15.0,25.0,0.3,0.0,36.0,0.20738846311966577
661,1.0,15.0,25.0,0.3,10.0,35.0,0.2116676022609075
662,1.0,15.0,25.0,0.3,100.0,39.0,0.20319765557845434
663,1.0,15.0,25.0,0.3,1000.0,35.0,0.19531828661759695
664,1.0,15.0,25.0,0.3,10000.0,42.0,0.20301614701747894
665,1.0,15.0,25.0,0.5,0.0,55.0,0.19198566178480783
666,1.0,15.0,25.0,0.5,10.0,35.0,0.2096351757645607
667,1.0,15.0,25.0,0.5,100.0,59.0,0.19311833630005518
668,1.0,15.0,25.0,0.5,1000.0,42.0,0.1958693265914917
669,1.0,15.0,25.0,0.5,10000.0,47.0,0.18888515482346216
670,1.0,15.0,25.0,0.7,0.0,56.0,0.20415782183408737
671,1.0,15.0,25.0,0.7,10.0,50.0,0.20444891850153604
672,1.0,15.0,25.0,0.7,100.0,66.0,0.19488109399875006
673,1.0,15.0,25.0,0.7,1000.0,53.0,0.1996976857384046
674,1.0,15.0,25.0,0.7,10000.0,48.0,0.19747931013504663
675,1.0,15.0,30.0,0.3,0.0,45.0,0.19789626821875572
676,1.0,15.0,30.0,0.3,10.0,38.0,0.20900443693002066
677,1.0,15.0,30.0,0.3,100.0,38.0,0.19748968382676443
678,1.0,15.0,30.0,0.3,1000.0,35.0,0.20564420521259308
679,1.0,15.0,30.0,0.3,10000.0,46.0,0.21164608001708984
680,1.0,15.0,30.0,0.5,0.0,62.0,0.19655952354272208
681,1.0,15.0,30.0,0.5,10.0,46.0,0.20690836509068808
682,1.0,15.0,30.0,0.5,100.0,42.0,0.19278634587923685
683,1.0,15.0,30.0,0.5,1000.0,38.0,0.19676292687654495
684,1.0,15.0,30.0,0.5,10000.0,50.0,0.21271484841903052
685,1.0,15.0,30.0,0.7,0.0,59.0,0.1951748033364614
686,1.0,15.0,30.0,0.7,10.0,62.0,0.21206740041573843
687,1.0,15.0,30.0,0.7,100.0,59.0,0.19957676281531653
688,1.0,15.0,30.0,0.7,1000.0,43.0,0.20547986030578613
689,1.0,15.0,30.0,0.7,10000.0,71.0,0.198347474137942
690,1.0,15.0,35.0,0.3,0.0,40.0,0.1995342050989469
691,1.0,15.0,35.0,0.3,10.0,31.0,0.22642131398121515
692,1.0,15.0,35.0,0.3,100.0,45.0,0.2011294091741244
693,1.0,15.0,35.0,0.3,1000.0,43.0,0.21102232237656912
694,1.0,15.0,35.0,0.3,10000.0,37.0,0.22012011458476385
695,1.0,15.0,35.0,0.5,0.0,52.0,0.19323925177256265
696,1.0,15.0,35.0,0.5,10.0,41.0,0.21737524618705115
697,1.0,15.0,35.0,0.5,100.0,46.0,0.1944072296222051
698,1.0,15.0,35.0,0.5,1000.0,39.0,0.19463695834080377
699,1.0,15.0,35.0,0.5,10000.0,37.0,0.20021086434523264
700,1.0,15.0,35.0,0.7,0.0,74.0,0.1892208755016327
701,1.0,15.0,35.0,0.7,10.0,76.0,0.20826454212268194
702,1.0,15.0,35.0,0.7,100.0,82.0,0.19412199407815933
703,1.0,15.0,35.0,0.7,1000.0,58.0,0.20440997431675592
704,1.0,15.0,35.0,0.7,10000.0,53.0,0.19696112722158432
705,1.0,15.0,40.0,0.3,0.0,40.0,0.19959381222724915
706,1.0,15.0,40.0,0.3,10.0,46.0,0.19983486086130142
707,1.0,15.0,40.0,0.3,100.0,40.0,0.1936210294564565
708,1.0,15.0,40.0,0.3,1000.0,40.0,0.20213177551825842
709,1.0,15.0,40.0,0.3,10000.0,46.0,0.2040860503911972
710,1.0,15.0,40.0,0.5,0.0,42.0,0.20640606681505838
711,1.0,15.0,40.0,0.5,10.0,49.0,0.19868668168783188
712,1.0,15.0,40.0,0.5,100.0,42.0,0.1952327067653338
713,1.0,15.0,40.0,0.5,1000.0,46.0,0.19640418390432993
714,1.0,15.0,40.0,0.5,10000.0,52.0,0.19557780027389526
715,1.0,15.0,40.0,0.7,0.0,52.0,0.20592019706964493
716,1.0,15.0,40.0,0.7,10.0,58.0,0.19029417634010315
717,1.0,15.0,40.0,0.7,100.0,46.0,0.19795272002617517
718,1.0,15.0,40.0,0.7,1000.0,57.0,0.1923879807194074
719,1.0,15.0,40.0,0.7,10000.0,82.0,0.2040289913614591
720,1.0,15.0,45.0,0.3,0.0,51.0,0.20601899921894073
721,1.0,15.0,45.0,0.3,10.0,46.0,0.2206182802716891
722,1.0,15.0,45.0,0.3,100.0,39.0,0.201931394636631
723,1.0,15.0,45.0,0.3,1000.0,39.0,0.20091701547304788
724,1.0,15.0,45.0,0.3,10000.0,39.0,0.2139334628979365
725,1.0,15.0,45.0,0.5,0.0,77.0,0.19501917312542597
726,1.0,15.0,45.0,0.5,10.0,46.0,0.20940021177132925
727,1.0,15.0,45.0,0.5,100.0,50.0,0.19542980442444483
728,1.0,15.0,45.0,0.5,1000.0,42.0,0.19517858574787775
729,1.0,15.0,45.0,0.5,10000.0,47.0,0.20520361761252084
730,1.0,15.0,45.0,0.7,0.0,63.0,0.1956506868203481
731,1.0,15.0,45.0,0.7,10.0,41.0,0.20117507129907608
732,1.0,15.0,45.0,0.7,100.0,49.0,0.19366023689508438
733,1.0,15.0,45.0,0.7,1000.0,50.0,0.19989223778247833
734,1.0,15.0,45.0,0.7,10000.0,60.0,0.20158023635546365
735,1.0,15.0,50.0,0.3,0.0,35.0,0.20689696570237479
736,1.0,15.0,50.0,0.3,10.0,55.0,0.20987967401742935
737,1.0,15.0,50.0,0.3,100.0,38.0,0.20788591603438059
738,1.0,15.0,50.0,0.3,1000.0,37.0,0.208168663084507
739,1.0,15.0,50.0,0.3,10000.0,39.0,0.22451369961102804
740,1.0,15.0,50.0,0.5,0.0,56.0,0.19952942430973053
741,1.0,15.0,50.0,0.5,10.0,58.0,0.19674043109019598
742,1.0,15.0,50.0,0.5,100.0,38.0,0.2055056095123291
743,1.0,15.0,50.0,0.5,1000.0,37.0,0.20592670639355978
744,1.0,15.0,50.0,0.5,10000.0,50.0,0.19876041760047278
745,1.0,15.0,50.0,0.7,0.0,46.0,0.2004855771859487
746,1.0,15.0,50.0,0.7,10.0,56.0,0.19596814115842184
747,1.0,15.0,50.0,0.7,100.0,46.0,0.21305910994609198
748,1.0,15.0,50.0,0.7,1000.0,60.0,0.19944756974776587
749,1.0,15.0,50.0,0.7,10000.0,80.0,0.2030583918094635
750,2.0,15.0,5.0,0.3,0.0,38.0,0.1959917495648066
751,2.0,15.0,5.0,0.3,10.0,76.0,0.193949264784654
752,2.0,15.0,5.0,0.3,100.0,63.0,0.1925304432710012
753,2.0,15.0,5.0,0.3,1000.0,49.0,0.20404002318779627
754,2.0,15.0,5.0,0.3,10000.0,52.0,0.19301019608974457
755,2.0,15.0,5.0,0.5,0.0,31.0,0.21930663039286932
756,2.0,15.0,5.0,0.5,10.0,51.0,0.21977530916531882
757,2.0,15.0,5.0,0.5,100.0,52.0,0.209536445637544
758,2.0,15.0,5.0,0.5,1000.0,60.0,0.2184671883781751
759,2.0,15.0,5.0,0.5,10000.0,49.0,0.21388944486776987
760,2.0,15.0,5.0,0.7,0.0,61.0,0.2804378966490428
761,2.0,15.0,5.0,0.7,10.0,65.0,0.28765320281187695
762,2.0,15.0,5.0,0.7,100.0,46.0,0.2830769171317418
763,2.0,15.0,5.0,0.7,1000.0,75.0,0.30241408944129944
764,2.0,15.0,5.0,0.7,10000.0,42.0,0.29327285289764404
765,2.0,15.0,10.0,0.3,0.0,46.0,0.19557346403598785
766,2.0,15.0,10.0,0.3,10.0,37.0,0.20440238465865454
767,2.0,15.0,10.0,0.3,100.0,41.0,0.2015309358636538
768,2.0,15.0,10.0,0.3,1000.0,37.0,0.19051061322291693
769,2.0,15.0,10.0,0.3,10000.0,45.0,0.20190618932247162
770,2.0,15.0,10.0,0.5,0.0,36.0,0.19765088707208633
771,2.0,15.0,10.0,0.5,10.0,43.0,0.21266927818457285
772,2.0,15.0,10.0,0.5,100.0,40.0,0.20542263984680176
773,2.0,15.0,10.0,0.5,1000.0,35.0,0.19445843994617462
774,2.0,15.0,10.0,0.5,10000.0,42.0,0.19296555469433466
775,2.0,15.0,10.0,0.7,0.0,38.0,0.22427000602086386
776,2.0,15.0,10.0,0.7,10.0,37.0,0.25208552181720734
777,2.0,15.0,10.0,0.7,100.0,39.0,0.23560504615306854
778,2.0,15.0,10.0,0.7,1000.0,53.0,0.23447571198145548
779,2.0,15.0,10.0,0.7,10000.0,42.0,0.23920807242393494
780,2.0,15.0,15.0,0.3,0.0,35.0,0.20335990687211355
781,2.0,15.0,15.0,0.3,10.0,34.0,0.2154032215476036
782,2.0,15.0,15.0,0.3,100.0,35.0,0.19397899508476257
783,2.0,15.0,15.0,0.3,1000.0,36.0,0.20110859225193659
784,2.0,15.0,15.0,0.3,10000.0,42.0,0.18904448797305426
785,2.0,15.0,15.0,0.5,0.0,35.0,0.20423217366139093
786,2.0,15.0,15.0,0.5,10.0,32.0,0.208088219165802
787,2.0,15.0,15.0,0.5,100.0,36.0,0.1925667921702067
788,2.0,15.0,15.0,0.5,1000.0,35.0,0.1975534980495771
789,2.0,15.0,15.0,0.5,10000.0,36.0,0.19238033890724182
790,2.0,15.0,15.0,0.7,0.0,35.0,0.21578027804692587
791,2.0,15.0,15.0,0.7,10.0,82.0,0.22127036501963934
792,2.0,15.0,15.0,0.7,100.0,43.0,0.21593684454758963
793,2.0,15.0,15.0,0.7,1000.0,41.0,0.21965671827395758
794,2.0,15.0,15.0,0.7,10000.0,38.0,0.2096661850810051
795,2.0,15.0,20.0,0.3,0.0,34.0,0.2036683758099874
796,2.0,15.0,20.0,0.3,10.0,31.0,0.2122505952914556
797,2.0,15.0,20.0,0.3,100.0,48.0,0.19709990421930948
798,2.0,15.0,20.0,0.3,1000.0,33.0,0.2099989801645279
799,2.0,15.0,20.0,0.3,10000.0,35.0,0.1997398386398951
800,2.0,15.0,20.0,0.5,0.0,37.0,0.1972584774096807
801,2.0,15.0,20.0,0.5,10.0,34.0,0.20026749124129614
802,2.0,15.0,20.0,0.5,100.0,35.0,0.1923079788684845
803,2.0,15.0,20.0,0.5,1000.0,39.0,0.20201213906208673
804,2.0,15.0,20.0,0.5,10000.0,37.0,0.19707723458607992
805,2.0,15.0,20.0,0.7,0.0,41.0,0.20958463847637177
806,2.0,15.0,20.0,0.7,10.0,37.0,0.21981668223937353
807,2.0,15.0,20.0,0.7,100.0,49.0,0.20629104723532996
808,2.0,15.0,20.0,0.7,1000.0,39.0,0.21355357269446054
809,2.0,15.0,20.0,0.7,10000.0,48.0,0.20962081104516983
810,2.0,15.0,25.0,0.3,0.0,43.0,0.19674148658911386
811,2.0,15.0,25.0,0.3,10.0,30.0,0.20878963669141135
812,2.0,15.0,25.0,0.3,100.0,32.0,0.20933386435111365
813,2.0,15.0,25.0,0.3,1000.0,31.0,0.20046879599491754
814,2.0,15.0,25.0,0.3,10000.0,28.0,0.20577012499173483
815,2.0,15.0,25.0,0.5,0.0,43.0,0.18750585118929544
816,2.0,15.0,25.0,0.5,10.0,30.0,0.20279293010632196
817,2.0,15.0,25.0,0.5,100.0,32.0,0.20626816401878992
818,2.0,15.0,25.0,0.5,1000.0,31.0,0.19258932520945868
819,2.0,15.0,25.0,0.5,10000.0,31.0,0.2010615865389506
820,2.0,15.0,25.0,0.7,0.0,47.0,0.18977057933807373
821,2.0,15.0,25.0,0.7,10.0,34.0,0.21928422649701437
822,2.0,15.0,25.0,0.7,100.0,68.0,0.20119683196147284
823,2.0,15.0,25.0,0.7,1000.0,39.0,0.19518806536992392
824,2.0,15.0,25.0,0.7,10000.0,39.0,0.20383614550034204
825,2.0,15.0,30.0,0.3,0.0,36.0,0.19271264473597208
826,2.0,15.0,30.0,0.3,10.0,31.0,0.20862223704655966
827,2.0,15.0,30.0,0.3,100.0,31.0,0.20934403936068216
828,2.0,15.0,30.0,0.3,1000.0,36.0,0.19409769276777902
829,2.0,15.0,30.0,0.3,10000.0,31.0,0.20293656239906946
830,2.0,15.0,30.0,0.5,0.0,36.0,0.19161973148584366
831,2.0,15.0,30.0,0.5,10.0,31.0,0.19886324554681778
832,2.0,15.0,30.0,0.5,100.0,29.0,0.20099694281816483
833,2.0,15.0,30.0,0.5,1000.0,36.0,0.19076727082331976
834,2.0,15.0,30.0,0.5,10000.0,33.0,0.1969752460718155
835,2.0,15.0,30.0,0.7,0.0,44.0,0.20022427290678024
836,2.0,15.0,30.0,0.7,10.0,31.0,0.20716514190038046
837,2.0,15.0,30.0,0.7,100.0,36.0,0.2091033011674881
838,2.0,15.0,30.0,0.7,1000.0,35.0,0.1979256123304367
839,2.0,15.0,30.0,0.7,10000.0,40.0,0.19869742542505264
840,2.0,15.0,35.0,0.3,0.0,36.0,0.2064312075575193
841,2.0,15.0,35.0,0.3,10.0,40.0,0.2016738404830297
842,2.0,15.0,35.0,0.3,100.0,33.0,0.1978029857079188
843,2.0,15.0,35.0,0.3,1000.0,39.0,0.2109557514389356
844,2.0,15.0,35.0,0.3,10000.0,36.0,0.1964608132839203
845,2.0,15.0,35.0,0.5,0.0,34.0,0.19490675379832587
846,2.0,15.0,35.0,0.5,10.0,36.0,0.1907598227262497
847,2.0,15.0,35.0,0.5,100.0,33.0,0.20160606255133948
848,2.0,15.0,35.0,0.5,1000.0,36.0,0.20629123349984488
849,2.0,15.0,35.0,0.5,10000.0,39.0,0.18839357296625772
850,2.0,15.0,35.0,0.7,0.0,38.0,0.1953243762254715
851,2.0,15.0,35.0,0.7,10.0,41.0,0.1948988288640976
852,2.0,15.0,35.0,0.7,100.0,36.0,0.20494598150253296
853,2.0,15.0,35.0,0.7,1000.0,35.0,0.20945714910825095
854,2.0,15.0,35.0,0.7,10000.0,38.0,0.1906308059891065
855,2.0,15.0,40.0,0.3,0.0,31.0,0.19553050274650255
856,2.0,15.0,40.0,0.3,10.0,31.0,0.21249700834353766
857,2.0,15.0,40.0,0.3,100.0,28.0,0.21560578793287277
858,2.0,15.0,40.0,0.3,1000.0,39.0,0.19676969945430756
859,2.0,15.0,40.0,0.3,10000.0,38.0,0.2213760440548261
860,2.0,15.0,40.0,0.5,0.0,36.0,0.19664316127697626
861,2.0,15.0,40.0,0.5,10.0,32.0,0.2063792198896408
862,2.0,15.0,40.0,0.5,100.0,31.0,0.20936829845110574
863,2.0,15.0,40.0,0.5,1000.0,40.0,0.1937205046415329
864,2.0,15.0,40.0,0.5,10000.0,32.0,0.2042896697918574
865,2.0,15.0,40.0,0.7,0.0,34.0,0.20259538541237512
866,2.0,15.0,40.0,0.7,10.0,33.0,0.2116193249821663
867,2.0,15.0,40.0,0.7,100.0,35.0,0.2062728280822436
868,2.0,15.0,40.0,0.7,1000.0,47.0,0.19709048171838126
869,2.0,15.0,40.0,0.7,10000.0,32.0,0.2004595249891281
870,2.0,15.0,45.0,0.3,0.0,34.0,0.20935855309168497
871,2.0,15.0,45.0,0.3,10.0,31.0,0.21043870598077774
872,2.0,15.0,45.0,0.3,100.0,38.0,0.2015995035568873
873,2.0,15.0,45.0,0.3,1000.0,32.0,0.20182262857755026
874,2.0,15.0,45.0,0.3,10000.0,41.0,0.20419848213593164
875,2.0,15.0,45.0,0.5,0.0,32.0,0.19743902484575906
876,2.0,15.0,45.0,0.5,10.0,32.0,0.19653142243623734
877,2.0,15.0,45.0,0.5,100.0,39.0,0.20424564679463705
878,2.0,15.0,45.0,0.5,1000.0,31.0,0.19214424242575964
879,2.0,15.0,45.0,0.5,10000.0,37.0,0.19288239379723868
880,2.0,15.0,45.0,0.7,0.0,45.0,0.18855096648136774
881,2.0,15.0,45.0,0.7,10.0,35.0,0.20039674639701843
882,2.0,15.0,45.0,0.7,100.0,46.0,0.20396137485901514
883,2.0,15.0,45.0,0.7,1000.0,35.0,0.19314957410097122
884,2.0,15.0,45.0,0.7,10000.0,32.0,0.1938833693663279
885,2.0,15.0,50.0,0.3,0.0,40.0,0.20057124147812525
886,2.0,15.0,50.0,0.3,10.0,30.0,0.20455055311322212
887,2.0,15.0,50.0,0.3,100.0,31.0,0.21312368909517923
888,2.0,15.0,50.0,0.3,1000.0,40.0,0.19459404548009238
889,2.0,15.0,50.0,0.3,10000.0,31.0,0.21243881930907568
890,2.0,15.0,50.0,0.5,0.0,38.0,0.19965198636054993
891,2.0,15.0,50.0,0.5,10.0,30.0,0.19936075309912363
892,2.0,15.0,50.0,0.5,100.0,31.0,0.2140448143084844
893,2.0,15.0,50.0,0.5,1000.0,40.0,0.19057722886403403
894,2.0,15.0,50.0,0.5,10000.0,31.0,0.20789996782938638
895,2.0,15.0,50.0,0.7,0.0,35.0,0.196770707766215
896,2.0,15.0,50.0,0.7,10.0,33.0,0.2058460141221682
897,2.0,15.0,50.0,0.7,100.0,36.0,0.21372624983390173
898,2.0,15.0,50.0,0.7,1000.0,41.0,0.1952458694577217
899,2.0,15.0,50.0,0.7,10000.0,35.0,0.20365711053212485
900,1.0,20.0,5.0,0.3,0.0,45.0,0.2236985961596171
901,1.0,20.0,5.0,0.3,10.0,61.0,0.20092798272768655
902,1.0,20.0,5.0,0.3,100.0,46.0,0.19117899735768637
903,1.0,20.0,5.0,0.3,1000.0,50.0,0.18669147292772928
904,1.0,20.0,5.0,0.3,10000.0,61.0,0.19396335631608963
905,1.0,20.0,5.0,0.5,0.0,40.0,0.22435002525647482
906,1.0,20.0,5.0,0.5,10.0,61.0,0.21503890057404837
907,1.0,20.0,5.0,0.5,100.0,46.0,0.21410388499498367
908,1.0,20.0,5.0,0.5,1000.0,50.0,0.2029632975657781
909,1.0,20.0,5.0,0.5,10000.0,56.0,0.2100825384259224
910,1.0,20.0,5.0,0.7,0.0,51.0,0.28456929326057434
911,1.0,20.0,5.0,0.7,10.0,48.0,0.2818730374177297
912,1.0,20.0,5.0,0.7,100.0,56.0,0.278232475121816
913,1.0,20.0,5.0,0.7,1000.0,67.0,0.2809719542662303
914,1.0,20.0,5.0,0.7,10000.0,51.0,0.2787432571252187
915,1.0,20.0,10.0,0.3,0.0,40.0,0.19950001686811447
916,1.0,20.0,10.0,0.3,10.0,42.0,0.1973627433180809
917,1.0,20.0,10.0,0.3,100.0,35.0,0.20694450040658316
918,1.0,20.0,10.0,0.3,1000.0,76.0,0.21162932366132736
919,1.0,20.0,10.0,0.3,10000.0,79.0,0.20850439618031183
920,1.0,20.0,10.0,0.5,0.0,41.0,0.18920727570851645
921,1.0,20.0,10.0,0.5,10.0,42.0,0.1944680760304133
922,1.0,20.0,10.0,0.5,100.0,42.0,0.20452518512805304
923,1.0,20.0,10.0,0.5,1000.0,92.0,0.20807111263275146
924,1.0,20.0,10.0,0.5,10000.0,92.0,0.21300026774406433
925,1.0,20.0,10.0,0.7,0.0,43.0,0.2073439285159111
926,1.0,20.0,10.0,0.7,10.0,46.0,0.22378345827261606
927,1.0,20.0,10.0,0.7,100.0,40.0,0.22301062941551208
928,1.0,20.0,10.0,0.7,1000.0,59.0,0.22585237522919974
929,1.0,20.0,10.0,0.7,10000.0,68.0,0.22847546637058258
930,1.0,20.0,15.0,0.3,0.0,48.0,0.21199315041303635
931,1.0,20.0,15.0,0.3,10.0,45.0,0.20750401417414346
932,1.0,20.0,15.0,0.3,100.0,30.0,0.21426554520924887
933,1.0,20.0,15.0,0.3,1000.0,44.0,0.20678593963384628
934,1.0,20.0,15.0,0.3,10000.0,42.0,0.21144777288039526
935,1.0,20.0,15.0,0.5,0.0,45.0,0.1984968160589536
936,1.0,20.0,15.0,0.5,10.0,39.0,0.21221047639846802
937,1.0,20.0,15.0,0.5,100.0,38.0,0.2011009231209755
938,1.0,20.0,15.0,0.5,1000.0,44.0,0.19557747741540274
939,1.0,20.0,15.0,0.5,10000.0,61.0,0.20424111187458038
940,1.0,20.0,15.0,0.7,0.0,51.0,0.21311981230974197
941,1.0,20.0,15.0,0.7,10.0,52.0,0.20866711189349493
942,1.0,20.0,15.0,0.7,100.0,47.0,0.20400126526753107
943,1.0,20.0,15.0,0.7,1000.0,43.0,0.20395363867282867
944,1.0,20.0,15.0,0.7,10000.0,44.0,0.20415948083003363
945,1.0,20.0,20.0,0.3,0.0,57.0,0.21840262661377588
946,1.0,20.0,20.0,0.3,10.0,49.0,0.22031685709953308
947,1.0,20.0,20.0,0.3,100.0,43.0,0.2005356252193451
948,1.0,20.0,20.0,0.3,1000.0,52.0,0.2233368158340454
949,1.0,20.0,20.0,0.3,10000.0,45.0,0.21333853403727213
950,1.0,20.0,20.0,0.5,0.0,49.0,0.2082556759317716
951,1.0,20.0,20.0,0.5,10.0,53.0,0.2129069889585177
952,1.0,20.0,20.0,0.5,100.0,35.0,0.1880707989136378
953,1.0,20.0,20.0,0.5,1000.0,49.0,0.2181824967265129
954,1.0,20.0,20.0,0.5,10000.0,49.0,0.20641257613897324
955,1.0,20.0,20.0,0.7,0.0,45.0,0.20119862258434296
956,1.0,20.0,20.0,0.7,10.0,47.0,0.2110038474202156
957,1.0,20.0,20.0,0.7,100.0,44.0,0.1963732068737348
958,1.0,20.0,20.0,0.7,1000.0,49.0,0.20423350731531778
959,1.0,20.0,20.0,0.7,10000.0,60.0,0.20232392102479935
960,1.0,20.0,25.0,0.3,0.0,41.0,0.19343851755062738
961,1.0,20.0,25.0,0.3,10.0,34.0,0.20318995416164398
962,1.0,20.0,25.0,0.3,100.0,60.0,0.2227755387624105
963,1.0,20.0,25.0,0.3,1000.0,37.0,0.20961667597293854
964,1.0,20.0,25.0,0.3,10000.0,67.0,0.21015090495347977
965,1.0,20.0,25.0,0.5,0.0,40.0,0.1943343530098597
966,1.0,20.0,25.0,0.5,10.0,33.0,0.20064489046732584
967,1.0,20.0,25.0,0.5,100.0,56.0,0.20678113400936127
968,1.0,20.0,25.0,0.5,1000.0,49.0,0.2041871746381124
969,1.0,20.0,25.0,0.5,10000.0,56.0,0.2005840465426445
970,1.0,20.0,25.0,0.7,0.0,47.0,0.19637798021237055
971,1.0,20.0,25.0,0.7,10.0,45.0,0.20616413156191507
972,1.0,20.0,25.0,0.7,100.0,44.0,0.20670351137717566
973,1.0,20.0,25.0,0.7,1000.0,43.0,0.20026351511478424
974,1.0,20.0,25.0,0.7,10000.0,46.0,0.19828041394551596
975,1.0,20.0,30.0,0.3,0.0,43.0,0.2229036365946134
976,1.0,20.0,30.0,0.3,10.0,29.0,0.21378902097543082
977,1.0,20.0,30.0,0.3,100.0,30.0,0.20301727453867593
978,1.0,20.0,30.0,0.3,1000.0,57.0,0.22919692347447077
979,1.0,20.0,30.0,0.3,10000.0,40.0,0.20531321068604788
980,1.0,20.0,30.0,0.5,0.0,45.0,0.21236595263083777
981,1.0,20.0,30.0,0.5,10.0,31.0,0.20276412864526114
982,1.0,20.0,30.0,0.5,100.0,35.0,0.20261108378569284
983,1.0,20.0,30.0,0.5,1000.0,51.0,0.22500348091125488
984,1.0,20.0,30.0,0.5,10000.0,47.0,0.2059868946671486
985,1.0,20.0,30.0,0.7,0.0,59.0,0.19806415090958276
986,1.0,20.0,30.0,0.7,10.0,36.0,0.20125010112921396
987,1.0,20.0,30.0,0.7,100.0,38.0,0.20706321547428766
988,1.0,20.0,30.0,0.7,1000.0,65.0,0.2144135758280754
989,1.0,20.0,30.0,0.7,10000.0,64.0,0.20089293519655863
990,1.0,20.0,35.0,0.3,0.0,28.0,0.2102934867143631
991,1.0,20.0,35.0,0.3,10.0,32.0,0.22956118235985437
992,1.0,20.0,35.0,0.3,100.0,30.0,0.19496255864699683
993,1.0,20.0,35.0,0.3,1000.0,60.0,0.23348356783390045
994,1.0,20.0,35.0,0.3,10000.0,31.0,0.22025461991628012
995,1.0,20.0,35.0,0.5,0.0,33.0,0.20328011363744736
996,1.0,20.0,35.0,0.5,10.0,33.0,0.2166171818971634
997,1.0,20.0,35.0,0.5,100.0,38.0,0.19015910476446152
998,1.0,20.0,35.0,0.5,1000.0,33.0,0.22459213187297186
999,1.0,20.0,35.0,0.5,10000.0,42.0,0.2147702251871427
1000,1.0,20.0,35.0,0.7,0.0,41.0,0.19582631687323251
1001,1.0,20.0,35.0,0.7,10.0,37.0,0.20195189118385315
1002,1.0,20.0,35.0,0.7,100.0,42.0,0.19459634770949683
1003,1.0,20.0,35.0,0.7,1000.0,43.0,0.18839445461829504
1004,1.0,20.0,35.0,0.7,10000.0,42.0,0.20766977469126383
1005,1.0,20.0,40.0,0.3,0.0,31.0,0.2112663040558497
1006,1.0,20.0,40.0,0.3,10.0,27.0,0.20909337451060614
1007,1.0,20.0,40.0,0.3,100.0,30.0,0.20059129347403845
1008,1.0,20.0,40.0,0.3,1000.0,35.0,0.22669427593549094
1009,1.0,20.0,40.0,0.3,10000.0,32.0,0.20848248402277628
1010,1.0,20.0,40.0,0.5,0.0,33.0,0.19807680696249008
1011,1.0,20.0,40.0,0.5,10.0,29.0,0.21044343461592993
1012,1.0,20.0,40.0,0.5,100.0,39.0,0.19104120880365372
1013,1.0,20.0,40.0,0.5,1000.0,43.0,0.21429132670164108
1014,1.0,20.0,40.0,0.5,10000.0,45.0,0.20235132426023483
1015,1.0,20.0,40.0,0.7,0.0,38.0,0.19891245911518732
1016,1.0,20.0,40.0,0.7,10.0,38.0,0.20221169541279474
1017,1.0,20.0,40.0,0.7,100.0,42.0,0.19061362743377686
1018,1.0,20.0,40.0,0.7,1000.0,39.0,0.20840220153331757
1019,1.0,20.0,40.0,0.7,10000.0,50.0,0.20075352241595587
1020,1.0,20.0,45.0,0.3,0.0,31.0,0.21536803245544434
1021,1.0,20.0,45.0,0.3,10.0,30.0,0.21765340119600296
1022,1.0,20.0,45.0,0.3,100.0,30.0,0.20889249444007874
1023,1.0,20.0,45.0,0.3,1000.0,36.0,0.22563524544239044
1024,1.0,20.0,45.0,0.3,10000.0,39.0,0.205320306122303
1025,1.0,20.0,45.0,0.5,0.0,34.0,0.20182722061872482
1026,1.0,20.0,45.0,0.5,10.0,34.0,0.20315482467412949
1027,1.0,20.0,45.0,0.5,100.0,35.0,0.19938034315903982
1028,1.0,20.0,45.0,0.5,1000.0,37.0,0.21933470914761224
1029,1.0,20.0,45.0,0.5,10000.0,40.0,0.19310421496629715
1030,1.0,20.0,45.0,0.7,0.0,34.0,0.19673078507184982
1031,1.0,20.0,45.0,0.7,10.0,34.0,0.19311478485663733
1032,1.0,20.0,45.0,0.7,100.0,42.0,0.1996745044986407
1033,1.0,20.0,45.0,0.7,1000.0,53.0,0.2074721728761991
1034,1.0,20.0,45.0,0.7,10000.0,42.0,0.193646602332592
1035,1.0,20.0,50.0,0.3,0.0,29.0,0.21349284301201502
1036,1.0,20.0,50.0,0.3,10.0,30.0,0.21483645836512247
1037,1.0,20.0,50.0,0.3,100.0,27.0,0.2162636419137319
1038,1.0,20.0,50.0,0.3,1000.0,35.0,0.21603585282961527
1039,1.0,20.0,50.0,0.3,10000.0,39.0,0.20260732248425484
1040,1.0,20.0,50.0,0.5,0.0,33.0,0.20045596857865652
1041,1.0,20.0,50.0,0.5,10.0,34.0,0.20918908715248108
1042,1.0,20.0,50.0,0.5,100.0,32.0,0.20465859522422156
1043,1.0,20.0,50.0,0.5,1000.0,36.0,0.2027253359556198
1044,1.0,20.0,50.0,0.5,10000.0,35.0,0.20256280650695166
1045,1.0,20.0,50.0,0.7,0.0,35.0,0.20161490887403488
1046,1.0,20.0,50.0,0.7,10.0,37.0,0.2046599487463633
1047,1.0,20.0,50.0,0.7,100.0,42.0,0.1960651402672132
1048,1.0,20.0,50.0,0.7,1000.0,41.0,0.19717590510845184
1049,1.0,20.0,50.0,0.7,10000.0,36.0,0.19870934138695398
1050,2.0,20.0,5.0,0.3,0.0,28.0,0.2605992605288823
1051,2.0,20.0,5.0,0.3,10.0,45.0,0.20397187024354935
1052,2.0,20.0,5.0,0.3,100.0,184.0,0.24386168519655863
1053,2.0,20.0,5.0,0.3,1000.0,34.0,0.21705460051695505
1054,2.0,20.0,5.0,0.3,10000.0,41.0,0.1956402709086736
1055,2.0,20.0,5.0,0.5,0.0,74.0,0.23646550377209982
1056,2.0,20.0,5.0,0.5,10.0,64.0,0.2275906652212143
1057,2.0,20.0,5.0,0.5,100.0,154.0,0.2655174384514491
1058,2.0,20.0,5.0,0.5,1000.0,30.0,0.23025201261043549
1059,2.0,20.0,5.0,0.5,10000.0,44.0,0.2202325960000356
1060,2.0,20.0,5.0,0.7,0.0,51.0,0.2923463483651479
1061,2.0,20.0,5.0,0.7,10.0,50.0,0.28068555394808453
1062,2.0,20.0,5.0,0.7,100.0,82.0,0.3326476414998372
1063,2.0,20.0,5.0,0.7,1000.0,63.0,0.29663771390914917
1064,2.0,20.0,5.0,0.7,10000.0,46.0,0.2775923162698746
1065,2.0,20.0,10.0,0.3,0.0,34.0,0.20755705485741296
1066,2.0,20.0,10.0,0.3,10.0,39.0,0.21076791485150656
1067,2.0,20.0,10.0,0.3,100.0,33.0,0.20778684318065643
1068,2.0,20.0,10.0,0.3,1000.0,40.0,0.20841449747482935
1069,2.0,20.0,10.0,0.3,10000.0,30.0,0.19779126842816672
1070,2.0,20.0,10.0,0.5,0.0,29.0,0.19695534308751425
1071,2.0,20.0,10.0,0.5,10.0,31.0,0.20075276990731558
1072,2.0,20.0,10.0,0.5,100.0,31.0,0.20841176062822342
1073,2.0,20.0,10.0,0.5,1000.0,40.0,0.20815889288981756
1074,2.0,20.0,10.0,0.5,10000.0,38.0,0.20505049576361975
1075,2.0,20.0,10.0,0.7,0.0,43.0,0.22092324495315552
1076,2.0,20.0,10.0,0.7,10.0,39.0,0.23756128052870432
1077,2.0,20.0,10.0,0.7,100.0,36.0,0.23353870709737143
1078,2.0,20.0,10.0,0.7,1000.0,63.0,0.23761778076489767
1079,2.0,20.0,10.0,0.7,10000.0,43.0,0.2299940437078476
1080,2.0,20.0,15.0,0.3,0.0,30.0,0.2118023782968521
1081,2.0,20.0,15.0,0.3,10.0,32.0,0.1980348378419876
1082,2.0,20.0,15.0,0.3,100.0,31.0,0.21586001912752786
1083,2.0,20.0,15.0,0.3,1000.0,44.0,0.20550945152839026
1084,2.0,20.0,15.0,0.3,10000.0,43.0,0.20311198383569717
1085,2.0,20.0,15.0,0.5,0.0,25.0,0.20401257773240408
1086,2.0,20.0,15.0,0.5,10.0,33.0,0.19854086637496948
1087,2.0,20.0,15.0,0.5,100.0,30.0,0.20860506842533746
1088,2.0,20.0,15.0,0.5,1000.0,36.0,0.2013202557961146
1089,2.0,20.0,15.0,0.5,10000.0,33.0,0.20202077676852545
1090,2.0,20.0,15.0,0.7,0.0,28.0,0.22384830315907797
1091,2.0,20.0,15.0,0.7,10.0,34.0,0.2132293532292048
1092,2.0,20.0,15.0,0.7,100.0,49.0,0.20990490913391113
1093,2.0,20.0,15.0,0.7,1000.0,41.0,0.2384790082772573
1094,2.0,20.0,15.0,0.7,10000.0,36.0,0.20969434330860773
1095,2.0,20.0,20.0,0.3,0.0,33.0,0.2008315846323967
1096,2.0,20.0,20.0,0.3,10.0,42.0,0.20782949527104697
1097,2.0,20.0,20.0,0.3,100.0,40.0,0.21217267215251923
1098,2.0,20.0,20.0,0.3,1000.0,49.0,0.23035991936922073
1099,2.0,20.0,20.0,0.3,10000.0,31.0,0.2092446411649386
1100,2.0,20.0,20.0,0.5,0.0,31.0,0.19304033120473227
1101,2.0,20.0,20.0,0.5,10.0,33.0,0.19896058986584345
1102,2.0,20.0,20.0,0.5,100.0,34.0,0.203488456706206
1103,2.0,20.0,20.0,0.5,1000.0,29.0,0.22274513045946756
1104,2.0,20.0,20.0,0.5,10000.0,29.0,0.2068712537487348
1105,2.0,20.0,20.0,0.7,0.0,35.0,0.20142538597186407
1106,2.0,20.0,20.0,0.7,10.0,37.0,0.20229360709587732
1107,2.0,20.0,20.0,0.7,100.0,37.0,0.2051954244573911
1108,2.0,20.0,20.0,0.7,1000.0,44.0,0.22426810612281164
1109,2.0,20.0,20.0,0.7,10000.0,39.0,0.21384428441524506
1110,2.0,20.0,25.0,0.3,0.0,31.0,0.2172878384590149
1111,2.0,20.0,25.0,0.3,10.0,34.0,0.2065979242324829
1112,2.0,20.0,25.0,0.3,100.0,33.0,0.21034671366214752
1113,2.0,20.0,25.0,0.3,1000.0,26.0,0.21981694300969443
1114,2.0,20.0,25.0,0.3,10000.0,28.0,0.2041450490554174
1115,2.0,20.0,25.0,0.5,0.0,33.0,0.20362486441930136
1116,2.0,20.0,25.0,0.5,10.0,31.0,0.1975087101260821
1117,2.0,20.0,25.0,0.5,100.0,30.0,0.2014195422331492
1118,2.0,20.0,25.0,0.5,1000.0,35.0,0.21487047026554743
1119,2.0,20.0,25.0,0.5,10000.0,29.0,0.19977512707312903
1120,2.0,20.0,25.0,0.7,0.0,28.0,0.20510845383008322
1121,2.0,20.0,25.0,0.7,10.0,31.0,0.20928716659545898
1122,2.0,20.0,25.0,0.7,100.0,39.0,0.21241019914547601
1123,2.0,20.0,25.0,0.7,1000.0,36.0,0.2111053317785263
1124,2.0,20.0,25.0,0.7,10000.0,35.0,0.19722657899061838
1125,2.0,20.0,30.0,0.3,0.0,36.0,0.20866671949625015
1126,2.0,20.0,30.0,0.3,10.0,25.0,0.2131637285153071
1127,2.0,20.0,30.0,0.3,100.0,38.0,0.20785706241925558
1128,2.0,20.0,30.0,0.3,1000.0,27.0,0.21003023286660513
1129,2.0,20.0,30.0,0.3,10000.0,29.0,0.2282240390777588
1130,2.0,20.0,30.0,0.5,0.0,32.0,0.19919055700302124
1131,2.0,20.0,30.0,0.5,10.0,39.0,0.20320664594570795
1132,2.0,20.0,30.0,0.5,100.0,30.0,0.19987159967422485
1133,2.0,20.0,30.0,0.5,1000.0,30.0,0.21054094781478247
1134,2.0,20.0,30.0,0.5,10000.0,32.0,0.2135205641388893
1135,2.0,20.0,30.0,0.7,0.0,32.0,0.20276707907517752
1136,2.0,20.0,30.0,0.7,10.0,32.0,0.20107576499382654
1137,2.0,20.0,30.0,0.7,100.0,30.0,0.20008915662765503
1138,2.0,20.0,30.0,0.7,1000.0,30.0,0.22006002316872278
1139,2.0,20.0,30.0,0.7,10000.0,35.0,0.21486388395229974
1140,2.0,20.0,35.0,0.3,0.0,33.0,0.2129170000553131
1141,2.0,20.0,35.0,0.3,10.0,31.0,0.21387879302104315
1142,2.0,20.0,35.0,0.3,100.0,25.0,0.20608816792567572
1143,2.0,20.0,35.0,0.3,1000.0,26.0,0.22510838508605957
1144,2.0,20.0,35.0,0.3,10000.0,31.0,0.21183785299460092
1145,2.0,20.0,35.0,0.5,0.0,33.0,0.21371647963921228
1146,2.0,20.0,35.0,0.5,10.0,31.0,0.20129777491092682
1147,2.0,20.0,35.0,0.5,100.0,27.0,0.2035111760099729
1148,2.0,20.0,35.0,0.5,1000.0,47.0,0.2121179128686587
1149,2.0,20.0,35.0,0.5,10000.0,30.0,0.2072540447115898
1150,2.0,20.0,35.0,0.7,0.0,28.0,0.20780797551075617
1151,2.0,20.0,35.0,0.7,10.0,31.0,0.19455765436093012
1152,2.0,20.0,35.0,0.7,100.0,38.0,0.2033784588177999
1153,2.0,20.0,35.0,0.7,1000.0,36.0,0.20932500064373016
1154,2.0,20.0,35.0,0.7,10000.0,41.0,0.20968486368656158
1155,2.0,20.0,40.0,0.3,0.0,30.0,0.20572511355082193
1156,2.0,20.0,40.0,0.3,10.0,25.0,0.20976492017507553
1157,2.0,20.0,40.0,0.3,100.0,27.0,0.21040837094187737
1158,2.0,20.0,40.0,0.3,1000.0,39.0,0.23255608727534613
1159,2.0,20.0,40.0,0.3,10000.0,33.0,0.20012577126423517
1160,2.0,20.0,40.0,0.5,0.0,28.0,0.20099132508039474
1161,2.0,20.0,40.0,0.5,10.0,25.0,0.20175230503082275
1162,2.0,20.0,40.0,0.5,100.0,27.0,0.20992659529050192
1163,2.0,20.0,40.0,0.5,1000.0,47.0,0.22272483507792154
1164,2.0,20.0,40.0,0.5,10000.0,33.0,0.1953777422507604
1165,2.0,20.0,40.0,0.7,0.0,28.0,0.20574094851811728
1166,2.0,20.0,40.0,0.7,10.0,33.0,0.2029426967104276
1167,2.0,20.0,40.0,0.7,100.0,28.0,0.2070644125342369
1168,2.0,20.0,40.0,0.7,1000.0,37.0,0.21736753483613333
1169,2.0,20.0,40.0,0.7,10000.0,34.0,0.19476059079170227
1170,2.0,20.0,45.0,0.3,0.0,29.0,0.21156876782576242
1171,2.0,20.0,45.0,0.3,10.0,37.0,0.21569413443406424
1172,2.0,20.0,45.0,0.3,100.0,27.0,0.209761048356692
1173,2.0,20.0,45.0,0.3,1000.0,24.0,0.22523878514766693
1174,2.0,20.0,45.0,0.3,10000.0,27.0,0.21279370039701462
1175,2.0,20.0,45.0,0.5,0.0,27.0,0.202821912864844
1176,2.0,20.0,45.0,0.5,10.0,27.0,0.2040235549211502
1177,2.0,20.0,45.0,0.5,100.0,27.0,0.2064275195201238
1178,2.0,20.0,45.0,0.5,1000.0,24.0,0.22936504085858664
1179,2.0,20.0,45.0,0.5,10000.0,29.0,0.2062861224015554
1180,2.0,20.0,45.0,0.7,0.0,29.0,0.1988922357559204
1181,2.0,20.0,45.0,0.7,10.0,31.0,0.20664701362450918
1182,2.0,20.0,45.0,0.7,100.0,31.0,0.20595644414424896
1183,2.0,20.0,45.0,0.7,1000.0,28.0,0.22908012320597967
1184,2.0,20.0,45.0,0.7,10000.0,31.0,0.207518108189106
1185,2.0,20.0,50.0,0.3,0.0,25.0,0.20960899939139685
1186,2.0,20.0,50.0,0.3,10.0,26.0,0.20767910778522491
1187,2.0,20.0,50.0,0.3,100.0,27.0,0.2133553425470988
1188,2.0,20.0,50.0,0.3,1000.0,25.0,0.22961859653393427
1189,2.0,20.0,50.0,0.3,10000.0,29.0,0.20507599413394928
1190,2.0,20.0,50.0,0.5,0.0,29.0,0.20736980438232422
1191,2.0,20.0,50.0,0.5,10.0,33.0,0.2073671668767929
1192,2.0,20.0,50.0,0.5,100.0,27.0,0.21319162100553513
1193,2.0,20.0,50.0,0.5,1000.0,25.0,0.2260661100347837
1194,2.0,20.0,50.0,0.5,10000.0,32.0,0.19985400388638178
1195,2.0,20.0,50.0,0.7,0.0,32.0,0.20268930743137994
1196,2.0,20.0,50.0,0.7,10.0,33.0,0.19881648570299149
1197,2.0,20.0,50.0,0.7,100.0,29.0,0.2095560903350512
1198,2.0,20.0,50.0,0.7,1000.0,28.0,0.22300059596697488
1199,2.0,20.0,50.0,0.7,10000.0,32.0,0.19550248483816782
1200,1.0,25.0,5.0,0.3,0.0,48.0,0.1928576702872912
1201,1.0,25.0,5.0,0.3,10.0,43.0,0.19211127360661825
1202,1.0,25.0,5.0,0.3,100.0,72.0,0.18883669873078665
1203,1.0,25.0,5.0,0.3,1000.0,59.0,0.1945216084520022
1204,1.0,25.0,5.0,0.3,10000.0,46.0,0.196091095606486
1205,1.0,25.0,5.0,0.5,0.0,53.0,0.2058542768160502
1206,1.0,25.0,5.0,0.5,10.0,45.0,0.2007592792312304
1207,1.0,25.0,5.0,0.5,100.0,69.0,0.21706495930751166
1208,1.0,25.0,5.0,0.5,1000.0,67.0,0.2082886223991712
1209,1.0,25.0,5.0,0.5,10000.0,44.0,0.20641620208819708
1210,1.0,25.0,5.0,0.7,0.0,45.0,0.26441846291224164
1211,1.0,25.0,5.0,0.7,10.0,48.0,0.27280648052692413
1212,1.0,25.0,5.0,0.7,100.0,45.0,0.29264283180236816
1213,1.0,25.0,5.0,0.7,1000.0,68.0,0.2665764143069585
1214,1.0,25.0,5.0,0.7,10000.0,49.0,0.26635223130385083
1215,1.0,25.0,10.0,0.3,0.0,56.0,0.20008482535680136
1216,1.0,25.0,10.0,0.3,10.0,36.0,0.19655886044104895
1217,1.0,25.0,10.0,0.3,100.0,45.0,0.21378152320782343
1218,1.0,25.0,10.0,0.3,1000.0,40.0,0.21525091926256815
1219,1.0,25.0,10.0,0.3,10000.0,41.0,0.2082000474135081
1220,1.0,25.0,10.0,0.5,0.0,52.0,0.2030400906999906
1221,1.0,25.0,10.0,0.5,10.0,36.0,0.1933940351009369
1222,1.0,25.0,10.0,0.5,100.0,43.0,0.2041435365875562
1223,1.0,25.0,10.0,0.5,1000.0,48.0,0.2138383761048317
1224,1.0,25.0,10.0,0.5,10000.0,50.0,0.20501012106736502
1225,1.0,25.0,10.0,0.7,0.0,39.0,0.22234538197517395
1226,1.0,25.0,10.0,0.7,10.0,40.0,0.23088054358959198
1227,1.0,25.0,10.0,0.7,100.0,40.0,0.2224656194448471
1228,1.0,25.0,10.0,0.7,1000.0,66.0,0.21816127002239227
1229,1.0,25.0,10.0,0.7,10000.0,48.0,0.23381170630455017
1230,1.0,25.0,15.0,0.3,0.0,44.0,0.2070421278476715
1231,1.0,25.0,15.0,0.3,10.0,50.0,0.22005334496498108
1232,1.0,25.0,15.0,0.3,100.0,31.0,0.22862435628970465
1233,1.0,25.0,15.0,0.3,1000.0,58.0,0.22339969128370285
1234,1.0,25.0,15.0,0.3,10000.0,42.0,0.20070201406876245
1235,1.0,25.0,15.0,0.5,0.0,39.0,0.202904611825943
1236,1.0,25.0,15.0,0.5,10.0,75.0,0.2112047349413236
1237,1.0,25.0,15.0,0.5,100.0,41.0,0.2152701417605082
1238,1.0,25.0,15.0,0.5,1000.0,41.0,0.21550394346316656
1239,1.0,25.0,15.0,0.5,10000.0,42.0,0.18787793815135956
1240,1.0,25.0,15.0,0.7,0.0,39.0,0.2137425790230433
1241,1.0,25.0,15.0,0.7,10.0,74.0,0.2136610026160876
1242,1.0,25.0,15.0,0.7,100.0,49.0,0.21177397668361664
1243,1.0,25.0,15.0,0.7,1000.0,43.0,0.21122273554404578
1244,1.0,25.0,15.0,0.7,10000.0,42.0,0.20304622749487558
1245,1.0,25.0,20.0,0.3,0.0,36.0,0.20513487110535303
1246,1.0,25.0,20.0,0.3,10.0,28.0,0.21601544320583344
1247,1.0,25.0,20.0,0.3,100.0,36.0,0.20877383152643839
1248,1.0,25.0,20.0,0.3,1000.0,31.0,0.23115610828002295
1249,1.0,25.0,20.0,0.3,10000.0,31.0,0.20707041521867117
1250,1.0,25.0,20.0,0.5,0.0,35.0,0.19808336347341537
1251,1.0,25.0,20.0,0.5,10.0,40.0,0.19392487158377966
1252,1.0,25.0,20.0,0.5,100.0,38.0,0.2049328957994779
1253,1.0,25.0,20.0,0.5,1000.0,74.0,0.21175291140874228
1254,1.0,25.0,20.0,0.5,10000.0,39.0,0.19951624423265457
1255,1.0,25.0,20.0,0.7,0.0,37.0,0.20389619221289954
1256,1.0,25.0,20.0,0.7,10.0,40.0,0.18965283781290054
1257,1.0,25.0,20.0,0.7,100.0,40.0,0.20167154322067896
1258,1.0,25.0,20.0,0.7,1000.0,47.0,0.20395439118146896
1259,1.0,25.0,20.0,0.7,10000.0,37.0,0.20013280709584555
1260,1.0,25.0,25.0,0.3,0.0,30.0,0.20854934056599936
1261,1.0,25.0,25.0,0.3,10.0,45.0,0.21521820624669394
1262,1.0,25.0,25.0,0.3,100.0,32.0,0.22423854718605676
1263,1.0,25.0,25.0,0.3,1000.0,38.0,0.2275255173444748
1264,1.0,25.0,25.0,0.3,10000.0,33.0,0.21172916640837988
1265,1.0,25.0,25.0,0.5,0.0,36.0,0.1979956030845642
1266,1.0,25.0,25.0,0.5,10.0,35.0,0.20019294569889703
1267,1.0,25.0,25.0,0.5,100.0,35.0,0.21132289618253708
1268,1.0,25.0,25.0,0.5,1000.0,54.0,0.20720382034778595
1269,1.0,25.0,25.0,0.5,10000.0,40.0,0.20382880667845407
1270,1.0,25.0,25.0,0.7,0.0,32.0,0.19514587769905725
1271,1.0,25.0,25.0,0.7,10.0,45.0,0.20026670396327972
1272,1.0,25.0,25.0,0.7,100.0,40.0,0.203800859550635
1273,1.0,25.0,25.0,0.7,1000.0,45.0,0.20675863325595856
1274,1.0,25.0,25.0,0.7,10000.0,38.0,0.19664230942726135
1275,1.0,25.0,30.0,0.3,0.0,36.0,0.205413984755675
1276,1.0,25.0,30.0,0.3,10.0,32.0,0.2135795702536901
1277,1.0,25.0,30.0,0.3,100.0,35.0,0.21927856902281442
1278,1.0,25.0,30.0,0.3,1000.0,40.0,0.22036159286896387
1279,1.0,25.0,30.0,0.3,10000.0,32.0,0.21289591739575067
1280,1.0,25.0,30.0,0.5,0.0,33.0,0.19734368473291397
1281,1.0,25.0,30.0,0.5,10.0,36.0,0.19773353139559427
1282,1.0,25.0,30.0,0.5,100.0,35.0,0.20469344655672708
1283,1.0,25.0,30.0,0.5,1000.0,32.0,0.2031382421652476
1284,1.0,25.0,30.0,0.5,10000.0,32.0,0.2024339164296786
1285,1.0,25.0,30.0,0.7,0.0,37.0,0.1981425310174624
1286,1.0,25.0,30.0,0.7,10.0,30.0,0.19082434475421906
1287,1.0,25.0,30.0,0.7,100.0,49.0,0.20078753183285394
1288,1.0,25.0,30.0,0.7,1000.0,44.0,0.19591219226519266
1289,1.0,25.0,30.0,0.7,10000.0,36.0,0.20790008455514908
1290,1.0,25.0,35.0,0.3,0.0,30.0,0.2132417857646942
1291,1.0,25.0,35.0,0.3,10.0,25.0,0.21777258068323135
1292,1.0,25.0,35.0,0.3,100.0,33.0,0.22759733349084854
1293,1.0,25.0,35.0,0.3,1000.0,39.0,0.21950552115837732
1294,1.0,25.0,35.0,0.3,10000.0,32.0,0.2205805554986
1295,1.0,25.0,35.0,0.5,0.0,34.0,0.20308712124824524
1296,1.0,25.0,35.0,0.5,10.0,28.0,0.20328269402186075
1297,1.0,25.0,35.0,0.5,100.0,35.0,0.2076992392539978
1298,1.0,25.0,35.0,0.5,1000.0,50.0,0.21101502577463785
1299,1.0,25.0,35.0,0.5,10000.0,35.0,0.20088844497998556
1300,1.0,25.0,35.0,0.7,0.0,34.0,0.19485067824522653
1301,1.0,25.0,35.0,0.7,10.0,30.0,0.19463211049636206
1302,1.0,25.0,35.0,0.7,100.0,40.0,0.20554299652576447
1303,1.0,25.0,35.0,0.7,1000.0,39.0,0.20616822689771652
1304,1.0,25.0,35.0,0.7,10000.0,39.0,0.1976717934012413
1305,1.0,25.0,40.0,0.3,0.0,60.0,0.2199359287818273
1306,1.0,25.0,40.0,0.3,10.0,34.0,0.2011859267950058
1307,1.0,25.0,40.0,0.3,100.0,31.0,0.2099702482422193
1308,1.0,25.0,40.0,0.3,1000.0,38.0,0.23557720830043158
1309,1.0,25.0,40.0,0.3,10000.0,31.0,0.21257550517717996
1310,1.0,25.0,40.0,0.5,0.0,31.0,0.2099116990963618
1311,1.0,25.0,40.0,0.5,10.0,40.0,0.19485004991292953
1312,1.0,25.0,40.0,0.5,100.0,38.0,0.21582946181297302
1313,1.0,25.0,40.0,0.5,1000.0,35.0,0.2145145187775294
1314,1.0,25.0,40.0,0.5,10000.0,34.0,0.20787020524342856
1315,1.0,25.0,40.0,0.7,0.0,36.0,0.19933956613143286
1316,1.0,25.0,40.0,0.7,10.0,36.0,0.18661673863728842
1317,1.0,25.0,40.0,0.7,100.0,35.0,0.20323721319437027
1318,1.0,25.0,40.0,0.7,1000.0,34.0,0.20114376644293466
1319,1.0,25.0,40.0,0.7,10000.0,39.0,0.20063391824563345
1320,1.0,25.0,45.0,0.3,0.0,31.0,0.20592993001143137
1321,1.0,25.0,45.0,0.3,10.0,29.0,0.20235474159320196
1322,1.0,25.0,45.0,0.3,100.0,34.0,0.210695152481397
1323,1.0,25.0,45.0,0.3,1000.0,38.0,0.2221519003311793
1324,1.0,25.0,45.0,0.3,10000.0,33.0,0.21477403740088144
1325,1.0,25.0,45.0,0.5,0.0,30.0,0.2042636126279831
1326,1.0,25.0,45.0,0.5,10.0,30.0,0.2070043832063675
1327,1.0,25.0,45.0,0.5,100.0,35.0,0.20073300848404566
1328,1.0,25.0,45.0,0.5,1000.0,31.0,0.2095802848537763
1329,1.0,25.0,45.0,0.5,10000.0,31.0,0.20397208134333292
1330,1.0,25.0,45.0,0.7,0.0,30.0,0.19596396634976068
1331,1.0,25.0,45.0,0.7,10.0,45.0,0.2011612430214882
1332,1.0,25.0,45.0,0.7,100.0,35.0,0.20159840087095895
1333,1.0,25.0,45.0,0.7,1000.0,36.0,0.20592750857273737
1334,1.0,25.0,45.0,0.7,10000.0,35.0,0.19487425684928894
1335,1.0,25.0,50.0,0.3,0.0,32.0,0.20797001818815866
1336,1.0,25.0,50.0,0.3,10.0,38.0,0.20498275260130563
1337,1.0,25.0,50.0,0.3,100.0,56.0,0.23059237003326416
1338,1.0,25.0,50.0,0.3,1000.0,27.0,0.21757989625136057
1339,1.0,25.0,50.0,0.3,10000.0,32.0,0.21807145327329636
1340,1.0,25.0,50.0,0.5,0.0,33.0,0.19585311661163965
1341,1.0,25.0,50.0,0.5,10.0,36.0,0.19553719709316889
1342,1.0,25.0,50.0,0.5,100.0,43.0,0.21994018803040186
1343,1.0,25.0,50.0,0.5,1000.0,28.0,0.21437196930249533
1344,1.0,25.0,50.0,0.5,10000.0,31.0,0.20641311506430307
1345,1.0,25.0,50.0,0.7,0.0,37.0,0.19619574149449667
1346,1.0,25.0,50.0,0.7,10.0,36.0,0.19219786922136942
1347,1.0,25.0,50.0,0.7,100.0,32.0,0.20201794306437174
1348,1.0,25.0,50.0,0.7,1000.0,41.0,0.19673222055037817
1349,1.0,25.0,50.0,0.7,10000.0,35.0,0.20631073663632074
1350,2.0,25.0,5.0,0.3,0.0,30.0,0.1992876927057902
1351,2.0,25.0,5.0,0.3,10.0,40.0,0.20783961564302444
1352,2.0,25.0,5.0,0.3,100.0,44.0,0.20426026235024133
1353,2.0,25.0,5.0,0.3,1000.0,51.0,0.22591863324244818
1354,2.0,25.0,5.0,0.3,10000.0,37.0,0.20651186257600784
1355,2.0,25.0,5.0,0.5,0.0,27.0,0.21786208202441534
1356,2.0,25.0,5.0,0.5,10.0,41.0,0.26316434641679126
1357,2.0,25.0,5.0,0.5,100.0,44.0,0.2271402602394422
1358,2.0,25.0,5.0,0.5,1000.0,49.0,0.2322015811999639
1359,2.0,25.0,5.0,0.5,10000.0,37.0,0.2302363688747088
1360,2.0,25.0,5.0,0.7,0.0,36.0,0.2716838667790095
1361,2.0,25.0,5.0,0.7,10.0,35.0,0.28864072263240814
1362,2.0,25.0,5.0,0.7,100.0,30.0,0.28897953530152637
1363,2.0,25.0,5.0,0.7,1000.0,55.0,0.2768053362766902
1364,2.0,25.0,5.0,0.7,10000.0,56.0,0.2767620036999385
1365,2.0,25.0,10.0,0.3,0.0,30.0,0.2128229041894277
1366,2.0,25.0,10.0,0.3,10.0,32.0,0.19943469514449438
1367,2.0,25.0,10.0,0.3,100.0,27.0,0.21102850884199142
1368,2.0,25.0,10.0,0.3,1000.0,39.0,0.20754943788051605
1369,2.0,25.0,10.0,0.3,10000.0,39.0,0.20573819180329642
1370,2.0,25.0,10.0,0.5,0.0,28.0,0.20675657192866007
1371,2.0,25.0,10.0,0.5,10.0,28.0,0.20177763203779855
1372,2.0,25.0,10.0,0.5,100.0,33.0,0.2018902450799942
1373,2.0,25.0,10.0,0.5,1000.0,44.0,0.20491873721281686
1374,2.0,25.0,10.0,0.5,10000.0,27.0,0.19462375342845917
1375,2.0,25.0,10.0,0.7,0.0,28.0,0.23714358607927957
1376,2.0,25.0,10.0,0.7,10.0,30.0,0.2232959121465683
1377,2.0,25.0,10.0,0.7,100.0,38.0,0.22806651890277863
1378,2.0,25.0,10.0,0.7,1000.0,42.0,0.2301949461301168
1379,2.0,25.0,10.0,0.7,10000.0,32.0,0.223652054866155
1380,2.0,25.0,15.0,0.3,0.0,30.0,0.2058946986993154
1381,2.0,25.0,15.0,0.3,10.0,31.0,0.20332683871189752
1382,2.0,25.0,15.0,0.3,100.0,30.0,0.22447480509678522
1383,2.0,25.0,15.0,0.3,1000.0,46.0,0.22059560318787894
1384,2.0,25.0,15.0,0.3,10000.0,31.0,0.20479818930228552
1385,2.0,25.0,15.0,0.5,0.0,28.0,0.201875701546669
1386,2.0,25.0,15.0,0.5,10.0,31.0,0.2018469696243604
1387,2.0,25.0,15.0,0.5,100.0,28.0,0.20366294433673224
1388,2.0,25.0,15.0,0.5,1000.0,57.0,0.21642079949378967
1389,2.0,25.0,15.0,0.5,10000.0,31.0,0.20423129945993423
1390,2.0,25.0,15.0,0.7,0.0,30.0,0.2145407646894455
1391,2.0,25.0,15.0,0.7,10.0,41.0,0.217779241502285
1392,2.0,25.0,15.0,0.7,100.0,30.0,0.21091288576523462
1393,2.0,25.0,15.0,0.7,1000.0,44.0,0.22623887658119202
1394,2.0,25.0,15.0,0.7,10000.0,32.0,0.21197854230801264
1395,2.0,25.0,20.0,0.3,0.0,28.0,0.198500062028567
1396,2.0,25.0,20.0,0.3,10.0,28.0,0.20239531248807907
1397,2.0,25.0,20.0,0.3,100.0,36.0,0.2069207727909088
1398,2.0,25.0,20.0,0.3,1000.0,30.0,0.23165812840064368
1399,2.0,25.0,20.0,0.3,10000.0,30.0,0.2065155729651451
1400,2.0,25.0,20.0,0.5,0.0,29.0,0.19795812666416168
1401,2.0,25.0,20.0,0.5,10.0,27.0,0.19523411492506662
1402,2.0,25.0,20.0,0.5,100.0,26.0,0.20692784090836844
1403,2.0,25.0,20.0,0.5,1000.0,30.0,0.22323045631249747
1404,2.0,25.0,20.0,0.5,10000.0,28.0,0.20506942023833594
1405,2.0,25.0,20.0,0.7,0.0,35.0,0.2028234899044037
1406,2.0,25.0,20.0,0.7,10.0,32.0,0.20115611950556436
1407,2.0,25.0,20.0,0.7,100.0,44.0,0.21653302510579428
1408,2.0,25.0,20.0,0.7,1000.0,29.0,0.2213508536418279
1409,2.0,25.0,20.0,0.7,10000.0,29.0,0.20527675499518713
1410,2.0,25.0,25.0,0.3,0.0,29.0,0.21783358603715897
1411,2.0,25.0,25.0,0.3,10.0,26.0,0.212996539970239
1412,2.0,25.0,25.0,0.3,100.0,31.0,0.20703266561031342
1413,2.0,25.0,25.0,0.3,1000.0,29.0,0.21832744280497232
1414,2.0,25.0,25.0,0.3,10000.0,32.0,0.21313796192407608
1415,2.0,25.0,25.0,0.5,0.0,26.0,0.20613684753576914
1416,2.0,25.0,25.0,0.5,10.0,25.0,0.21080334732929865
1417,2.0,25.0,25.0,0.5,100.0,32.0,0.19761062413454056
1418,2.0,25.0,25.0,0.5,1000.0,30.0,0.21961009254058203
1419,2.0,25.0,25.0,0.5,10000.0,37.0,0.2036298637588819
1420,2.0,25.0,25.0,0.7,0.0,29.0,0.20480525493621826
1421,2.0,25.0,25.0,0.7,10.0,26.0,0.20601385831832886
1422,2.0,25.0,25.0,0.7,100.0,30.0,0.19617029279470444
1423,2.0,25.0,25.0,0.7,1000.0,30.0,0.2249457041422526
1424,2.0,25.0,25.0,0.7,10000.0,30.0,0.20142565667629242
1425,2.0,25.0,30.0,0.3,0.0,31.0,0.21143138905366263
1426,2.0,25.0,30.0,0.3,10.0,36.0,0.2166893109679222
1427,2.0,25.0,30.0,0.3,100.0,31.0,0.19636868437131247
1428,2.0,25.0,30.0,0.3,1000.0,35.0,0.21736048410336176
1429,2.0,25.0,30.0,0.3,10000.0,27.0,0.215072271724542
1430,2.0,25.0,30.0,0.5,0.0,26.0,0.20646078884601593
1431,2.0,25.0,30.0,0.5,10.0,31.0,0.20746845255295435
1432,2.0,25.0,30.0,0.5,100.0,32.0,0.20002242426077524
1433,2.0,25.0,30.0,0.5,1000.0,28.0,0.20841597020626068
1434,2.0,25.0,30.0,0.5,10000.0,27.0,0.20908617476622263
1435,2.0,25.0,30.0,0.7,0.0,28.0,0.21072359134753546
1436,2.0,25.0,30.0,0.7,10.0,29.0,0.20125403006871542
1437,2.0,25.0,30.0,0.7,100.0,28.0,0.20506975799798965
1438,2.0,25.0,30.0,0.7,1000.0,26.0,0.20744254688421884
1439,2.0,25.0,30.0,0.7,10000.0,40.0,0.20823233077923456
1440,2.0,25.0,35.0,0.3,0.0,28.0,0.19817139705022177
1441,2.0,25.0,35.0,0.3,10.0,26.0,0.2054029976328214
1442,2.0,25.0,35.0,0.3,100.0,32.0,0.2185748666524887
1443,2.0,25.0,35.0,0.3,1000.0,30.0,0.21113737672567368
1444,2.0,25.0,35.0,0.3,10000.0,27.0,0.21805859605471292
1445,2.0,25.0,35.0,0.5,0.0,28.0,0.20239648719628653
1446,2.0,25.0,35.0,0.5,10.0,34.0,0.21122140437364578
1447,2.0,25.0,35.0,0.5,100.0,24.0,0.20975284278392792
1448,2.0,25.0,35.0,0.5,1000.0,32.0,0.20384123921394348
1449,2.0,25.0,35.0,0.5,10000.0,28.0,0.2115201329191526
1450,2.0,25.0,35.0,0.7,0.0,27.0,0.1997926582892736
1451,2.0,25.0,35.0,0.7,10.0,32.0,0.21301917235056558
1452,2.0,25.0,35.0,0.7,100.0,27.0,0.21912266065677008
1453,2.0,25.0,35.0,0.7,1000.0,31.0,0.20063659052054086
1454,2.0,25.0,35.0,0.7,10000.0,28.0,0.1971947302420934
1455,2.0,25.0,40.0,0.3,0.0,26.0,0.20224685470263162
1456,2.0,25.0,40.0,0.3,10.0,24.0,0.20539924999078116
1457,2.0,25.0,40.0,0.3,100.0,29.0,0.21661031246185303
1458,2.0,25.0,40.0,0.3,1000.0,33.0,0.21179615706205368
1459,2.0,25.0,40.0,0.3,10000.0,28.0,0.2101617380976677
1460,2.0,25.0,40.0,0.5,0.0,26.0,0.1959137668212255
1461,2.0,25.0,40.0,0.5,10.0,24.0,0.20491747309764227
1462,2.0,25.0,40.0,0.5,100.0,27.0,0.21752484142780304
1463,2.0,25.0,40.0,0.5,1000.0,26.0,0.20166845868031183
1464,2.0,25.0,40.0,0.5,10000.0,27.0,0.20549586415290833
1465,2.0,25.0,40.0,0.7,0.0,27.0,0.19353385517994562
1466,2.0,25.0,40.0,0.7,10.0,26.0,0.21088714400927225
1467,2.0,25.0,40.0,0.7,100.0,28.0,0.20866966992616653
1468,2.0,25.0,40.0,0.7,1000.0,27.0,0.19808621207873026
1469,2.0,25.0,40.0,0.7,10000.0,26.0,0.20405934502681097
1470,2.0,25.0,45.0,0.3,0.0,25.0,0.20739986499150595
1471,2.0,25.0,45.0,0.3,10.0,24.0,0.21733714640140533
1472,2.0,25.0,45.0,0.3,100.0,24.0,0.20650333538651466
1473,2.0,25.0,45.0,0.3,1000.0,25.0,0.21963986257712045
1474,2.0,25.0,45.0,0.3,10000.0,25.0,0.21576392898956934
1475,2.0,25.0,45.0,0.5,0.0,28.0,0.1955499400695165
1476,2.0,25.0,45.0,0.5,10.0,24.0,0.20914451032876968
1477,2.0,25.0,45.0,0.5,100.0,27.0,0.20672858506441116
1478,2.0,25.0,45.0,0.5,1000.0,29.0,0.22717941304047903
1479,2.0,25.0,45.0,0.5,10000.0,26.0,0.2119764412442843
1480,2.0,25.0,45.0,0.7,0.0,28.0,0.1954292356967926
1481,2.0,25.0,45.0,0.7,10.0,36.0,0.20820824801921844
1482,2.0,25.0,45.0,0.7,100.0,27.0,0.21376731743415198
1483,2.0,25.0,45.0,0.7,1000.0,28.0,0.21276810268561044
1484,2.0,25.0,45.0,0.7,10000.0,26.0,0.2092502216498057
1485,2.0,25.0,50.0,0.3,0.0,30.0,0.20739315450191498
1486,2.0,25.0,50.0,0.3,10.0,26.0,0.2051920344432195
1487,2.0,25.0,50.0,0.3,100.0,25.0,0.21623966346184412
1488,2.0,25.0,50.0,0.3,1000.0,32.0,0.20947628716627756
1489,2.0,25.0,50.0,0.3,10000.0,27.0,0.21917874862750372
1490,2.0,25.0,50.0,0.5,0.0,26.0,0.1957003821929296
1491,2.0,25.0,50.0,0.5,10.0,25.0,0.2053235818942388
1492,2.0,25.0,50.0,0.5,100.0,24.0,0.20087318619092306
1493,2.0,25.0,50.0,0.5,1000.0,32.0,0.2003336250782013
1494,2.0,25.0,50.0,0.5,10000.0,26.0,0.20939953376849493
1495,2.0,25.0,50.0,0.7,0.0,25.0,0.19247285773356756
1496,2.0,25.0,50.0,0.7,10.0,25.0,0.20378082493940988
1497,2.0,25.0,50.0,0.7,100.0,25.0,0.19916291534900665
1498,2.0,25.0,50.0,0.7,1000.0,27.0,0.19638302425543466
1499,2.0,25.0,50.0,0.7,10000.0,26.0,0.20390114188194275
1500,1.0,30.0,5.0,0.3,0.0,59.0,0.20523075262705484
1501,1.0,30.0,5.0,0.3,10.0,36.0,0.21500011285146078
1502,1.0,30.0,5.0,0.3,100.0,49.0,0.19346777846415839
1503,1.0,30.0,5.0,0.3,1000.0,47.0,0.20307336002588272
1504,1.0,30.0,5.0,0.3,10000.0,39.0,0.2149660363793373
1505,1.0,30.0,5.0,0.5,0.0,82.0,0.22095895310242972
1506,1.0,30.0,5.0,0.5,10.0,35.0,0.22800185283025107
1507,1.0,30.0,5.0,0.5,100.0,42.0,0.20914764453967413
1508,1.0,30.0,5.0,0.5,1000.0,59.0,0.2248454988002777
1509,1.0,30.0,5.0,0.5,10000.0,55.0,0.2195326934258143
1510,1.0,30.0,5.0,0.7,0.0,62.0,0.2902010877927144
1511,1.0,30.0,5.0,0.7,10.0,48.0,0.26263879239559174
1512,1.0,30.0,5.0,0.7,100.0,45.0,0.2835113952557246
1513,1.0,30.0,5.0,0.7,1000.0,59.0,0.29708126187324524
1514,1.0,30.0,5.0,0.7,10000.0,39.0,0.273666446407636
1515,1.0,30.0,10.0,0.3,0.0,43.0,0.21213380992412567
1516,1.0,30.0,10.0,0.3,10.0,45.0,0.21488058318694434
1517,1.0,30.0,10.0,0.3,100.0,33.0,0.20804738253355026
1518,1.0,30.0,10.0,0.3,1000.0,44.0,0.20721826205650964
1519,1.0,30.0,10.0,0.3,10000.0,37.0,0.21483082075913748
1520,1.0,30.0,10.0,0.5,0.0,29.0,0.1957677205403646
1521,1.0,30.0,10.0,0.5,10.0,52.0,0.20692719022432962
1522,1.0,30.0,10.0,0.5,100.0,38.0,0.20725305875142416
1523,1.0,30.0,10.0,0.5,1000.0,44.0,0.1922444129983584
1524,1.0,30.0,10.0,0.5,10000.0,72.0,0.20452018827199936
1525,1.0,30.0,10.0,0.7,0.0,39.0,0.22370841602484384
1526,1.0,30.0,10.0,0.7,10.0,40.0,0.22218566636244455
1527,1.0,30.0,10.0,0.7,100.0,36.0,0.23061921695868173
1528,1.0,30.0,10.0,0.7,1000.0,47.0,0.21609684328238168
1529,1.0,30.0,10.0,0.7,10000.0,38.0,0.2162740727265676
1530,1.0,30.0,15.0,0.3,0.0,56.0,0.21231002857287726
1531,1.0,30.0,15.0,0.3,10.0,37.0,0.20670012384653091
1532,1.0,30.0,15.0,0.3,100.0,46.0,0.21339338024457297
1533,1.0,30.0,15.0,0.3,1000.0,39.0,0.21922113498051962
1534,1.0,30.0,15.0,0.3,10000.0,38.0,0.200813057521979
1535,1.0,30.0,15.0,0.5,0.0,48.0,0.2073370243112246
1536,1.0,30.0,15.0,0.5,10.0,48.0,0.2098218301932017
1537,1.0,30.0,15.0,0.5,100.0,49.0,0.20918319871028265
1538,1.0,30.0,15.0,0.5,1000.0,36.0,0.20824486265579858
1539,1.0,30.0,15.0,0.5,10000.0,35.0,0.19467331717411676
1540,1.0,30.0,15.0,0.7,0.0,42.0,0.2084590569138527
1541,1.0,30.0,15.0,0.7,10.0,50.0,0.21052339424689612
1542,1.0,30.0,15.0,0.7,100.0,36.0,0.20903243869543076
1543,1.0,30.0,15.0,0.7,1000.0,60.0,0.21023008972406387
1544,1.0,30.0,15.0,0.7,10000.0,42.0,0.20028890172640482
1545,1.0,30.0,20.0,0.3,0.0,33.0,0.2283665289481481
1546,1.0,30.0,20.0,0.3,10.0,33.0,0.22123865286509195
1547,1.0,30.0,20.0,0.3,100.0,32.0,0.21424966802199683
1548,1.0,30.0,20.0,0.3,1000.0,30.0,0.21552405009667078
1549,1.0,30.0,20.0,0.3,10000.0,30.0,0.2176827092965444
1550,1.0,30.0,20.0,0.5,0.0,35.0,0.21492319305737814
1551,1.0,30.0,20.0,0.5,10.0,36.0,0.2112426832318306
1552,1.0,30.0,20.0,0.5,100.0,31.0,0.20678901920715967
1553,1.0,30.0,20.0,0.5,1000.0,30.0,0.20232233653465906
1554,1.0,30.0,20.0,0.5,10000.0,28.0,0.2030497814218203
1555,1.0,30.0,20.0,0.7,0.0,35.0,0.20217293252547583
1556,1.0,30.0,20.0,0.7,10.0,58.0,0.20612499117851257
1557,1.0,30.0,20.0,0.7,100.0,33.0,0.19772619505723318
1558,1.0,30.0,20.0,0.7,1000.0,36.0,0.20162058373292288
1559,1.0,30.0,20.0,0.7,10000.0,46.0,0.20197929441928864
1560,1.0,30.0,25.0,0.3,0.0,33.0,0.2157202512025833
1561,1.0,30.0,25.0,0.3,10.0,34.0,0.2078674460450808
1562,1.0,30.0,25.0,0.3,100.0,28.0,0.215712308883667
1563,1.0,30.0,25.0,0.3,1000.0,35.0,0.19746180127064386
1564,1.0,30.0,25.0,0.3,10000.0,40.0,0.22842583060264587
1565,1.0,30.0,25.0,0.5,0.0,33.0,0.20369593302408853
1566,1.0,30.0,25.0,0.5,10.0,34.0,0.204168031613032
1567,1.0,30.0,25.0,0.5,100.0,26.0,0.2046598345041275
1568,1.0,30.0,25.0,0.5,1000.0,35.0,0.1936959351102511
1569,1.0,30.0,25.0,0.5,10000.0,72.0,0.2157521496216456
1570,1.0,30.0,25.0,0.7,0.0,38.0,0.19997736563285193
1571,1.0,30.0,25.0,0.7,10.0,33.0,0.19512573381265005
1572,1.0,30.0,25.0,0.7,100.0,41.0,0.19714757055044174
1573,1.0,30.0,25.0,0.7,1000.0,37.0,0.1844239110747973
1574,1.0,30.0,25.0,0.7,10000.0,55.0,0.20317802081505457
1575,1.0,30.0,30.0,0.3,0.0,26.0,0.21666111052036285
1576,1.0,30.0,30.0,0.3,10.0,27.0,0.2142275869846344
1577,1.0,30.0,30.0,0.3,100.0,28.0,0.20475024978319803
1578,1.0,30.0,30.0,0.3,1000.0,27.0,0.21234825998544693
1579,1.0,30.0,30.0,0.3,10000.0,43.0,0.22865412880976996
1580,1.0,30.0,30.0,0.5,0.0,30.0,0.19838191072146097
1581,1.0,30.0,30.0,0.5,10.0,37.0,0.21562532087167105
1582,1.0,30.0,30.0,0.5,100.0,34.0,0.1952117756009102
1583,1.0,30.0,30.0,0.5,1000.0,27.0,0.2206009402871132
1584,1.0,30.0,30.0,0.5,10000.0,43.0,0.21427205950021744
1585,1.0,30.0,30.0,0.7,0.0,40.0,0.19327947745720545
1586,1.0,30.0,30.0,0.7,10.0,45.0,0.20466057459513345
1587,1.0,30.0,30.0,0.7,100.0,31.0,0.19566166897614798
1588,1.0,30.0,30.0,0.7,1000.0,29.0,0.19588171939055124
1589,1.0,30.0,30.0,0.7,10000.0,36.0,0.20091179509957632
1590,1.0,30.0,35.0,0.3,0.0,29.0,0.22820488115151724
1591,1.0,30.0,35.0,0.3,10.0,31.0,0.22384953995545706
1592,1.0,30.0,35.0,0.3,100.0,37.0,0.2089577242732048
1593,1.0,30.0,35.0,0.3,1000.0,28.0,0.21764825781186423
1594,1.0,30.0,35.0,0.3,10000.0,32.0,0.20738046616315842
1595,1.0,30.0,35.0,0.5,0.0,33.0,0.21064682801564535
1596,1.0,30.0,35.0,0.5,10.0,32.0,0.2106599435210228
1597,1.0,30.0,35.0,0.5,100.0,34.0,0.20141043265660605
1598,1.0,30.0,35.0,0.5,1000.0,29.0,0.2097480669617653
1599,1.0,30.0,35.0,0.5,10000.0,30.0,0.20600264767805734
1600,1.0,30.0,35.0,0.7,0.0,40.0,0.20071920504172644
1601,1.0,30.0,35.0,0.7,10.0,37.0,0.19861296067635217
1602,1.0,30.0,35.0,0.7,100.0,30.0,0.197220449646314
1603,1.0,30.0,35.0,0.7,1000.0,32.0,0.19917725771665573
1604,1.0,30.0,35.0,0.7,10000.0,35.0,0.20041491091251373
1605,1.0,30.0,40.0,0.3,0.0,27.0,0.22328187028566995
1606,1.0,30.0,40.0,0.3,10.0,45.0,0.2123682846625646
1607,1.0,30.0,40.0,0.3,100.0,32.0,0.21935149282217026
1608,1.0,30.0,40.0,0.3,1000.0,39.0,0.21863598624865213
1609,1.0,30.0,40.0,0.3,10000.0,31.0,0.23680294305086136
1610,1.0,30.0,40.0,0.5,0.0,29.0,0.210459274550279
1611,1.0,30.0,40.0,0.5,10.0,28.0,0.21798363079627356
1612,1.0,30.0,40.0,0.5,100.0,51.0,0.2158909464875857
1613,1.0,30.0,40.0,0.5,1000.0,38.0,0.21275850385427475
1614,1.0,30.0,40.0,0.5,10000.0,29.0,0.22026767084995905
1615,1.0,30.0,40.0,0.7,0.0,30.0,0.19817845771710077
1616,1.0,30.0,40.0,0.7,10.0,46.0,0.20462838063637415
1617,1.0,30.0,40.0,0.7,100.0,35.0,0.2012299026052157
1618,1.0,30.0,40.0,0.7,1000.0,36.0,0.20495513826608658
1619,1.0,30.0,40.0,0.7,10000.0,41.0,0.2053580805659294
1620,1.0,30.0,45.0,0.3,0.0,28.0,0.2206887553135554
1621,1.0,30.0,45.0,0.3,10.0,29.0,0.2165376345316569
1622,1.0,30.0,45.0,0.3,100.0,26.0,0.21499127397934595
1623,1.0,30.0,45.0,0.3,1000.0,26.0,0.23233893513679504
1624,1.0,30.0,45.0,0.3,10000.0,28.0,0.22227325787146887
1625,1.0,30.0,45.0,0.5,0.0,26.0,0.20762800176938376
1626,1.0,30.0,45.0,0.5,10.0,34.0,0.20663777738809586
1627,1.0,30.0,45.0,0.5,100.0,27.0,0.2129067281881968
1628,1.0,30.0,45.0,0.5,1000.0,31.0,0.22201185176769891
1629,1.0,30.0,45.0,0.5,10000.0,29.0,0.20372488101323447
1630,1.0,30.0,45.0,0.7,0.0,34.0,0.19776827345291773
1631,1.0,30.0,45.0,0.7,10.0,33.0,0.19643185784419379
1632,1.0,30.0,45.0,0.7,100.0,44.0,0.20370284219582876
1633,1.0,30.0,45.0,0.7,1000.0,31.0,0.206152173380057
1634,1.0,30.0,45.0,0.7,10000.0,32.0,0.19565015037854513
1635,1.0,30.0,50.0,0.3,0.0,46.0,0.2231396163503329
1636,1.0,30.0,50.0,0.3,10.0,30.0,0.2227684979637464
1637,1.0,30.0,50.0,0.3,100.0,30.0,0.21691697587569556
1638,1.0,30.0,50.0,0.3,1000.0,33.0,0.22048192222913107
1639,1.0,30.0,50.0,0.3,10000.0,28.0,0.21078278372685114
1640,1.0,30.0,50.0,0.5,0.0,42.0,0.21085714548826218
1641,1.0,30.0,50.0,0.5,10.0,27.0,0.21191122382879257
1642,1.0,30.0,50.0,0.5,100.0,28.0,0.21359816193580627
1643,1.0,30.0,50.0,0.5,1000.0,31.0,0.20592737446228662
1644,1.0,30.0,50.0,0.5,10000.0,29.0,0.19932855914036432
1645,1.0,30.0,50.0,0.7,0.0,32.0,0.19804206738869348
1646,1.0,30.0,50.0,0.7,10.0,33.0,0.2057617406050364
1647,1.0,30.0,50.0,0.7,100.0,34.0,0.19690913707017899
1648,1.0,30.0,50.0,0.7,1000.0,35.0,0.20032095660765967
1649,1.0,30.0,50.0,0.7,10000.0,31.0,0.18815657744805017
1650,2.0,30.0,5.0,0.3,0.0,29.0,0.20222290605306625
1651,2.0,30.0,5.0,0.3,10.0,68.0,0.23741277058919272
1652,2.0,30.0,5.0,0.3,100.0,26.0,0.2047657916943232
1653,2.0,30.0,5.0,0.3,1000.0,29.0,0.2037994513909022
1654,2.0,30.0,5.0,0.3,10000.0,45.0,0.19453686227401099
1655,2.0,30.0,5.0,0.5,0.0,33.0,0.21188691010077795
1656,2.0,30.0,5.0,0.5,10.0,51.0,0.23651651541392008
1657,2.0,30.0,5.0,0.5,100.0,36.0,0.2371655354897181
1658,2.0,30.0,5.0,0.5,1000.0,27.0,0.21732904265324274
1659,2.0,30.0,5.0,0.5,10000.0,44.0,0.2135655259092649
1660,2.0,30.0,5.0,0.7,0.0,38.0,0.27257099747657776
1661,2.0,30.0,5.0,0.7,10.0,51.0,0.286869873603185
1662,2.0,30.0,5.0,0.7,100.0,77.0,0.27229616045951843
1663,2.0,30.0,5.0,0.7,1000.0,24.0,0.2736893097559611
1664,2.0,30.0,5.0,0.7,10000.0,42.0,0.2878946860631307
1665,2.0,30.0,10.0,0.3,0.0,34.0,0.21381845821936926
1666,2.0,30.0,10.0,0.3,10.0,27.0,0.2107472817103068
1667,2.0,30.0,10.0,0.3,100.0,39.0,0.19864037384589514
1668,2.0,30.0,10.0,0.3,1000.0,24.0,0.20360006392002106
1669,2.0,30.0,10.0,0.3,10000.0,35.0,0.2164270132780075
1670,2.0,30.0,10.0,0.5,0.0,22.0,0.21355865647395453
1671,2.0,30.0,10.0,0.5,10.0,30.0,0.2059349442521731
1672,2.0,30.0,10.0,0.5,100.0,26.0,0.19135632862647375
1673,2.0,30.0,10.0,0.5,1000.0,26.0,0.2010790134469668
1674,2.0,30.0,10.0,0.5,10000.0,28.0,0.20339953154325485
1675,2.0,30.0,10.0,0.7,0.0,31.0,0.22489039599895477
1676,2.0,30.0,10.0,0.7,10.0,47.0,0.23277480900287628
1677,2.0,30.0,10.0,0.7,100.0,26.0,0.21888344983259836
1678,2.0,30.0,10.0,0.7,1000.0,40.0,0.2286865363518397
1679,2.0,30.0,10.0,0.7,10000.0,42.0,0.23433021704355875
1680,2.0,30.0,15.0,0.3,0.0,27.0,0.2271893098950386
1681,2.0,30.0,15.0,0.3,10.0,33.0,0.21795393774906793
1682,2.0,30.0,15.0,0.3,100.0,28.0,0.2009362205862999
1683,2.0,30.0,15.0,0.3,1000.0,25.0,0.2143945594628652
1684,2.0,30.0,15.0,0.3,10000.0,28.0,0.21425113330284754
1685,2.0,30.0,15.0,0.5,0.0,31.0,0.2018239125609398
1686,2.0,30.0,15.0,0.5,10.0,31.0,0.21221380680799484
1687,2.0,30.0,15.0,0.5,100.0,25.0,0.20116990556319556
1688,2.0,30.0,15.0,0.5,1000.0,26.0,0.21108866234620413
1689,2.0,30.0,15.0,0.5,10000.0,25.0,0.1996457204222679
1690,2.0,30.0,15.0,0.7,0.0,25.0,0.2130637988448143
1691,2.0,30.0,15.0,0.7,10.0,36.0,0.21177229036887488
1692,2.0,30.0,15.0,0.7,100.0,45.0,0.21512280156215033
1693,2.0,30.0,15.0,0.7,1000.0,27.0,0.2178798740108808
1694,2.0,30.0,15.0,0.7,10000.0,25.0,0.20852836221456528
1695,2.0,30.0,20.0,0.3,0.0,25.0,0.20880334079265594
1696,2.0,30.0,20.0,0.3,10.0,24.0,0.2072646270195643
1697,2.0,30.0,20.0,0.3,100.0,38.0,0.2027086243033409
1698,2.0,30.0,20.0,0.3,1000.0,26.0,0.20305937776962915
1699,2.0,30.0,20.0,0.3,10000.0,29.0,0.21066201478242874
1700,2.0,30.0,20.0,0.5,0.0,26.0,0.19816760470469794
1701,2.0,30.0,20.0,0.5,10.0,27.0,0.20157297452290854
1702,2.0,30.0,20.0,0.5,100.0,25.0,0.1976434588432312
1703,2.0,30.0,20.0,0.5,1000.0,28.0,0.20277764896551767
1704,2.0,30.0,20.0,0.5,10000.0,26.0,0.2050862858692805
1705,2.0,30.0,20.0,0.7,0.0,31.0,0.20855251948038736
1706,2.0,30.0,20.0,0.7,10.0,27.0,0.20733379075924555
1707,2.0,30.0,20.0,0.7,100.0,27.0,0.20411382615566254
1708,2.0,30.0,20.0,0.7,1000.0,23.0,0.20657187700271606
1709,2.0,30.0,20.0,0.7,10000.0,32.0,0.20016803095738092
1710,2.0,30.0,25.0,0.3,0.0,25.0,0.2173858160773913
1711,2.0,30.0,25.0,0.3,10.0,25.0,0.21566972633202872
1712,2.0,30.0,25.0,0.3,100.0,28.0,0.21556573857863745
1713,2.0,30.0,25.0,0.3,1000.0,26.0,0.2094822401801745
1714,2.0,30.0,25.0,0.3,10000.0,28.0,0.2110666111111641
1715,2.0,30.0,25.0,0.5,0.0,24.0,0.19556344797213873
1716,2.0,30.0,25.0,0.5,10.0,25.0,0.208943672478199
1717,2.0,30.0,25.0,0.5,100.0,25.0,0.19448229173819223
1718,2.0,30.0,25.0,0.5,1000.0,26.0,0.208391934633255
1719,2.0,30.0,25.0,0.5,10000.0,24.0,0.20512628306945166
1720,2.0,30.0,25.0,0.7,0.0,25.0,0.1940689335266749
1721,2.0,30.0,25.0,0.7,10.0,25.0,0.21010058373212814
1722,2.0,30.0,25.0,0.7,100.0,27.0,0.19184770435094833
1723,2.0,30.0,25.0,0.7,1000.0,27.0,0.2021320511897405
1724,2.0,30.0,25.0,0.7,10000.0,30.0,0.20102332532405853
1725,2.0,30.0,30.0,0.3,0.0,25.0,0.22733648121356964
1726,2.0,30.0,30.0,0.3,10.0,29.0,0.21266072988510132
1727,2.0,30.0,30.0,0.3,100.0,26.0,0.22052508095900217
1728,2.0,30.0,30.0,0.3,1000.0,25.0,0.20799792557954788
1729,2.0,30.0,30.0,0.3,10000.0,26.0,0.22138709823290506
1730,2.0,30.0,30.0,0.5,0.0,27.0,0.19859679291645685
1731,2.0,30.0,30.0,0.5,10.0,25.0,0.20510472853978476
1732,2.0,30.0,30.0,0.5,100.0,28.0,0.20549703886111578
1733,2.0,30.0,30.0,0.5,1000.0,24.0,0.19952091574668884
1734,2.0,30.0,30.0,0.5,10000.0,24.0,0.20605861147244772
1735,2.0,30.0,30.0,0.7,0.0,24.0,0.19983516385157904
1736,2.0,30.0,30.0,0.7,10.0,29.0,0.20663140465815863
1737,2.0,30.0,30.0,0.7,100.0,25.0,0.20253893733024597
1738,2.0,30.0,30.0,0.7,1000.0,27.0,0.2003794958194097
1739,2.0,30.0,30.0,0.7,10000.0,26.0,0.21213186780611673
1740,2.0,30.0,35.0,0.3,0.0,25.0,0.2103463759024938
1741,2.0,30.0,35.0,0.3,10.0,26.0,0.21910913040240607
1742,2.0,30.0,35.0,0.3,100.0,25.0,0.21659412731726965
1743,2.0,30.0,35.0,0.3,1000.0,25.0,0.20595482736825943
1744,2.0,30.0,35.0,0.3,10000.0,27.0,0.21528376390536627
1745,2.0,30.0,35.0,0.5,0.0,25.0,0.2002484897772471
1746,2.0,30.0,35.0,0.5,10.0,29.0,0.21446977059046426
1747,2.0,30.0,35.0,0.5,100.0,26.0,0.2078708956638972
1748,2.0,30.0,35.0,0.5,1000.0,25.0,0.1987368787328402
1749,2.0,30.0,35.0,0.5,10000.0,27.0,0.2121336261431376
1750,2.0,30.0,35.0,0.7,0.0,25.0,0.19677742570638657
1751,2.0,30.0,35.0,0.7,10.0,26.0,0.21052591254313788
1752,2.0,30.0,35.0,0.7,100.0,26.0,0.2003475477298101
1753,2.0,30.0,35.0,0.7,1000.0,25.0,0.19473105172316232
1754,2.0,30.0,35.0,0.7,10000.0,27.0,0.21218511710564295
1755,2.0,30.0,40.0,0.3,0.0,25.0,0.21325096736351648
1756,2.0,30.0,40.0,0.3,10.0,27.0,0.22100730488697687
1757,2.0,30.0,40.0,0.3,100.0,25.0,0.2055555780728658
1758,2.0,30.0,40.0,0.3,1000.0,24.0,0.20473401496807733
1759,2.0,30.0,40.0,0.3,10000.0,23.0,0.20779857536156973
1760,2.0,30.0,40.0,0.5,0.0,26.0,0.2067597731947899
1761,2.0,30.0,40.0,0.5,10.0,25.0,0.210426797469457
1762,2.0,30.0,40.0,0.5,100.0,24.0,0.1994890570640564
1763,2.0,30.0,40.0,0.5,1000.0,26.0,0.20218884696563086
1764,2.0,30.0,40.0,0.5,10000.0,23.0,0.20351672420899072
1765,2.0,30.0,40.0,0.7,0.0,26.0,0.20371269434690475
1766,2.0,30.0,40.0,0.7,10.0,26.0,0.2073907901843389
1767,2.0,30.0,40.0,0.7,100.0,24.0,0.19650603582461676
1768,2.0,30.0,40.0,0.7,1000.0,27.0,0.20323636879523596
1769,2.0,30.0,40.0,0.7,10000.0,25.0,0.19838741918404898
1770,2.0,30.0,45.0,0.3,0.0,24.0,0.20735988517602286
1771,2.0,30.0,45.0,0.3,10.0,24.0,0.22568296641111374
1772,2.0,30.0,45.0,0.3,100.0,25.0,0.20581220587094626
1773,2.0,30.0,45.0,0.3,1000.0,25.0,0.21245229492584863
1774,2.0,30.0,45.0,0.3,10000.0,25.0,0.21754697461922964
1775,2.0,30.0,45.0,0.5,0.0,27.0,0.20516746739546457
1776,2.0,30.0,45.0,0.5,10.0,25.0,0.2183307409286499
1777,2.0,30.0,45.0,0.5,100.0,24.0,0.20131167024374008
1778,2.0,30.0,45.0,0.5,1000.0,25.0,0.20718296617269516
1779,2.0,30.0,45.0,0.5,10000.0,25.0,0.2114360804359118
1780,2.0,30.0,45.0,0.7,0.0,27.0,0.19751243044932684
1781,2.0,30.0,45.0,0.7,10.0,31.0,0.22005859265724817
1782,2.0,30.0,45.0,0.7,100.0,29.0,0.2084398865699768
1783,2.0,30.0,45.0,0.7,1000.0,25.0,0.19894994546969733
1784,2.0,30.0,45.0,0.7,10000.0,27.0,0.2098401958743731
1785,2.0,30.0,50.0,0.3,0.0,25.0,0.20930330455303192
1786,2.0,30.0,50.0,0.3,10.0,26.0,0.21502079566319784
1787,2.0,30.0,50.0,0.3,100.0,22.0,0.20775598287582397
1788,2.0,30.0,50.0,0.3,1000.0,24.0,0.20825638622045517
1789,2.0,30.0,50.0,0.3,10000.0,25.0,0.21440976858139038
1790,2.0,30.0,50.0,0.5,0.0,25.0,0.20056366672118506
1791,2.0,30.0,50.0,0.5,10.0,24.0,0.21879319101572037
1792,2.0,30.0,50.0,0.5,100.0,23.0,0.21168243885040283
1793,2.0,30.0,50.0,0.5,1000.0,24.0,0.20226987451314926
1794,2.0,30.0,50.0,0.5,10000.0,28.0,0.21541906148195267
1795,2.0,30.0,50.0,0.7,0.0,24.0,0.20065425584713617
1796,2.0,30.0,50.0,0.7,10.0,26.0,0.21295512715975443
1797,2.0,30.0,50.0,0.7,100.0,26.0,0.20222376783688864
1798,2.0,30.0,50.0,0.7,1000.0,25.0,0.19949505726496378
1799,2.0,30.0,50.0,0.7,10000.0,28.0,0.2149932806690534
1800,1.0,35.0,5.0,0.3,0.0,102.0,0.23053433994452158
1801,1.0,35.0,5.0,0.3,10.0,35.0,0.1982263425985972
1802,1.0,35.0,5.0,0.3,100.0,33.0,0.22194691002368927
1803,1.0,35.0,5.0,0.3,1000.0,235.0,0.23751691480477652
1804,1.0,35.0,5.0,0.3,10000.0,108.0,0.23121743152538934
1805,1.0,35.0,5.0,0.5,0.0,81.0,0.2641308804353078
1806,1.0,35.0,5.0,0.5,10.0,35.0,0.21982184052467346
1807,1.0,35.0,5.0,0.5,100.0,29.0,0.22955603897571564
1808,1.0,35.0,5.0,0.5,1000.0,178.0,0.2701457937558492
1809,1.0,35.0,5.0,0.5,10000.0,106.0,0.25972334543863934
1810,1.0,35.0,5.0,0.7,0.0,39.0,0.32940317193667096
1811,1.0,35.0,5.0,0.7,10.0,96.0,0.26883003612359363
1812,1.0,35.0,5.0,0.7,100.0,69.0,0.26896048585573834
1813,1.0,35.0,5.0,0.7,1000.0,142.0,0.32969123125076294
1814,1.0,35.0,5.0,0.7,10000.0,65.0,0.33344943324724835
1815,1.0,35.0,10.0,0.3,0.0,37.0,0.21614511807759604
1816,1.0,35.0,10.0,0.3,10.0,52.0,0.20972838004430136
1817,1.0,35.0,10.0,0.3,100.0,33.0,0.2037647565205892
1818,1.0,35.0,10.0,0.3,1000.0,43.0,0.2255502144495646
1819,1.0,35.0,10.0,0.3,10000.0,33.0,0.19657609115044275
1820,1.0,35.0,10.0,0.5,0.0,70.0,0.20906300594409308
1821,1.0,35.0,10.0,0.5,10.0,34.0,0.19548520197470984
1822,1.0,35.0,10.0,0.5,100.0,31.0,0.20086931933959326
1823,1.0,35.0,10.0,0.5,1000.0,41.0,0.20262336234251657
1824,1.0,35.0,10.0,0.5,10000.0,35.0,0.1992856984337171
1825,1.0,35.0,10.0,0.7,0.0,49.0,0.2216101437807083
1826,1.0,35.0,10.0,0.7,10.0,40.0,0.2167841444412867
1827,1.0,35.0,10.0,0.7,100.0,31.0,0.22942082583904266
1828,1.0,35.0,10.0,0.7,1000.0,48.0,0.22200269003709158
1829,1.0,35.0,10.0,0.7,10000.0,32.0,0.22250299155712128
1830,1.0,35.0,15.0,0.3,0.0,47.0,0.2214175139864286
1831,1.0,35.0,15.0,0.3,10.0,34.0,0.21128669877847037
1832,1.0,35.0,15.0,0.3,100.0,30.0,0.19826647639274597
1833,1.0,35.0,15.0,0.3,1000.0,37.0,0.20355940610170364
1834,1.0,35.0,15.0,0.3,10000.0,33.0,0.21055251359939575
1835,1.0,35.0,15.0,0.5,0.0,27.0,0.2119936098655065
1836,1.0,35.0,15.0,0.5,10.0,35.0,0.19941760847965875
1837,1.0,35.0,15.0,0.5,100.0,32.0,0.1925652176141739
1838,1.0,35.0,15.0,0.5,1000.0,36.0,0.20115241408348083
1839,1.0,35.0,15.0,0.5,10000.0,32.0,0.21118642141421637
1840,1.0,35.0,15.0,0.7,0.0,39.0,0.2010409658153852
1841,1.0,35.0,15.0,0.7,10.0,35.0,0.20337452987829843
1842,1.0,35.0,15.0,0.7,100.0,38.0,0.21456403036912283
1843,1.0,35.0,15.0,0.7,1000.0,42.0,0.20576004683971405
1844,1.0,35.0,15.0,0.7,10000.0,38.0,0.2117468242843946
1845,1.0,35.0,20.0,0.3,0.0,37.0,0.21982727448145548
1846,1.0,35.0,20.0,0.3,10.0,39.0,0.21640188743670782
1847,1.0,35.0,20.0,0.3,100.0,28.0,0.20265328884124756
1848,1.0,35.0,20.0,0.3,1000.0,40.0,0.21192783365646997
1849,1.0,35.0,20.0,0.3,10000.0,34.0,0.22694612542788187
1850,1.0,35.0,20.0,0.5,0.0,31.0,0.20287402222553888
1851,1.0,35.0,20.0,0.5,10.0,35.0,0.20478055874506632
1852,1.0,35.0,20.0,0.5,100.0,30.0,0.19163284947474798
1853,1.0,35.0,20.0,0.5,1000.0,35.0,0.19641722490390143
1854,1.0,35.0,20.0,0.5,10000.0,33.0,0.21959879249334335
1855,1.0,35.0,20.0,0.7,0.0,33.0,0.1969510018825531
1856,1.0,35.0,20.0,0.7,10.0,35.0,0.1982135772705078
1857,1.0,35.0,20.0,0.7,100.0,31.0,0.1975966120759646
1858,1.0,35.0,20.0,0.7,1000.0,36.0,0.196659987171491
1859,1.0,35.0,20.0,0.7,10000.0,61.0,0.2101197987794876
1860,1.0,35.0,25.0,0.3,0.0,47.0,0.21963894118865332
1861,1.0,35.0,25.0,0.3,10.0,41.0,0.22098985562721887
1862,1.0,35.0,25.0,0.3,100.0,30.0,0.2088715930779775
1863,1.0,35.0,25.0,0.3,1000.0,37.0,0.217592383424441
1864,1.0,35.0,25.0,0.3,10000.0,32.0,0.20413491874933243
1865,1.0,35.0,25.0,0.5,0.0,32.0,0.2058599442243576
1866,1.0,35.0,25.0,0.5,10.0,40.0,0.21013537049293518
1867,1.0,35.0,25.0,0.5,100.0,34.0,0.20594288657108942
1868,1.0,35.0,25.0,0.5,1000.0,33.0,0.21147628873586655
1869,1.0,35.0,25.0,0.5,10000.0,29.0,0.19897697120904922
1870,1.0,35.0,25.0,0.7,0.0,38.0,0.1997248480717341
1871,1.0,35.0,25.0,0.7,10.0,31.0,0.21031612902879715
1872,1.0,35.0,25.0,0.7,100.0,30.0,0.20395581672588983
1873,1.0,35.0,25.0,0.7,1000.0,34.0,0.2017268960674604
1874,1.0,35.0,25.0,0.7,10000.0,33.0,0.19319727023442587
1875,1.0,35.0,30.0,0.3,0.0,28.0,0.20772784451643625
1876,1.0,35.0,30.0,0.3,10.0,26.0,0.2259253958861033
1877,1.0,35.0,30.0,0.3,100.0,25.0,0.22352400670448938
1878,1.0,35.0,30.0,0.3,1000.0,30.0,0.216648668050766
1879,1.0,35.0,30.0,0.3,10000.0,28.0,0.2209356650710106
1880,1.0,35.0,30.0,0.5,0.0,35.0,0.1975364883740743
1881,1.0,35.0,30.0,0.5,10.0,29.0,0.1997564360499382
1882,1.0,35.0,30.0,0.5,100.0,29.0,0.20627130816380182
1883,1.0,35.0,30.0,0.5,1000.0,30.0,0.20690773179133734
1884,1.0,35.0,30.0,0.5,10000.0,27.0,0.2127725233634313
1885,1.0,35.0,30.0,0.7,0.0,32.0,0.19439047326644263
1886,1.0,35.0,30.0,0.7,10.0,30.0,0.19154506425062814
1887,1.0,35.0,30.0,0.7,100.0,32.0,0.20762319366137186
1888,1.0,35.0,30.0,0.7,1000.0,33.0,0.1955202966928482
1889,1.0,35.0,30.0,0.7,10000.0,34.0,0.207704226175944
1890,1.0,35.0,35.0,0.3,0.0,30.0,0.2093061531583468
1891,1.0,35.0,35.0,0.3,10.0,29.0,0.21906435738007227
1892,1.0,35.0,35.0,0.3,100.0,43.0,0.21370246509710947
1893,1.0,35.0,35.0,0.3,1000.0,28.0,0.22092746694882712
1894,1.0,35.0,35.0,0.3,10000.0,33.0,0.21185208360354105
1895,1.0,35.0,35.0,0.5,0.0,32.0,0.2028965080777804
1896,1.0,35.0,35.0,0.5,10.0,30.0,0.21075658996899924
1897,1.0,35.0,35.0,0.5,100.0,29.0,0.2123018205165863
1898,1.0,35.0,35.0,0.5,1000.0,30.0,0.2077024777730306
1899,1.0,35.0,35.0,0.5,10000.0,31.0,0.20732299238443375
1900,1.0,35.0,35.0,0.7,0.0,32.0,0.1980174034833908
1901,1.0,35.0,35.0,0.7,10.0,35.0,0.20137488842010498
1902,1.0,35.0,35.0,0.7,100.0,38.0,0.198297381401062
1903,1.0,35.0,35.0,0.7,1000.0,33.0,0.200697789589564
1904,1.0,35.0,35.0,0.7,10000.0,30.0,0.19682227820158005
1905,1.0,35.0,40.0,0.3,0.0,30.0,0.2085737387339274
1906,1.0,35.0,40.0,0.3,10.0,26.0,0.22496627767880759
1907,1.0,35.0,40.0,0.3,100.0,26.0,0.2127678170800209
1908,1.0,35.0,40.0,0.3,1000.0,34.0,0.22278179973363876
1909,1.0,35.0,40.0,0.3,10000.0,23.0,0.22924372802178064
1910,1.0,35.0,40.0,0.5,0.0,28.0,0.2059968337416649
1911,1.0,35.0,40.0,0.5,10.0,28.0,0.21431819597880045
1912,1.0,35.0,40.0,0.5,100.0,27.0,0.2138624538977941
1913,1.0,35.0,40.0,0.5,1000.0,33.0,0.21413291990756989
1914,1.0,35.0,40.0,0.5,10000.0,31.0,0.21893641849358877
1915,1.0,35.0,40.0,0.7,0.0,34.0,0.1877737914522489
1916,1.0,35.0,40.0,0.7,10.0,31.0,0.20215589801470438
1917,1.0,35.0,40.0,0.7,100.0,45.0,0.20779032756884894
1918,1.0,35.0,40.0,0.7,1000.0,33.0,0.2047218456864357
1919,1.0,35.0,40.0,0.7,10000.0,43.0,0.21203339596589407
1920,1.0,35.0,45.0,0.3,0.0,26.0,0.21535648902257284
1921,1.0,35.0,45.0,0.3,10.0,25.0,0.20621188233296076
1922,1.0,35.0,45.0,0.3,100.0,28.0,0.21549326926469803
1923,1.0,35.0,45.0,0.3,1000.0,29.0,0.214108573893706
1924,1.0,35.0,45.0,0.3,10000.0,26.0,0.2284973586599032
1925,1.0,35.0,45.0,0.5,0.0,28.0,0.20891657223304114
1926,1.0,35.0,45.0,0.5,10.0,25.0,0.20097240805625916
1927,1.0,35.0,45.0,0.5,100.0,27.0,0.2094185377160708
1928,1.0,35.0,45.0,0.5,1000.0,30.0,0.20251132299502692
1929,1.0,35.0,45.0,0.5,10000.0,29.0,0.2175725226600965
1930,1.0,35.0,45.0,0.7,0.0,37.0,0.19890274355808893
1931,1.0,35.0,45.0,0.7,10.0,31.0,0.19450779259204865
1932,1.0,35.0,45.0,0.7,100.0,26.0,0.19860180715719858
1933,1.0,35.0,45.0,0.7,1000.0,31.0,0.19126043717066446
1934,1.0,35.0,45.0,0.7,10000.0,29.0,0.2056497186422348
1935,1.0,35.0,50.0,0.3,0.0,28.0,0.21382330606381098
1936,1.0,35.0,50.0,0.3,10.0,29.0,0.23339549700419107
1937,1.0,35.0,50.0,0.3,100.0,28.0,0.2079308753212293
1938,1.0,35.0,50.0,0.3,1000.0,29.0,0.22608343263467154
1939,1.0,35.0,50.0,0.3,10000.0,24.0,0.21486878643433252
1940,1.0,35.0,50.0,0.5,0.0,28.0,0.20319626977046332
1941,1.0,35.0,50.0,0.5,10.0,29.0,0.21937293310960135
1942,1.0,35.0,50.0,0.5,100.0,28.0,0.1999788631995519
1943,1.0,35.0,50.0,0.5,1000.0,26.0,0.21052205810944238
1944,1.0,35.0,50.0,0.5,10000.0,26.0,0.21170952171087265
1945,1.0,35.0,50.0,0.7,0.0,31.0,0.19794574628273645
1946,1.0,35.0,50.0,0.7,10.0,30.0,0.19947933157285055
1947,1.0,35.0,50.0,0.7,100.0,30.0,0.19157224893569946
1948,1.0,35.0,50.0,0.7,1000.0,33.0,0.2025704359014829
1949,1.0,35.0,50.0,0.7,10000.0,27.0,0.20430810004472733
1950,2.0,35.0,5.0,0.3,0.0,38.0,0.2138667975862821
1951,2.0,35.0,5.0,0.3,10.0,23.0,0.2234389384587606
1952,2.0,35.0,5.0,0.3,100.0,36.0,0.1971010466416677
1953,2.0,35.0,5.0,0.3,1000.0,44.0,0.20654220630725226
1954,2.0,35.0,5.0,0.3,10000.0,38.0,0.20274807512760162
1955,2.0,35.0,5.0,0.5,0.0,29.0,0.21802825729052225
1956,2.0,35.0,5.0,0.5,10.0,58.0,0.23770258824030557
1957,2.0,35.0,5.0,0.5,100.0,35.0,0.2049256463845571
1958,2.0,35.0,5.0,0.5,1000.0,34.0,0.21258057405551276
1959,2.0,35.0,5.0,0.5,10000.0,31.0,0.22183457762002945
1960,2.0,35.0,5.0,0.7,0.0,37.0,0.26632067561149597
1961,2.0,35.0,5.0,0.7,10.0,52.0,0.2790626535813014
1962,2.0,35.0,5.0,0.7,100.0,31.0,0.278300220767657
1963,2.0,35.0,5.0,0.7,1000.0,60.0,0.26863794525464374
1964,2.0,35.0,5.0,0.7,10000.0,42.0,0.27364249527454376
1965,2.0,35.0,10.0,0.3,0.0,29.0,0.20517789324124655
1966,2.0,35.0,10.0,0.3,10.0,29.0,0.21606096625328064
1967,2.0,35.0,10.0,0.3,100.0,26.0,0.200259101887544
1968,2.0,35.0,10.0,0.3,1000.0,39.0,0.20979981124401093
1969,2.0,35.0,10.0,0.3,10000.0,31.0,0.2049369439482689
1970,2.0,35.0,10.0,0.5,0.0,37.0,0.20016327500343323
1971,2.0,35.0,10.0,0.5,10.0,23.0,0.21217143535614014
1972,2.0,35.0,10.0,0.5,100.0,36.0,0.20866110920906067
1973,2.0,35.0,10.0,0.5,1000.0,33.0,0.20343984911839166
1974,2.0,35.0,10.0,0.5,10000.0,26.0,0.19868136942386627
1975,2.0,35.0,10.0,0.7,0.0,37.0,0.21694615483283997
1976,2.0,35.0,10.0,0.7,10.0,52.0,0.2263846496740977
1977,2.0,35.0,10.0,0.7,100.0,28.0,0.24156171580155691
1978,2.0,35.0,10.0,0.7,1000.0,36.0,0.22214807321627936
1979,2.0,35.0,10.0,0.7,10000.0,42.0,0.22810698052247366
1980,2.0,35.0,15.0,0.3,0.0,26.0,0.21445923546950021
1981,2.0,35.0,15.0,0.3,10.0,30.0,0.21608074506123862
1982,2.0,35.0,15.0,0.3,100.0,34.0,0.20665905872980753
1983,2.0,35.0,15.0,0.3,1000.0,39.0,0.21310745179653168
1984,2.0,35.0,15.0,0.3,10000.0,39.0,0.21568404883146286
1985,2.0,35.0,15.0,0.5,0.0,25.0,0.2073051705956459
1986,2.0,35.0,15.0,0.5,10.0,25.0,0.20170486470063528
1987,2.0,35.0,15.0,0.5,100.0,26.0,0.20044018824895224
1988,2.0,35.0,15.0,0.5,1000.0,23.0,0.2167033925652504
1989,2.0,35.0,15.0,0.5,10000.0,26.0,0.2001288185516993
1990,2.0,35.0,15.0,0.7,0.0,38.0,0.21083075056473413
1991,2.0,35.0,15.0,0.7,10.0,27.0,0.2318818916877111
1992,2.0,35.0,15.0,0.7,100.0,27.0,0.21528870364030203
1993,2.0,35.0,15.0,0.7,1000.0,25.0,0.2078204800685247
1994,2.0,35.0,15.0,0.7,10000.0,34.0,0.21853017310301462
1995,2.0,35.0,20.0,0.3,0.0,27.0,0.21214433014392853
1996,2.0,35.0,20.0,0.3,10.0,39.0,0.22322610268990198
1997,2.0,35.0,20.0,0.3,100.0,23.0,0.20975163578987122
1998,2.0,35.0,20.0,0.3,1000.0,31.0,0.20438152800003687
1999,2.0,35.0,20.0,0.3,10000.0,35.0,0.20816054195165634
2000,2.0,35.0,20.0,0.5,0.0,25.0,0.2011827677488327
2001,2.0,35.0,20.0,0.5,10.0,36.0,0.21067415177822113
2002,2.0,35.0,20.0,0.5,100.0,21.0,0.19742744167645773
2003,2.0,35.0,20.0,0.5,1000.0,26.0,0.19555372496445975
2004,2.0,35.0,20.0,0.5,10000.0,26.0,0.21821501851081848
2005,2.0,35.0,20.0,0.7,0.0,28.0,0.19842150310675302
2006,2.0,35.0,20.0,0.7,10.0,25.0,0.20636754234631857
2007,2.0,35.0,20.0,0.7,100.0,23.0,0.2039291337132454
2008,2.0,35.0,20.0,0.7,1000.0,30.0,0.19871865957975388
2009,2.0,35.0,20.0,0.7,10000.0,26.0,0.20985773454109827
2010,2.0,35.0,25.0,0.3,0.0,27.0,0.221806600689888
2011,2.0,35.0,25.0,0.3,10.0,26.0,0.21636590858300528
2012,2.0,35.0,25.0,0.3,100.0,24.0,0.21035666018724442
2013,2.0,35.0,25.0,0.3,1000.0,39.0,0.2214071328441302
2014,2.0,35.0,25.0,0.3,10000.0,33.0,0.2176756113767624
2015,2.0,35.0,25.0,0.5,0.0,24.0,0.21299269298712412
2016,2.0,35.0,25.0,0.5,10.0,26.0,0.20655468851327896
2017,2.0,35.0,25.0,0.5,100.0,25.0,0.1969487468401591
2018,2.0,35.0,25.0,0.5,1000.0,32.0,0.2090471163392067
2019,2.0,35.0,25.0,0.5,10000.0,37.0,0.22388157000144324
2020,2.0,35.0,25.0,0.7,0.0,27.0,0.20774421095848083
2021,2.0,35.0,25.0,0.7,10.0,31.0,0.20646428813536963
2022,2.0,35.0,25.0,0.7,100.0,27.0,0.20412838955720267
2023,2.0,35.0,25.0,0.7,1000.0,28.0,0.2115143189827601
2024,2.0,35.0,25.0,0.7,10000.0,29.0,0.21865259855985641
2025,2.0,35.0,30.0,0.3,0.0,31.0,0.21890036761760712
2026,2.0,35.0,30.0,0.3,10.0,25.0,0.2155460367600123
2027,2.0,35.0,30.0,0.3,100.0,27.0,0.21269185344378153
2028,2.0,35.0,30.0,0.3,1000.0,24.0,0.21276367207368216
2029,2.0,35.0,30.0,0.3,10000.0,25.0,0.21070082982381186
2030,2.0,35.0,30.0,0.5,0.0,22.0,0.21182708193858465
2031,2.0,35.0,30.0,0.5,10.0,25.0,0.20431923617919287
2032,2.0,35.0,30.0,0.5,100.0,25.0,0.21222081035375595
2033,2.0,35.0,30.0,0.5,1000.0,25.0,0.20995561530192694
2034,2.0,35.0,30.0,0.5,10000.0,23.0,0.2072972779472669
2035,2.0,35.0,30.0,0.7,0.0,27.0,0.202804334461689
2036,2.0,35.0,30.0,0.7,10.0,25.0,0.2036289076010386
2037,2.0,35.0,30.0,0.7,100.0,25.0,0.20105674862861633
2038,2.0,35.0,30.0,0.7,1000.0,25.0,0.20260387907425562
2039,2.0,35.0,30.0,0.7,10000.0,23.0,0.2154556835691134
2040,2.0,35.0,35.0,0.3,0.0,25.0,0.21588814755280814
2041,2.0,35.0,35.0,0.3,10.0,28.0,0.20767699927091599
2042,2.0,35.0,35.0,0.3,100.0,26.0,0.22297588984171549
2043,2.0,35.0,35.0,0.3,1000.0,28.0,0.22162887702385584
2044,2.0,35.0,35.0,0.3,10000.0,26.0,0.21899900337060293
2045,2.0,35.0,35.0,0.5,0.0,26.0,0.2023917237917582
2046,2.0,35.0,35.0,0.5,10.0,28.0,0.20527437329292297
2047,2.0,35.0,35.0,0.5,100.0,25.0,0.20937130600214005
2048,2.0,35.0,35.0,0.5,1000.0,28.0,0.21261870364348093
2049,2.0,35.0,35.0,0.5,10000.0,24.0,0.2071791042884191
2050,2.0,35.0,35.0,0.7,0.0,27.0,0.19792952636877695
2051,2.0,35.0,35.0,0.7,10.0,23.0,0.19577075044314066
2052,2.0,35.0,35.0,0.7,100.0,25.0,0.21032425264517465
2053,2.0,35.0,35.0,0.7,1000.0,32.0,0.20978952695926031
2054,2.0,35.0,35.0,0.7,10000.0,26.0,0.20781297236680984
2055,2.0,35.0,40.0,0.3,0.0,31.0,0.21877587834993997
2056,2.0,35.0,40.0,0.3,10.0,24.0,0.21778881549835205
2057,2.0,35.0,40.0,0.3,100.0,21.0,0.21825160831212997
2058,2.0,35.0,40.0,0.3,1000.0,23.0,0.21973092357317606
2059,2.0,35.0,40.0,0.3,10000.0,23.0,0.21256629625956217
2060,2.0,35.0,40.0,0.5,0.0,32.0,0.2101710562904676
2061,2.0,35.0,40.0,0.5,10.0,24.0,0.21188024679819742
2062,2.0,35.0,40.0,0.5,100.0,24.0,0.20766454686721167
2063,2.0,35.0,40.0,0.5,1000.0,24.0,0.2165958434343338
2064,2.0,35.0,40.0,0.5,10000.0,23.0,0.19998526076475778
2065,2.0,35.0,40.0,0.7,0.0,29.0,0.19675257056951523
2066,2.0,35.0,40.0,0.7,10.0,25.0,0.2048442413409551
2067,2.0,35.0,40.0,0.7,100.0,25.0,0.20063958317041397
2068,2.0,35.0,40.0,0.7,1000.0,29.0,0.20415056745211282
2069,2.0,35.0,40.0,0.7,10000.0,27.0,0.20173179854949316
2070,2.0,35.0,45.0,0.3,0.0,24.0,0.21944314489761987
2071,2.0,35.0,45.0,0.3,10.0,24.0,0.21083551148573557
2072,2.0,35.0,45.0,0.3,100.0,28.0,0.21450690925121307
2073,2.0,35.0,45.0,0.3,1000.0,37.0,0.22228250900904337
2074,2.0,35.0,45.0,0.3,10000.0,25.0,0.2104482725262642
2075,2.0,35.0,45.0,0.5,0.0,22.0,0.2158665657043457
2076,2.0,35.0,45.0,0.5,10.0,24.0,0.19553233683109283
2077,2.0,35.0,45.0,0.5,100.0,24.0,0.20954807351032892
2078,2.0,35.0,45.0,0.5,1000.0,24.0,0.20351492861906686
2079,2.0,35.0,45.0,0.5,10000.0,24.0,0.20832824458678564
2080,2.0,35.0,45.0,0.7,0.0,25.0,0.20972723265488943
2081,2.0,35.0,45.0,0.7,10.0,27.0,0.2028669168551763
2082,2.0,35.0,45.0,0.7,100.0,24.0,0.19615895797808966
2083,2.0,35.0,45.0,0.7,1000.0,29.0,0.2076928267876307
2084,2.0,35.0,45.0,0.7,10000.0,25.0,0.19883155077695847
2085,2.0,35.0,50.0,0.3,0.0,23.0,0.22042914976676306
2086,2.0,35.0,50.0,0.3,10.0,23.0,0.2186716596285502
2087,2.0,35.0,50.0,0.3,100.0,26.0,0.21156934152046838
2088,2.0,35.0,50.0,0.3,1000.0,24.0,0.2168161322673162
2089,2.0,35.0,50.0,0.3,10000.0,25.0,0.21058319757382074
2090,2.0,35.0,50.0,0.5,0.0,24.0,0.2139161080121994
2091,2.0,35.0,50.0,0.5,10.0,24.0,0.2075808122754097
2092,2.0,35.0,50.0,0.5,100.0,24.0,0.21032523612181345
2093,2.0,35.0,50.0,0.5,1000.0,24.0,0.20955328891674677
2094,2.0,35.0,50.0,0.5,10000.0,23.0,0.20990396291017532
2095,2.0,35.0,50.0,0.7,0.0,22.0,0.2021591862042745
2096,2.0,35.0,50.0,0.7,10.0,26.0,0.20273457467556
2097,2.0,35.0,50.0,0.7,100.0,27.0,0.19703395664691925
2098,2.0,35.0,50.0,0.7,1000.0,26.0,0.20930388569831848
2099,2.0,35.0,50.0,0.7,10000.0,24.0,0.20632310460011163
2100,1.0,40.0,5.0,0.3,0.0,41.0,0.1995855594674746
2101,1.0,40.0,5.0,0.3,10.0,36.0,0.2050680418809255
2102,1.0,40.0,5.0,0.3,100.0,54.0,0.22318059454361597
2103,1.0,40.0,5.0,0.3,1000.0,33.0,0.19819187621275583
2104,1.0,40.0,5.0,0.3,10000.0,160.0,0.2594241549571355
2105,1.0,40.0,5.0,0.5,0.0,45.0,0.2114566465218862
2106,1.0,40.0,5.0,0.5,10.0,34.0,0.22036092976729074
2107,1.0,40.0,5.0,0.5,100.0,43.0,0.2169964611530304
2108,1.0,40.0,5.0,0.5,1000.0,36.0,0.20581650485595068
2109,1.0,40.0,5.0,0.5,10000.0,138.0,0.26463139057159424
2110,1.0,40.0,5.0,0.7,0.0,45.0,0.26330876847108203
2111,1.0,40.0,5.0,0.7,10.0,40.0,0.2745406776666641
2112,1.0,40.0,5.0,0.7,100.0,33.0,0.27115029096603394
2113,1.0,40.0,5.0,0.7,1000.0,39.0,0.2792684684197108
2114,1.0,40.0,5.0,0.7,10000.0,167.0,0.28554224967956543
2115,1.0,40.0,10.0,0.3,0.0,28.0,0.20517580211162567
2116,1.0,40.0,10.0,0.3,10.0,39.0,0.2129602606097857
2117,1.0,40.0,10.0,0.3,100.0,29.0,0.2208286722501119
2118,1.0,40.0,10.0,0.3,1000.0,54.0,0.2219999929269155
2119,1.0,40.0,10.0,0.3,10000.0,46.0,0.21384863555431366
2120,1.0,40.0,10.0,0.5,0.0,35.0,0.19397487491369247
2121,1.0,40.0,10.0,0.5,10.0,34.0,0.20567152152458826
2122,1.0,40.0,10.0,0.5,100.0,26.0,0.20887222637732825
2123,1.0,40.0,10.0,0.5,1000.0,57.0,0.2124305839339892
2124,1.0,40.0,10.0,0.5,10000.0,57.0,0.20473061253627142
2125,1.0,40.0,10.0,0.7,0.0,43.0,0.2183667073647181
2126,1.0,40.0,10.0,0.7,10.0,31.0,0.22768222292264303
2127,1.0,40.0,10.0,0.7,100.0,36.0,0.22106793026129404
2128,1.0,40.0,10.0,0.7,1000.0,35.0,0.21873542169729868
2129,1.0,40.0,10.0,0.7,10000.0,42.0,0.2227458357810974
2130,1.0,40.0,15.0,0.3,0.0,35.0,0.21594801545143127
2131,1.0,40.0,15.0,0.3,10.0,37.0,0.21508866796890894
2132,1.0,40.0,15.0,0.3,100.0,32.0,0.2136878768603007
2133,1.0,40.0,15.0,0.3,1000.0,51.0,0.21790028115113577
2134,1.0,40.0,15.0,0.3,10000.0,32.0,0.19132953882217407
2135,1.0,40.0,15.0,0.5,0.0,30.0,0.20039190103610358
2136,1.0,40.0,15.0,0.5,10.0,46.0,0.20472445338964462
2137,1.0,40.0,15.0,0.5,100.0,30.0,0.20404123763243356
2138,1.0,40.0,15.0,0.5,1000.0,46.0,0.21178487439950308
2139,1.0,40.0,15.0,0.5,10000.0,32.0,0.18749397496382395
2140,1.0,40.0,15.0,0.7,0.0,32.0,0.19880304982264838
2141,1.0,40.0,15.0,0.7,10.0,59.0,0.20837959150473276
2142,1.0,40.0,15.0,0.7,100.0,28.0,0.20536252111196518
2143,1.0,40.0,15.0,0.7,1000.0,52.0,0.2161395251750946
2144,1.0,40.0,15.0,0.7,10000.0,30.0,0.19508214791615805
2145,1.0,40.0,20.0,0.3,0.0,56.0,0.22497583429018655
2146,1.0,40.0,20.0,0.3,10.0,25.0,0.2106368194023768
2147,1.0,40.0,20.0,0.3,100.0,39.0,0.21724564333756766
2148,1.0,40.0,20.0,0.3,1000.0,35.0,0.21721932291984558
2149,1.0,40.0,20.0,0.3,10000.0,30.0,0.20231904337803522
2150,1.0,40.0,20.0,0.5,0.0,47.0,0.213321253657341
2151,1.0,40.0,20.0,0.5,10.0,37.0,0.20516111701726913
2152,1.0,40.0,20.0,0.5,100.0,35.0,0.20084968954324722
2153,1.0,40.0,20.0,0.5,1000.0,40.0,0.20606570690870285
2154,1.0,40.0,20.0,0.5,10000.0,32.0,0.19667820384105048
2155,1.0,40.0,20.0,0.7,0.0,35.0,0.20857189347346625
2156,1.0,40.0,20.0,0.7,10.0,45.0,0.20309893786907196
2157,1.0,40.0,20.0,0.7,100.0,30.0,0.19840485354264578
2158,1.0,40.0,20.0,0.7,1000.0,36.0,0.2024458944797516
2159,1.0,40.0,20.0,0.7,10000.0,28.0,0.20182466258605322
2160,1.0,40.0,25.0,0.3,0.0,30.0,0.2093430037299792
2161,1.0,40.0,25.0,0.3,10.0,30.0,0.2244087979197502
2162,1.0,40.0,25.0,0.3,100.0,29.0,0.2138452803095182
2163,1.0,40.0,25.0,0.3,1000.0,33.0,0.22067384918530783
2164,1.0,40.0,25.0,0.3,10000.0,28.0,0.22131473322709402
2165,1.0,40.0,25.0,0.5,0.0,27.0,0.19598069290320078
2166,1.0,40.0,25.0,0.5,10.0,34.0,0.2130510707696279
2167,1.0,40.0,25.0,0.5,100.0,28.0,0.20597685625155768
2168,1.0,40.0,25.0,0.5,1000.0,33.0,0.21250533312559128
2169,1.0,40.0,25.0,0.5,10000.0,35.0,0.2185188556710879
2170,1.0,40.0,25.0,0.7,0.0,31.0,0.1926733429233233
2171,1.0,40.0,25.0,0.7,10.0,31.0,0.21820705384016037
2172,1.0,40.0,25.0,0.7,100.0,27.0,0.19821454087893167
2173,1.0,40.0,25.0,0.7,1000.0,33.0,0.19919062902530035
2174,1.0,40.0,25.0,0.7,10000.0,39.0,0.19994847724835077
2175,1.0,40.0,30.0,0.3,0.0,28.0,0.2145340914527575
2176,1.0,40.0,30.0,0.3,10.0,35.0,0.22428425898154578
2177,1.0,40.0,30.0,0.3,100.0,48.0,0.22239884485801062
2178,1.0,40.0,30.0,0.3,1000.0,31.0,0.2113188604513804
2179,1.0,40.0,30.0,0.3,10000.0,37.0,0.21791797628005347
2180,1.0,40.0,30.0,0.5,0.0,26.0,0.20110537111759186
2181,1.0,40.0,30.0,0.5,10.0,28.0,0.2194680372873942
2182,1.0,40.0,30.0,0.5,100.0,26.0,0.21981744468212128
2183,1.0,40.0,30.0,0.5,1000.0,31.0,0.2052265132466952
2184,1.0,40.0,30.0,0.5,10000.0,33.0,0.20513247946898142
2185,1.0,40.0,30.0,0.7,0.0,29.0,0.19815384348233542
2186,1.0,40.0,30.0,0.7,10.0,37.0,0.20768162856499353
2187,1.0,40.0,30.0,0.7,100.0,33.0,0.20861346771319708
2188,1.0,40.0,30.0,0.7,1000.0,29.0,0.1966329167286555
2189,1.0,40.0,30.0,0.7,10000.0,33.0,0.19563399503628412
2190,1.0,40.0,35.0,0.3,0.0,40.0,0.22049745172262192
2191,1.0,40.0,35.0,0.3,10.0,34.0,0.2264686847726504
2192,1.0,40.0,35.0,0.3,100.0,29.0,0.21299978345632553
2193,1.0,40.0,35.0,0.3,1000.0,28.0,0.21542275448640189
2194,1.0,40.0,35.0,0.3,10000.0,25.0,0.21561814347902933
2195,1.0,40.0,35.0,0.5,0.0,36.0,0.21332341929276785
2196,1.0,40.0,35.0,0.5,10.0,37.0,0.23061268279949823
2197,1.0,40.0,35.0,0.5,100.0,31.0,0.20832100013891855
2198,1.0,40.0,35.0,0.5,1000.0,31.0,0.20933517813682556
2199,1.0,40.0,35.0,0.5,10000.0,26.0,0.21099573373794556
2200,1.0,40.0,35.0,0.7,0.0,34.0,0.20361698667208353
2201,1.0,40.0,35.0,0.7,10.0,39.0,0.2134635498126348
2202,1.0,40.0,35.0,0.7,100.0,30.0,0.19523626069227853
2203,1.0,40.0,35.0,0.7,1000.0,33.0,0.1997611199816068
2204,1.0,40.0,35.0,0.7,10000.0,31.0,0.19653121878703436
2205,1.0,40.0,40.0,0.3,0.0,23.0,0.22394650429487228
2206,1.0,40.0,40.0,0.3,10.0,28.0,0.22660491863886514
2207,1.0,40.0,40.0,0.3,100.0,24.0,0.21527338276306787
2208,1.0,40.0,40.0,0.3,1000.0,34.0,0.2177149405082067
2209,1.0,40.0,40.0,0.3,10000.0,24.0,0.23134105652570724
2210,1.0,40.0,40.0,0.5,0.0,23.0,0.21580405036608377
2211,1.0,40.0,40.0,0.5,10.0,30.0,0.22588894764582315
2212,1.0,40.0,40.0,0.5,100.0,31.0,0.2109648957848549
2213,1.0,40.0,40.0,0.5,1000.0,30.0,0.20363874236742655
2214,1.0,40.0,40.0,0.5,10000.0,23.0,0.20685264219840369
2215,1.0,40.0,40.0,0.7,0.0,25.0,0.2020693818728129
2216,1.0,40.0,40.0,0.7,10.0,26.0,0.2090244988600413
2217,1.0,40.0,40.0,0.7,100.0,27.0,0.20147621631622314
2218,1.0,40.0,40.0,0.7,1000.0,34.0,0.1914563849568367
2219,1.0,40.0,40.0,0.7,10000.0,26.0,0.20535391320784888
2220,1.0,40.0,45.0,0.3,0.0,29.0,0.22258222351471582
2221,1.0,40.0,45.0,0.3,10.0,25.0,0.22550971060991287
2222,1.0,40.0,45.0,0.3,100.0,27.0,0.21146106719970703
2223,1.0,40.0,45.0,0.3,1000.0,29.0,0.22402618328730264
2224,1.0,40.0,45.0,0.3,10000.0,29.0,0.20899405082066855
2225,1.0,40.0,45.0,0.5,0.0,23.0,0.211594228943189
2226,1.0,40.0,45.0,0.5,10.0,43.0,0.221089335779349
2227,1.0,40.0,45.0,0.5,100.0,27.0,0.2068441535035769
2228,1.0,40.0,45.0,0.5,1000.0,33.0,0.2184845581650734
2229,1.0,40.0,45.0,0.5,10000.0,29.0,0.20194041480620703
2230,1.0,40.0,45.0,0.7,0.0,31.0,0.1963311235109965
2231,1.0,40.0,45.0,0.7,10.0,33.0,0.2081021989385287
2232,1.0,40.0,45.0,0.7,100.0,31.0,0.19801377753416696
2233,1.0,40.0,45.0,0.7,1000.0,36.0,0.20390970259904861
2234,1.0,40.0,45.0,0.7,10000.0,33.0,0.2012109731634458
2235,1.0,40.0,50.0,0.3,0.0,23.0,0.2158741926153501
2236,1.0,40.0,50.0,0.3,10.0,29.0,0.2221953570842743
2237,1.0,40.0,50.0,0.3,100.0,28.0,0.22118691354990005
2238,1.0,40.0,50.0,0.3,1000.0,27.0,0.2200589949886004
2239,1.0,40.0,50.0,0.3,10000.0,28.0,0.20215006917715073
2240,1.0,40.0,50.0,0.5,0.0,25.0,0.20684362451235452
2241,1.0,40.0,50.0,0.5,10.0,34.0,0.21510926882425943
2242,1.0,40.0,50.0,0.5,100.0,34.0,0.2169298753142357
2243,1.0,40.0,50.0,0.5,1000.0,28.0,0.19979665925105414
2244,1.0,40.0,50.0,0.5,10000.0,26.0,0.19914598762989044
2245,1.0,40.0,50.0,0.7,0.0,29.0,0.20087193697690964
2246,1.0,40.0,50.0,0.7,10.0,32.0,0.2114267796278
2247,1.0,40.0,50.0,0.7,100.0,31.0,0.20242668936649957
2248,1.0,40.0,50.0,0.7,1000.0,31.0,0.2007848396897316
2249,1.0,40.0,50.0,0.7,10000.0,26.0,0.19105537980794907
2250,2.0,40.0,5.0,0.3,0.0,55.0,0.21947368482748666
2251,2.0,40.0,5.0,0.3,10.0,51.0,0.2108046387632688
2252,2.0,40.0,5.0,0.3,100.0,36.0,0.20403570930163065
2253,2.0,40.0,5.0,0.3,1000.0,43.0,0.21158418556054434
2254,2.0,40.0,5.0,0.3,10000.0,22.0,0.19530640542507172
2255,2.0,40.0,5.0,0.5,0.0,54.0,0.2267602731784185
2256,2.0,40.0,5.0,0.5,10.0,41.0,0.2227856715520223
2257,2.0,40.0,5.0,0.5,100.0,35.0,0.2087056115269661
2258,2.0,40.0,5.0,0.5,1000.0,34.0,0.2227879265944163
2259,2.0,40.0,5.0,0.5,10000.0,25.0,0.2127336859703064
2260,2.0,40.0,5.0,0.7,0.0,29.0,0.27792197465896606
2261,2.0,40.0,5.0,0.7,10.0,29.0,0.29470015565554303
2262,2.0,40.0,5.0,0.7,100.0,40.0,0.2669822076956431
2263,2.0,40.0,5.0,0.7,1000.0,26.0,0.26028825839360553
2264,2.0,40.0,5.0,0.7,10000.0,37.0,0.2666332523028056
2265,2.0,40.0,10.0,0.3,0.0,26.0,0.20121458917856216
2266,2.0,40.0,10.0,0.3,10.0,35.0,0.2136565943559011
2267,2.0,40.0,10.0,0.3,100.0,29.0,0.19984452426433563
2268,2.0,40.0,10.0,0.3,1000.0,44.0,0.20569734772046408
2269,2.0,40.0,10.0,0.3,10000.0,24.0,0.21971584359804788
2270,2.0,40.0,10.0,0.5,0.0,28.0,0.20552596946557364
2271,2.0,40.0,10.0,0.5,10.0,26.0,0.21318242202202478
2272,2.0,40.0,10.0,0.5,100.0,29.0,0.19658814867337546
2273,2.0,40.0,10.0,0.5,1000.0,36.0,0.20675276468197504
2274,2.0,40.0,10.0,0.5,10000.0,28.0,0.21201594173908234
2275,2.0,40.0,10.0,0.7,0.0,27.0,0.21808275083700815
2276,2.0,40.0,10.0,0.7,10.0,30.0,0.22945921123027802
2277,2.0,40.0,10.0,0.7,100.0,36.0,0.21881028016408285
2278,2.0,40.0,10.0,0.7,1000.0,53.0,0.24484840035438538
2279,2.0,40.0,10.0,0.7,10000.0,24.0,0.2278339366118113
2280,2.0,40.0,15.0,0.3,0.0,24.0,0.2220161904891332
2281,2.0,40.0,15.0,0.3,10.0,27.0,0.21230214834213257
2282,2.0,40.0,15.0,0.3,100.0,23.0,0.21361202001571655
2283,2.0,40.0,15.0,0.3,1000.0,24.0,0.21449724088112512
2284,2.0,40.0,15.0,0.3,10000.0,28.0,0.21650869150956473
2285,2.0,40.0,15.0,0.5,0.0,22.0,0.20623323818047842
2286,2.0,40.0,15.0,0.5,10.0,31.0,0.21419580032428107
2287,2.0,40.0,15.0,0.5,100.0,27.0,0.2055090144276619
2288,2.0,40.0,15.0,0.5,1000.0,25.0,0.2000667229294777
2289,2.0,40.0,15.0,0.5,10000.0,28.0,0.20499938974777857
2290,2.0,40.0,15.0,0.7,0.0,29.0,0.21109572301308313
2291,2.0,40.0,15.0,0.7,10.0,25.0,0.21275232980648676
2292,2.0,40.0,15.0,0.7,100.0,27.0,0.2141758625706037
2293,2.0,40.0,15.0,0.7,1000.0,26.0,0.2174953023592631
2294,2.0,40.0,15.0,0.7,10000.0,32.0,0.20471802602211633
2295,2.0,40.0,20.0,0.3,0.0,38.0,0.2188193971912066
2296,2.0,40.0,20.0,0.3,10.0,31.0,0.2155213455359141
2297,2.0,40.0,20.0,0.3,100.0,36.0,0.2211985687414805
2298,2.0,40.0,20.0,0.3,1000.0,24.0,0.21664747099081674
2299,2.0,40.0,20.0,0.3,10000.0,22.0,0.21678575376669565
2300,2.0,40.0,20.0,0.5,0.0,25.0,0.20769982288281122
2301,2.0,40.0,20.0,0.5,10.0,23.0,0.20067662249008814
2302,2.0,40.0,20.0,0.5,100.0,24.0,0.20458294451236725
2303,2.0,40.0,20.0,0.5,1000.0,24.0,0.2092787300546964
2304,2.0,40.0,20.0,0.5,10000.0,24.0,0.2110874131321907
2305,2.0,40.0,20.0,0.7,0.0,28.0,0.20582205802202225
2306,2.0,40.0,20.0,0.7,10.0,23.0,0.19890751441319784
2307,2.0,40.0,20.0,0.7,100.0,25.0,0.20050383359193802
2308,2.0,40.0,20.0,0.7,1000.0,25.0,0.21085153768459955
2309,2.0,40.0,20.0,0.7,10000.0,23.0,0.20768922319014868
2310,2.0,40.0,25.0,0.3,0.0,29.0,0.22689771900574365
2311,2.0,40.0,25.0,0.3,10.0,29.0,0.19843314588069916
2312,2.0,40.0,25.0,0.3,100.0,29.0,0.21532582739988962
2313,2.0,40.0,25.0,0.3,1000.0,35.0,0.222172349691391
2314,2.0,40.0,25.0,0.3,10000.0,24.0,0.2064517637093862
2315,2.0,40.0,25.0,0.5,0.0,33.0,0.21752307812372842
2316,2.0,40.0,25.0,0.5,10.0,25.0,0.19630667567253113
2317,2.0,40.0,25.0,0.5,100.0,25.0,0.20410934835672379
2318,2.0,40.0,25.0,0.5,1000.0,30.0,0.20959660659233728
2319,2.0,40.0,25.0,0.5,10000.0,22.0,0.20569807787736258
2320,2.0,40.0,25.0,0.7,0.0,35.0,0.21152974665164948
2321,2.0,40.0,25.0,0.7,10.0,26.0,0.2057614823182424
2322,2.0,40.0,25.0,0.7,100.0,27.0,0.203121950229009
2323,2.0,40.0,25.0,0.7,1000.0,23.0,0.21501443783442178
2324,2.0,40.0,25.0,0.7,10000.0,25.0,0.20459667344888052
2325,2.0,40.0,30.0,0.3,0.0,25.0,0.20627945413192114
2326,2.0,40.0,30.0,0.3,10.0,25.0,0.21693663547436395
2327,2.0,40.0,30.0,0.3,100.0,24.0,0.20653350154558817
2328,2.0,40.0,30.0,0.3,1000.0,29.0,0.23314489920934042
2329,2.0,40.0,30.0,0.3,10000.0,23.0,0.20826085905234018
2330,2.0,40.0,30.0,0.5,0.0,25.0,0.20069475223620734
2331,2.0,40.0,30.0,0.5,10.0,23.0,0.2110209489862124
2332,2.0,40.0,30.0,0.5,100.0,25.0,0.20188008497158685
2333,2.0,40.0,30.0,0.5,1000.0,24.0,0.20978202670812607
2334,2.0,40.0,30.0,0.5,10000.0,23.0,0.21218000104029974
2335,2.0,40.0,30.0,0.7,0.0,28.0,0.19644755373398462
2336,2.0,40.0,30.0,0.7,10.0,23.0,0.20404462019602457
2337,2.0,40.0,30.0,0.7,100.0,25.0,0.19525371491909027
2338,2.0,40.0,30.0,0.7,1000.0,23.0,0.20157264918088913
2339,2.0,40.0,30.0,0.7,10000.0,24.0,0.20885644604762396
2340,2.0,40.0,35.0,0.3,0.0,31.0,0.22878549744685492
2341,2.0,40.0,35.0,0.3,10.0,24.0,0.22295658042033514
2342,2.0,40.0,35.0,0.3,100.0,22.0,0.21386048197746277
2343,2.0,40.0,35.0,0.3,1000.0,30.0,0.22332838674386343
2344,2.0,40.0,35.0,0.3,10000.0,20.0,0.20785010109345117
2345,2.0,40.0,35.0,0.5,0.0,24.0,0.21039317548274994
2346,2.0,40.0,35.0,0.5,10.0,25.0,0.21432567139466605
2347,2.0,40.0,35.0,0.5,100.0,23.0,0.20195392270882925
2348,2.0,40.0,35.0,0.5,1000.0,27.0,0.20605080823103586
2349,2.0,40.0,35.0,0.5,10000.0,24.0,0.20860406508048376
2350,2.0,40.0,35.0,0.7,0.0,23.0,0.21000452091296515
2351,2.0,40.0,35.0,0.7,10.0,25.0,0.21057615180810293
2352,2.0,40.0,35.0,0.7,100.0,25.0,0.19907338420550028
2353,2.0,40.0,35.0,0.7,1000.0,23.0,0.20016774783531824
2354,2.0,40.0,35.0,0.7,10000.0,27.0,0.20346083988746008
2355,2.0,40.0,40.0,0.3,0.0,23.0,0.22090123097101846
2356,2.0,40.0,40.0,0.3,10.0,22.0,0.22422700375318527
2357,2.0,40.0,40.0,0.3,100.0,25.0,0.20651559780041376
2358,2.0,40.0,40.0,0.3,1000.0,24.0,0.2089128444592158
2359,2.0,40.0,40.0,0.3,10000.0,22.0,0.21437188237905502
2360,2.0,40.0,40.0,0.5,0.0,25.0,0.21534697463115057
2361,2.0,40.0,40.0,0.5,10.0,24.0,0.21808303395907083
2362,2.0,40.0,40.0,0.5,100.0,25.0,0.20173031836748123
2363,2.0,40.0,40.0,0.5,1000.0,25.0,0.20486448456843695
2364,2.0,40.0,40.0,0.5,10000.0,28.0,0.20887764791647592
2365,2.0,40.0,40.0,0.7,0.0,23.0,0.2156416897972425
2366,2.0,40.0,40.0,0.7,10.0,25.0,0.20057742297649384
2367,2.0,40.0,40.0,0.7,100.0,29.0,0.21106061587731043
2368,2.0,40.0,40.0,0.7,1000.0,23.0,0.19307026267051697
2369,2.0,40.0,40.0,0.7,10000.0,22.0,0.20031544814507166
2370,2.0,40.0,45.0,0.3,0.0,25.0,0.21610556294520697
2371,2.0,40.0,45.0,0.3,10.0,29.0,0.22050331036249796
2372,2.0,40.0,45.0,0.3,100.0,22.0,0.22311548640330633
2373,2.0,40.0,45.0,0.3,1000.0,29.0,0.21498529116312662
2374,2.0,40.0,45.0,0.3,10000.0,20.0,0.21254907548427582
2375,2.0,40.0,45.0,0.5,0.0,22.0,0.21130914241075516
2376,2.0,40.0,45.0,0.5,10.0,20.0,0.20916293561458588
2377,2.0,40.0,45.0,0.5,100.0,22.0,0.20947511494159698
2378,2.0,40.0,45.0,0.5,1000.0,27.0,0.21286525825659433
2379,2.0,40.0,45.0,0.5,10000.0,24.0,0.21124637375275293
2380,2.0,40.0,45.0,0.7,0.0,23.0,0.2108525956670443
2381,2.0,40.0,45.0,0.7,10.0,22.0,0.20070624351501465
2382,2.0,40.0,45.0,0.7,100.0,23.0,0.1983341226975123
2383,2.0,40.0,45.0,0.7,1000.0,25.0,0.21518008162577948
2384,2.0,40.0,45.0,0.7,10000.0,22.0,0.2038191631436348
2385,2.0,40.0,50.0,0.3,0.0,23.0,0.21791732062896094
2386,2.0,40.0,50.0,0.3,10.0,20.0,0.21122504770755768
2387,2.0,40.0,50.0,0.3,100.0,24.0,0.21403127908706665
2388,2.0,40.0,50.0,0.3,1000.0,22.0,0.21044648190339407
2389,2.0,40.0,50.0,0.3,10000.0,21.0,0.21127940714359283
2390,2.0,40.0,50.0,0.5,0.0,23.0,0.21480860064427057
2391,2.0,40.0,50.0,0.5,10.0,22.0,0.19461085398991904
2392,2.0,40.0,50.0,0.5,100.0,22.0,0.20163898666699728
2393,2.0,40.0,50.0,0.5,1000.0,22.0,0.20841377725203833
2394,2.0,40.0,50.0,0.5,10000.0,21.0,0.20920621852080026
2395,2.0,40.0,50.0,0.7,0.0,23.0,0.20409353077411652
2396,2.0,40.0,50.0,0.7,10.0,22.0,0.19665293395519257
2397,2.0,40.0,50.0,0.7,100.0,25.0,0.19949942827224731
2398,2.0,40.0,50.0,0.7,1000.0,27.0,0.2040752743681272
2399,2.0,40.0,50.0,0.7,10000.0,26.0,0.21089522540569305
2400,1.0,45.0,5.0,0.3,0.0,34.0,0.203660249710083
2401,1.0,45.0,5.0,0.3,10.0,60.0,0.24257118999958038
2402,1.0,45.0,5.0,0.3,100.0,58.0,0.19667252649863562
2403,1.0,45.0,5.0,0.3,1000.0,50.0,0.21687592814366022
2404,1.0,45.0,5.0,0.3,10000.0,32.0,0.20706242322921753
2405,1.0,45.0,5.0,0.5,0.0,37.0,0.21809755265712738
2406,1.0,45.0,5.0,0.5,10.0,56.0,0.25265570481618244
2407,1.0,45.0,5.0,0.5,100.0,38.0,0.22706282635529837
2408,1.0,45.0,5.0,0.5,1000.0,41.0,0.22291909158229828
2409,1.0,45.0,5.0,0.5,10000.0,22.0,0.2160338411728541
2410,1.0,45.0,5.0,0.7,0.0,77.0,0.2621817886829376
2411,1.0,45.0,5.0,0.7,10.0,51.0,0.2925649583339691
2412,1.0,45.0,5.0,0.7,100.0,43.0,0.2846005509297053
2413,1.0,45.0,5.0,0.7,1000.0,39.0,0.2734878361225128
2414,1.0,45.0,5.0,0.7,10000.0,40.0,0.2665804326534271
2415,1.0,45.0,10.0,0.3,0.0,40.0,0.20718640834093094
2416,1.0,45.0,10.0,0.3,10.0,34.0,0.20089763899644217
2417,1.0,45.0,10.0,0.3,100.0,29.0,0.2013922060529391
2418,1.0,45.0,10.0,0.3,1000.0,34.0,0.21206444253524145
2419,1.0,45.0,10.0,0.3,10000.0,25.0,0.21097934991121292
2420,1.0,45.0,10.0,0.5,0.0,53.0,0.20162566751241684
2421,1.0,45.0,10.0,0.5,10.0,28.0,0.19397523502508798
2422,1.0,45.0,10.0,0.5,100.0,29.0,0.19656111796696982
2423,1.0,45.0,10.0,0.5,1000.0,29.0,0.20790387441714606
2424,1.0,45.0,10.0,0.5,10000.0,39.0,0.20273862530787787
2425,1.0,45.0,10.0,0.7,0.0,31.0,0.23425892988840738
2426,1.0,45.0,10.0,0.7,10.0,36.0,0.21416419744491577
2427,1.0,45.0,10.0,0.7,100.0,30.0,0.21740170816580454
2428,1.0,45.0,10.0,0.7,1000.0,31.0,0.22576616207758585
2429,1.0,45.0,10.0,0.7,10000.0,26.0,0.21117172638575235
2430,1.0,45.0,15.0,0.3,0.0,35.0,0.21325048804283142
2431,1.0,45.0,15.0,0.3,10.0,28.0,0.20577461024125418
2432,1.0,45.0,15.0,0.3,100.0,37.0,0.22133934001127878
2433,1.0,45.0,15.0,0.3,1000.0,33.0,0.2043410912156105
2434,1.0,45.0,15.0,0.3,10000.0,27.0,0.2093813121318817
2435,1.0,45.0,15.0,0.5,0.0,40.0,0.20721262941757837
2436,1.0,45.0,15.0,0.5,10.0,27.0,0.1943616420030594
2437,1.0,45.0,15.0,0.5,100.0,34.0,0.21474090963602066
2438,1.0,45.0,15.0,0.5,1000.0,30.0,0.19818165153265
2439,1.0,45.0,15.0,0.5,10000.0,31.0,0.19757197548945746
2440,1.0,45.0,15.0,0.7,0.0,34.0,0.20567676176627478
2441,1.0,45.0,15.0,0.7,10.0,39.0,0.20975081622600555
2442,1.0,45.0,15.0,0.7,100.0,34.0,0.21712679664293924
2443,1.0,45.0,15.0,0.7,1000.0,34.0,0.19940689454476038
2444,1.0,45.0,15.0,0.7,10000.0,28.0,0.20550284534692764
2445,1.0,45.0,20.0,0.3,0.0,30.0,0.20589428891738257
2446,1.0,45.0,20.0,0.3,10.0,32.0,0.2052917331457138
2447,1.0,45.0,20.0,0.3,100.0,47.0,0.22623853633801141
2448,1.0,45.0,20.0,0.3,1000.0,37.0,0.21158879498640695
2449,1.0,45.0,20.0,0.3,10000.0,33.0,0.21382243931293488
2450,1.0,45.0,20.0,0.5,0.0,30.0,0.1989192341764768
2451,1.0,45.0,20.0,0.5,10.0,30.0,0.1958413471778234
2452,1.0,45.0,20.0,0.5,100.0,34.0,0.2154017984867096
2453,1.0,45.0,20.0,0.5,1000.0,27.0,0.2083399718006452
2454,1.0,45.0,20.0,0.5,10000.0,31.0,0.20538452515999475
2455,1.0,45.0,20.0,0.7,0.0,32.0,0.19611450036366782
2456,1.0,45.0,20.0,0.7,10.0,27.0,0.19698524723450342
2457,1.0,45.0,20.0,0.7,100.0,35.0,0.20689513037602106
2458,1.0,45.0,20.0,0.7,1000.0,32.0,0.19664682944615683
2459,1.0,45.0,20.0,0.7,10000.0,29.0,0.2028719907005628
2460,1.0,45.0,25.0,0.3,0.0,35.0,0.21124697476625443
2461,1.0,45.0,25.0,0.3,10.0,45.0,0.22635729859272638
2462,1.0,45.0,25.0,0.3,100.0,28.0,0.2164539322257042
2463,1.0,45.0,25.0,0.3,1000.0,31.0,0.21499785284201303
2464,1.0,45.0,25.0,0.3,10000.0,28.0,0.21743408838907877
2465,1.0,45.0,25.0,0.5,0.0,31.0,0.20141210903724036
2466,1.0,45.0,25.0,0.5,10.0,29.0,0.2257537990808487
2467,1.0,45.0,25.0,0.5,100.0,28.0,0.2084378326932589
2468,1.0,45.0,25.0,0.5,1000.0,31.0,0.20355975876251856
2469,1.0,45.0,25.0,0.5,10000.0,42.0,0.21066257605950037
2470,1.0,45.0,25.0,0.7,0.0,31.0,0.19481187065442404
2471,1.0,45.0,25.0,0.7,10.0,36.0,0.20787848780552545
2472,1.0,45.0,25.0,0.7,100.0,25.0,0.20037231594324112
2473,1.0,45.0,25.0,0.7,1000.0,31.0,0.19692213088274002
2474,1.0,45.0,25.0,0.7,10000.0,30.0,0.19755767285823822
2475,1.0,45.0,30.0,0.3,0.0,38.0,0.22620189438263574
2476,1.0,45.0,30.0,0.3,10.0,27.0,0.2061440497636795
2477,1.0,45.0,30.0,0.3,100.0,24.0,0.21987978368997574
2478,1.0,45.0,30.0,0.3,1000.0,30.0,0.2138784552613894
2479,1.0,45.0,30.0,0.3,10000.0,25.0,0.21000740180412927
2480,1.0,45.0,30.0,0.5,0.0,34.0,0.21302601198355356
2481,1.0,45.0,30.0,0.5,10.0,28.0,0.20238116880257925
2482,1.0,45.0,30.0,0.5,100.0,33.0,0.21189421166976294
2483,1.0,45.0,30.0,0.5,1000.0,38.0,0.21156849463780722
2484,1.0,45.0,30.0,0.5,10000.0,25.0,0.20327398926019669
2485,1.0,45.0,30.0,0.7,0.0,31.0,0.20611060659090677
2486,1.0,45.0,30.0,0.7,10.0,29.0,0.1923978105187416
2487,1.0,45.0,30.0,0.7,100.0,35.0,0.20114707698424658
2488,1.0,45.0,30.0,0.7,1000.0,32.0,0.200505959490935
2489,1.0,45.0,30.0,0.7,10000.0,25.0,0.1980062002936999
2490,1.0,45.0,35.0,0.3,0.0,28.0,0.22009942680597305
2491,1.0,45.0,35.0,0.3,10.0,29.0,0.22380882749954858
2492,1.0,45.0,35.0,0.3,100.0,50.0,0.22622085362672806
2493,1.0,45.0,35.0,0.3,1000.0,28.0,0.2135247935851415
2494,1.0,45.0,35.0,0.3,10000.0,26.0,0.22422693918148676
2495,1.0,45.0,35.0,0.5,0.0,29.0,0.2189486250281334
2496,1.0,45.0,35.0,0.5,10.0,29.0,0.216086412469546
2497,1.0,45.0,35.0,0.5,100.0,34.0,0.21704825510581335
2498,1.0,45.0,35.0,0.5,1000.0,32.0,0.21207269777854285
2499,1.0,45.0,35.0,0.5,10000.0,41.0,0.21941842635472616
2500,1.0,45.0,35.0,0.7,0.0,27.0,0.21032902846733728
2501,1.0,45.0,35.0,0.7,10.0,29.0,0.20297914246718088
2502,1.0,45.0,35.0,0.7,100.0,34.0,0.20556613554557165
2503,1.0,45.0,35.0,0.7,1000.0,25.0,0.19258208076159158
2504,1.0,45.0,35.0,0.7,10000.0,29.0,0.2044744218389193
2505,1.0,45.0,40.0,0.3,0.0,26.0,0.2081365908185641
2506,1.0,45.0,40.0,0.3,10.0,25.0,0.22521777699391046
2507,1.0,45.0,40.0,0.3,100.0,27.0,0.22818099955717722
2508,1.0,45.0,40.0,0.3,1000.0,28.0,0.22262260566155115
2509,1.0,45.0,40.0,0.3,10000.0,29.0,0.21369262784719467
2510,1.0,45.0,40.0,0.5,0.0,27.0,0.21396233389774957
2511,1.0,45.0,40.0,0.5,10.0,34.0,0.2166818454861641
2512,1.0,45.0,40.0,0.5,100.0,51.0,0.21541476249694824
2513,1.0,45.0,40.0,0.5,1000.0,32.0,0.2121520390113195
2514,1.0,45.0,40.0,0.5,10000.0,29.0,0.2059313729405403
2515,1.0,45.0,40.0,0.7,0.0,29.0,0.203324260811011
2516,1.0,45.0,40.0,0.7,10.0,57.0,0.20221292475859323
2517,1.0,45.0,40.0,0.7,100.0,35.0,0.2004015122850736
2518,1.0,45.0,40.0,0.7,1000.0,32.0,0.199733038743337
2519,1.0,45.0,40.0,0.7,10000.0,39.0,0.20550690839687982
2520,1.0,45.0,45.0,0.3,0.0,24.0,0.21920970578988394
2521,1.0,45.0,45.0,0.3,10.0,44.0,0.22646107772986093
2522,1.0,45.0,45.0,0.3,100.0,27.0,0.22929905354976654
2523,1.0,45.0,45.0,0.3,1000.0,26.0,0.21922790507475534
2524,1.0,45.0,45.0,0.3,10000.0,25.0,0.2144133746623993
2525,1.0,45.0,45.0,0.5,0.0,27.0,0.21259975184996924
2526,1.0,45.0,45.0,0.5,10.0,44.0,0.2192100683848063
2527,1.0,45.0,45.0,0.5,100.0,34.0,0.22194042056798935
2528,1.0,45.0,45.0,0.5,1000.0,27.0,0.20706192404031754
2529,1.0,45.0,45.0,0.5,10000.0,25.0,0.20566583424806595
2530,1.0,45.0,45.0,0.7,0.0,27.0,0.20627895245949426
2531,1.0,45.0,45.0,0.7,10.0,40.0,0.2179301530122757
2532,1.0,45.0,45.0,0.7,100.0,41.0,0.21270505338907242
2533,1.0,45.0,45.0,0.7,1000.0,27.0,0.19989074021577835
2534,1.0,45.0,45.0,0.7,10000.0,27.0,0.19590413818756738
2535,1.0,45.0,50.0,0.3,0.0,33.0,0.23110081007083258
2536,1.0,45.0,50.0,0.3,10.0,29.0,0.21889654298623404
2537,1.0,45.0,50.0,0.3,100.0,25.0,0.22573321064313254
2538,1.0,45.0,50.0,0.3,1000.0,26.0,0.21350465963284174
2539,1.0,45.0,50.0,0.3,10000.0,28.0,0.21631959080696106
2540,1.0,45.0,50.0,0.5,0.0,38.0,0.220239428182443
2541,1.0,45.0,50.0,0.5,10.0,24.0,0.2073663497964541
2542,1.0,45.0,50.0,0.5,100.0,41.0,0.21657603482405344
2543,1.0,45.0,50.0,0.5,1000.0,30.0,0.2055039256811142
2544,1.0,45.0,50.0,0.5,10000.0,25.0,0.2089280759294828
2545,1.0,45.0,50.0,0.7,0.0,32.0,0.21127861241499582
2546,1.0,45.0,50.0,0.7,10.0,28.0,0.19763711591561636
2547,1.0,45.0,50.0,0.7,100.0,32.0,0.21656712889671326
2548,1.0,45.0,50.0,0.7,1000.0,29.0,0.19804304589827856
2549,1.0,45.0,50.0,0.7,10000.0,30.0,0.20129097253084183
2550,2.0,45.0,5.0,0.3,0.0,43.0,0.20945204297701517
2551,2.0,45.0,5.0,0.3,10.0,23.0,0.2005846525231997
2552,2.0,45.0,5.0,0.3,100.0,42.0,0.24301634232203165
2553,2.0,45.0,5.0,0.3,1000.0,24.0,0.20234481990337372
2554,2.0,45.0,5.0,0.3,10000.0,43.0,0.2176370844244957
2555,2.0,45.0,5.0,0.5,0.0,37.0,0.20983043809731802
2556,2.0,45.0,5.0,0.5,10.0,26.0,0.21186121801535288
2557,2.0,45.0,5.0,0.5,100.0,52.0,0.2421191136042277
2558,2.0,45.0,5.0,0.5,1000.0,32.0,0.2137147585550944
2559,2.0,45.0,5.0,0.5,10000.0,45.0,0.22734702130158743
2560,2.0,45.0,5.0,0.7,0.0,37.0,0.2719196875890096
2561,2.0,45.0,5.0,0.7,10.0,27.0,0.2691822052001953
2562,2.0,45.0,5.0,0.7,100.0,33.0,0.2864306569099426
2563,2.0,45.0,5.0,0.7,1000.0,39.0,0.2687304615974426
2564,2.0,45.0,5.0,0.7,10000.0,37.0,0.28311869005362195
2565,2.0,45.0,10.0,0.3,0.0,20.0,0.20643934607505798
2566,2.0,45.0,10.0,0.3,10.0,32.0,0.2159635970989863
2567,2.0,45.0,10.0,0.3,100.0,39.0,0.21377911418676376
2568,2.0,45.0,10.0,0.3,1000.0,32.0,0.2075775464375814
2569,2.0,45.0,10.0,0.3,10000.0,21.0,0.20042697340250015
2570,2.0,45.0,10.0,0.5,0.0,25.0,0.208131971458594
2571,2.0,45.0,10.0,0.5,10.0,39.0,0.22283906737963358
2572,2.0,45.0,10.0,0.5,100.0,38.0,0.21657346685727438
2573,2.0,45.0,10.0,0.5,1000.0,28.0,0.21085600554943085
2574,2.0,45.0,10.0,0.5,10000.0,22.0,0.19819923986991247
2575,2.0,45.0,10.0,0.7,0.0,26.0,0.2293996661901474
2576,2.0,45.0,10.0,0.7,10.0,35.0,0.25909005105495453
2577,2.0,45.0,10.0,0.7,100.0,29.0,0.22189789513746896
2578,2.0,45.0,10.0,0.7,1000.0,36.0,0.21890005469322205
2579,2.0,45.0,10.0,0.7,10000.0,34.0,0.21719805399576822
2580,2.0,45.0,15.0,0.3,0.0,24.0,0.21673802534739176
2581,2.0,45.0,15.0,0.3,10.0,31.0,0.22214139004548392
2582,2.0,45.0,15.0,0.3,100.0,27.0,0.20389372358719507
2583,2.0,45.0,15.0,0.3,1000.0,24.0,0.19966189563274384
2584,2.0,45.0,15.0,0.3,10000.0,22.0,0.2178137277563413
2585,2.0,45.0,15.0,0.5,0.0,25.0,0.2095535844564438
2586,2.0,45.0,15.0,0.5,10.0,39.0,0.2140983243783315
2587,2.0,45.0,15.0,0.5,100.0,28.0,0.2029612511396408
2588,2.0,45.0,15.0,0.5,1000.0,24.0,0.1993656208117803
2589,2.0,45.0,15.0,0.5,10000.0,21.0,0.2079283446073532
2590,2.0,45.0,15.0,0.7,0.0,24.0,0.2197460134824117
2591,2.0,45.0,15.0,0.7,10.0,37.0,0.2225492944320043
2592,2.0,45.0,15.0,0.7,100.0,29.0,0.21054747452338538
2593,2.0,45.0,15.0,0.7,1000.0,21.0,0.21063047150770822
2594,2.0,45.0,15.0,0.7,10000.0,23.0,0.20634550352891287
2595,2.0,45.0,20.0,0.3,0.0,24.0,0.2046013350288073
2596,2.0,45.0,20.0,0.3,10.0,25.0,0.20134022583564123
2597,2.0,45.0,20.0,0.3,100.0,23.0,0.211349385480086
2598,2.0,45.0,20.0,0.3,1000.0,24.0,0.21143071601788202
2599,2.0,45.0,20.0,0.3,10000.0,24.0,0.22221634288628897
2600,2.0,45.0,20.0,0.5,0.0,24.0,0.20416835198799768
2601,2.0,45.0,20.0,0.5,10.0,23.0,0.1884584700067838
2602,2.0,45.0,20.0,0.5,100.0,35.0,0.21095392356316248
2603,2.0,45.0,20.0,0.5,1000.0,24.0,0.20990765343109766
2604,2.0,45.0,20.0,0.5,10000.0,23.0,0.20473151405652365
2605,2.0,45.0,20.0,0.7,0.0,28.0,0.20670124888420105
2606,2.0,45.0,20.0,0.7,10.0,30.0,0.19894794623057047
2607,2.0,45.0,20.0,0.7,100.0,30.0,0.21235141158103943
2608,2.0,45.0,20.0,0.7,1000.0,23.0,0.20583638300498328
2609,2.0,45.0,20.0,0.7,10000.0,25.0,0.21203919500112534
2610,2.0,45.0,25.0,0.3,0.0,23.0,0.21779641260703406
2611,2.0,45.0,25.0,0.3,10.0,23.0,0.22748583058516184
2612,2.0,45.0,25.0,0.3,100.0,22.0,0.21515081822872162
2613,2.0,45.0,25.0,0.3,1000.0,27.0,0.219987819592158
2614,2.0,45.0,25.0,0.3,10000.0,35.0,0.2192214255531629
2615,2.0,45.0,25.0,0.5,0.0,24.0,0.21306537091732025
2616,2.0,45.0,25.0,0.5,10.0,25.0,0.213876041273276
2617,2.0,45.0,25.0,0.5,100.0,24.0,0.20556477457284927
2618,2.0,45.0,25.0,0.5,1000.0,27.0,0.21211527039607367
2619,2.0,45.0,25.0,0.5,10000.0,30.0,0.20842045545578003
2620,2.0,45.0,25.0,0.7,0.0,21.0,0.20811008165280023
2621,2.0,45.0,25.0,0.7,10.0,21.0,0.20665396749973297
2622,2.0,45.0,25.0,0.7,100.0,24.0,0.19957738369703293
2623,2.0,45.0,25.0,0.7,1000.0,24.0,0.20538069307804108
2624,2.0,45.0,25.0,0.7,10000.0,23.0,0.20615238944689432
2625,2.0,45.0,30.0,0.3,0.0,25.0,0.21273154268662134
2626,2.0,45.0,30.0,0.3,10.0,23.0,0.20731037110090256
2627,2.0,45.0,30.0,0.3,100.0,29.0,0.21066056191921234
2628,2.0,45.0,30.0,0.3,1000.0,25.0,0.21485457321008047
2629,2.0,45.0,30.0,0.3,10000.0,26.0,0.22049217422803244
2630,2.0,45.0,30.0,0.5,0.0,23.0,0.20328429838021597
2631,2.0,45.0,30.0,0.5,10.0,25.0,0.20226628830035528
2632,2.0,45.0,30.0,0.5,100.0,25.0,0.2110572854677836
2633,2.0,45.0,30.0,0.5,1000.0,22.0,0.20615610480308533
2634,2.0,45.0,30.0,0.5,10000.0,35.0,0.20719555020332336
2635,2.0,45.0,30.0,0.7,0.0,22.0,0.19837360084056854
2636,2.0,45.0,30.0,0.7,10.0,21.0,0.1999437709649404
2637,2.0,45.0,30.0,0.7,100.0,26.0,0.20429762452840805
2638,2.0,45.0,30.0,0.7,1000.0,31.0,0.20312816152969995
2639,2.0,45.0,30.0,0.7,10000.0,26.0,0.20621337493260702
2640,2.0,45.0,35.0,0.3,0.0,22.0,0.2164743592341741
2641,2.0,45.0,35.0,0.3,10.0,24.0,0.2142498642206192
2642,2.0,45.0,35.0,0.3,100.0,21.0,0.21126909802357355
2643,2.0,45.0,35.0,0.3,1000.0,24.0,0.20709252109130225
2644,2.0,45.0,35.0,0.3,10000.0,22.0,0.22162172943353653
2645,2.0,45.0,35.0,0.5,0.0,22.0,0.20396626989046732
2646,2.0,45.0,35.0,0.5,10.0,24.0,0.20801459004481634
2647,2.0,45.0,35.0,0.5,100.0,22.0,0.19763048738241196
2648,2.0,45.0,35.0,0.5,1000.0,23.0,0.1999334121743838
2649,2.0,45.0,35.0,0.5,10000.0,23.0,0.2126038372516632
2650,2.0,45.0,35.0,0.7,0.0,24.0,0.20290961116552353
2651,2.0,45.0,35.0,0.7,10.0,27.0,0.2042618195215861
2652,2.0,45.0,35.0,0.7,100.0,25.0,0.20106773326794306
2653,2.0,45.0,35.0,0.7,1000.0,25.0,0.2027060091495514
2654,2.0,45.0,35.0,0.7,10000.0,24.0,0.20787413914998373
2655,2.0,45.0,40.0,0.3,0.0,23.0,0.2153108318646749
2656,2.0,45.0,40.0,0.3,10.0,21.0,0.20830006649096808
2657,2.0,45.0,40.0,0.3,100.0,24.0,0.21743867546319962
2658,2.0,45.0,40.0,0.3,1000.0,21.0,0.21752304087082544
2659,2.0,45.0,40.0,0.3,10000.0,21.0,0.21826490263144174
2660,2.0,45.0,40.0,0.5,0.0,23.0,0.21188968171676
2661,2.0,45.0,40.0,0.5,10.0,21.0,0.20303408553202948
2662,2.0,45.0,40.0,0.5,100.0,24.0,0.2102317214012146
2663,2.0,45.0,40.0,0.5,1000.0,22.0,0.21356253574291864
2664,2.0,45.0,40.0,0.5,10000.0,23.0,0.21083316206932068
2665,2.0,45.0,40.0,0.7,0.0,23.0,0.20093896985054016
2666,2.0,45.0,40.0,0.7,10.0,23.0,0.20149419953425726
2667,2.0,45.0,40.0,0.7,100.0,28.0,0.20715983708699545
2668,2.0,45.0,40.0,0.7,1000.0,22.0,0.2017239754398664
2669,2.0,45.0,40.0,0.7,10000.0,26.0,0.20216017961502075
2670,2.0,45.0,45.0,0.3,0.0,24.0,0.21360580871502557
2671,2.0,45.0,45.0,0.3,10.0,23.0,0.21350456029176712
2672,2.0,45.0,45.0,0.3,100.0,25.0,0.20878910024960837
2673,2.0,45.0,45.0,0.3,1000.0,21.0,0.21897013982137045
2674,2.0,45.0,45.0,0.3,10000.0,24.0,0.21393469721078873
2675,2.0,45.0,45.0,0.5,0.0,23.0,0.21463014682133993
2676,2.0,45.0,45.0,0.5,10.0,23.0,0.21372547248999277
2677,2.0,45.0,45.0,0.5,100.0,24.0,0.20960093041261038
2678,2.0,45.0,45.0,0.5,1000.0,21.0,0.21147051950295767
2679,2.0,45.0,45.0,0.5,10000.0,25.0,0.2037790467341741
2680,2.0,45.0,45.0,0.7,0.0,23.0,0.20838517198959985
2681,2.0,45.0,45.0,0.7,10.0,23.0,0.21385264645020166
2682,2.0,45.0,45.0,0.7,100.0,24.0,0.2040113310019175
2683,2.0,45.0,45.0,0.7,1000.0,23.0,0.19996252904335657
2684,2.0,45.0,45.0,0.7,10000.0,25.0,0.2015128235022227
2685,2.0,45.0,50.0,0.3,0.0,24.0,0.21743453790744147
2686,2.0,45.0,50.0,0.3,10.0,19.0,0.21357857684294382
2687,2.0,45.0,50.0,0.3,100.0,25.0,0.2124184916416804
2688,2.0,45.0,50.0,0.3,1000.0,23.0,0.21040685226519903
2689,2.0,45.0,50.0,0.3,10000.0,21.0,0.2125563845038414
2690,2.0,45.0,50.0,0.5,0.0,22.0,0.21034788837035498
2691,2.0,45.0,50.0,0.5,10.0,25.0,0.21376332640647888
2692,2.0,45.0,50.0,0.5,100.0,23.0,0.20568392177422842
2693,2.0,45.0,50.0,0.5,1000.0,21.0,0.20315666993459067
2694,2.0,45.0,50.0,0.5,10000.0,21.0,0.20506353924671808
2695,2.0,45.0,50.0,0.7,0.0,24.0,0.2056481589873632
2696,2.0,45.0,50.0,0.7,10.0,23.0,0.20510821292797723
2697,2.0,45.0,50.0,0.7,100.0,26.0,0.21191658079624176
2698,2.0,45.0,50.0,0.7,1000.0,22.0,0.19323172916968664
2699,2.0,45.0,50.0,0.7,10000.0,21.0,0.19526349008083344
2700,1.0,50.0,5.0,0.3,0.0,43.0,0.2026845117410024
2701,1.0,50.0,5.0,0.3,10.0,28.0,0.19583889096975327
2702,1.0,50.0,5.0,0.3,100.0,36.0,0.21446561316649118
2703,1.0,50.0,5.0,0.3,1000.0,48.0,0.22176233430703482
2704,1.0,50.0,5.0,0.3,10000.0,49.0,0.20417488118012747
2705,1.0,50.0,5.0,0.5,0.0,31.0,0.20791681110858917
2706,1.0,50.0,5.0,0.5,10.0,29.0,0.21435396373271942
2707,1.0,50.0,5.0,0.5,100.0,67.0,0.22420715789000192
2708,1.0,50.0,5.0,0.5,1000.0,43.0,0.2551392962535222
2709,1.0,50.0,5.0,0.5,10000.0,39.0,0.21003469079732895
2710,1.0,50.0,5.0,0.7,0.0,38.0,0.25734107196331024
2711,1.0,50.0,5.0,0.7,10.0,27.0,0.26029321551322937
2712,1.0,50.0,5.0,0.7,100.0,35.0,0.2879222184419632
2713,1.0,50.0,5.0,0.7,1000.0,67.0,0.3022027462720871
2714,1.0,50.0,5.0,0.7,10000.0,29.0,0.26423950990041095
2715,1.0,50.0,10.0,0.3,0.0,36.0,0.20720054705937704
2716,1.0,50.0,10.0,0.3,10.0,34.0,0.21434824665387472
2717,1.0,50.0,10.0,0.3,100.0,49.0,0.20180056244134903
2718,1.0,50.0,10.0,0.3,1000.0,35.0,0.21946972608566284
2719,1.0,50.0,10.0,0.3,10000.0,29.0,0.21262012173732123
2720,1.0,50.0,10.0,0.5,0.0,43.0,0.20556622743606567
2721,1.0,50.0,10.0,0.5,10.0,32.0,0.21015835056702295
2722,1.0,50.0,10.0,0.5,100.0,42.0,0.2324376106262207
2723,1.0,50.0,10.0,0.5,1000.0,29.0,0.20504664132992426
2724,1.0,50.0,10.0,0.5,10000.0,42.0,0.21669790148735046
2725,1.0,50.0,10.0,0.7,0.0,43.0,0.22093771894772848
2726,1.0,50.0,10.0,0.7,10.0,47.0,0.2223277042309443
2727,1.0,50.0,10.0,0.7,100.0,56.0,0.278825784722964
2728,1.0,50.0,10.0,0.7,1000.0,43.0,0.2219714472691218
2729,1.0,50.0,10.0,0.7,10000.0,37.0,0.22572756807009378
2730,1.0,50.0,15.0,0.3,0.0,32.0,0.22520009924968085
2731,1.0,50.0,15.0,0.3,10.0,32.0,0.21271499494711557
2732,1.0,50.0,15.0,0.3,100.0,25.0,0.2196564053495725
2733,1.0,50.0,15.0,0.3,1000.0,27.0,0.2245830570658048
2734,1.0,50.0,15.0,0.3,10000.0,25.0,0.20755992333094278
2735,1.0,50.0,15.0,0.5,0.0,32.0,0.21346612026294073
2736,1.0,50.0,15.0,0.5,10.0,37.0,0.20878612995147705
2737,1.0,50.0,15.0,0.5,100.0,35.0,0.20668051143487295
2738,1.0,50.0,15.0,0.5,1000.0,35.0,0.213423361380895
2739,1.0,50.0,15.0,0.5,10000.0,35.0,0.20417274037996927
2740,1.0,50.0,15.0,0.7,0.0,28.0,0.21187425901492438
2741,1.0,50.0,15.0,0.7,10.0,26.0,0.20491029570500055
2742,1.0,50.0,15.0,0.7,100.0,34.0,0.20809326320886612
2743,1.0,50.0,15.0,0.7,1000.0,30.0,0.20585847645998
2744,1.0,50.0,15.0,0.7,10000.0,31.0,0.2103359897931417
2745,1.0,50.0,20.0,0.3,0.0,31.0,0.2102233643333117
2746,1.0,50.0,20.0,0.3,10.0,32.0,0.21469688167174658
2747,1.0,50.0,20.0,0.3,100.0,28.0,0.2174917384982109
2748,1.0,50.0,20.0,0.3,1000.0,34.0,0.22223738332589468
2749,1.0,50.0,20.0,0.3,10000.0,32.0,0.2085935945312182
2750,1.0,50.0,20.0,0.5,0.0,24.0,0.2097353662053744
2751,1.0,50.0,20.0,0.5,10.0,39.0,0.20466416825850806
2752,1.0,50.0,20.0,0.5,100.0,37.0,0.20629528413216272
2753,1.0,50.0,20.0,0.5,1000.0,58.0,0.21306376407543817
2754,1.0,50.0,20.0,0.5,10000.0,32.0,0.2014646256963412
2755,1.0,50.0,20.0,0.7,0.0,35.0,0.20003443211317062
2756,1.0,50.0,20.0,0.7,10.0,30.0,0.2022626871864001
2757,1.0,50.0,20.0,0.7,100.0,39.0,0.2116233085592588
2758,1.0,50.0,20.0,0.7,1000.0,39.0,0.20361602306365967
2759,1.0,50.0,20.0,0.7,10000.0,29.0,0.19003534068663916
2760,1.0,50.0,25.0,0.3,0.0,28.0,0.2152806023756663
2761,1.0,50.0,25.0,0.3,10.0,31.0,0.20697459826866785
2762,1.0,50.0,25.0,0.3,100.0,27.0,0.22793039927879968
2763,1.0,50.0,25.0,0.3,1000.0,28.0,0.2104323779543241
2764,1.0,50.0,25.0,0.3,10000.0,32.0,0.2040545716881752
2765,1.0,50.0,25.0,0.5,0.0,26.0,0.20779466132322946
2766,1.0,50.0,25.0,0.5,10.0,36.0,0.2066628783941269
2767,1.0,50.0,25.0,0.5,100.0,34.0,0.2091471403837204
2768,1.0,50.0,25.0,0.5,1000.0,26.0,0.20995066811641058
2769,1.0,50.0,25.0,0.5,10000.0,34.0,0.19840752333402634
2770,1.0,50.0,25.0,0.7,0.0,28.0,0.19530873000621796
2771,1.0,50.0,25.0,0.7,10.0,32.0,0.20001614838838577
2772,1.0,50.0,25.0,0.7,100.0,27.0,0.20162887126207352
2773,1.0,50.0,25.0,0.7,1000.0,33.0,0.2026602824529012
2774,1.0,50.0,25.0,0.7,10000.0,28.0,0.1919446811079979
2775,1.0,50.0,30.0,0.3,0.0,32.0,0.21776475757360458
2776,1.0,50.0,30.0,0.3,10.0,26.0,0.21366862952709198
2777,1.0,50.0,30.0,0.3,100.0,34.0,0.2227660914262136
2778,1.0,50.0,30.0,0.3,1000.0,32.0,0.21508626639842987
2779,1.0,50.0,30.0,0.3,10000.0,33.0,0.21697959552208582
2780,1.0,50.0,30.0,0.5,0.0,32.0,0.21028224378824234
2781,1.0,50.0,30.0,0.5,10.0,23.0,0.20493263006210327
2782,1.0,50.0,30.0,0.5,100.0,34.0,0.21744805574417114
2783,1.0,50.0,30.0,0.5,1000.0,33.0,0.21077880511681238
2784,1.0,50.0,30.0,0.5,10000.0,27.0,0.20711197207371393
2785,1.0,50.0,30.0,0.7,0.0,30.0,0.1995924487709999
2786,1.0,50.0,30.0,0.7,10.0,26.0,0.20706352094809213
2787,1.0,50.0,30.0,0.7,100.0,39.0,0.21832913160324097
2788,1.0,50.0,30.0,0.7,1000.0,29.0,0.20178810010353723
2789,1.0,50.0,30.0,0.7,10000.0,32.0,0.1963556930422783
2790,1.0,50.0,35.0,0.3,0.0,27.0,0.21669002870718637
2791,1.0,50.0,35.0,0.3,10.0,36.0,0.21885396788517633
2792,1.0,50.0,35.0,0.3,100.0,34.0,0.22308740516503653
2793,1.0,50.0,35.0,0.3,1000.0,27.0,0.22246945401032767
2794,1.0,50.0,35.0,0.3,10000.0,29.0,0.21876324713230133
2795,1.0,50.0,35.0,0.5,0.0,27.0,0.2110026553273201
2796,1.0,50.0,35.0,0.5,10.0,31.0,0.2208513841032982
2797,1.0,50.0,35.0,0.5,100.0,32.0,0.21165857712427774
2798,1.0,50.0,35.0,0.5,1000.0,25.0,0.20993701368570328
2799,1.0,50.0,35.0,0.5,10000.0,29.0,0.20953682561715445
2800,1.0,50.0,35.0,0.7,0.0,28.0,0.2062722146511078
2801,1.0,50.0,35.0,0.7,10.0,33.0,0.21389836569627127
2802,1.0,50.0,35.0,0.7,100.0,40.0,0.2059742510318756
2803,1.0,50.0,35.0,0.7,1000.0,31.0,0.20364723354578018
2804,1.0,50.0,35.0,0.7,10000.0,29.0,0.20338155329227448
2805,1.0,50.0,40.0,0.3,0.0,26.0,0.2207606981197993
2806,1.0,50.0,40.0,0.3,10.0,24.0,0.21714346359173456
2807,1.0,50.0,40.0,0.3,100.0,31.0,0.238042081395785
2808,1.0,50.0,40.0,0.3,1000.0,32.0,0.21431646247704825
2809,1.0,50.0,40.0,0.3,10000.0,29.0,0.2136797234416008
2810,1.0,50.0,40.0,0.5,0.0,26.0,0.21259652078151703
2811,1.0,50.0,40.0,0.5,10.0,26.0,0.21473170071840286
2812,1.0,50.0,40.0,0.5,100.0,26.0,0.23090250293413797
2813,1.0,50.0,40.0,0.5,1000.0,28.0,0.21821707487106323
2814,1.0,50.0,40.0,0.5,10000.0,30.0,0.21280560145775476
2815,1.0,50.0,40.0,0.7,0.0,24.0,0.20160632332166037
2816,1.0,50.0,40.0,0.7,10.0,26.0,0.20139746367931366
2817,1.0,50.0,40.0,0.7,100.0,42.0,0.21410068621238074
2818,1.0,50.0,40.0,0.7,1000.0,31.0,0.19775248567263284
2819,1.0,50.0,40.0,0.7,10000.0,29.0,0.19942317654689154
2820,1.0,50.0,45.0,0.3,0.0,22.0,0.20706102500359216
2821,1.0,50.0,45.0,0.3,10.0,27.0,0.2212067817648252
2822,1.0,50.0,45.0,0.3,100.0,30.0,0.2290531868735949
2823,1.0,50.0,45.0,0.3,1000.0,28.0,0.22588845590750375
2824,1.0,50.0,45.0,0.3,10000.0,29.0,0.21956276893615723
2825,1.0,50.0,45.0,0.5,0.0,23.0,0.21023415525754294
2826,1.0,50.0,45.0,0.5,10.0,26.0,0.20988524705171585
2827,1.0,50.0,45.0,0.5,100.0,44.0,0.2199162244796753
2828,1.0,50.0,45.0,0.5,1000.0,33.0,0.21868960559368134
2829,1.0,50.0,45.0,0.5,10000.0,29.0,0.2113812491297722
2830,1.0,50.0,45.0,0.7,0.0,24.0,0.19787887235482535
2831,1.0,50.0,45.0,0.7,10.0,26.0,0.20394637684027353
2832,1.0,50.0,45.0,0.7,100.0,28.0,0.20981487880150476
2833,1.0,50.0,45.0,0.7,1000.0,33.0,0.20736373464266458
2834,1.0,50.0,45.0,0.7,10000.0,30.0,0.19859899580478668
2835,1.0,50.0,50.0,0.3,0.0,30.0,0.22173997263113657
2836,1.0,50.0,50.0,0.3,10.0,31.0,0.22619190315405527
2837,1.0,50.0,50.0,0.3,100.0,30.0,0.21898005157709122
2838,1.0,50.0,50.0,0.3,1000.0,26.0,0.2118651419878006
2839,1.0,50.0,50.0,0.3,10000.0,29.0,0.23198492328325906
2840,1.0,50.0,50.0,0.5,0.0,26.0,0.21560807277758917
2841,1.0,50.0,50.0,0.5,10.0,23.0,0.22013581295808157
2842,1.0,50.0,50.0,0.5,100.0,26.0,0.20618723581234613
2843,1.0,50.0,50.0,0.5,1000.0,26.0,0.20770144214232764
2844,1.0,50.0,50.0,0.5,10000.0,26.0,0.20694540441036224
2845,1.0,50.0,50.0,0.7,0.0,25.0,0.18998339772224426
2846,1.0,50.0,50.0,0.7,10.0,28.0,0.20665974666674933
2847,1.0,50.0,50.0,0.7,100.0,30.0,0.19783874352773032
2848,1.0,50.0,50.0,0.7,1000.0,31.0,0.2061571180820465
2849,1.0,50.0,50.0,0.7,10000.0,25.0,0.20283881823221842
2850,2.0,50.0,5.0,0.3,0.0,27.0,0.2157867227991422
2851,2.0,50.0,5.0,0.3,10.0,28.0,0.19464711348215738
2852,2.0,50.0,5.0,0.3,100.0,24.0,0.20198864986499152
2853,2.0,50.0,5.0,0.3,1000.0,24.0,0.20595477521419525
2854,2.0,50.0,5.0,0.3,10000.0,25.0,0.20069241027037302
2855,2.0,50.0,5.0,0.5,0.0,26.0,0.2365250289440155
2856,2.0,50.0,5.0,0.5,10.0,24.0,0.20773742844661078
2857,2.0,50.0,5.0,0.5,100.0,33.0,0.20277230193217596
2858,2.0,50.0,5.0,0.5,1000.0,23.0,0.22101492683092752
2859,2.0,50.0,5.0,0.5,10000.0,37.0,0.2108580842614174
2860,2.0,50.0,5.0,0.7,0.0,31.0,0.29371005296707153
2861,2.0,50.0,5.0,0.7,10.0,23.0,0.2628329396247864
2862,2.0,50.0,5.0,0.7,100.0,43.0,0.2723175138235092
2863,2.0,50.0,5.0,0.7,1000.0,39.0,0.2688842664162318
2864,2.0,50.0,5.0,0.7,10000.0,27.0,0.2637237111727397
2865,2.0,50.0,10.0,0.3,0.0,22.0,0.19844907522201538
2866,2.0,50.0,10.0,0.3,10.0,25.0,0.2084406390786171
2867,2.0,50.0,10.0,0.3,100.0,32.0,0.21614333987236023
2868,2.0,50.0,10.0,0.3,1000.0,24.0,0.2110145464539528
2869,2.0,50.0,10.0,0.3,10000.0,23.0,0.2125385527809461
2870,2.0,50.0,10.0,0.5,0.0,27.0,0.19197379052639008
2871,2.0,50.0,10.0,0.5,10.0,24.0,0.187796821196874
2872,2.0,50.0,10.0,0.5,100.0,27.0,0.22794045507907867
2873,2.0,50.0,10.0,0.5,1000.0,21.0,0.20795179655154547
2874,2.0,50.0,10.0,0.5,10000.0,22.0,0.20497594277064005
2875,2.0,50.0,10.0,0.7,0.0,31.0,0.2177198976278305
2876,2.0,50.0,10.0,0.7,10.0,22.0,0.2200231154759725
2877,2.0,50.0,10.0,0.7,100.0,94.0,0.24693971872329712
2878,2.0,50.0,10.0,0.7,1000.0,23.0,0.21948501964410147
2879,2.0,50.0,10.0,0.7,10000.0,31.0,0.21724364658196768
2880,2.0,50.0,15.0,0.3,0.0,21.0,0.20364387581745783
2881,2.0,50.0,15.0,0.3,10.0,26.0,0.21162076542774835
2882,2.0,50.0,15.0,0.3,100.0,23.0,0.21523487319548926
2883,2.0,50.0,15.0,0.3,1000.0,22.0,0.19905739774306616
2884,2.0,50.0,15.0,0.3,10000.0,29.0,0.20387588441371918
2885,2.0,50.0,15.0,0.5,0.0,21.0,0.208749088148276
2886,2.0,50.0,15.0,0.5,10.0,25.0,0.19558373093605042
2887,2.0,50.0,15.0,0.5,100.0,25.0,0.2075843339165052
2888,2.0,50.0,15.0,0.5,1000.0,24.0,0.19615398595730463
2889,2.0,50.0,15.0,0.5,10000.0,29.0,0.21114715188741684
2890,2.0,50.0,15.0,0.7,0.0,24.0,0.20788054913282394
2891,2.0,50.0,15.0,0.7,10.0,23.0,0.20475601156552634
2892,2.0,50.0,15.0,0.7,100.0,30.0,0.2113947719335556
2893,2.0,50.0,15.0,0.7,1000.0,21.0,0.19982054084539413
2894,2.0,50.0,15.0,0.7,10000.0,32.0,0.20469885567824045
2895,2.0,50.0,20.0,0.3,0.0,28.0,0.20310320456822714
2896,2.0,50.0,20.0,0.3,10.0,20.0,0.2213718369603157
2897,2.0,50.0,20.0,0.3,100.0,33.0,0.21248908837636313
2898,2.0,50.0,20.0,0.3,1000.0,24.0,0.21062746892372766
2899,2.0,50.0,20.0,0.3,10000.0,32.0,0.21517813205718994
2900,2.0,50.0,20.0,0.5,0.0,33.0,0.20123758912086487
2901,2.0,50.0,20.0,0.5,10.0,20.0,0.21159419417381287
2902,2.0,50.0,20.0,0.5,100.0,23.0,0.19548137734333673
2903,2.0,50.0,20.0,0.5,1000.0,24.0,0.20405053347349167
2904,2.0,50.0,20.0,0.5,10000.0,23.0,0.20920919378598532
2905,2.0,50.0,20.0,0.7,0.0,31.0,0.20228012899557749
2906,2.0,50.0,20.0,0.7,10.0,25.0,0.20609374095996222
2907,2.0,50.0,20.0,0.7,100.0,25.0,0.20643885682026544
2908,2.0,50.0,20.0,0.7,1000.0,25.0,0.20361954967180887
2909,2.0,50.0,20.0,0.7,10000.0,23.0,0.20209886382023493
2910,2.0,50.0,25.0,0.3,0.0,23.0,0.21922284861405691
2911,2.0,50.0,25.0,0.3,10.0,25.0,0.2179828261335691
2912,2.0,50.0,25.0,0.3,100.0,28.0,0.21561439335346222
2913,2.0,50.0,25.0,0.3,1000.0,21.0,0.21636159966389337
2914,2.0,50.0,25.0,0.3,10000.0,30.0,0.21313744535048804
2915,2.0,50.0,25.0,0.5,0.0,23.0,0.20886249343554178
2916,2.0,50.0,25.0,0.5,10.0,23.0,0.20474653442700705
2917,2.0,50.0,25.0,0.5,100.0,26.0,0.20750601341327032
2918,2.0,50.0,25.0,0.5,1000.0,21.0,0.2079657018184662
2919,2.0,50.0,25.0,0.5,10000.0,26.0,0.2103580062588056
2920,2.0,50.0,25.0,0.7,0.0,22.0,0.2032120997707049
2921,2.0,50.0,25.0,0.7,10.0,22.0,0.2023056074976921
2922,2.0,50.0,25.0,0.7,100.0,25.0,0.2141703317562739
2923,2.0,50.0,25.0,0.7,1000.0,21.0,0.1955366532007853
2924,2.0,50.0,25.0,0.7,10000.0,26.0,0.20969826728105545
2925,2.0,50.0,30.0,0.3,0.0,25.0,0.21814795583486557
2926,2.0,50.0,30.0,0.3,10.0,22.0,0.22348470985889435
2927,2.0,50.0,30.0,0.3,100.0,23.0,0.2256607785820961
2928,2.0,50.0,30.0,0.3,1000.0,19.0,0.21581210692723593
2929,2.0,50.0,30.0,0.3,10000.0,25.0,0.21900796393553415
2930,2.0,50.0,30.0,0.5,0.0,22.0,0.20150888214508691
2931,2.0,50.0,30.0,0.5,10.0,23.0,0.2133696178595225
2932,2.0,50.0,30.0,0.5,100.0,25.0,0.20914356162150702
2933,2.0,50.0,30.0,0.5,1000.0,21.0,0.20744404445091882
2934,2.0,50.0,30.0,0.5,10000.0,23.0,0.21528489391009012
2935,2.0,50.0,30.0,0.7,0.0,21.0,0.20690585424502692
2936,2.0,50.0,30.0,0.7,10.0,22.0,0.20410331338644028
2937,2.0,50.0,30.0,0.7,100.0,25.0,0.2070195029179255
2938,2.0,50.0,30.0,0.7,1000.0,21.0,0.196120614806811
2939,2.0,50.0,30.0,0.7,10000.0,22.0,0.20425926645596823
2940,2.0,50.0,35.0,0.3,0.0,21.0,0.2175872673590978
2941,2.0,50.0,35.0,0.3,10.0,21.0,0.22085432956616083
2942,2.0,50.0,35.0,0.3,100.0,22.0,0.20901522785425186
2943,2.0,50.0,35.0,0.3,1000.0,23.0,0.2109718049565951
2944,2.0,50.0,35.0,0.3,10000.0,24.0,0.2097095474600792
2945,2.0,50.0,35.0,0.5,0.0,22.0,0.20599508533875147
2946,2.0,50.0,35.0,0.5,10.0,21.0,0.21374695499738058
2947,2.0,50.0,35.0,0.5,100.0,22.0,0.20541663964589438
2948,2.0,50.0,35.0,0.5,1000.0,22.0,0.19580376148223877
2949,2.0,50.0,35.0,0.5,10000.0,19.0,0.21110705534617105
2950,2.0,50.0,35.0,0.7,0.0,22.0,0.20383252700169882
2951,2.0,50.0,35.0,0.7,10.0,22.0,0.20070577909549078
2952,2.0,50.0,35.0,0.7,100.0,25.0,0.20987530797719955
2953,2.0,50.0,35.0,0.7,1000.0,23.0,0.20332618554433188
2954,2.0,50.0,35.0,0.7,10000.0,24.0,0.2113988846540451
2955,2.0,50.0,40.0,0.3,0.0,24.0,0.21793565402428308
2956,2.0,50.0,40.0,0.3,10.0,20.0,0.22003368784983954
2957,2.0,50.0,40.0,0.3,100.0,21.0,0.2165855715672175
2958,2.0,50.0,40.0,0.3,1000.0,29.0,0.21887208769718805
2959,2.0,50.0,40.0,0.3,10000.0,24.0,0.21330616623163223
2960,2.0,50.0,40.0,0.5,0.0,22.0,0.21024189889431
2961,2.0,50.0,40.0,0.5,10.0,23.0,0.2202335720260938
2962,2.0,50.0,40.0,0.5,100.0,21.0,0.20717021822929382
2963,2.0,50.0,40.0,0.5,1000.0,28.0,0.2156172121564547
2964,2.0,50.0,40.0,0.5,10000.0,23.0,0.2158170243104299
2965,2.0,50.0,40.0,0.7,0.0,23.0,0.20243337005376816
2966,2.0,50.0,40.0,0.7,10.0,21.0,0.20418686916430792
2967,2.0,50.0,40.0,0.7,100.0,22.0,0.20330155144135156
2968,2.0,50.0,40.0,0.7,1000.0,21.0,0.20399927347898483
2969,2.0,50.0,40.0,0.7,10000.0,23.0,0.2018130968014399
2970,2.0,50.0,45.0,0.3,0.0,24.0,0.22417082637548447
2971,2.0,50.0,45.0,0.3,10.0,20.0,0.221746655801932
2972,2.0,50.0,45.0,0.3,100.0,22.0,0.222239317993323
2973,2.0,50.0,45.0,0.3,1000.0,24.0,0.22357034186522165
2974,2.0,50.0,45.0,0.3,10000.0,23.0,0.2133620778719584
2975,2.0,50.0,45.0,0.5,0.0,22.0,0.21477594474951425
2976,2.0,50.0,45.0,0.5,10.0,23.0,0.2226862534880638
2977,2.0,50.0,45.0,0.5,100.0,22.0,0.21167349815368652
2978,2.0,50.0,45.0,0.5,1000.0,22.0,0.2142384573817253
2979,2.0,50.0,45.0,0.5,10000.0,21.0,0.20930710434913635
2980,2.0,50.0,45.0,0.7,0.0,22.0,0.20886283616224924
2981,2.0,50.0,45.0,0.7,10.0,21.0,0.21205009271701178
2982,2.0,50.0,45.0,0.7,100.0,22.0,0.2041939670840899
2983,2.0,50.0,45.0,0.7,1000.0,21.0,0.2042964274684588
2984,2.0,50.0,45.0,0.7,10000.0,28.0,0.20093205819527307
2985,2.0,50.0,50.0,0.3,0.0,25.0,0.22674031804005304
2986,2.0,50.0,50.0,0.3,10.0,22.0,0.21281803150971731
2987,2.0,50.0,50.0,0.3,100.0,22.0,0.2226223424077034
2988,2.0,50.0,50.0,0.3,1000.0,21.0,0.22531486799319586
2989,2.0,50.0,50.0,0.3,10000.0,21.0,0.21481056759754816
2990,2.0,50.0,50.0,0.5,0.0,23.0,0.22043273349603018
2991,2.0,50.0,50.0,0.5,10.0,22.0,0.20375673224528631
2992,2.0,50.0,50.0,0.5,100.0,23.0,0.2114272639155388
2993,2.0,50.0,50.0,0.5,1000.0,21.0,0.21032253404458365
2994,2.0,50.0,50.0,0.5,10000.0,28.0,0.21235691259304681
2995,2.0,50.0,50.0,0.7,0.0,21.0,0.20455285658439
2996,2.0,50.0,50.0,0.7,10.0,21.0,0.20603948334852853
2997,2.0,50.0,50.0,0.7,100.0,25.0,0.20962932705879211
2998,2.0,50.0,50.0,0.7,1000.0,25.0,0.20328914125760397
2999,2.0,50.0,50.0,0.7,10000.0,28.0,0.21368619551261267
