param_id,num_layers,hidden1,hidden2,dropout,epochs_trained,val_error
7,1.0,35.0,15.0,0.3,53.8,0.39525289830441274
4,1.0,30.0,15.0,0.3,72.0,0.39724290103962023
8,1.0,35.0,20.0,0.3,50.0,0.4078885052974025
2,1.0,25.0,20.0,0.3,54.6,0.4127452916155258
1,1.0,25.0,15.0,0.3,53.6,0.41625094376504423
5,1.0,30.0,20.0,0.3,47.2,0.41717098063478864
6,1.0,35.0,10.0,0.3,65.6,0.42681102839608986
0,1.0,25.0,10.0,0.3,62.4,0.42953165490180256
3,1.0,30.0,10.0,0.3,47.0,0.43384298359354334
