param_id,num_layers,hidden1,hidden2,dropout,epochs_trained,val_error
7,1.0,35.0,15.0,0.3,46.8,0.39308670324583844
4,1.0,30.0,15.0,0.3,36.8,0.4099481510619323
3,1.0,30.0,10.0,0.3,40.0,0.4156403380135695
8,1.0,35.0,20.0,0.3,34.0,0.41618012078106403
5,1.0,30.0,20.0,0.3,35.2,0.41999759015937643
1,1.0,25.0,15.0,0.3,41.8,0.42707328324516614
0,1.0,25.0,10.0,0.3,36.6,0.442767292757829
2,1.0,25.0,20.0,0.3,33.8,0.4444615557789803
6,1.0,35.0,10.0,0.3,43.4,0.44553329323728874
