,num_layers,hidden1,hidden2,dropout,random_seed,epochs_trained,val_error
0,1.0,5.0,5.0,0.3,0.0,191.0,0.8206984599431356
1,1.0,5.0,5.0,0.3,10.0,131.0,0.7960569361845652
2,1.0,5.0,5.0,0.3,100.0,191.0,0.7855925659338633
3,1.0,5.0,5.0,0.3,1000.0,300.0,1.0209752420584361
4,1.0,5.0,5.0,0.3,10000.0,82.0,0.8527129689852396
5,1.0,5.0,5.0,0.5,0.0,188.0,0.9902117550373077
6,1.0,5.0,5.0,0.5,10.0,129.0,0.9574088652928671
7,1.0,5.0,5.0,0.5,100.0,67.0,1.0592662294705708
8,1.0,5.0,5.0,0.5,1000.0,196.0,1.181979199250539
9,1.0,5.0,5.0,0.5,10000.0,108.0,1.0492047369480133
10,1.0,5.0,5.0,0.7,0.0,142.0,1.236957311630249
11,1.0,5.0,5.0,0.7,10.0,117.0,1.1903660297393799
12,1.0,5.0,5.0,0.7,100.0,78.0,1.2443112134933472
13,1.0,5.0,5.0,0.7,1000.0,181.0,1.3381162683169048
14,1.0,5.0,5.0,0.7,10000.0,135.0,1.1972403128941853
15,1.0,5.0,10.0,0.3,0.0,158.0,0.7968396047751108
16,1.0,5.0,10.0,0.3,10.0,155.0,0.7587043642997742
17,1.0,5.0,10.0,0.3,100.0,176.0,0.729976107676824
18,1.0,5.0,10.0,0.3,1000.0,161.0,0.8260757327079773
19,1.0,5.0,10.0,0.3,10000.0,134.0,0.7513795793056488
20,1.0,5.0,10.0,0.5,0.0,163.0,0.884056568145752
21,1.0,5.0,10.0,0.5,10.0,129.0,0.8581851621468862
22,1.0,5.0,10.0,0.5,100.0,122.0,0.8570212324460348
23,1.0,5.0,10.0,0.5,1000.0,107.0,0.9209873974323273
24,1.0,5.0,10.0,0.5,10000.0,102.0,0.8475617667039236
25,1.0,5.0,10.0,0.7,0.0,123.0,1.0845731099446614
26,1.0,5.0,10.0,0.7,10.0,103.0,1.0714838703473408
27,1.0,5.0,10.0,0.7,100.0,140.0,1.1041285395622253
28,1.0,5.0,10.0,0.7,1000.0,145.0,1.0839621822039287
29,1.0,5.0,10.0,0.7,10000.0,109.0,1.049680511156718
30,1.0,5.0,15.0,0.3,0.0,186.0,0.7810954650243124
31,1.0,5.0,15.0,0.3,10.0,127.0,0.7443944613138834
32,1.0,5.0,15.0,0.3,100.0,122.0,0.7997171382109324
33,1.0,5.0,15.0,0.3,1000.0,120.0,0.8049038747946421
34,1.0,5.0,15.0,0.3,10000.0,135.0,0.7446787854035696
35,1.0,5.0,15.0,0.5,0.0,144.0,0.8917610943317413
36,1.0,5.0,15.0,0.5,10.0,151.0,0.8031777242819468
37,1.0,5.0,15.0,0.5,100.0,112.0,0.8781888286272684
38,1.0,5.0,15.0,0.5,1000.0,137.0,0.8599943021933237
39,1.0,5.0,15.0,0.5,10000.0,177.0,0.7941439350446066
40,1.0,5.0,15.0,0.7,0.0,123.0,1.0898022055625916
41,1.0,5.0,15.0,0.7,10.0,186.0,0.976039191087087
42,1.0,5.0,15.0,0.7,100.0,134.0,1.0464947024981182
43,1.0,5.0,15.0,0.7,1000.0,137.0,1.0326334834098816
44,1.0,5.0,15.0,0.7,10000.0,147.0,0.9885242382685343
45,1.0,5.0,20.0,0.3,0.0,128.0,0.7488724589347839
46,1.0,5.0,20.0,0.3,10.0,110.0,0.7611992657184601
47,1.0,5.0,20.0,0.3,100.0,159.0,0.7483881811300913
48,1.0,5.0,20.0,0.3,1000.0,150.0,0.7699521481990814
49,1.0,5.0,20.0,0.3,10000.0,142.0,0.7223890125751495
50,1.0,5.0,20.0,0.5,0.0,115.0,0.8412039577960968
51,1.0,5.0,20.0,0.5,10.0,110.0,0.8506736854712168
52,1.0,5.0,20.0,0.5,100.0,150.0,0.8104535937309265
53,1.0,5.0,20.0,0.5,1000.0,145.0,0.8522430459658304
54,1.0,5.0,20.0,0.5,10000.0,128.0,0.7914827167987823
55,1.0,5.0,20.0,0.7,0.0,120.0,1.0233496924241383
56,1.0,5.0,20.0,0.7,10.0,152.0,0.9938364525636038
57,1.0,5.0,20.0,0.7,100.0,130.0,0.9929090042908987
58,1.0,5.0,20.0,0.7,1000.0,144.0,0.9682580331961314
59,1.0,5.0,20.0,0.7,10000.0,155.0,0.930962065855662
60,1.0,5.0,25.0,0.3,0.0,139.0,0.736563911040624
61,1.0,5.0,25.0,0.3,10.0,91.0,0.7785095572471619
62,1.0,5.0,25.0,0.3,100.0,114.0,0.755394289890925
63,1.0,5.0,25.0,0.3,1000.0,159.0,0.7852588295936584
64,1.0,5.0,25.0,0.3,10000.0,132.0,0.7798596223195394
65,1.0,5.0,25.0,0.5,0.0,184.0,0.7552760342756907
66,1.0,5.0,25.0,0.5,10.0,96.0,0.8866871496041616
67,1.0,5.0,25.0,0.5,100.0,154.0,0.7913546661535898
68,1.0,5.0,25.0,0.5,1000.0,167.0,0.8408374389012655
69,1.0,5.0,25.0,0.5,10000.0,176.0,0.7557823757330576
70,1.0,5.0,25.0,0.7,0.0,113.0,0.9964350759983063
71,1.0,5.0,25.0,0.7,10.0,152.0,1.020292580127716
72,1.0,5.0,25.0,0.7,100.0,168.0,0.9676858186721802
73,1.0,5.0,25.0,0.7,1000.0,123.0,1.0043780008951824
74,1.0,5.0,25.0,0.7,10000.0,107.0,0.9565229217211405
75,1.0,5.0,30.0,0.3,0.0,137.0,0.7604348063468933
76,1.0,5.0,30.0,0.3,10.0,127.0,0.7901479502518972
77,1.0,5.0,30.0,0.3,100.0,38.0,0.9171943565209707
78,1.0,5.0,30.0,0.3,1000.0,154.0,0.7713013688723246
79,1.0,5.0,30.0,0.3,10000.0,126.0,0.7801557977994283
80,1.0,5.0,30.0,0.5,0.0,113.0,0.8252849181493124
81,1.0,5.0,30.0,0.5,10.0,62.0,0.9461687902609507
82,1.0,5.0,30.0,0.5,100.0,116.0,0.8486983875433604
83,1.0,5.0,30.0,0.5,1000.0,93.0,0.8779545823733012
84,1.0,5.0,30.0,0.5,10000.0,100.0,0.8628737032413483
85,1.0,5.0,30.0,0.7,0.0,103.0,0.9593846201896667
86,1.0,5.0,30.0,0.7,10.0,40.0,1.126645068327586
87,1.0,5.0,30.0,0.7,100.0,114.0,0.9935274720191956
88,1.0,5.0,30.0,0.7,1000.0,93.0,1.0441957414150238
89,1.0,5.0,30.0,0.7,10000.0,159.0,0.9571143190066019
90,1.0,5.0,35.0,0.3,0.0,138.0,0.8045509457588196
91,1.0,5.0,35.0,0.3,10.0,35.0,0.8980630139509836
92,1.0,5.0,35.0,0.3,100.0,114.0,0.7328301469484965
93,1.0,5.0,35.0,0.3,1000.0,96.0,0.782815565665563
94,1.0,5.0,35.0,0.3,10000.0,97.0,0.727307399113973
95,1.0,5.0,35.0,0.5,0.0,107.0,0.8826033373673757
96,1.0,5.0,35.0,0.5,10.0,30.0,0.9663961927096049
97,1.0,5.0,35.0,0.5,100.0,132.0,0.7933693329493204
98,1.0,5.0,35.0,0.5,1000.0,108.0,0.8228466610113779
99,1.0,5.0,35.0,0.5,10000.0,100.0,0.8125092486540476
100,1.0,5.0,35.0,0.7,0.0,112.0,0.9829242527484894
101,1.0,5.0,35.0,0.7,10.0,35.0,1.157120943069458
102,1.0,5.0,35.0,0.7,100.0,43.0,1.1171676913897197
103,1.0,5.0,35.0,0.7,1000.0,114.0,0.9571260313193003
104,1.0,5.0,35.0,0.7,10000.0,103.0,1.0113874475161235
105,1.0,5.0,40.0,0.3,0.0,77.0,0.8322561979293823
106,1.0,5.0,40.0,0.3,10.0,123.0,0.7935112516085306
107,1.0,5.0,40.0,0.3,100.0,114.0,0.7915835877259573
108,1.0,5.0,40.0,0.3,1000.0,110.0,0.7861658732096354
109,1.0,5.0,40.0,0.3,10000.0,116.0,0.8108669022719065
110,1.0,5.0,40.0,0.5,0.0,77.0,0.9262085656325022
111,1.0,5.0,40.0,0.5,10.0,129.0,0.8471963703632355
112,1.0,5.0,40.0,0.5,100.0,88.0,0.9699327150980631
113,1.0,5.0,40.0,0.5,1000.0,36.0,0.9617886145909628
114,1.0,5.0,40.0,0.5,10000.0,124.0,0.9233497679233551
115,1.0,5.0,40.0,0.7,0.0,150.0,0.911936899026235
116,1.0,5.0,40.0,0.7,10.0,128.0,0.9448495209217072
117,1.0,5.0,40.0,0.7,100.0,59.0,1.2007888555526733
118,1.0,5.0,40.0,0.7,1000.0,81.0,1.078541060288747
119,1.0,5.0,40.0,0.7,10000.0,134.0,1.0488940676053364
120,1.0,5.0,45.0,0.3,0.0,92.0,0.7878786027431488
121,1.0,5.0,45.0,0.3,10.0,112.0,0.7419423262278239
122,1.0,5.0,45.0,0.3,100.0,119.0,0.7336011826992035
123,1.0,5.0,45.0,0.3,1000.0,147.0,0.771355519692103
124,1.0,5.0,45.0,0.3,10000.0,103.0,0.743074099222819
125,1.0,5.0,45.0,0.5,0.0,207.0,0.7551970183849335
126,1.0,5.0,45.0,0.5,10.0,111.0,0.9037185609340668
127,1.0,5.0,45.0,0.5,100.0,42.0,0.9874034722646078
128,1.0,5.0,45.0,0.5,1000.0,157.0,0.8222558895746866
129,1.0,5.0,45.0,0.5,10000.0,116.0,0.8544130623340607
130,1.0,5.0,45.0,0.7,0.0,137.0,0.9280945658683777
131,1.0,5.0,45.0,0.7,10.0,62.0,1.127388099829356
132,1.0,5.0,45.0,0.7,100.0,49.0,1.1051429112752278
133,1.0,5.0,45.0,0.7,1000.0,60.0,1.0598765015602112
134,1.0,5.0,45.0,0.7,10000.0,161.0,0.9498562117417654
135,1.0,5.0,50.0,0.3,0.0,113.0,0.7907557189464569
136,1.0,5.0,50.0,0.3,10.0,91.0,0.8172062635421753
137,1.0,5.0,50.0,0.3,100.0,116.0,0.7686879336833954
138,1.0,5.0,50.0,0.3,1000.0,46.0,0.9148376286029816
139,1.0,5.0,50.0,0.3,10000.0,135.0,0.7393884062767029
140,1.0,5.0,50.0,0.5,0.0,106.0,0.8520751694838206
141,1.0,5.0,50.0,0.5,10.0,35.0,1.0170589884122212
142,1.0,5.0,50.0,0.5,100.0,49.0,1.0011974573135376
143,1.0,5.0,50.0,0.5,1000.0,109.0,0.8309554557005564
144,1.0,5.0,50.0,0.5,10000.0,168.0,0.8541744649410248
145,1.0,5.0,50.0,0.7,0.0,109.0,1.0183025399843852
146,1.0,5.0,50.0,0.7,10.0,36.0,1.1983064611752827
147,1.0,5.0,50.0,0.7,100.0,100.0,1.0442360639572144
148,1.0,5.0,50.0,0.7,1000.0,143.0,0.9478651881217957
149,1.0,5.0,50.0,0.7,10000.0,107.0,1.0277558465798695
150,2.0,5.0,5.0,0.3,0.0,217.0,0.7360390226046244
151,2.0,5.0,5.0,0.3,10.0,246.0,1.153381923834483
152,2.0,5.0,5.0,0.3,100.0,158.0,0.7765584588050842
153,2.0,5.0,5.0,0.3,1000.0,110.0,0.7628227273623148
154,2.0,5.0,5.0,0.3,10000.0,97.0,0.7707144320011139
155,2.0,5.0,5.0,0.5,0.0,170.0,0.8230706652005514
156,2.0,5.0,5.0,0.5,10.0,170.0,1.294464111328125
157,2.0,5.0,5.0,0.5,100.0,190.0,0.8854653934637705
158,2.0,5.0,5.0,0.5,1000.0,147.0,0.8861697713534037
159,2.0,5.0,5.0,0.5,10000.0,93.0,0.9177385369936625
160,2.0,5.0,5.0,0.7,0.0,123.0,1.1302454074223836
161,2.0,5.0,5.0,0.7,10.0,162.0,1.4090667764345806
162,2.0,5.0,5.0,0.7,100.0,119.0,1.1466107964515686
163,2.0,5.0,5.0,0.7,1000.0,167.0,1.355382760365804
164,2.0,5.0,5.0,0.7,10000.0,92.0,1.1737170418103535
165,2.0,5.0,10.0,0.3,0.0,176.0,0.6928892135620117
166,2.0,5.0,10.0,0.3,10.0,157.0,0.7487609485785166
167,2.0,5.0,10.0,0.3,100.0,202.0,0.6761977771917979
168,2.0,5.0,10.0,0.3,1000.0,172.0,0.7248353660106659
169,2.0,5.0,10.0,0.3,10000.0,84.0,0.7798131008942922
170,2.0,5.0,10.0,0.5,0.0,158.0,0.8249137997627258
171,2.0,5.0,10.0,0.5,10.0,111.0,0.8289840122063955
172,2.0,5.0,10.0,0.5,100.0,119.0,0.8225856522719065
173,2.0,5.0,10.0,0.5,1000.0,117.0,0.8158888717492422
174,2.0,5.0,10.0,0.5,10000.0,144.0,0.7969699998696645
175,2.0,5.0,10.0,0.7,0.0,179.0,0.9849366744359335
176,2.0,5.0,10.0,0.7,10.0,61.0,1.0789181391398113
177,2.0,5.0,10.0,0.7,100.0,135.0,0.96818079551061
178,2.0,5.0,10.0,0.7,1000.0,107.0,1.0543263753255208
179,2.0,5.0,10.0,0.7,10000.0,100.0,1.0642298062642415
180,2.0,5.0,15.0,0.3,0.0,101.0,0.7010546922683716
181,2.0,5.0,15.0,0.3,10.0,146.0,0.7375214894612631
182,2.0,5.0,15.0,0.3,100.0,87.0,0.7266324957211813
183,2.0,5.0,15.0,0.3,1000.0,107.0,0.7478958467642466
184,2.0,5.0,15.0,0.3,10000.0,86.0,0.741974800825119
185,2.0,5.0,15.0,0.5,0.0,141.0,0.7781452238559723
186,2.0,5.0,15.0,0.5,10.0,107.0,0.8815710544586182
187,2.0,5.0,15.0,0.5,100.0,150.0,0.7552893360455831
188,2.0,5.0,15.0,0.5,1000.0,94.0,0.7956149081389109
189,2.0,5.0,15.0,0.5,10000.0,96.0,0.7979493538538615
190,2.0,5.0,15.0,0.7,0.0,69.0,1.0129125614960988
191,2.0,5.0,15.0,0.7,10.0,75.0,1.00571604569753
192,2.0,5.0,15.0,0.7,100.0,122.0,0.9618485569953918
193,2.0,5.0,15.0,0.7,1000.0,73.0,0.9957791368166605
194,2.0,5.0,15.0,0.7,10000.0,85.0,0.9838029940923055
195,2.0,5.0,20.0,0.3,0.0,114.0,0.7071833511193594
196,2.0,5.0,20.0,0.3,10.0,127.0,0.6881443460782369
197,2.0,5.0,20.0,0.3,100.0,73.0,0.8096546828746796
198,2.0,5.0,20.0,0.3,1000.0,154.0,0.6916702588399252
199,2.0,5.0,20.0,0.3,10000.0,120.0,0.7170063058535258
200,2.0,5.0,20.0,0.5,0.0,75.0,0.8668436904748281
201,2.0,5.0,20.0,0.5,10.0,133.0,0.7517497837543488
202,2.0,5.0,20.0,0.5,100.0,73.0,0.9076559146245321
203,2.0,5.0,20.0,0.5,1000.0,132.0,0.7824187477429708
204,2.0,5.0,20.0,0.5,10000.0,65.0,0.8465784192085266
205,2.0,5.0,20.0,0.7,0.0,108.0,1.0431128144264221
206,2.0,5.0,20.0,0.7,10.0,116.0,0.9545376300811768
207,2.0,5.0,20.0,0.7,100.0,140.0,0.9360711574554443
208,2.0,5.0,20.0,0.7,1000.0,130.0,0.9248661597569784
209,2.0,5.0,20.0,0.7,10000.0,97.0,0.9366463224093119
210,2.0,5.0,25.0,0.3,0.0,187.0,0.695068895816803
211,2.0,5.0,25.0,0.3,10.0,110.0,0.7676179707050323
212,2.0,5.0,25.0,0.3,100.0,107.0,0.7695939242839813
213,2.0,5.0,25.0,0.3,1000.0,85.0,0.7301907142003378
214,2.0,5.0,25.0,0.3,10000.0,99.0,0.7341226836045583
215,2.0,5.0,25.0,0.5,0.0,193.0,0.7897809346516927
216,2.0,5.0,25.0,0.5,10.0,79.0,0.9269194006919861
217,2.0,5.0,25.0,0.5,100.0,66.0,0.8879279394944509
218,2.0,5.0,25.0,0.5,1000.0,129.0,0.7421141763528188
219,2.0,5.0,25.0,0.5,10000.0,86.0,0.8111961682637533
220,2.0,5.0,25.0,0.7,0.0,110.0,0.9575540721416473
221,2.0,5.0,25.0,0.7,10.0,88.0,1.0598156253496807
222,2.0,5.0,25.0,0.7,100.0,122.0,1.030222733815511
223,2.0,5.0,25.0,0.7,1000.0,107.0,0.9174134035905203
224,2.0,5.0,25.0,0.7,10000.0,83.0,0.9749083717664083
225,2.0,5.0,30.0,0.3,0.0,105.0,0.7064687013626099
226,2.0,5.0,30.0,0.3,10.0,117.0,0.7268589635690054
227,2.0,5.0,30.0,0.3,100.0,151.0,0.7293747762838999
228,2.0,5.0,30.0,0.3,1000.0,105.0,0.7215971450010935
229,2.0,5.0,30.0,0.3,10000.0,86.0,0.7274139324824015
230,2.0,5.0,30.0,0.5,0.0,126.0,0.8359113732973734
231,2.0,5.0,30.0,0.5,10.0,86.0,0.8147747218608856
232,2.0,5.0,30.0,0.5,100.0,117.0,0.7825884918371836
233,2.0,5.0,30.0,0.5,1000.0,132.0,0.7534433305263519
234,2.0,5.0,30.0,0.5,10000.0,84.0,0.8245974481105804
235,2.0,5.0,30.0,0.7,0.0,83.0,1.0136489570140839
236,2.0,5.0,30.0,0.7,10.0,86.0,0.9435825745264689
237,2.0,5.0,30.0,0.7,100.0,127.0,0.9216212530930837
238,2.0,5.0,30.0,0.7,1000.0,84.0,0.993114560842514
239,2.0,5.0,30.0,0.7,10000.0,82.0,0.9773150185743967
240,2.0,5.0,35.0,0.3,0.0,141.0,0.7144164443016052
241,2.0,5.0,35.0,0.3,10.0,64.0,0.7155771950880686
242,2.0,5.0,35.0,0.3,100.0,130.0,0.6848037540912628
243,2.0,5.0,35.0,0.3,1000.0,105.0,0.7111059427261353
244,2.0,5.0,35.0,0.3,10000.0,70.0,0.7437179783980051
245,2.0,5.0,35.0,0.5,0.0,150.0,0.7505924503008524
246,2.0,5.0,35.0,0.5,10.0,58.0,0.8354758322238922
247,2.0,5.0,35.0,0.5,100.0,109.0,0.8056893150011698
248,2.0,5.0,35.0,0.5,1000.0,98.0,0.7926987111568451
249,2.0,5.0,35.0,0.5,10000.0,66.0,0.8444595634937286
250,2.0,5.0,35.0,0.7,0.0,69.0,0.9794512589772543
251,2.0,5.0,35.0,0.7,10.0,84.0,0.9819116791089376
252,2.0,5.0,35.0,0.7,100.0,100.0,0.9460939168930054
253,2.0,5.0,35.0,0.7,1000.0,75.0,0.9701599975426992
254,2.0,5.0,35.0,0.7,10000.0,83.0,0.9577657481034597
255,2.0,5.0,40.0,0.3,0.0,97.0,0.7666480541229248
256,2.0,5.0,40.0,0.3,10.0,113.0,0.7153111298878988
257,2.0,5.0,40.0,0.3,100.0,114.0,0.6768500904242197
258,2.0,5.0,40.0,0.3,1000.0,101.0,0.7333000302314758
259,2.0,5.0,40.0,0.3,10000.0,77.0,0.7857620616753896
260,2.0,5.0,40.0,0.5,0.0,74.0,0.8600921829541525
261,2.0,5.0,40.0,0.5,10.0,77.0,0.8685044149557749
262,2.0,5.0,40.0,0.5,100.0,86.0,0.7865601976712545
263,2.0,5.0,40.0,0.5,1000.0,127.0,0.7733545899391174
264,2.0,5.0,40.0,0.5,10000.0,69.0,0.9167953034241995
265,2.0,5.0,40.0,0.7,0.0,138.0,1.0111385583877563
266,2.0,5.0,40.0,0.7,10.0,75.0,1.071493685245514
267,2.0,5.0,40.0,0.7,100.0,121.0,0.9275128344694773
268,2.0,5.0,40.0,0.7,1000.0,117.0,0.9220196008682251
269,2.0,5.0,40.0,0.7,10000.0,69.0,1.1251594225565593
270,2.0,5.0,45.0,0.3,0.0,86.0,0.7555429140726725
271,2.0,5.0,45.0,0.3,10.0,82.0,0.7456325590610504
272,2.0,5.0,45.0,0.3,100.0,89.0,0.7066585222880045
273,2.0,5.0,45.0,0.3,1000.0,110.0,0.7854996621608734
274,2.0,5.0,45.0,0.3,10000.0,80.0,0.7598462303479513
275,2.0,5.0,45.0,0.5,0.0,74.0,0.846937487522761
276,2.0,5.0,45.0,0.5,10.0,64.0,0.8295816282431284
277,2.0,5.0,45.0,0.5,100.0,83.0,0.7766454120477041
278,2.0,5.0,45.0,0.5,1000.0,46.0,0.958404133717219
279,2.0,5.0,45.0,0.5,10000.0,68.0,0.8724602262179056
280,2.0,5.0,45.0,0.7,0.0,68.0,0.9975532988707224
281,2.0,5.0,45.0,0.7,10.0,41.0,1.027542233467102
282,2.0,5.0,45.0,0.7,100.0,92.0,1.022003451983134
283,2.0,5.0,45.0,0.7,1000.0,116.0,0.997366597255071
284,2.0,5.0,45.0,0.7,10000.0,92.0,0.9882554809252421
285,2.0,5.0,50.0,0.3,0.0,110.0,0.7198509375254313
286,2.0,5.0,50.0,0.3,10.0,70.0,0.7738474607467651
287,2.0,5.0,50.0,0.3,100.0,100.0,0.8152050971984863
288,2.0,5.0,50.0,0.3,1000.0,81.0,0.7939831018447876
289,2.0,5.0,50.0,0.3,10000.0,60.0,0.803614467382431
290,2.0,5.0,50.0,0.5,0.0,69.0,0.8377671043078104
291,2.0,5.0,50.0,0.5,10.0,58.0,0.9040955603122711
292,2.0,5.0,50.0,0.5,100.0,83.0,0.8404834667841593
293,2.0,5.0,50.0,0.5,1000.0,54.0,0.9224774142106374
294,2.0,5.0,50.0,0.5,10000.0,66.0,0.9222690065701803
295,2.0,5.0,50.0,0.7,0.0,62.0,1.0155945022900899
296,2.0,5.0,50.0,0.7,10.0,35.0,1.0892244577407837
297,2.0,5.0,50.0,0.7,100.0,89.0,0.9931712547938029
298,2.0,5.0,50.0,0.7,1000.0,74.0,1.028178721666336
299,2.0,5.0,50.0,0.7,10000.0,58.0,1.0922528902689617
300,1.0,10.0,5.0,0.3,0.0,68.0,0.7876842419306437
301,1.0,10.0,5.0,0.3,10.0,89.0,0.7627682785193125
302,1.0,10.0,5.0,0.3,100.0,107.0,0.739056388537089
303,1.0,10.0,5.0,0.3,1000.0,143.0,0.7466910084088644
304,1.0,10.0,5.0,0.3,10000.0,80.0,0.7744166056315104
305,1.0,10.0,5.0,0.5,0.0,68.0,0.8669593036174774
306,1.0,10.0,5.0,0.5,10.0,73.0,0.861251026391983
307,1.0,10.0,5.0,0.5,100.0,119.0,0.8383226792017618
308,1.0,10.0,5.0,0.5,1000.0,145.0,0.8438655535380045
309,1.0,10.0,5.0,0.5,10000.0,103.0,0.8716094692548116
310,1.0,10.0,5.0,0.7,0.0,101.0,1.0254579186439514
311,1.0,10.0,5.0,0.7,10.0,104.0,1.0375630458196003
312,1.0,10.0,5.0,0.7,100.0,95.0,1.0265077551205952
313,1.0,10.0,5.0,0.7,1000.0,118.0,1.0225914418697357
314,1.0,10.0,5.0,0.7,10000.0,92.0,1.0646541118621826
315,1.0,10.0,10.0,0.3,0.0,106.0,0.696982612212499
316,1.0,10.0,10.0,0.3,10.0,73.0,0.7365656793117523
317,1.0,10.0,10.0,0.3,100.0,58.0,0.7469196319580078
318,1.0,10.0,10.0,0.3,1000.0,91.0,0.7210128506024679
319,1.0,10.0,10.0,0.3,10000.0,82.0,0.7578553259372711
320,1.0,10.0,10.0,0.5,0.0,106.0,0.7714778482913971
321,1.0,10.0,10.0,0.5,10.0,67.0,0.7987371981143951
322,1.0,10.0,10.0,0.5,100.0,102.0,0.790776252746582
323,1.0,10.0,10.0,0.5,1000.0,80.0,0.8149167199929556
324,1.0,10.0,10.0,0.5,10000.0,68.0,0.8319387833277384
325,1.0,10.0,10.0,0.7,0.0,126.0,0.9321469167868296
326,1.0,10.0,10.0,0.7,10.0,70.0,0.9694647689660391
327,1.0,10.0,10.0,0.7,100.0,89.0,0.9482023815313975
328,1.0,10.0,10.0,0.7,1000.0,105.0,0.9690773189067841
329,1.0,10.0,10.0,0.7,10000.0,89.0,0.9575198292732239
330,1.0,10.0,15.0,0.3,0.0,52.0,0.7655717432498932
331,1.0,10.0,15.0,0.3,10.0,108.0,0.7201298574606577
332,1.0,10.0,15.0,0.3,100.0,59.0,0.726411392291387
333,1.0,10.0,15.0,0.3,1000.0,81.0,0.7011613051096598
334,1.0,10.0,15.0,0.3,10000.0,62.0,0.7548928360144297
335,1.0,10.0,15.0,0.5,0.0,87.0,0.7843513290087382
336,1.0,10.0,15.0,0.5,10.0,78.0,0.7803017298380533
337,1.0,10.0,15.0,0.5,100.0,59.0,0.7827249566713969
338,1.0,10.0,15.0,0.5,1000.0,112.0,0.7624919315179189
339,1.0,10.0,15.0,0.5,10000.0,100.0,0.7782813807328542
340,1.0,10.0,15.0,0.7,0.0,60.0,0.9291583299636841
341,1.0,10.0,15.0,0.7,10.0,135.0,0.8704653382301331
342,1.0,10.0,15.0,0.7,100.0,88.0,0.8633497357368469
343,1.0,10.0,15.0,0.7,1000.0,120.0,0.8569653034210205
344,1.0,10.0,15.0,0.7,10000.0,81.0,0.9111216366291046
345,1.0,10.0,20.0,0.3,0.0,66.0,0.7338375647862753
346,1.0,10.0,20.0,0.3,10.0,86.0,0.743752509355545
347,1.0,10.0,20.0,0.3,100.0,89.0,0.6929315030574799
348,1.0,10.0,20.0,0.3,1000.0,69.0,0.7329508165518442
349,1.0,10.0,20.0,0.3,10000.0,104.0,0.7397362192471822
350,1.0,10.0,20.0,0.5,0.0,77.0,0.7584129075209299
351,1.0,10.0,20.0,0.5,10.0,108.0,0.7476108570893606
352,1.0,10.0,20.0,0.5,100.0,53.0,0.7762842774391174
353,1.0,10.0,20.0,0.5,1000.0,145.0,0.7353172898292542
354,1.0,10.0,20.0,0.5,10000.0,82.0,0.8115445077419281
355,1.0,10.0,20.0,0.7,0.0,77.0,0.873140941063563
356,1.0,10.0,20.0,0.7,10.0,75.0,0.8621667226155599
357,1.0,10.0,20.0,0.7,100.0,63.0,0.9206614991029104
358,1.0,10.0,20.0,0.7,1000.0,92.0,0.8643437226613363
359,1.0,10.0,20.0,0.7,10000.0,93.0,0.865614136060079
360,1.0,10.0,25.0,0.3,0.0,98.0,0.6952296594778696
361,1.0,10.0,25.0,0.3,10.0,94.0,0.7013872961203257
362,1.0,10.0,25.0,0.3,100.0,87.0,0.7006518046061198
363,1.0,10.0,25.0,0.3,1000.0,82.0,0.7076660096645355
364,1.0,10.0,25.0,0.3,10000.0,99.0,0.7295725047588348
365,1.0,10.0,25.0,0.5,0.0,107.0,0.7203473250071207
366,1.0,10.0,25.0,0.5,10.0,129.0,0.7265848318735758
367,1.0,10.0,25.0,0.5,100.0,106.0,0.7212910254796346
368,1.0,10.0,25.0,0.5,1000.0,81.0,0.7232098082701365
369,1.0,10.0,25.0,0.5,10000.0,78.0,0.786992202202479
370,1.0,10.0,25.0,0.7,0.0,69.0,0.8475400308767954
371,1.0,10.0,25.0,0.7,10.0,109.0,0.8271357417106628
372,1.0,10.0,25.0,0.7,100.0,95.0,0.8275560935338339
373,1.0,10.0,25.0,0.7,1000.0,107.0,0.8208617170651754
374,1.0,10.0,25.0,0.7,10000.0,82.0,0.9191639622052511
375,1.0,10.0,30.0,0.3,0.0,90.0,0.7184351980686188
376,1.0,10.0,30.0,0.3,10.0,74.0,0.7261826892693838
377,1.0,10.0,30.0,0.3,100.0,61.0,0.7155436972777048
378,1.0,10.0,30.0,0.3,1000.0,82.0,0.7157455782095591
379,1.0,10.0,30.0,0.3,10000.0,80.0,0.7322137157122294
380,1.0,10.0,30.0,0.5,0.0,97.0,0.7478865583737692
381,1.0,10.0,30.0,0.5,10.0,74.0,0.7560972174008688
382,1.0,10.0,30.0,0.5,100.0,59.0,0.7627219756444296
383,1.0,10.0,30.0,0.5,1000.0,96.0,0.7251326938470205
384,1.0,10.0,30.0,0.5,10000.0,94.0,0.7594823936621348
385,1.0,10.0,30.0,0.7,0.0,77.0,0.8639339506626129
386,1.0,10.0,30.0,0.7,10.0,89.0,0.8200421233971914
387,1.0,10.0,30.0,0.7,100.0,110.0,0.8059490422407786
388,1.0,10.0,30.0,0.7,1000.0,105.0,0.8108024100462595
389,1.0,10.0,30.0,0.7,10000.0,103.0,0.8598053455352783
390,1.0,10.0,35.0,0.3,0.0,63.0,0.7207062641779581
391,1.0,10.0,35.0,0.3,10.0,78.0,0.714348167181015
392,1.0,10.0,35.0,0.3,100.0,75.0,0.713262806336085
393,1.0,10.0,35.0,0.3,1000.0,63.0,0.7111364603042603
394,1.0,10.0,35.0,0.3,10000.0,100.0,0.7357942859331766
395,1.0,10.0,35.0,0.5,0.0,69.0,0.7451893587907156
396,1.0,10.0,35.0,0.5,10.0,83.0,0.7429369191328684
397,1.0,10.0,35.0,0.5,100.0,114.0,0.7429244120915731
398,1.0,10.0,35.0,0.5,1000.0,108.0,0.7280613780021667
399,1.0,10.0,35.0,0.5,10000.0,92.0,0.7554516096909841
400,1.0,10.0,35.0,0.7,0.0,81.0,0.8541960914929708
401,1.0,10.0,35.0,0.7,10.0,85.0,0.8496216237545013
402,1.0,10.0,35.0,0.7,100.0,96.0,0.8232989807923635
403,1.0,10.0,35.0,0.7,1000.0,84.0,0.832905133565267
404,1.0,10.0,35.0,0.7,10000.0,92.0,0.8394862016042074
405,1.0,10.0,40.0,0.3,0.0,87.0,0.6872447232405344
406,1.0,10.0,40.0,0.3,10.0,107.0,0.7311714390913645
407,1.0,10.0,40.0,0.3,100.0,73.0,0.6980820894241333
408,1.0,10.0,40.0,0.3,1000.0,80.0,0.6884597539901733
409,1.0,10.0,40.0,0.3,10000.0,54.0,0.7663660446802775
410,1.0,10.0,40.0,0.5,0.0,101.0,0.7174033721288046
411,1.0,10.0,40.0,0.5,10.0,89.0,0.7548840045928955
412,1.0,10.0,40.0,0.5,100.0,53.0,0.7711567083994547
413,1.0,10.0,40.0,0.5,1000.0,80.0,0.7420577903588613
414,1.0,10.0,40.0,0.5,10000.0,88.0,0.762048989534378
415,1.0,10.0,40.0,0.7,0.0,105.0,0.7810993095239004
416,1.0,10.0,40.0,0.7,10.0,98.0,0.8193829953670502
417,1.0,10.0,40.0,0.7,100.0,125.0,0.834135909875234
418,1.0,10.0,40.0,0.7,1000.0,84.0,0.8645836611588796
419,1.0,10.0,40.0,0.7,10000.0,65.0,0.860894650220871
420,1.0,10.0,45.0,0.3,0.0,90.0,0.7055529356002808
421,1.0,10.0,45.0,0.3,10.0,108.0,0.7285280625025431
422,1.0,10.0,45.0,0.3,100.0,89.0,0.7121936480204264
423,1.0,10.0,45.0,0.3,1000.0,91.0,0.7137874563535055
424,1.0,10.0,45.0,0.3,10000.0,80.0,0.752321312824885
425,1.0,10.0,45.0,0.5,0.0,77.0,0.7559604545434316
426,1.0,10.0,45.0,0.5,10.0,107.0,0.7684921820958456
427,1.0,10.0,45.0,0.5,100.0,107.0,0.7486116687456766
428,1.0,10.0,45.0,0.5,1000.0,71.0,0.7359347939491272
429,1.0,10.0,45.0,0.5,10000.0,89.0,0.7715525428454081
430,1.0,10.0,45.0,0.7,0.0,75.0,0.8738981088002523
431,1.0,10.0,45.0,0.7,10.0,82.0,0.9236943125724792
432,1.0,10.0,45.0,0.7,100.0,98.0,0.8319383859634399
433,1.0,10.0,45.0,0.7,1000.0,83.0,0.8451703488826752
434,1.0,10.0,45.0,0.7,10000.0,91.0,0.8804766833782196
435,1.0,10.0,50.0,0.3,0.0,83.0,0.7257561683654785
436,1.0,10.0,50.0,0.3,10.0,94.0,0.7248199582099915
437,1.0,10.0,50.0,0.3,100.0,90.0,0.7037381827831268
438,1.0,10.0,50.0,0.3,1000.0,83.0,0.7191568315029144
439,1.0,10.0,50.0,0.3,10000.0,104.0,0.745244155327479
440,1.0,10.0,50.0,0.5,0.0,82.0,0.7405325571695963
441,1.0,10.0,50.0,0.5,10.0,94.0,0.7651358942190806
442,1.0,10.0,50.0,0.5,100.0,92.0,0.7311772108078003
443,1.0,10.0,50.0,0.5,1000.0,78.0,0.7716344594955444
444,1.0,10.0,50.0,0.5,10000.0,79.0,0.8218568762143453
445,1.0,10.0,50.0,0.7,0.0,82.0,0.814741442600886
446,1.0,10.0,50.0,0.7,10.0,109.0,0.8397786021232605
447,1.0,10.0,50.0,0.7,100.0,90.0,0.7941355407238007
448,1.0,10.0,50.0,0.7,1000.0,76.0,0.872260848681132
449,1.0,10.0,50.0,0.7,10000.0,89.0,0.9150551458199819
450,2.0,10.0,5.0,0.3,0.0,82.0,0.798924962679545
451,2.0,10.0,5.0,0.3,10.0,64.0,0.825372984011968
452,2.0,10.0,5.0,0.3,100.0,129.0,0.7100119392077128
453,2.0,10.0,5.0,0.3,1000.0,155.0,0.7854170004526774
454,2.0,10.0,5.0,0.3,10000.0,95.0,0.7152163287003835
455,2.0,10.0,5.0,0.5,0.0,96.0,0.8579215109348297
456,2.0,10.0,5.0,0.5,10.0,72.0,0.9069539507230123
457,2.0,10.0,5.0,0.5,100.0,94.0,0.8307535350322723
458,2.0,10.0,5.0,0.5,1000.0,84.0,0.9470706383387247
459,2.0,10.0,5.0,0.5,10000.0,124.0,0.7826636532942454
460,2.0,10.0,5.0,0.7,0.0,101.0,1.0744299689928691
461,2.0,10.0,5.0,0.7,10.0,72.0,1.066445489724477
462,2.0,10.0,5.0,0.7,100.0,76.0,0.9834938049316406
463,2.0,10.0,5.0,0.7,1000.0,84.0,1.1603598992029827
464,2.0,10.0,5.0,0.7,10000.0,88.0,1.023487667242686
465,2.0,10.0,10.0,0.3,0.0,92.0,0.6683754871288935
466,2.0,10.0,10.0,0.3,10.0,52.0,0.7550877928733826
467,2.0,10.0,10.0,0.3,100.0,104.0,0.711960126956304
468,2.0,10.0,10.0,0.3,1000.0,72.0,0.6872915228207906
469,2.0,10.0,10.0,0.3,10000.0,62.0,0.7175805568695068
470,2.0,10.0,10.0,0.5,0.0,66.0,0.7561891376972198
471,2.0,10.0,10.0,0.5,10.0,94.0,0.7209939559300741
472,2.0,10.0,10.0,0.5,100.0,114.0,0.774075965086619
473,2.0,10.0,10.0,0.5,1000.0,88.0,0.7511305312315623
474,2.0,10.0,10.0,0.5,10000.0,90.0,0.7554776271184286
475,2.0,10.0,10.0,0.7,0.0,68.0,0.9528014759222666
476,2.0,10.0,10.0,0.7,10.0,94.0,0.8365674813588461
477,2.0,10.0,10.0,0.7,100.0,80.0,0.9051481982072195
478,2.0,10.0,10.0,0.7,1000.0,71.0,0.91444198290507
479,2.0,10.0,10.0,0.7,10000.0,92.0,0.9145277043183645
480,2.0,10.0,15.0,0.3,0.0,86.0,0.6924881935119629
481,2.0,10.0,15.0,0.3,10.0,75.0,0.6831894020239512
482,2.0,10.0,15.0,0.3,100.0,77.0,0.6819630662600199
483,2.0,10.0,15.0,0.3,1000.0,97.0,0.636908749739329
484,2.0,10.0,15.0,0.3,10000.0,79.0,0.6763345897197723
485,2.0,10.0,15.0,0.5,0.0,69.0,0.7406610945860544
486,2.0,10.0,15.0,0.5,10.0,64.0,0.7295046448707581
487,2.0,10.0,15.0,0.5,100.0,77.0,0.7260424693425497
488,2.0,10.0,15.0,0.5,1000.0,120.0,0.6864339907964071
489,2.0,10.0,15.0,0.5,10000.0,106.0,0.7105623682339987
490,2.0,10.0,15.0,0.7,0.0,69.0,0.9093327720959982
491,2.0,10.0,15.0,0.7,10.0,130.0,0.815600742896398
492,2.0,10.0,15.0,0.7,100.0,88.0,0.8631446659564972
493,2.0,10.0,15.0,0.7,1000.0,85.0,0.8506008783976237
494,2.0,10.0,15.0,0.7,10000.0,85.0,0.8354858954747518
495,2.0,10.0,20.0,0.3,0.0,123.0,0.6906101504961649
496,2.0,10.0,20.0,0.3,10.0,73.0,0.6867859115203222
497,2.0,10.0,20.0,0.3,100.0,86.0,0.6594054599603018
498,2.0,10.0,20.0,0.3,1000.0,101.0,0.6466549237569174
499,2.0,10.0,20.0,0.3,10000.0,87.0,0.659646118680636
500,2.0,10.0,20.0,0.5,0.0,57.0,0.7865639130274454
501,2.0,10.0,20.0,0.5,10.0,93.0,0.6966401636600494
502,2.0,10.0,20.0,0.5,100.0,86.0,0.6994026899337769
503,2.0,10.0,20.0,0.5,1000.0,103.0,0.6945861081282297
504,2.0,10.0,20.0,0.5,10000.0,68.0,0.7131127119064331
505,2.0,10.0,20.0,0.7,0.0,75.0,0.8229941328366598
506,2.0,10.0,20.0,0.7,10.0,64.0,0.8211660285790762
507,2.0,10.0,20.0,0.7,100.0,59.0,0.8121514618396759
508,2.0,10.0,20.0,0.7,1000.0,72.0,0.8226343592007955
509,2.0,10.0,20.0,0.7,10000.0,56.0,0.8159239888191223
510,2.0,10.0,25.0,0.3,0.0,78.0,0.6756468216578165
511,2.0,10.0,25.0,0.3,10.0,138.0,0.6429508576790491
512,2.0,10.0,25.0,0.3,100.0,116.0,0.6818848550319672
513,2.0,10.0,25.0,0.3,1000.0,129.0,0.6587903698285421
514,2.0,10.0,25.0,0.3,10000.0,80.0,0.687249501546224
515,2.0,10.0,25.0,0.5,0.0,69.0,0.7272213697433472
516,2.0,10.0,25.0,0.5,10.0,88.0,0.671029269695282
517,2.0,10.0,25.0,0.5,100.0,77.0,0.7305317521095276
518,2.0,10.0,25.0,0.5,1000.0,84.0,0.6954763829708099
519,2.0,10.0,25.0,0.5,10000.0,70.0,0.743609219789505
520,2.0,10.0,25.0,0.7,0.0,105.0,0.8021773000558218
521,2.0,10.0,25.0,0.7,10.0,74.0,0.8166235784689585
522,2.0,10.0,25.0,0.7,100.0,73.0,0.8310733437538147
523,2.0,10.0,25.0,0.7,1000.0,63.0,0.8089287678400675
524,2.0,10.0,25.0,0.7,10000.0,58.0,0.8574841717878977
525,2.0,10.0,30.0,0.3,0.0,67.0,0.657363623380661
526,2.0,10.0,30.0,0.3,10.0,52.0,0.7277708649635315
527,2.0,10.0,30.0,0.3,100.0,99.0,0.6705915530522665
528,2.0,10.0,30.0,0.3,1000.0,118.0,0.653605118393898
529,2.0,10.0,30.0,0.3,10000.0,78.0,0.676012267669042
530,2.0,10.0,30.0,0.5,0.0,69.0,0.6738402346769968
531,2.0,10.0,30.0,0.5,10.0,58.0,0.7821203172206879
532,2.0,10.0,30.0,0.5,100.0,87.0,0.6789600749810537
533,2.0,10.0,30.0,0.5,1000.0,65.0,0.6968225340048472
534,2.0,10.0,30.0,0.5,10000.0,114.0,0.7078717748324076
535,2.0,10.0,30.0,0.7,0.0,98.0,0.7442970871925354
536,2.0,10.0,30.0,0.7,10.0,86.0,0.841325451930364
537,2.0,10.0,30.0,0.7,100.0,88.0,0.7498497466246287
538,2.0,10.0,30.0,0.7,1000.0,60.0,0.7923537194728851
539,2.0,10.0,30.0,0.7,10000.0,86.0,0.7842440704504648
540,2.0,10.0,35.0,0.3,0.0,76.0,0.6673278411229452
541,2.0,10.0,35.0,0.3,10.0,79.0,0.6707633435726166
542,2.0,10.0,35.0,0.3,100.0,106.0,0.6489857931931814
543,2.0,10.0,35.0,0.3,1000.0,123.0,0.6390119194984436
544,2.0,10.0,35.0,0.3,10000.0,73.0,0.6679930587609609
545,2.0,10.0,35.0,0.5,0.0,69.0,0.741054524978002
546,2.0,10.0,35.0,0.5,10.0,70.0,0.7316775321960449
547,2.0,10.0,35.0,0.5,100.0,96.0,0.7077820797761282
548,2.0,10.0,35.0,0.5,1000.0,85.0,0.6893984973430634
549,2.0,10.0,35.0,0.5,10000.0,65.0,0.6994346380233765
550,2.0,10.0,35.0,0.7,0.0,69.0,0.7785744269688925
551,2.0,10.0,35.0,0.7,10.0,62.0,0.8433822393417358
552,2.0,10.0,35.0,0.7,100.0,52.0,0.8464969297250112
553,2.0,10.0,35.0,0.7,1000.0,83.0,0.759127159913381
554,2.0,10.0,35.0,0.7,10000.0,78.0,0.7848090628782908
555,2.0,10.0,40.0,0.3,0.0,86.0,0.6510290006796519
556,2.0,10.0,40.0,0.3,10.0,58.0,0.6920113364855448
557,2.0,10.0,40.0,0.3,100.0,59.0,0.6913160582383474
558,2.0,10.0,40.0,0.3,1000.0,125.0,0.6698951870203018
559,2.0,10.0,40.0,0.3,10000.0,78.0,0.662325918674469
560,2.0,10.0,40.0,0.5,0.0,69.0,0.7124168376127878
561,2.0,10.0,40.0,0.5,10.0,71.0,0.7311473588148752
562,2.0,10.0,40.0,0.5,100.0,61.0,0.7336952288945516
563,2.0,10.0,40.0,0.5,1000.0,101.0,0.7054522633552551
564,2.0,10.0,40.0,0.5,10000.0,82.0,0.6804934243361155
565,2.0,10.0,40.0,0.7,0.0,74.0,0.8168650468190511
566,2.0,10.0,40.0,0.7,10.0,60.0,0.8498670856157938
567,2.0,10.0,40.0,0.7,100.0,62.0,0.7962296903133392
568,2.0,10.0,40.0,0.7,1000.0,61.0,0.8419335683186849
569,2.0,10.0,40.0,0.7,10000.0,49.0,0.8516950309276581
570,2.0,10.0,45.0,0.3,0.0,78.0,0.6689671377340952
571,2.0,10.0,45.0,0.3,10.0,66.0,0.6794701516628265
572,2.0,10.0,45.0,0.3,100.0,97.0,0.6625358561674753
573,2.0,10.0,45.0,0.3,1000.0,65.0,0.6374531884988149
574,2.0,10.0,45.0,0.3,10000.0,92.0,0.6732083261013031
575,2.0,10.0,45.0,0.5,0.0,69.0,0.7121838430563608
576,2.0,10.0,45.0,0.5,10.0,74.0,0.7234828372796377
577,2.0,10.0,45.0,0.5,100.0,89.0,0.7072987457116445
578,2.0,10.0,45.0,0.5,1000.0,61.0,0.6714023947715759
579,2.0,10.0,45.0,0.5,10000.0,99.0,0.7029299139976501
580,2.0,10.0,45.0,0.7,0.0,56.0,0.809860348701477
581,2.0,10.0,45.0,0.7,10.0,94.0,0.8602296411991119
582,2.0,10.0,45.0,0.7,100.0,67.0,0.8403553863366445
583,2.0,10.0,45.0,0.7,1000.0,73.0,0.7470517555872599
584,2.0,10.0,45.0,0.7,10000.0,89.0,0.7849422792593638
585,2.0,10.0,50.0,0.3,0.0,82.0,0.6675051351388296
586,2.0,10.0,50.0,0.3,10.0,85.0,0.6916656891504923
587,2.0,10.0,50.0,0.3,100.0,86.0,0.6689637998739878
588,2.0,10.0,50.0,0.3,1000.0,81.0,0.6377212305863699
589,2.0,10.0,50.0,0.3,10000.0,76.0,0.7023560106754303
590,2.0,10.0,50.0,0.5,0.0,77.0,0.6887649993101755
591,2.0,10.0,50.0,0.5,10.0,74.0,0.7413232127825419
592,2.0,10.0,50.0,0.5,100.0,73.0,0.7157842914263407
593,2.0,10.0,50.0,0.5,1000.0,74.0,0.6756554543972015
594,2.0,10.0,50.0,0.5,10000.0,91.0,0.7416214545567831
595,2.0,10.0,50.0,0.7,0.0,86.0,0.8477048178513845
596,2.0,10.0,50.0,0.7,10.0,60.0,0.9164816240469614
597,2.0,10.0,50.0,0.7,100.0,66.0,0.8099701503912607
598,2.0,10.0,50.0,0.7,1000.0,79.0,0.7525252302487692
599,2.0,10.0,50.0,0.7,10000.0,91.0,0.810976246992747
600,1.0,15.0,5.0,0.3,0.0,83.0,0.7711126804351807
601,1.0,15.0,5.0,0.3,10.0,83.0,0.7612020671367645
602,1.0,15.0,5.0,0.3,100.0,68.0,0.7763891915480295
603,1.0,15.0,5.0,0.3,1000.0,58.0,0.7703595360120138
604,1.0,15.0,5.0,0.3,10000.0,82.0,0.7745000322659811
605,1.0,15.0,5.0,0.5,0.0,132.0,0.8316391209761301
606,1.0,15.0,5.0,0.5,10.0,49.0,0.8632620970408121
607,1.0,15.0,5.0,0.5,100.0,66.0,0.8877891798814138
608,1.0,15.0,5.0,0.5,1000.0,51.0,0.872364322344462
609,1.0,15.0,5.0,0.5,10000.0,82.0,0.8747080167134603
610,1.0,15.0,5.0,0.7,0.0,72.0,1.0253715515136719
611,1.0,15.0,5.0,0.7,10.0,52.0,1.0402344465255737
612,1.0,15.0,5.0,0.7,100.0,53.0,1.10402250289917
613,1.0,15.0,5.0,0.7,1000.0,97.0,0.9943351745605469
614,1.0,15.0,5.0,0.7,10000.0,91.0,1.0616054733594258
615,1.0,15.0,10.0,0.3,0.0,74.0,0.7236820856730143
616,1.0,15.0,10.0,0.3,10.0,64.0,0.7607885102430979
617,1.0,15.0,10.0,0.3,100.0,74.0,0.7220540543397268
618,1.0,15.0,10.0,0.3,1000.0,61.0,0.7221888502438863
619,1.0,15.0,10.0,0.3,10000.0,54.0,0.7538784742355347
620,1.0,15.0,10.0,0.5,0.0,65.0,0.7823024690151215
621,1.0,15.0,10.0,0.5,10.0,90.0,0.8183998763561249
622,1.0,15.0,10.0,0.5,100.0,92.0,0.7630675137042999
623,1.0,15.0,10.0,0.5,1000.0,57.0,0.7733528812726339
624,1.0,15.0,10.0,0.5,10000.0,74.0,0.783348004023234
625,1.0,15.0,10.0,0.7,0.0,67.0,0.898723324139913
626,1.0,15.0,10.0,0.7,10.0,88.0,0.9646614591280619
627,1.0,15.0,10.0,0.7,100.0,92.0,0.9000685811042786
628,1.0,15.0,10.0,0.7,1000.0,58.0,0.9088186124960581
629,1.0,15.0,10.0,0.7,10000.0,89.0,0.8865196406841278
630,1.0,15.0,15.0,0.3,0.0,78.0,0.7039977709452311
631,1.0,15.0,15.0,0.3,10.0,64.0,0.7391231854756674
632,1.0,15.0,15.0,0.3,100.0,62.0,0.7241942485173544
633,1.0,15.0,15.0,0.3,1000.0,56.0,0.7442162136236826
634,1.0,15.0,15.0,0.3,10000.0,69.0,0.7452329397201538
635,1.0,15.0,15.0,0.5,0.0,85.0,0.748001495997111
636,1.0,15.0,15.0,0.5,10.0,62.0,0.7614213526248932
637,1.0,15.0,15.0,0.5,100.0,78.0,0.7480593224366506
638,1.0,15.0,15.0,0.5,1000.0,56.0,0.7763265669345856
639,1.0,15.0,15.0,0.5,10000.0,75.0,0.7652104298273722
640,1.0,15.0,15.0,0.7,0.0,98.0,0.8174527585506439
641,1.0,15.0,15.0,0.7,10.0,61.0,0.8677781025568644
642,1.0,15.0,15.0,0.7,100.0,78.0,0.8780709306399027
643,1.0,15.0,15.0,0.7,1000.0,63.0,0.8773605724175771
644,1.0,15.0,15.0,0.7,10000.0,55.0,0.8928755819797516
645,1.0,15.0,20.0,0.3,0.0,145.0,0.7302566170692444
646,1.0,15.0,20.0,0.3,10.0,78.0,0.7209279437859853
647,1.0,15.0,20.0,0.3,100.0,76.0,0.7099761913220087
648,1.0,15.0,20.0,0.3,1000.0,89.0,0.728560874859492
649,1.0,15.0,20.0,0.3,10000.0,64.0,0.7229612469673157
650,1.0,15.0,20.0,0.5,0.0,108.0,0.7436690231164297
651,1.0,15.0,20.0,0.5,10.0,122.0,0.7592435777187347
652,1.0,15.0,20.0,0.5,100.0,78.0,0.7263226807117462
653,1.0,15.0,20.0,0.5,1000.0,63.0,0.7790867189566294
654,1.0,15.0,20.0,0.5,10000.0,87.0,0.7511251668135325
655,1.0,15.0,20.0,0.7,0.0,77.0,0.87545778354009
656,1.0,15.0,20.0,0.7,10.0,105.0,0.8398620088895162
657,1.0,15.0,20.0,0.7,100.0,82.0,0.8183308641115824
658,1.0,15.0,20.0,0.7,1000.0,122.0,0.8511967460314432
659,1.0,15.0,20.0,0.7,10000.0,86.0,0.8264514207839966
660,1.0,15.0,25.0,0.3,0.0,82.0,0.7388821939627329
661,1.0,15.0,25.0,0.3,10.0,78.0,0.7177547812461853
662,1.0,15.0,25.0,0.3,100.0,58.0,0.7060803274313608
663,1.0,15.0,25.0,0.3,1000.0,64.0,0.7024827798207601
664,1.0,15.0,25.0,0.3,10000.0,64.0,0.7263325254122416
665,1.0,15.0,25.0,0.5,0.0,62.0,0.7727949221928915
666,1.0,15.0,25.0,0.5,10.0,96.0,0.7436964313189188
667,1.0,15.0,25.0,0.5,100.0,70.0,0.7503539621829987
668,1.0,15.0,25.0,0.5,1000.0,68.0,0.7199888527393341
669,1.0,15.0,25.0,0.5,10000.0,97.0,0.7324940462907156
670,1.0,15.0,25.0,0.7,0.0,100.0,0.8209975858529409
671,1.0,15.0,25.0,0.7,10.0,85.0,0.8192817866802216
672,1.0,15.0,25.0,0.7,100.0,73.0,0.8234679102897644
673,1.0,15.0,25.0,0.7,1000.0,68.0,0.784094363451004
674,1.0,15.0,25.0,0.7,10000.0,95.0,0.8077532351016998
675,1.0,15.0,30.0,0.3,0.0,63.0,0.7148038744926453
676,1.0,15.0,30.0,0.3,10.0,84.0,0.7152067224184672
677,1.0,15.0,30.0,0.3,100.0,58.0,0.7160815596580505
678,1.0,15.0,30.0,0.3,1000.0,70.0,0.748978058497111
679,1.0,15.0,30.0,0.3,10000.0,69.0,0.7331695258617401
680,1.0,15.0,30.0,0.5,0.0,72.0,0.735381692647934
681,1.0,15.0,30.0,0.5,10.0,83.0,0.7517031133174896
682,1.0,15.0,30.0,0.5,100.0,55.0,0.7513954142729441
683,1.0,15.0,30.0,0.5,1000.0,82.0,0.7392719189325968
684,1.0,15.0,30.0,0.5,10000.0,82.0,0.7346474230289459
685,1.0,15.0,30.0,0.7,0.0,130.0,0.7905586262543997
686,1.0,15.0,30.0,0.7,10.0,94.0,0.8181808392206827
687,1.0,15.0,30.0,0.7,100.0,96.0,0.8322731554508209
688,1.0,15.0,30.0,0.7,1000.0,84.0,0.8167155583699545
689,1.0,15.0,30.0,0.7,10000.0,75.0,0.7994962135950724
690,1.0,15.0,35.0,0.3,0.0,70.0,0.6887365877628326
691,1.0,15.0,35.0,0.3,10.0,78.0,0.7366416056950887
692,1.0,15.0,35.0,0.3,100.0,48.0,0.717526783545812
693,1.0,15.0,35.0,0.3,1000.0,66.0,0.731256107489268
694,1.0,15.0,35.0,0.3,10000.0,69.0,0.732981542746226
695,1.0,15.0,35.0,0.5,0.0,53.0,0.7416142523288727
696,1.0,15.0,35.0,0.5,10.0,81.0,0.7598169445991516
697,1.0,15.0,35.0,0.5,100.0,74.0,0.7406134208043417
698,1.0,15.0,35.0,0.5,1000.0,88.0,0.7326079607009888
699,1.0,15.0,35.0,0.5,10000.0,83.0,0.7517781754334768
700,1.0,15.0,35.0,0.7,0.0,57.0,0.8234487970670065
701,1.0,15.0,35.0,0.7,10.0,83.0,0.818750818570455
702,1.0,15.0,35.0,0.7,100.0,64.0,0.8146946032842001
703,1.0,15.0,35.0,0.7,1000.0,75.0,0.8183379471302032
704,1.0,15.0,35.0,0.7,10000.0,85.0,0.7985051870346069
705,1.0,15.0,40.0,0.3,0.0,104.0,0.6952665249506632
706,1.0,15.0,40.0,0.3,10.0,66.0,0.7196982900301615
707,1.0,15.0,40.0,0.3,100.0,76.0,0.696251630783081
708,1.0,15.0,40.0,0.3,1000.0,57.0,0.7156682312488556
709,1.0,15.0,40.0,0.3,10000.0,86.0,0.7428990304470062
710,1.0,15.0,40.0,0.5,0.0,102.0,0.7134120364983877
711,1.0,15.0,40.0,0.5,10.0,67.0,0.7434616088867188
712,1.0,15.0,40.0,0.5,100.0,90.0,0.7224496106306711
713,1.0,15.0,40.0,0.5,1000.0,56.0,0.7367018163204193
714,1.0,15.0,40.0,0.5,10000.0,20.0,0.8714966277281443
715,1.0,15.0,40.0,0.7,0.0,76.0,0.8100093503793081
716,1.0,15.0,40.0,0.7,10.0,85.0,0.8381537695725759
717,1.0,15.0,40.0,0.7,100.0,92.0,0.77126877506574
718,1.0,15.0,40.0,0.7,1000.0,70.0,0.7915314038594564
719,1.0,15.0,40.0,0.7,10000.0,58.0,0.8286096751689911
720,1.0,15.0,45.0,0.3,0.0,52.0,0.7387715776761373
721,1.0,15.0,45.0,0.3,10.0,77.0,0.7251348793506622
722,1.0,15.0,45.0,0.3,100.0,54.0,0.695777157942454
723,1.0,15.0,45.0,0.3,1000.0,68.0,0.7062970101833344
724,1.0,15.0,45.0,0.3,10000.0,67.0,0.7177341977755228
725,1.0,15.0,45.0,0.5,0.0,59.0,0.7600061893463135
726,1.0,15.0,45.0,0.5,10.0,71.0,0.7601246138413748
727,1.0,15.0,45.0,0.5,100.0,66.0,0.7151316603024801
728,1.0,15.0,45.0,0.5,1000.0,101.0,0.7096950908501943
729,1.0,15.0,45.0,0.5,10000.0,77.0,0.74478746453921
730,1.0,15.0,45.0,0.7,0.0,67.0,0.8068848252296448
731,1.0,15.0,45.0,0.7,10.0,79.0,0.8274259169896444
732,1.0,15.0,45.0,0.7,100.0,80.0,0.7727370659510294
733,1.0,15.0,45.0,0.7,1000.0,110.0,0.7743026912212372
734,1.0,15.0,45.0,0.7,10000.0,75.0,0.793685774008433
735,1.0,15.0,50.0,0.3,0.0,94.0,0.7012788554032644
736,1.0,15.0,50.0,0.3,10.0,70.0,0.7161776026089987
737,1.0,15.0,50.0,0.3,100.0,48.0,0.7330906490484873
738,1.0,15.0,50.0,0.3,1000.0,67.0,0.7079717516899109
739,1.0,15.0,50.0,0.3,10000.0,98.0,0.7129442046085993
740,1.0,15.0,50.0,0.5,0.0,96.0,0.7108149429162344
741,1.0,15.0,50.0,0.5,10.0,76.0,0.7287830213705698
742,1.0,15.0,50.0,0.5,100.0,48.0,0.7862942715485891
743,1.0,15.0,50.0,0.5,1000.0,57.0,0.733581026395162
744,1.0,15.0,50.0,0.5,10000.0,95.0,0.7254676818847656
745,1.0,15.0,50.0,0.7,0.0,58.0,0.8580608069896698
746,1.0,15.0,50.0,0.7,10.0,99.0,0.7605811059474945
747,1.0,15.0,50.0,0.7,100.0,52.0,0.8729945520559946
748,1.0,15.0,50.0,0.7,1000.0,76.0,0.8502947688102722
749,1.0,15.0,50.0,0.7,10000.0,86.0,0.7593390941619873
750,2.0,15.0,5.0,0.3,0.0,48.0,0.7494231561819712
751,2.0,15.0,5.0,0.3,10.0,88.0,0.7460081378618876
752,2.0,15.0,5.0,0.3,100.0,75.0,0.7567987442016602
753,2.0,15.0,5.0,0.3,1000.0,77.0,0.78840238849322
754,2.0,15.0,5.0,0.3,10000.0,47.0,0.7407199144363403
755,2.0,15.0,5.0,0.5,0.0,52.0,0.8614446520805359
756,2.0,15.0,5.0,0.5,10.0,63.0,0.863755871852239
757,2.0,15.0,5.0,0.5,100.0,84.0,0.7993647456169128
758,2.0,15.0,5.0,0.5,1000.0,73.0,0.8499463895956675
759,2.0,15.0,5.0,0.5,10000.0,73.0,0.7967052062352499
760,2.0,15.0,5.0,0.7,0.0,63.0,1.0184394319852192
761,2.0,15.0,5.0,0.7,10.0,60.0,1.0521844228108723
762,2.0,15.0,5.0,0.7,100.0,72.0,1.0179170668125153
763,2.0,15.0,5.0,0.7,1000.0,105.0,1.1193118691444397
764,2.0,15.0,5.0,0.7,10000.0,71.0,0.9839619894822439
765,2.0,15.0,10.0,0.3,0.0,53.0,0.6712164779504141
766,2.0,15.0,10.0,0.3,10.0,92.0,0.7106287876764933
767,2.0,15.0,10.0,0.3,100.0,90.0,0.6452972292900085
768,2.0,15.0,10.0,0.3,1000.0,93.0,0.6849037110805511
769,2.0,15.0,10.0,0.3,10000.0,84.0,0.6920310457547506
770,2.0,15.0,10.0,0.5,0.0,59.0,0.7207563916842142
771,2.0,15.0,10.0,0.5,10.0,85.0,0.7701751490434011
772,2.0,15.0,10.0,0.5,100.0,65.0,0.7370778421560923
773,2.0,15.0,10.0,0.5,1000.0,89.0,0.7290663421154022
774,2.0,15.0,10.0,0.5,10000.0,86.0,0.7478789190451304
775,2.0,15.0,10.0,0.7,0.0,65.0,0.8758680125077566
776,2.0,15.0,10.0,0.7,10.0,73.0,0.8797534505526224
777,2.0,15.0,10.0,0.7,100.0,66.0,0.8453147610028585
778,2.0,15.0,10.0,0.7,1000.0,63.0,0.9321088393529257
779,2.0,15.0,10.0,0.7,10000.0,73.0,0.8690100908279419
780,2.0,15.0,15.0,0.3,0.0,62.0,0.6779455741246542
781,2.0,15.0,15.0,0.3,10.0,76.0,0.6813752353191376
782,2.0,15.0,15.0,0.3,100.0,75.0,0.6769300500551859
783,2.0,15.0,15.0,0.3,1000.0,76.0,0.6649203399817148
784,2.0,15.0,15.0,0.3,10000.0,68.0,0.676028827826182
785,2.0,15.0,15.0,0.5,0.0,69.0,0.6993565360705057
786,2.0,15.0,15.0,0.5,10.0,79.0,0.7287617524464926
787,2.0,15.0,15.0,0.5,100.0,66.0,0.7039497892061869
788,2.0,15.0,15.0,0.5,1000.0,82.0,0.6909139553705851
789,2.0,15.0,15.0,0.5,10000.0,82.0,0.7123819490273794
790,2.0,15.0,15.0,0.7,0.0,60.0,0.8002932965755463
791,2.0,15.0,15.0,0.7,10.0,65.0,0.8187372585137686
792,2.0,15.0,15.0,0.7,100.0,74.0,0.816177765528361
793,2.0,15.0,15.0,0.7,1000.0,67.0,0.7661025822162628
794,2.0,15.0,15.0,0.7,10000.0,75.0,0.7972067793210348
795,2.0,15.0,20.0,0.3,0.0,65.0,0.6691994071006775
796,2.0,15.0,20.0,0.3,10.0,60.0,0.6756029427051544
797,2.0,15.0,20.0,0.3,100.0,89.0,0.7025372286637624
798,2.0,15.0,20.0,0.3,1000.0,59.0,0.679158995548884
799,2.0,15.0,20.0,0.3,10000.0,50.0,0.6725305120150248
800,2.0,15.0,20.0,0.5,0.0,77.0,0.6838178336620331
801,2.0,15.0,20.0,0.5,10.0,51.0,0.7177801032861074
802,2.0,15.0,20.0,0.5,100.0,69.0,0.7000660200913748
803,2.0,15.0,20.0,0.5,1000.0,71.0,0.6918783088525137
804,2.0,15.0,20.0,0.5,10000.0,60.0,0.7133334378401438
805,2.0,15.0,20.0,0.7,0.0,65.0,0.8049050172170004
806,2.0,15.0,20.0,0.7,10.0,94.0,0.7771947085857391
807,2.0,15.0,20.0,0.7,100.0,74.0,0.7655227780342102
808,2.0,15.0,20.0,0.7,1000.0,94.0,0.7560974260171255
809,2.0,15.0,20.0,0.7,10000.0,65.0,0.7686653931935629
810,2.0,15.0,25.0,0.3,0.0,72.0,0.6596267322699229
811,2.0,15.0,25.0,0.3,10.0,67.0,0.6728914976119995
812,2.0,15.0,25.0,0.3,100.0,74.0,0.6696724444627762
813,2.0,15.0,25.0,0.3,1000.0,64.0,0.6633711457252502
814,2.0,15.0,25.0,0.3,10000.0,68.0,0.6689654986063639
815,2.0,15.0,25.0,0.5,0.0,84.0,0.6765893995761871
816,2.0,15.0,25.0,0.5,10.0,57.0,0.7052736878395081
817,2.0,15.0,25.0,0.5,100.0,56.0,0.6976685523986816
818,2.0,15.0,25.0,0.5,1000.0,81.0,0.6860069533189138
819,2.0,15.0,25.0,0.5,10000.0,77.0,0.6963016390800476
820,2.0,15.0,25.0,0.7,0.0,100.0,0.7255621155103048
821,2.0,15.0,25.0,0.7,10.0,53.0,0.7915275692939758
822,2.0,15.0,25.0,0.7,100.0,61.0,0.7541783054669698
823,2.0,15.0,25.0,0.7,1000.0,94.0,0.7344465553760529
824,2.0,15.0,25.0,0.7,10000.0,82.0,0.7749978999296824
825,2.0,15.0,30.0,0.3,0.0,68.0,0.6603385806083679
826,2.0,15.0,30.0,0.3,10.0,63.0,0.6783623198668162
827,2.0,15.0,30.0,0.3,100.0,51.0,0.6683076620101929
828,2.0,15.0,30.0,0.3,1000.0,54.0,0.6558506389458975
829,2.0,15.0,30.0,0.3,10000.0,64.0,0.6603983740011851
830,2.0,15.0,30.0,0.5,0.0,65.0,0.6850255529085795
831,2.0,15.0,30.0,0.5,10.0,62.0,0.7050671279430389
832,2.0,15.0,30.0,0.5,100.0,50.0,0.6891739964485168
833,2.0,15.0,30.0,0.5,1000.0,69.0,0.686974823474884
834,2.0,15.0,30.0,0.5,10000.0,75.0,0.6700153847535452
835,2.0,15.0,30.0,0.7,0.0,86.0,0.7208078404267629
836,2.0,15.0,30.0,0.7,10.0,94.0,0.7709910174210867
837,2.0,15.0,30.0,0.7,100.0,66.0,0.743583063284556
838,2.0,15.0,30.0,0.7,1000.0,61.0,0.7547906239827474
839,2.0,15.0,30.0,0.7,10000.0,75.0,0.7291183769702911
840,2.0,15.0,35.0,0.3,0.0,71.0,0.6527578234672546
841,2.0,15.0,35.0,0.3,10.0,50.0,0.6667784154415131
842,2.0,15.0,35.0,0.3,100.0,56.0,0.6740229825178782
843,2.0,15.0,35.0,0.3,1000.0,65.0,0.6589342852433523
844,2.0,15.0,35.0,0.3,10000.0,60.0,0.6850912074247996
845,2.0,15.0,35.0,0.5,0.0,70.0,0.6610193649927775
846,2.0,15.0,35.0,0.5,10.0,60.0,0.6820679008960724
847,2.0,15.0,35.0,0.5,100.0,59.0,0.6957873503367106
848,2.0,15.0,35.0,0.5,1000.0,63.0,0.6795552968978882
849,2.0,15.0,35.0,0.5,10000.0,82.0,0.7016831934452057
850,2.0,15.0,35.0,0.7,0.0,96.0,0.7280545135339102
851,2.0,15.0,35.0,0.7,10.0,62.0,0.7441978454589844
852,2.0,15.0,35.0,0.7,100.0,74.0,0.7383831640084585
853,2.0,15.0,35.0,0.7,1000.0,97.0,0.7434875468413035
854,2.0,15.0,35.0,0.7,10000.0,83.0,0.7396134336789449
855,2.0,15.0,40.0,0.3,0.0,86.0,0.6357911129792532
856,2.0,15.0,40.0,0.3,10.0,57.0,0.6676083852847418
857,2.0,15.0,40.0,0.3,100.0,50.0,0.6766275862852732
858,2.0,15.0,40.0,0.3,1000.0,66.0,0.6573635836442312
859,2.0,15.0,40.0,0.3,10000.0,67.0,0.6703447798887888
860,2.0,15.0,40.0,0.5,0.0,86.0,0.6472415626049042
861,2.0,15.0,40.0,0.5,10.0,60.0,0.7165786325931549
862,2.0,15.0,40.0,0.5,100.0,54.0,0.7041918635368347
863,2.0,15.0,40.0,0.5,1000.0,90.0,0.6706161598364512
864,2.0,15.0,40.0,0.5,10000.0,54.0,0.694828728834788
865,2.0,15.0,40.0,0.7,0.0,60.0,0.7384606500466665
866,2.0,15.0,40.0,0.7,10.0,64.0,0.7370420296986898
867,2.0,15.0,40.0,0.7,100.0,66.0,0.72486479083697
868,2.0,15.0,40.0,0.7,1000.0,70.0,0.726085384686788
869,2.0,15.0,40.0,0.7,10000.0,86.0,0.7161930700143179
870,2.0,15.0,45.0,0.3,0.0,57.0,0.651675264040629
871,2.0,15.0,45.0,0.3,10.0,53.0,0.681184301773707
872,2.0,15.0,45.0,0.3,100.0,48.0,0.6695777177810669
873,2.0,15.0,45.0,0.3,1000.0,56.0,0.6566539903481802
874,2.0,15.0,45.0,0.3,10000.0,83.0,0.6600713431835175
875,2.0,15.0,45.0,0.5,0.0,70.0,0.6584818065166473
876,2.0,15.0,45.0,0.5,10.0,83.0,0.7062628070513407
877,2.0,15.0,45.0,0.5,100.0,56.0,0.6837039887905121
878,2.0,15.0,45.0,0.5,1000.0,56.0,0.6704628070195516
879,2.0,15.0,45.0,0.5,10000.0,73.0,0.6914923787117004
880,2.0,15.0,45.0,0.7,0.0,67.0,0.7207891444365183
881,2.0,15.0,45.0,0.7,10.0,59.0,0.7671008308728536
882,2.0,15.0,45.0,0.7,100.0,66.0,0.7514001826445261
883,2.0,15.0,45.0,0.7,1000.0,101.0,0.7283559441566467
884,2.0,15.0,45.0,0.7,10000.0,81.0,0.7309654355049133
885,2.0,15.0,50.0,0.3,0.0,80.0,0.6388013909260432
886,2.0,15.0,50.0,0.3,10.0,44.0,0.6729515393575033
887,2.0,15.0,50.0,0.3,100.0,74.0,0.6614271700382233
888,2.0,15.0,50.0,0.3,1000.0,70.0,0.6595403750737509
889,2.0,15.0,50.0,0.3,10000.0,71.0,0.6670279105504354
890,2.0,15.0,50.0,0.5,0.0,80.0,0.654056986172994
891,2.0,15.0,50.0,0.5,10.0,57.0,0.7010821302731832
892,2.0,15.0,50.0,0.5,100.0,84.0,0.6669582029183706
893,2.0,15.0,50.0,0.5,1000.0,56.0,0.6781023542086283
894,2.0,15.0,50.0,0.5,10000.0,74.0,0.723742832740148
895,2.0,15.0,50.0,0.7,0.0,67.0,0.7234544058640798
896,2.0,15.0,50.0,0.7,10.0,60.0,0.7602758804957072
897,2.0,15.0,50.0,0.7,100.0,66.0,0.7172740896542867
898,2.0,15.0,50.0,0.7,1000.0,56.0,0.7187043229738871
899,2.0,15.0,50.0,0.7,10000.0,65.0,0.7304955025513967
900,1.0,20.0,5.0,0.3,0.0,64.0,0.7453702787558237
901,1.0,20.0,5.0,0.3,10.0,74.0,0.7432677646478018
902,1.0,20.0,5.0,0.3,100.0,54.0,0.7653687298297882
903,1.0,20.0,5.0,0.3,1000.0,95.0,0.7397322456041971
904,1.0,20.0,5.0,0.3,10000.0,99.0,0.7615515391031901
905,1.0,20.0,5.0,0.5,0.0,72.0,0.8065591851870219
906,1.0,20.0,5.0,0.5,10.0,83.0,0.830450971921285
907,1.0,20.0,5.0,0.5,100.0,106.0,0.8443797926108042
908,1.0,20.0,5.0,0.5,1000.0,60.0,0.8435887893040975
909,1.0,20.0,5.0,0.5,10000.0,68.0,0.8707310954729716
910,1.0,20.0,5.0,0.7,0.0,53.0,0.997823586066564
911,1.0,20.0,5.0,0.7,10.0,57.0,1.0438905755678813
912,1.0,20.0,5.0,0.7,100.0,54.0,1.0557793974876404
913,1.0,20.0,5.0,0.7,1000.0,71.0,1.0126308401425679
914,1.0,20.0,5.0,0.7,10000.0,83.0,1.0359521011511486
915,1.0,20.0,10.0,0.3,0.0,59.0,0.6990655064582825
916,1.0,20.0,10.0,0.3,10.0,49.0,0.7459898491700491
917,1.0,20.0,10.0,0.3,100.0,78.0,0.7224777638912201
918,1.0,20.0,10.0,0.3,1000.0,55.0,0.7322451770305634
919,1.0,20.0,10.0,0.3,10000.0,80.0,0.730883926153183
920,1.0,20.0,10.0,0.5,0.0,67.0,0.7507513165473938
921,1.0,20.0,10.0,0.5,10.0,72.0,0.7856013774871826
922,1.0,20.0,10.0,0.5,100.0,56.0,0.7811908225218455
923,1.0,20.0,10.0,0.5,1000.0,61.0,0.7636094093322754
924,1.0,20.0,10.0,0.5,10000.0,54.0,0.782327006260554
925,1.0,20.0,10.0,0.7,0.0,64.0,0.87627641359965
926,1.0,20.0,10.0,0.7,10.0,70.0,0.940329929192861
927,1.0,20.0,10.0,0.7,100.0,73.0,0.8926080167293549
928,1.0,20.0,10.0,0.7,1000.0,36.0,0.9294770856698354
929,1.0,20.0,10.0,0.7,10000.0,72.0,0.8944085439046224
930,1.0,20.0,15.0,0.3,0.0,65.0,0.7161094943682352
931,1.0,20.0,15.0,0.3,10.0,65.0,0.7312837541103363
932,1.0,20.0,15.0,0.3,100.0,78.0,0.7017824749151865
933,1.0,20.0,15.0,0.3,1000.0,80.0,0.6872264246145884
934,1.0,20.0,15.0,0.3,10000.0,68.0,0.7222065627574921
935,1.0,20.0,15.0,0.5,0.0,65.0,0.744681050380071
936,1.0,20.0,15.0,0.5,10.0,72.0,0.7617643972237905
937,1.0,20.0,15.0,0.5,100.0,79.0,0.7459103465080261
938,1.0,20.0,15.0,0.5,1000.0,61.0,0.7295354207356771
939,1.0,20.0,15.0,0.5,10000.0,99.0,0.7482859889666239
940,1.0,20.0,15.0,0.7,0.0,58.0,0.861408402522405
941,1.0,20.0,15.0,0.7,10.0,58.0,0.8707405030727386
942,1.0,20.0,15.0,0.7,100.0,50.0,0.8525860905647278
943,1.0,20.0,15.0,0.7,1000.0,61.0,0.8289633393287659
944,1.0,20.0,15.0,0.7,10000.0,100.0,0.8387816250324249
945,1.0,20.0,20.0,0.3,0.0,50.0,0.7086332738399506
946,1.0,20.0,20.0,0.3,10.0,73.0,0.7057213683923086
947,1.0,20.0,20.0,0.3,100.0,74.0,0.687476227680842
948,1.0,20.0,20.0,0.3,1000.0,56.0,0.7184412777423859
949,1.0,20.0,20.0,0.3,10000.0,56.0,0.6981646418571472
950,1.0,20.0,20.0,0.5,0.0,63.0,0.7380449970563253
951,1.0,20.0,20.0,0.5,10.0,59.0,0.7220795849959055
952,1.0,20.0,20.0,0.5,100.0,94.0,0.7149923145771027
953,1.0,20.0,20.0,0.5,1000.0,61.0,0.7434224685033163
954,1.0,20.0,20.0,0.5,10000.0,62.0,0.7224995394547781
955,1.0,20.0,20.0,0.7,0.0,68.0,0.7815175851186117
956,1.0,20.0,20.0,0.7,10.0,77.0,0.7955582241217295
957,1.0,20.0,20.0,0.7,100.0,86.0,0.778305321931839
958,1.0,20.0,20.0,0.7,1000.0,61.0,0.8189005057017008
959,1.0,20.0,20.0,0.7,10000.0,88.0,0.7861046195030212
960,1.0,20.0,25.0,0.3,0.0,67.0,0.6863847325245539
961,1.0,20.0,25.0,0.3,10.0,65.0,0.6938887337843577
962,1.0,20.0,25.0,0.3,100.0,64.0,0.7063034375508627
963,1.0,20.0,25.0,0.3,1000.0,58.0,0.6650880575180054
964,1.0,20.0,25.0,0.3,10000.0,50.0,0.6891421476999918
965,1.0,20.0,25.0,0.5,0.0,53.0,0.708558996518453
966,1.0,20.0,25.0,0.5,10.0,53.0,0.7031633853912354
967,1.0,20.0,25.0,0.5,100.0,49.0,0.7647170523802439
968,1.0,20.0,25.0,0.5,1000.0,72.0,0.6781153778235117
969,1.0,20.0,25.0,0.5,10000.0,79.0,0.7147297461827596
970,1.0,20.0,25.0,0.7,0.0,71.0,0.7663503388563792
971,1.0,20.0,25.0,0.7,10.0,59.0,0.7804939448833466
972,1.0,20.0,25.0,0.7,100.0,84.0,0.7768995265165964
973,1.0,20.0,25.0,0.7,1000.0,35.0,0.8214178681373596
974,1.0,20.0,25.0,0.7,10000.0,65.0,0.7835829655329386
975,1.0,20.0,30.0,0.3,0.0,69.0,0.6983077228069305
976,1.0,20.0,30.0,0.3,10.0,52.0,0.6927574276924133
977,1.0,20.0,30.0,0.3,100.0,66.0,0.6922460794448853
978,1.0,20.0,30.0,0.3,1000.0,51.0,0.6873672703901926
979,1.0,20.0,30.0,0.3,10000.0,78.0,0.7105682988961538
980,1.0,20.0,30.0,0.5,0.0,71.0,0.7135284046332041
981,1.0,20.0,30.0,0.5,10.0,69.0,0.7106107970078787
982,1.0,20.0,30.0,0.5,100.0,73.0,0.7015286584695181
983,1.0,20.0,30.0,0.5,1000.0,65.0,0.7026154597600301
984,1.0,20.0,30.0,0.5,10000.0,52.0,0.736484577258428
985,1.0,20.0,30.0,0.7,0.0,67.0,0.7679137885570526
986,1.0,20.0,30.0,0.7,10.0,83.0,0.7676984568436941
987,1.0,20.0,30.0,0.7,100.0,73.0,0.7790472904841105
988,1.0,20.0,30.0,0.7,1000.0,34.0,0.8188502291838328
989,1.0,20.0,30.0,0.7,10000.0,50.0,0.8062953054904938
990,1.0,20.0,35.0,0.3,0.0,66.0,0.6781103511651357
991,1.0,20.0,35.0,0.3,10.0,74.0,0.7160276273886362
992,1.0,20.0,35.0,0.3,100.0,60.0,0.6770883152882258
993,1.0,20.0,35.0,0.3,1000.0,55.0,0.6779478092988332
994,1.0,20.0,35.0,0.3,10000.0,86.0,0.6939459294080734
995,1.0,20.0,35.0,0.5,0.0,53.0,0.7049391071001688
996,1.0,20.0,35.0,0.5,10.0,64.0,0.7329909106095632
997,1.0,20.0,35.0,0.5,100.0,62.0,0.7068856159845988
998,1.0,20.0,35.0,0.5,1000.0,62.0,0.6982377171516418
999,1.0,20.0,35.0,0.5,10000.0,82.0,0.7076017757256826
1000,1.0,20.0,35.0,0.7,0.0,66.0,0.7718973259131113
1001,1.0,20.0,35.0,0.7,10.0,64.0,0.788438747326533
1002,1.0,20.0,35.0,0.7,100.0,62.0,0.7667257487773895
1003,1.0,20.0,35.0,0.7,1000.0,58.0,0.7481602529684702
1004,1.0,20.0,35.0,0.7,10000.0,65.0,0.7696784238020579
1005,1.0,20.0,40.0,0.3,0.0,52.0,0.6982202629248301
1006,1.0,20.0,40.0,0.3,10.0,78.0,0.6972282429536184
1007,1.0,20.0,40.0,0.3,100.0,52.0,0.6649587154388428
1008,1.0,20.0,40.0,0.3,1000.0,69.0,0.693379799524943
1009,1.0,20.0,40.0,0.3,10000.0,54.0,0.70726145307223
1010,1.0,20.0,40.0,0.5,0.0,54.0,0.7165264983971914
1011,1.0,20.0,40.0,0.5,10.0,73.0,0.7102964123090109
1012,1.0,20.0,40.0,0.5,100.0,51.0,0.6926643947760264
1013,1.0,20.0,40.0,0.5,1000.0,51.0,0.7380334238211314
1014,1.0,20.0,40.0,0.5,10000.0,66.0,0.7236183881759644
1015,1.0,20.0,40.0,0.7,0.0,78.0,0.7543994784355164
1016,1.0,20.0,40.0,0.7,10.0,90.0,0.750172624985377
1017,1.0,20.0,40.0,0.7,100.0,62.0,0.7533725599447886
1018,1.0,20.0,40.0,0.7,1000.0,51.0,0.7968008816242218
1019,1.0,20.0,40.0,0.7,10000.0,88.0,0.7679005165894827
1020,1.0,20.0,45.0,0.3,0.0,47.0,0.6953012744585673
1021,1.0,20.0,45.0,0.3,10.0,59.0,0.6735548774401346
1022,1.0,20.0,45.0,0.3,100.0,91.0,0.6958593626817068
1023,1.0,20.0,45.0,0.3,1000.0,55.0,0.6916133066018423
1024,1.0,20.0,45.0,0.3,10000.0,55.0,0.6915558477242788
1025,1.0,20.0,45.0,0.5,0.0,67.0,0.6977321902910868
1026,1.0,20.0,45.0,0.5,10.0,53.0,0.705686221520106
1027,1.0,20.0,45.0,0.5,100.0,54.0,0.7223388652006785
1028,1.0,20.0,45.0,0.5,1000.0,50.0,0.7077143987019857
1029,1.0,20.0,45.0,0.5,10000.0,49.0,0.7195833921432495
1030,1.0,20.0,45.0,0.7,0.0,73.0,0.7574300070603689
1031,1.0,20.0,45.0,0.7,10.0,53.0,0.7528864940007528
1032,1.0,20.0,45.0,0.7,100.0,90.0,0.7381495436032613
1033,1.0,20.0,45.0,0.7,1000.0,72.0,0.7410870393117269
1034,1.0,20.0,45.0,0.7,10000.0,45.0,0.7881772418816885
1035,1.0,20.0,50.0,0.3,0.0,52.0,0.6869595050811768
1036,1.0,20.0,50.0,0.3,10.0,50.0,0.7046740849812826
1037,1.0,20.0,50.0,0.3,100.0,41.0,0.7332663536071777
1038,1.0,20.0,50.0,0.3,1000.0,65.0,0.6921034753322601
1039,1.0,20.0,50.0,0.3,10000.0,49.0,0.6901048719882965
1040,1.0,20.0,50.0,0.5,0.0,51.0,0.6938105722268423
1041,1.0,20.0,50.0,0.5,10.0,59.0,0.7205395996570587
1042,1.0,20.0,50.0,0.5,100.0,81.0,0.7126714984575907
1043,1.0,20.0,50.0,0.5,1000.0,60.0,0.6958152949810028
1044,1.0,20.0,50.0,0.5,10000.0,64.0,0.7094230155150095
1045,1.0,20.0,50.0,0.7,0.0,69.0,0.7415008544921875
1046,1.0,20.0,50.0,0.7,10.0,59.0,0.7997712989648184
1047,1.0,20.0,50.0,0.7,100.0,94.0,0.7439428965250651
1048,1.0,20.0,50.0,0.7,1000.0,30.0,0.8948474725087484
1049,1.0,20.0,50.0,0.7,10000.0,51.0,0.7630031208197275
1050,2.0,20.0,5.0,0.3,0.0,67.0,0.7422736386458079
1051,2.0,20.0,5.0,0.3,10.0,88.0,0.6971403062343597
1052,2.0,20.0,5.0,0.3,100.0,199.0,1.0346765220165253
1053,2.0,20.0,5.0,0.3,1000.0,64.0,0.6978504260381063
1054,2.0,20.0,5.0,0.3,10000.0,63.0,0.788040300210317
1055,2.0,20.0,5.0,0.5,0.0,58.0,0.8084132671356201
1056,2.0,20.0,5.0,0.5,10.0,98.0,0.7630577683448792
1057,2.0,20.0,5.0,0.5,100.0,247.0,1.0918408036231995
1058,2.0,20.0,5.0,0.5,1000.0,73.0,0.7768637736638387
1059,2.0,20.0,5.0,0.5,10000.0,93.0,0.8505732417106628
1060,2.0,20.0,5.0,0.7,0.0,59.0,0.9392277201016744
1061,2.0,20.0,5.0,0.7,10.0,70.0,0.9447444279988607
1062,2.0,20.0,5.0,0.7,100.0,158.0,1.2630180915196736
1063,2.0,20.0,5.0,0.7,1000.0,79.0,0.9509852230548859
1064,2.0,20.0,5.0,0.7,10000.0,39.0,1.0692782203356426
1065,2.0,20.0,10.0,0.3,0.0,50.0,0.7086680134137472
1066,2.0,20.0,10.0,0.3,10.0,91.0,0.6769314706325531
1067,2.0,20.0,10.0,0.3,100.0,77.0,0.6826022962729136
1068,2.0,20.0,10.0,0.3,1000.0,81.0,0.6626605341831843
1069,2.0,20.0,10.0,0.3,10000.0,38.0,0.6925983826319376
1070,2.0,20.0,10.0,0.5,0.0,69.0,0.732699324687322
1071,2.0,20.0,10.0,0.5,10.0,86.0,0.7274640699227651
1072,2.0,20.0,10.0,0.5,100.0,59.0,0.7341857254505157
1073,2.0,20.0,10.0,0.5,1000.0,51.0,0.7274239758650461
1074,2.0,20.0,10.0,0.5,10000.0,44.0,0.7155963083108267
1075,2.0,20.0,10.0,0.7,0.0,36.0,0.9095075229803721
1076,2.0,20.0,10.0,0.7,10.0,42.0,0.8813182214895884
1077,2.0,20.0,10.0,0.7,100.0,50.0,0.8560577929019928
1078,2.0,20.0,10.0,0.7,1000.0,60.0,0.8472877343495687
1079,2.0,20.0,10.0,0.7,10000.0,54.0,0.8430466751257578
1080,2.0,20.0,15.0,0.3,0.0,54.0,0.6790475348631541
1081,2.0,20.0,15.0,0.3,10.0,54.0,0.6737842162450155
1082,2.0,20.0,15.0,0.3,100.0,56.0,0.6691189507643381
1083,2.0,20.0,15.0,0.3,1000.0,49.0,0.6777544319629669
1084,2.0,20.0,15.0,0.3,10000.0,78.0,0.6734189788500468
1085,2.0,20.0,15.0,0.5,0.0,79.0,0.7120422025521597
1086,2.0,20.0,15.0,0.5,10.0,60.0,0.6923000713189443
1087,2.0,20.0,15.0,0.5,100.0,79.0,0.7221089700857798
1088,2.0,20.0,15.0,0.5,1000.0,53.0,0.7250214616457621
1089,2.0,20.0,15.0,0.5,10000.0,65.0,0.7528853317101797
1090,2.0,20.0,15.0,0.7,0.0,69.0,0.7805331846078237
1091,2.0,20.0,15.0,0.7,10.0,48.0,0.7818974057833353
1092,2.0,20.0,15.0,0.7,100.0,36.0,0.8971588909626007
1093,2.0,20.0,15.0,0.7,1000.0,48.0,0.8155817190806071
1094,2.0,20.0,15.0,0.7,10000.0,57.0,0.8527919948101044
1095,2.0,20.0,20.0,0.3,0.0,67.0,0.6706768472989401
1096,2.0,20.0,20.0,0.3,10.0,74.0,0.680950790643692
1097,2.0,20.0,20.0,0.3,100.0,69.0,0.6848756273587545
1098,2.0,20.0,20.0,0.3,1000.0,47.0,0.6646737655003866
1099,2.0,20.0,20.0,0.3,10000.0,55.0,0.654001255830129
1100,2.0,20.0,20.0,0.5,0.0,68.0,0.7096719344456991
1101,2.0,20.0,20.0,0.5,10.0,59.0,0.7004450857639313
1102,2.0,20.0,20.0,0.5,100.0,53.0,0.710793654123942
1103,2.0,20.0,20.0,0.5,1000.0,57.0,0.697311282157898
1104,2.0,20.0,20.0,0.5,10000.0,87.0,0.6827361186345419
1105,2.0,20.0,20.0,0.7,0.0,68.0,0.7866457998752594
1106,2.0,20.0,20.0,0.7,10.0,64.0,0.7620112399260203
1107,2.0,20.0,20.0,0.7,100.0,54.0,0.8080343902111053
1108,2.0,20.0,20.0,0.7,1000.0,62.0,0.7518307268619537
1109,2.0,20.0,20.0,0.7,10000.0,56.0,0.751410573720932
1110,2.0,20.0,25.0,0.3,0.0,54.0,0.6607154111067454
1111,2.0,20.0,25.0,0.3,10.0,59.0,0.6576373279094696
1112,2.0,20.0,25.0,0.3,100.0,49.0,0.6796959042549133
1113,2.0,20.0,25.0,0.3,1000.0,55.0,0.6736470659573873
1114,2.0,20.0,25.0,0.3,10000.0,57.0,0.6592875818411509
1115,2.0,20.0,25.0,0.5,0.0,52.0,0.6870957911014557
1116,2.0,20.0,25.0,0.5,10.0,69.0,0.6921718418598175
1117,2.0,20.0,25.0,0.5,100.0,56.0,0.68839231133461
1118,2.0,20.0,25.0,0.5,1000.0,55.0,0.6878110865751902
1119,2.0,20.0,25.0,0.5,10000.0,49.0,0.6891834139823914
1120,2.0,20.0,25.0,0.7,0.0,56.0,0.7525809605916342
1121,2.0,20.0,25.0,0.7,10.0,59.0,0.7243864436944326
1122,2.0,20.0,25.0,0.7,100.0,56.0,0.7589780191580454
1123,2.0,20.0,25.0,0.7,1000.0,50.0,0.7516545255978903
1124,2.0,20.0,25.0,0.7,10000.0,52.0,0.7747966349124908
1125,2.0,20.0,30.0,0.3,0.0,48.0,0.6702880263328552
1126,2.0,20.0,30.0,0.3,10.0,53.0,0.6594718992710114
1127,2.0,20.0,30.0,0.3,100.0,69.0,0.6476330459117889
1128,2.0,20.0,30.0,0.3,1000.0,50.0,0.6538389027118683
1129,2.0,20.0,30.0,0.3,10000.0,55.0,0.6629836161931356
1130,2.0,20.0,30.0,0.5,0.0,52.0,0.6842994590600332
1131,2.0,20.0,30.0,0.5,10.0,64.0,0.6787355840206146
1132,2.0,20.0,30.0,0.5,100.0,69.0,0.6636113822460175
1133,2.0,20.0,30.0,0.5,1000.0,50.0,0.6717208623886108
1134,2.0,20.0,30.0,0.5,10000.0,52.0,0.697962353626887
1135,2.0,20.0,30.0,0.7,0.0,67.0,0.7510758837064108
1136,2.0,20.0,30.0,0.7,10.0,64.0,0.732649693886439
1137,2.0,20.0,30.0,0.7,100.0,75.0,0.7186759114265442
1138,2.0,20.0,30.0,0.7,1000.0,61.0,0.7355943719546
1139,2.0,20.0,30.0,0.7,10000.0,64.0,0.7241796950499216
1140,2.0,20.0,35.0,0.3,0.0,58.0,0.668766995271047
1141,2.0,20.0,35.0,0.3,10.0,52.0,0.6542617579301199
1142,2.0,20.0,35.0,0.3,100.0,60.0,0.6575318425893784
1143,2.0,20.0,35.0,0.3,1000.0,49.0,0.6706826488176981
1144,2.0,20.0,35.0,0.3,10000.0,55.0,0.6711624066034952
1145,2.0,20.0,35.0,0.5,0.0,57.0,0.6701012452443441
1146,2.0,20.0,35.0,0.5,10.0,61.0,0.6802771389484406
1147,2.0,20.0,35.0,0.5,100.0,52.0,0.6745463013648987
1148,2.0,20.0,35.0,0.5,1000.0,51.0,0.6821270883083344
1149,2.0,20.0,35.0,0.5,10000.0,76.0,0.6791717310746511
1150,2.0,20.0,35.0,0.7,0.0,51.0,0.7427073419094086
1151,2.0,20.0,35.0,0.7,10.0,62.0,0.7110893328984579
1152,2.0,20.0,35.0,0.7,100.0,54.0,0.713875412940979
1153,2.0,20.0,35.0,0.7,1000.0,47.0,0.7220627466837565
1154,2.0,20.0,35.0,0.7,10000.0,88.0,0.7080537180105845
1155,2.0,20.0,40.0,0.3,0.0,40.0,0.6885965466499329
1156,2.0,20.0,40.0,0.3,10.0,46.0,0.6876263817151388
1157,2.0,20.0,40.0,0.3,100.0,70.0,0.6517273485660553
1158,2.0,20.0,40.0,0.3,1000.0,49.0,0.6691120366255442
1159,2.0,20.0,40.0,0.3,10000.0,36.0,0.6902815600236257
1160,2.0,20.0,40.0,0.5,0.0,41.0,0.7040914595127106
1161,2.0,20.0,40.0,0.5,10.0,55.0,0.6878305276234945
1162,2.0,20.0,40.0,0.5,100.0,83.0,0.6781882246335348
1163,2.0,20.0,40.0,0.5,1000.0,50.0,0.6885155141353607
1164,2.0,20.0,40.0,0.5,10000.0,51.0,0.6842699746290842
1165,2.0,20.0,40.0,0.7,0.0,51.0,0.7502145171165466
1166,2.0,20.0,40.0,0.7,10.0,53.0,0.7295363545417786
1167,2.0,20.0,40.0,0.7,100.0,83.0,0.7022657096385956
1168,2.0,20.0,40.0,0.7,1000.0,50.0,0.7271042863527933
1169,2.0,20.0,40.0,0.7,10000.0,66.0,0.7381936113039652
1170,2.0,20.0,45.0,0.3,0.0,51.0,0.6563675701618195
1171,2.0,20.0,45.0,0.3,10.0,43.0,0.6468819578488668
1172,2.0,20.0,45.0,0.3,100.0,56.0,0.6678383847077688
1173,2.0,20.0,45.0,0.3,1000.0,50.0,0.6661474307378134
1174,2.0,20.0,45.0,0.3,10000.0,47.0,0.6935847103595734
1175,2.0,20.0,45.0,0.5,0.0,51.0,0.6735324958960215
1176,2.0,20.0,45.0,0.5,10.0,51.0,0.6674607594807943
1177,2.0,20.0,45.0,0.5,100.0,62.0,0.683046946922938
1178,2.0,20.0,45.0,0.5,1000.0,53.0,0.6792408227920532
1179,2.0,20.0,45.0,0.5,10000.0,49.0,0.699306478103002
1180,2.0,20.0,45.0,0.7,0.0,55.0,0.7155056397120158
1181,2.0,20.0,45.0,0.7,10.0,64.0,0.7127838035424551
1182,2.0,20.0,45.0,0.7,100.0,54.0,0.737184057633082
1183,2.0,20.0,45.0,0.7,1000.0,53.0,0.7105436225732168
1184,2.0,20.0,45.0,0.7,10000.0,65.0,0.7248919506867727
1185,2.0,20.0,50.0,0.3,0.0,45.0,0.7023738523324331
1186,2.0,20.0,50.0,0.3,10.0,46.0,0.6655826270580292
1187,2.0,20.0,50.0,0.3,100.0,56.0,0.6684537430604299
1188,2.0,20.0,50.0,0.3,1000.0,52.0,0.671941876411438
1189,2.0,20.0,50.0,0.3,10000.0,38.0,0.6801471511522929
1190,2.0,20.0,50.0,0.5,0.0,50.0,0.6952738563219706
1191,2.0,20.0,50.0,0.5,10.0,58.0,0.6778596738974253
1192,2.0,20.0,50.0,0.5,100.0,54.0,0.6756486395994822
1193,2.0,20.0,50.0,0.5,1000.0,58.0,0.6857975522677103
1194,2.0,20.0,50.0,0.5,10000.0,39.0,0.7054149607817332
1195,2.0,20.0,50.0,0.7,0.0,57.0,0.712005207935969
1196,2.0,20.0,50.0,0.7,10.0,68.0,0.7148780226707458
1197,2.0,20.0,50.0,0.7,100.0,57.0,0.7248093684514364
1198,2.0,20.0,50.0,0.7,1000.0,61.0,0.7001106142997742
1199,2.0,20.0,50.0,0.7,10000.0,52.0,0.7280624906222025
1200,1.0,25.0,5.0,0.3,0.0,64.0,0.7467061380545298
1201,1.0,25.0,5.0,0.3,10.0,51.0,0.771446426709493
1202,1.0,25.0,5.0,0.3,100.0,74.0,0.7981402079264323
1203,1.0,25.0,5.0,0.3,1000.0,73.0,0.7622848153114319
1204,1.0,25.0,5.0,0.3,10000.0,54.0,0.7594252626101176
1205,1.0,25.0,5.0,0.5,0.0,51.0,0.8396063049634298
1206,1.0,25.0,5.0,0.5,10.0,54.0,0.859785238901774
1207,1.0,25.0,5.0,0.5,100.0,101.0,0.9318974415461222
1208,1.0,25.0,5.0,0.5,1000.0,47.0,0.866703599691391
1209,1.0,25.0,5.0,0.5,10000.0,64.0,0.8470977743466696
1210,1.0,25.0,5.0,0.7,0.0,50.0,1.0429596503575642
1211,1.0,25.0,5.0,0.7,10.0,73.0,1.028584857781728
1212,1.0,25.0,5.0,0.7,100.0,71.0,1.1186020572980244
1213,1.0,25.0,5.0,0.7,1000.0,56.0,1.0434926946957905
1214,1.0,25.0,5.0,0.7,10000.0,57.0,1.0409807562828064
1215,1.0,25.0,10.0,0.3,0.0,51.0,0.7191232343514761
1216,1.0,25.0,10.0,0.3,10.0,45.0,0.7021179695924123
1217,1.0,25.0,10.0,0.3,100.0,51.0,0.7092620035012563
1218,1.0,25.0,10.0,0.3,1000.0,63.0,0.718994011481603
1219,1.0,25.0,10.0,0.3,10000.0,63.0,0.6898489395777384
1220,1.0,25.0,10.0,0.5,0.0,74.0,0.7707832554976145
1221,1.0,25.0,10.0,0.5,10.0,44.0,0.7562777499357859
1222,1.0,25.0,10.0,0.5,100.0,49.0,0.7512512902418772
1223,1.0,25.0,10.0,0.5,1000.0,69.0,0.763982911904653
1224,1.0,25.0,10.0,0.5,10000.0,56.0,0.7514359951019287
1225,1.0,25.0,10.0,0.7,0.0,67.0,0.8792725801467896
1226,1.0,25.0,10.0,0.7,10.0,78.0,0.8563953439394633
1227,1.0,25.0,10.0,0.7,100.0,55.0,0.8589422603448232
1228,1.0,25.0,10.0,0.7,1000.0,68.0,0.8595890204111735
1229,1.0,25.0,10.0,0.7,10000.0,57.0,0.8591890831788381
1230,1.0,25.0,15.0,0.3,0.0,60.0,0.6963064869244894
1231,1.0,25.0,15.0,0.3,10.0,51.0,0.6963970561822256
1232,1.0,25.0,15.0,0.3,100.0,45.0,0.7061875263849894
1233,1.0,25.0,15.0,0.3,1000.0,53.0,0.7177966137727102
1234,1.0,25.0,15.0,0.3,10000.0,81.0,0.7209865152835846
1235,1.0,25.0,15.0,0.5,0.0,62.0,0.7362572252750397
1236,1.0,25.0,15.0,0.5,10.0,69.0,0.7405155897140503
1237,1.0,25.0,15.0,0.5,100.0,69.0,0.7424496710300446
1238,1.0,25.0,15.0,0.5,1000.0,66.0,0.7300232946872711
1239,1.0,25.0,15.0,0.5,10000.0,57.0,0.7598849634329478
1240,1.0,25.0,15.0,0.7,0.0,65.0,0.7856083412965139
1241,1.0,25.0,15.0,0.7,10.0,66.0,0.8249705533186594
1242,1.0,25.0,15.0,0.7,100.0,48.0,0.8313429355621338
1243,1.0,25.0,15.0,0.7,1000.0,56.0,0.808567742506663
1244,1.0,25.0,15.0,0.7,10000.0,75.0,0.8250659505526224
1245,1.0,25.0,20.0,0.3,0.0,55.0,0.7080902357896169
1246,1.0,25.0,20.0,0.3,10.0,46.0,0.7097373902797699
1247,1.0,25.0,20.0,0.3,100.0,65.0,0.6841517686843872
1248,1.0,25.0,20.0,0.3,1000.0,45.0,0.7048938274383545
1249,1.0,25.0,20.0,0.3,10000.0,58.0,0.7027833263079325
1250,1.0,25.0,20.0,0.5,0.0,55.0,0.7274227539698283
1251,1.0,25.0,20.0,0.5,10.0,55.0,0.7397568821907043
1252,1.0,25.0,20.0,0.5,100.0,50.0,0.710541715224584
1253,1.0,25.0,20.0,0.5,1000.0,45.0,0.7276036938031515
1254,1.0,25.0,20.0,0.5,10000.0,54.0,0.7276075879732767
1255,1.0,25.0,20.0,0.7,0.0,62.0,0.7942480246225992
1256,1.0,25.0,20.0,0.7,10.0,46.0,0.8399783869584402
1257,1.0,25.0,20.0,0.7,100.0,44.0,0.7725468178590139
1258,1.0,25.0,20.0,0.7,1000.0,73.0,0.7717264195283254
1259,1.0,25.0,20.0,0.7,10000.0,73.0,0.7928437689940134
1260,1.0,25.0,25.0,0.3,0.0,53.0,0.6992393732070923
1261,1.0,25.0,25.0,0.3,10.0,55.0,0.7017152607440948
1262,1.0,25.0,25.0,0.3,100.0,80.0,0.6750611662864685
1263,1.0,25.0,25.0,0.3,1000.0,61.0,0.7075546979904175
1264,1.0,25.0,25.0,0.3,10000.0,52.0,0.6924481987953186
1265,1.0,25.0,25.0,0.5,0.0,98.0,0.7279260059197744
1266,1.0,25.0,25.0,0.5,10.0,28.0,0.7752119302749634
1267,1.0,25.0,25.0,0.5,100.0,78.0,0.6955744723478953
1268,1.0,25.0,25.0,0.5,1000.0,34.0,0.7585839827855428
1269,1.0,25.0,25.0,0.5,10000.0,84.0,0.7218785385290781
1270,1.0,25.0,25.0,0.7,0.0,71.0,0.7933380405108134
1271,1.0,25.0,25.0,0.7,10.0,82.0,0.7601515551408132
1272,1.0,25.0,25.0,0.7,100.0,55.0,0.774763156970342
1273,1.0,25.0,25.0,0.7,1000.0,56.0,0.7674176692962646
1274,1.0,25.0,25.0,0.7,10000.0,64.0,0.7777953048547109
1275,1.0,25.0,30.0,0.3,0.0,52.0,0.6866863071918488
1276,1.0,25.0,30.0,0.3,10.0,53.0,0.6952448586622874
1277,1.0,25.0,30.0,0.3,100.0,51.0,0.6999537249406179
1278,1.0,25.0,30.0,0.3,1000.0,63.0,0.6951301594575247
1279,1.0,25.0,30.0,0.3,10000.0,79.0,0.7024689614772797
1280,1.0,25.0,30.0,0.5,0.0,60.0,0.7167852520942688
1281,1.0,25.0,30.0,0.5,10.0,52.0,0.7302451233069102
1282,1.0,25.0,30.0,0.5,100.0,50.0,0.7154048879941305
1283,1.0,25.0,30.0,0.5,1000.0,70.0,0.7094377875328064
1284,1.0,25.0,30.0,0.5,10000.0,52.0,0.7136368254820505
1285,1.0,25.0,30.0,0.7,0.0,65.0,0.7493114372094473
1286,1.0,25.0,30.0,0.7,10.0,55.0,0.7771634558836619
1287,1.0,25.0,30.0,0.7,100.0,81.0,0.7535014152526855
1288,1.0,25.0,30.0,0.7,1000.0,56.0,0.7435968716939291
1289,1.0,25.0,30.0,0.7,10000.0,52.0,0.7693851788838705
1290,1.0,25.0,35.0,0.3,0.0,60.0,0.6757827450831732
1291,1.0,25.0,35.0,0.3,10.0,60.0,0.7052249014377594
1292,1.0,25.0,35.0,0.3,100.0,63.0,0.6866878767808279
1293,1.0,25.0,35.0,0.3,1000.0,61.0,0.6992468237876892
1294,1.0,25.0,35.0,0.3,10000.0,49.0,0.6973868310451508
1295,1.0,25.0,35.0,0.5,0.0,58.0,0.6898301641146342
1296,1.0,25.0,35.0,0.5,10.0,66.0,0.7186180353164673
1297,1.0,25.0,35.0,0.5,100.0,68.0,0.7183357278505961
1298,1.0,25.0,35.0,0.5,1000.0,66.0,0.7052748401959738
1299,1.0,25.0,35.0,0.5,10000.0,55.0,0.7097085813681284
1300,1.0,25.0,35.0,0.7,0.0,51.0,0.7500065763791403
1301,1.0,25.0,35.0,0.7,10.0,45.0,0.7865728437900543
1302,1.0,25.0,35.0,0.7,100.0,82.0,0.7524030208587646
1303,1.0,25.0,35.0,0.7,1000.0,54.0,0.7536793450514475
1304,1.0,25.0,35.0,0.7,10000.0,66.0,0.753998319307963
1305,1.0,25.0,40.0,0.3,0.0,53.0,0.6913018922011057
1306,1.0,25.0,40.0,0.3,10.0,44.0,0.7014174362023672
1307,1.0,25.0,40.0,0.3,100.0,63.0,0.6845484574635824
1308,1.0,25.0,40.0,0.3,1000.0,62.0,0.7021255890528361
1309,1.0,25.0,40.0,0.3,10000.0,81.0,0.7085114518801371
1310,1.0,25.0,40.0,0.5,0.0,55.0,0.6941293080647787
1311,1.0,25.0,40.0,0.5,10.0,63.0,0.6849681238333384
1312,1.0,25.0,40.0,0.5,100.0,52.0,0.7026287217934927
1313,1.0,25.0,40.0,0.5,1000.0,45.0,0.7266898651917776
1314,1.0,25.0,40.0,0.5,10000.0,66.0,0.7445236146450043
1315,1.0,25.0,40.0,0.7,0.0,80.0,0.7147059440612793
1316,1.0,25.0,40.0,0.7,10.0,73.0,0.7304877638816833
1317,1.0,25.0,40.0,0.7,100.0,55.0,0.7366400758425394
1318,1.0,25.0,40.0,0.7,1000.0,56.0,0.7572682797908783
1319,1.0,25.0,40.0,0.7,10000.0,68.0,0.7947190999984741
1320,1.0,25.0,45.0,0.3,0.0,59.0,0.6772972345352173
1321,1.0,25.0,45.0,0.3,10.0,52.0,0.699454536040624
1322,1.0,25.0,45.0,0.3,100.0,88.0,0.6810467392206192
1323,1.0,25.0,45.0,0.3,1000.0,40.0,0.7105303506056467
1324,1.0,25.0,45.0,0.3,10000.0,54.0,0.6816289822260538
1325,1.0,25.0,45.0,0.5,0.0,54.0,0.7044157485167185
1326,1.0,25.0,45.0,0.5,10.0,75.0,0.7058954139550527
1327,1.0,25.0,45.0,0.5,100.0,77.0,0.6906041204929352
1328,1.0,25.0,45.0,0.5,1000.0,50.0,0.7075048983097076
1329,1.0,25.0,45.0,0.5,10000.0,50.0,0.6981938680013021
1330,1.0,25.0,45.0,0.7,0.0,62.0,0.7424790759881338
1331,1.0,25.0,45.0,0.7,10.0,66.0,0.7626265188058218
1332,1.0,25.0,45.0,0.7,100.0,56.0,0.7625033458073934
1333,1.0,25.0,45.0,0.7,1000.0,59.0,0.7484283149242401
1334,1.0,25.0,45.0,0.7,10000.0,75.0,0.7228571673234304
1335,1.0,25.0,50.0,0.3,0.0,40.0,0.6850802898406982
1336,1.0,25.0,50.0,0.3,10.0,54.0,0.6868452181418737
1337,1.0,25.0,50.0,0.3,100.0,78.0,0.6865500013033549
1338,1.0,25.0,50.0,0.3,1000.0,40.0,0.6770389576752981
1339,1.0,25.0,50.0,0.3,10000.0,49.0,0.7085293730099996
1340,1.0,25.0,50.0,0.5,0.0,48.0,0.7040218512217203
1341,1.0,25.0,50.0,0.5,10.0,46.0,0.6939094265302023
1342,1.0,25.0,50.0,0.5,100.0,74.0,0.7083974679311117
1343,1.0,25.0,50.0,0.5,1000.0,44.0,0.6877955198287964
1344,1.0,25.0,50.0,0.5,10000.0,32.0,0.7537275751431783
1345,1.0,25.0,50.0,0.7,0.0,65.0,0.7291288177172343
1346,1.0,25.0,50.0,0.7,10.0,48.0,0.7468018531799316
1347,1.0,25.0,50.0,0.7,100.0,70.0,0.7323384284973145
1348,1.0,25.0,50.0,0.7,1000.0,54.0,0.739973912636439
1349,1.0,25.0,50.0,0.7,10000.0,27.0,0.8478468259175619
1350,2.0,25.0,5.0,0.3,0.0,49.0,0.7255048155784607
1351,2.0,25.0,5.0,0.3,10.0,47.0,0.8369359870751699
1352,2.0,25.0,5.0,0.3,100.0,80.0,0.7979386945565542
1353,2.0,25.0,5.0,0.3,1000.0,51.0,0.7141313155492147
1354,2.0,25.0,5.0,0.3,10000.0,70.0,0.7893167436122894
1355,2.0,25.0,5.0,0.5,0.0,62.0,0.8040829797585806
1356,2.0,25.0,5.0,0.5,10.0,45.0,0.8355177442232767
1357,2.0,25.0,5.0,0.5,100.0,88.0,0.7777690788110098
1358,2.0,25.0,5.0,0.5,1000.0,45.0,0.772002637386322
1359,2.0,25.0,5.0,0.5,10000.0,50.0,0.8663665850957235
1360,2.0,25.0,5.0,0.7,0.0,46.0,0.956953376531601
1361,2.0,25.0,5.0,0.7,10.0,54.0,1.0231874187787373
1362,2.0,25.0,5.0,0.7,100.0,42.0,0.9843947490056356
1363,2.0,25.0,5.0,0.7,1000.0,42.0,0.9101353387037913
1364,2.0,25.0,5.0,0.7,10000.0,67.0,1.0292956332365673
1365,2.0,25.0,10.0,0.3,0.0,52.0,0.6543654501438141
1366,2.0,25.0,10.0,0.3,10.0,52.0,0.6729856530825297
1367,2.0,25.0,10.0,0.3,100.0,49.0,0.6767221391201019
1368,2.0,25.0,10.0,0.3,1000.0,90.0,0.6869266132513682
1369,2.0,25.0,10.0,0.3,10000.0,38.0,0.7351981500784556
1370,2.0,25.0,10.0,0.5,0.0,48.0,0.7088001072406769
1371,2.0,25.0,10.0,0.5,10.0,59.0,0.7152878244717916
1372,2.0,25.0,10.0,0.5,100.0,46.0,0.723170151313146
1373,2.0,25.0,10.0,0.5,1000.0,85.0,0.736976703008016
1374,2.0,25.0,10.0,0.5,10000.0,73.0,0.7240547835826874
1375,2.0,25.0,10.0,0.7,0.0,41.0,0.8179208338260651
1376,2.0,25.0,10.0,0.7,10.0,79.0,0.8565199375152588
1377,2.0,25.0,10.0,0.7,100.0,52.0,0.8407272696495056
1378,2.0,25.0,10.0,0.7,1000.0,56.0,0.8481007615725199
1379,2.0,25.0,10.0,0.7,10000.0,70.0,0.8101927638053894
1380,2.0,25.0,15.0,0.3,0.0,67.0,0.668485681215922
1381,2.0,25.0,15.0,0.3,10.0,51.0,0.6722094913323721
1382,2.0,25.0,15.0,0.3,100.0,37.0,0.6875562171141306
1383,2.0,25.0,15.0,0.3,1000.0,46.0,0.6831509868303934
1384,2.0,25.0,15.0,0.3,10000.0,75.0,0.6951317290465037
1385,2.0,25.0,15.0,0.5,0.0,63.0,0.7141772508621216
1386,2.0,25.0,15.0,0.5,10.0,64.0,0.6962577303250631
1387,2.0,25.0,15.0,0.5,100.0,51.0,0.6961027085781097
1388,2.0,25.0,15.0,0.5,1000.0,44.0,0.7174360851446787
1389,2.0,25.0,15.0,0.5,10000.0,44.0,0.7027576069037119
1390,2.0,25.0,15.0,0.7,0.0,62.0,0.7949723800023397
1391,2.0,25.0,15.0,0.7,10.0,47.0,0.7709029217561086
1392,2.0,25.0,15.0,0.7,100.0,77.0,0.7575797835985819
1393,2.0,25.0,15.0,0.7,1000.0,44.0,0.8219795922438303
1394,2.0,25.0,15.0,0.7,10000.0,68.0,0.7781891127427419
1395,2.0,25.0,20.0,0.3,0.0,49.0,0.6505832473436991
1396,2.0,25.0,20.0,0.3,10.0,53.0,0.6814546883106232
1397,2.0,25.0,20.0,0.3,100.0,55.0,0.6899737417697906
1398,2.0,25.0,20.0,0.3,1000.0,85.0,0.677368144194285
1399,2.0,25.0,20.0,0.3,10000.0,40.0,0.6848141650358835
1400,2.0,25.0,20.0,0.5,0.0,48.0,0.6782009899616241
1401,2.0,25.0,20.0,0.5,10.0,42.0,0.6746677259604136
1402,2.0,25.0,20.0,0.5,100.0,51.0,0.6901767452557882
1403,2.0,25.0,20.0,0.5,1000.0,87.0,0.7020623286565145
1404,2.0,25.0,20.0,0.5,10000.0,60.0,0.7210918863614401
1405,2.0,25.0,20.0,0.7,0.0,64.0,0.7444891730944315
1406,2.0,25.0,20.0,0.7,10.0,68.0,0.7287400265534719
1407,2.0,25.0,20.0,0.7,100.0,55.0,0.7427634100119272
1408,2.0,25.0,20.0,0.7,1000.0,54.0,0.7627660930156708
1409,2.0,25.0,20.0,0.7,10000.0,56.0,0.7893266578515371
1410,2.0,25.0,25.0,0.3,0.0,55.0,0.6681853532791138
1411,2.0,25.0,25.0,0.3,10.0,53.0,0.6711607178052267
1412,2.0,25.0,25.0,0.3,100.0,48.0,0.6508433222770691
1413,2.0,25.0,25.0,0.3,1000.0,57.0,0.6831551194190979
1414,2.0,25.0,25.0,0.3,10000.0,49.0,0.7053320109844208
1415,2.0,25.0,25.0,0.5,0.0,55.0,0.6778474549452463
1416,2.0,25.0,25.0,0.5,10.0,57.0,0.6972955962022146
1417,2.0,25.0,25.0,0.5,100.0,56.0,0.6803174614906311
1418,2.0,25.0,25.0,0.5,1000.0,46.0,0.6890724201997122
1419,2.0,25.0,25.0,0.5,10000.0,43.0,0.7269384761651357
1420,2.0,25.0,25.0,0.7,0.0,51.0,0.730040580034256
1421,2.0,25.0,25.0,0.7,10.0,43.0,0.7581867277622223
1422,2.0,25.0,25.0,0.7,100.0,55.0,0.739539384841919
1423,2.0,25.0,25.0,0.7,1000.0,56.0,0.7390065093835195
1424,2.0,25.0,25.0,0.7,10000.0,66.0,0.7353608806927999
1425,2.0,25.0,30.0,0.3,0.0,61.0,0.6507794062296549
1426,2.0,25.0,30.0,0.3,10.0,87.0,0.6986357072989146
1427,2.0,25.0,30.0,0.3,100.0,51.0,0.7125368614991506
1428,2.0,25.0,30.0,0.3,1000.0,51.0,0.6428748120864233
1429,2.0,25.0,30.0,0.3,10000.0,63.0,0.655249297618866
1430,2.0,25.0,30.0,0.5,0.0,60.0,0.6706069707870483
1431,2.0,25.0,30.0,0.5,10.0,68.0,0.7021522919336954
1432,2.0,25.0,30.0,0.5,100.0,44.0,0.7224465707937876
1433,2.0,25.0,30.0,0.5,1000.0,51.0,0.6525119245052338
1434,2.0,25.0,30.0,0.5,10000.0,60.0,0.6694968740145365
1435,2.0,25.0,30.0,0.7,0.0,69.0,0.7132249375184377
1436,2.0,25.0,30.0,0.7,10.0,54.0,0.7550747295220693
1437,2.0,25.0,30.0,0.7,100.0,52.0,0.7308360636234283
1438,2.0,25.0,30.0,0.7,1000.0,56.0,0.7167751888434092
1439,2.0,25.0,30.0,0.7,10000.0,73.0,0.7247791886329651
1440,2.0,25.0,35.0,0.3,0.0,52.0,0.6725839078426361
1441,2.0,25.0,35.0,0.3,10.0,43.0,0.6641807854175568
1442,2.0,25.0,35.0,0.3,100.0,47.0,0.665670762459437
1443,2.0,25.0,35.0,0.3,1000.0,48.0,0.6756045321623484
1444,2.0,25.0,35.0,0.3,10000.0,51.0,0.65599391857783
1445,2.0,25.0,35.0,0.5,0.0,48.0,0.6784234146277109
1446,2.0,25.0,35.0,0.5,10.0,33.0,0.6886247396469116
1447,2.0,25.0,35.0,0.5,100.0,66.0,0.6829876899719238
1448,2.0,25.0,35.0,0.5,1000.0,49.0,0.6993296444416046
1449,2.0,25.0,35.0,0.5,10000.0,60.0,0.6824597616990408
1450,2.0,25.0,35.0,0.7,0.0,48.0,0.7328282793362936
1451,2.0,25.0,35.0,0.7,10.0,33.0,0.7553162972132365
1452,2.0,25.0,35.0,0.7,100.0,64.0,0.7093051473299662
1453,2.0,25.0,35.0,0.7,1000.0,37.0,0.7251539429028829
1454,2.0,25.0,35.0,0.7,10000.0,61.0,0.7059067289034525
1455,2.0,25.0,40.0,0.3,0.0,60.0,0.6482694546381632
1456,2.0,25.0,40.0,0.3,10.0,52.0,0.6759247978528341
1457,2.0,25.0,40.0,0.3,100.0,38.0,0.7357718348503113
1458,2.0,25.0,40.0,0.3,1000.0,40.0,0.6745398739973704
1459,2.0,25.0,40.0,0.3,10000.0,54.0,0.6573362747828165
1460,2.0,25.0,40.0,0.5,0.0,56.0,0.6674515207608541
1461,2.0,25.0,40.0,0.5,10.0,45.0,0.6908256312211355
1462,2.0,25.0,40.0,0.5,100.0,49.0,0.6850670973459879
1463,2.0,25.0,40.0,0.5,1000.0,38.0,0.6842058499654134
1464,2.0,25.0,40.0,0.5,10000.0,45.0,0.6699406703313192
1465,2.0,25.0,40.0,0.7,0.0,54.0,0.6926816900571188
1466,2.0,25.0,40.0,0.7,10.0,45.0,0.7221102118492126
1467,2.0,25.0,40.0,0.7,100.0,72.0,0.6912853519121805
1468,2.0,25.0,40.0,0.7,1000.0,52.0,0.7130392690499624
1469,2.0,25.0,40.0,0.7,10000.0,57.0,0.7032076815764109
1470,2.0,25.0,45.0,0.3,0.0,57.0,0.6584182381629944
1471,2.0,25.0,45.0,0.3,10.0,53.0,0.6522610286871592
1472,2.0,25.0,45.0,0.3,100.0,50.0,0.6567405958970388
1473,2.0,25.0,45.0,0.3,1000.0,33.0,0.6701303720474243
1474,2.0,25.0,45.0,0.3,10000.0,44.0,0.6685112118721008
1475,2.0,25.0,45.0,0.5,0.0,55.0,0.6782633264859518
1476,2.0,25.0,45.0,0.5,10.0,42.0,0.6642493506272634
1477,2.0,25.0,45.0,0.5,100.0,59.0,0.6808217465877533
1478,2.0,25.0,45.0,0.5,1000.0,58.0,0.6600216925144196
1479,2.0,25.0,45.0,0.5,10000.0,65.0,0.6707024276256561
1480,2.0,25.0,45.0,0.7,0.0,51.0,0.7179892957210541
1481,2.0,25.0,45.0,0.7,10.0,70.0,0.6869698961575826
1482,2.0,25.0,45.0,0.7,100.0,76.0,0.6988812784353892
1483,2.0,25.0,45.0,0.7,1000.0,50.0,0.69582932194074
1484,2.0,25.0,45.0,0.7,10000.0,64.0,0.6917881071567535
1485,2.0,25.0,50.0,0.3,0.0,52.0,0.6653349300225576
1486,2.0,25.0,50.0,0.3,10.0,42.0,0.6497007012367249
1487,2.0,25.0,50.0,0.3,100.0,49.0,0.6766895055770874
1488,2.0,25.0,50.0,0.3,1000.0,48.0,0.6889406144618988
1489,2.0,25.0,50.0,0.3,10000.0,64.0,0.6451593240102133
1490,2.0,25.0,50.0,0.5,0.0,63.0,0.6689462761084238
1491,2.0,25.0,50.0,0.5,10.0,53.0,0.6720209121704102
1492,2.0,25.0,50.0,0.5,100.0,48.0,0.6741332411766052
1493,2.0,25.0,50.0,0.5,1000.0,49.0,0.6932607591152191
1494,2.0,25.0,50.0,0.5,10000.0,64.0,0.6485851009686788
1495,2.0,25.0,50.0,0.7,0.0,47.0,0.6920682887236277
1496,2.0,25.0,50.0,0.7,10.0,70.0,0.6872694293657938
1497,2.0,25.0,50.0,0.7,100.0,55.0,0.715594083070755
1498,2.0,25.0,50.0,0.7,1000.0,50.0,0.7021753589312235
1499,2.0,25.0,50.0,0.7,10000.0,65.0,0.6822569568951925
1500,1.0,30.0,5.0,0.3,0.0,67.0,0.793404628833135
1501,1.0,30.0,5.0,0.3,10.0,45.0,0.7543333172798157
1502,1.0,30.0,5.0,0.3,100.0,70.0,0.7932019730408987
1503,1.0,30.0,5.0,0.3,1000.0,87.0,0.8090747992197672
1504,1.0,30.0,5.0,0.3,10000.0,35.0,0.7405775586764017
1505,1.0,30.0,5.0,0.5,0.0,87.0,0.9132432838280996
1506,1.0,30.0,5.0,0.5,10.0,62.0,0.8067907094955444
1507,1.0,30.0,5.0,0.5,100.0,63.0,0.9113552073637644
1508,1.0,30.0,5.0,0.5,1000.0,51.0,0.9800555606683096
1509,1.0,30.0,5.0,0.5,10000.0,67.0,0.8192259470621744
1510,1.0,30.0,5.0,0.7,0.0,97.0,1.1102259556452434
1511,1.0,30.0,5.0,0.7,10.0,58.0,0.9893313844998678
1512,1.0,30.0,5.0,0.7,100.0,62.0,1.1057421366373699
1513,1.0,30.0,5.0,0.7,1000.0,96.0,1.120964765548706
1514,1.0,30.0,5.0,0.7,10000.0,41.0,0.9957194725672404
1515,1.0,30.0,10.0,0.3,0.0,51.0,0.7171274324258169
1516,1.0,30.0,10.0,0.3,10.0,73.0,0.6905629187822342
1517,1.0,30.0,10.0,0.3,100.0,49.0,0.714995414018631
1518,1.0,30.0,10.0,0.3,1000.0,60.0,0.7098353008429209
1519,1.0,30.0,10.0,0.3,10000.0,47.0,0.7242142061392466
1520,1.0,30.0,10.0,0.5,0.0,49.0,0.7672789891560873
1521,1.0,30.0,10.0,0.5,10.0,74.0,0.7242249250411987
1522,1.0,30.0,10.0,0.5,100.0,55.0,0.75599338610967
1523,1.0,30.0,10.0,0.5,1000.0,56.0,0.7596915662288666
1524,1.0,30.0,10.0,0.5,10000.0,51.0,0.7705896099408468
1525,1.0,30.0,10.0,0.7,0.0,55.0,0.8872965971628824
1526,1.0,30.0,10.0,0.7,10.0,79.0,0.8769710858662924
1527,1.0,30.0,10.0,0.7,100.0,50.0,0.8853913843631744
1528,1.0,30.0,10.0,0.7,1000.0,84.0,0.8630006412665049
1529,1.0,30.0,10.0,0.7,10000.0,57.0,0.8824604650338491
1530,1.0,30.0,15.0,0.3,0.0,52.0,0.6975201467672983
1531,1.0,30.0,15.0,0.3,10.0,54.0,0.6845372418562571
1532,1.0,30.0,15.0,0.3,100.0,50.0,0.6972292761007944
1533,1.0,30.0,15.0,0.3,1000.0,54.0,0.7217288812001547
1534,1.0,30.0,15.0,0.3,10000.0,47.0,0.7199787894884745
1535,1.0,30.0,15.0,0.5,0.0,47.0,0.7441723048686981
1536,1.0,30.0,15.0,0.5,10.0,43.0,0.7230943540732065
1537,1.0,30.0,15.0,0.5,100.0,49.0,0.7202818393707275
1538,1.0,30.0,15.0,0.5,1000.0,34.0,0.7545336782932281
1539,1.0,30.0,15.0,0.5,10000.0,51.0,0.744416763385137
1540,1.0,30.0,15.0,0.7,0.0,47.0,0.8316716353098551
1541,1.0,30.0,15.0,0.7,10.0,63.0,0.7865716814994812
1542,1.0,30.0,15.0,0.7,100.0,47.0,0.8342190285523733
1543,1.0,30.0,15.0,0.7,1000.0,91.0,0.7964929540952047
1544,1.0,30.0,15.0,0.7,10000.0,61.0,0.8126505513985952
1545,1.0,30.0,20.0,0.3,0.0,61.0,0.6938223590453466
1546,1.0,30.0,20.0,0.3,10.0,59.0,0.6863321165243784
1547,1.0,30.0,20.0,0.3,100.0,50.0,0.6960211992263794
1548,1.0,30.0,20.0,0.3,1000.0,56.0,0.6827119290828705
1549,1.0,30.0,20.0,0.3,10000.0,56.0,0.6953232785065969
1550,1.0,30.0,20.0,0.5,0.0,61.0,0.7185710767904917
1551,1.0,30.0,20.0,0.5,10.0,67.0,0.7313432892163595
1552,1.0,30.0,20.0,0.5,100.0,50.0,0.7255077362060547
1553,1.0,30.0,20.0,0.5,1000.0,47.0,0.7026378214359283
1554,1.0,30.0,20.0,0.5,10000.0,49.0,0.7153144180774689
1555,1.0,30.0,20.0,0.7,0.0,57.0,0.7969820002714793
1556,1.0,30.0,20.0,0.7,10.0,47.0,0.8109696904818217
1557,1.0,30.0,20.0,0.7,100.0,48.0,0.7852916022141775
1558,1.0,30.0,20.0,0.7,1000.0,63.0,0.7673163513342539
1559,1.0,30.0,20.0,0.7,10000.0,54.0,0.7800774673620859
1560,1.0,30.0,25.0,0.3,0.0,52.0,0.6910293797651926
1561,1.0,30.0,25.0,0.3,10.0,40.0,0.6811013519763947
1562,1.0,30.0,25.0,0.3,100.0,48.0,0.7004631062348684
1563,1.0,30.0,25.0,0.3,1000.0,56.0,0.6818471650282542
1564,1.0,30.0,25.0,0.3,10000.0,57.0,0.690365711847941
1565,1.0,30.0,25.0,0.5,0.0,57.0,0.7190932631492615
1566,1.0,30.0,25.0,0.5,10.0,54.0,0.7003891865412394
1567,1.0,30.0,25.0,0.5,100.0,48.0,0.7178639769554138
1568,1.0,30.0,25.0,0.5,1000.0,72.0,0.7149951159954071
1569,1.0,30.0,25.0,0.5,10000.0,57.0,0.7016319731871287
1570,1.0,30.0,25.0,0.7,0.0,62.0,0.7704605857531229
1571,1.0,30.0,25.0,0.7,10.0,57.0,0.7777862648169199
1572,1.0,30.0,25.0,0.7,100.0,53.0,0.7787891527016958
1573,1.0,30.0,25.0,0.7,1000.0,82.0,0.7620255649089813
1574,1.0,30.0,25.0,0.7,10000.0,86.0,0.7491695582866669
1575,1.0,30.0,30.0,0.3,0.0,62.0,0.6915727853775024
1576,1.0,30.0,30.0,0.3,10.0,64.0,0.6842880249023438
1577,1.0,30.0,30.0,0.3,100.0,50.0,0.7000284294287363
1578,1.0,30.0,30.0,0.3,1000.0,50.0,0.7101334730784098
1579,1.0,30.0,30.0,0.3,10000.0,42.0,0.6917724013328552
1580,1.0,30.0,30.0,0.5,0.0,61.0,0.7134471337000529
1581,1.0,30.0,30.0,0.5,10.0,64.0,0.6891636153062185
1582,1.0,30.0,30.0,0.5,100.0,51.0,0.722984383503596
1583,1.0,30.0,30.0,0.5,1000.0,44.0,0.7131030559539795
1584,1.0,30.0,30.0,0.5,10000.0,59.0,0.7011571923891703
1585,1.0,30.0,30.0,0.7,0.0,65.0,0.7693334321180979
1586,1.0,30.0,30.0,0.7,10.0,48.0,0.7495622038841248
1587,1.0,30.0,30.0,0.7,100.0,49.0,0.7589684128761292
1588,1.0,30.0,30.0,0.7,1000.0,56.0,0.7533330023288727
1589,1.0,30.0,30.0,0.7,10000.0,43.0,0.7434983551502228
1590,1.0,30.0,35.0,0.3,0.0,60.0,0.6853221555550894
1591,1.0,30.0,35.0,0.3,10.0,54.0,0.6937155922253927
1592,1.0,30.0,35.0,0.3,100.0,47.0,0.6921180287996928
1593,1.0,30.0,35.0,0.3,1000.0,62.0,0.6912034849325815
1594,1.0,30.0,35.0,0.3,10000.0,38.0,0.6964695354302725
1595,1.0,30.0,35.0,0.5,0.0,58.0,0.7004488209883372
1596,1.0,30.0,35.0,0.5,10.0,62.0,0.7045175631841024
1597,1.0,30.0,35.0,0.5,100.0,43.0,0.7173500955104828
1598,1.0,30.0,35.0,0.5,1000.0,68.0,0.6856201589107513
1599,1.0,30.0,35.0,0.5,10000.0,39.0,0.7074477175871531
1600,1.0,30.0,35.0,0.7,0.0,49.0,0.7563263773918152
1601,1.0,30.0,35.0,0.7,10.0,56.0,0.7435396114985148
1602,1.0,30.0,35.0,0.7,100.0,55.0,0.7441360950469971
1603,1.0,30.0,35.0,0.7,1000.0,39.0,0.765201727549235
1604,1.0,30.0,35.0,0.7,10000.0,65.0,0.745429128408432
1605,1.0,30.0,40.0,0.3,0.0,52.0,0.6763555357853571
1606,1.0,30.0,40.0,0.3,10.0,44.0,0.6835114061832428
1607,1.0,30.0,40.0,0.3,100.0,38.0,0.6941551764806112
1608,1.0,30.0,40.0,0.3,1000.0,75.0,0.678189734617869
1609,1.0,30.0,40.0,0.3,10000.0,42.0,0.7237200339635214
1610,1.0,30.0,40.0,0.5,0.0,62.0,0.6946341693401337
1611,1.0,30.0,40.0,0.5,10.0,45.0,0.692703515291214
1612,1.0,30.0,40.0,0.5,100.0,55.0,0.6997585395971934
1613,1.0,30.0,40.0,0.5,1000.0,68.0,0.6924475828806559
1614,1.0,30.0,40.0,0.5,10000.0,32.0,0.7324483593304952
1615,1.0,30.0,40.0,0.7,0.0,50.0,0.7351349790891012
1616,1.0,30.0,40.0,0.7,10.0,56.0,0.7303945322831472
1617,1.0,30.0,40.0,0.7,100.0,46.0,0.7528122961521149
1618,1.0,30.0,40.0,0.7,1000.0,81.0,0.7198137740294138
1619,1.0,30.0,40.0,0.7,10000.0,35.0,0.7927839855353037
1620,1.0,30.0,45.0,0.3,0.0,75.0,0.6811599483092626
1621,1.0,30.0,45.0,0.3,10.0,42.0,0.653079499801
1622,1.0,30.0,45.0,0.3,100.0,62.0,0.6876719743013382
1623,1.0,30.0,45.0,0.3,1000.0,34.0,0.7352665066719055
1624,1.0,30.0,45.0,0.3,10000.0,59.0,0.6870420873165131
1625,1.0,30.0,45.0,0.5,0.0,94.0,0.6949785749117533
1626,1.0,30.0,45.0,0.5,10.0,40.0,0.6767362554868063
1627,1.0,30.0,45.0,0.5,100.0,56.0,0.7053715884685516
1628,1.0,30.0,45.0,0.5,1000.0,38.0,0.742182453473409
1629,1.0,30.0,45.0,0.5,10000.0,59.0,0.7098416090011597
1630,1.0,30.0,45.0,0.7,0.0,45.0,0.7450161377588908
1631,1.0,30.0,45.0,0.7,10.0,60.0,0.7185410062472025
1632,1.0,30.0,45.0,0.7,100.0,73.0,0.7347819606463114
1633,1.0,30.0,45.0,0.7,1000.0,63.0,0.7627330919106802
1634,1.0,30.0,45.0,0.7,10000.0,59.0,0.7601861755053202
1635,1.0,30.0,50.0,0.3,0.0,52.0,0.6984411180019379
1636,1.0,30.0,50.0,0.3,10.0,54.0,0.6894557774066925
1637,1.0,30.0,50.0,0.3,100.0,52.0,0.6954454978307089
1638,1.0,30.0,50.0,0.3,1000.0,42.0,0.7025328278541565
1639,1.0,30.0,50.0,0.3,10000.0,52.0,0.6876449088255564
1640,1.0,30.0,50.0,0.5,0.0,66.0,0.7023535668849945
1641,1.0,30.0,50.0,0.5,10.0,56.0,0.703713446855545
1642,1.0,30.0,50.0,0.5,100.0,50.0,0.6963399151961008
1643,1.0,30.0,50.0,0.5,1000.0,34.0,0.7129177351792654
1644,1.0,30.0,50.0,0.5,10000.0,53.0,0.7018877963225046
1645,1.0,30.0,50.0,0.7,0.0,57.0,0.730260560909907
1646,1.0,30.0,50.0,0.7,10.0,72.0,0.7298310597737631
1647,1.0,30.0,50.0,0.7,100.0,65.0,0.718080590168635
1648,1.0,30.0,50.0,0.7,1000.0,56.0,0.7222310403982798
1649,1.0,30.0,50.0,0.7,10000.0,63.0,0.728784849246343
1650,2.0,30.0,5.0,0.3,0.0,50.0,0.7171321213245392
1651,2.0,30.0,5.0,0.3,10.0,46.0,0.7423876424630483
1652,2.0,30.0,5.0,0.3,100.0,60.0,0.7049265305201212
1653,2.0,30.0,5.0,0.3,1000.0,71.0,0.7093462149302164
1654,2.0,30.0,5.0,0.3,10000.0,126.0,0.76435919602712
1655,2.0,30.0,5.0,0.5,0.0,46.0,0.808566818634669
1656,2.0,30.0,5.0,0.5,10.0,45.0,0.7695173521836599
1657,2.0,30.0,5.0,0.5,100.0,44.0,0.7932720184326172
1658,2.0,30.0,5.0,0.5,1000.0,45.0,0.7736054261525472
1659,2.0,30.0,5.0,0.5,10000.0,69.0,0.9015661875406901
1660,2.0,30.0,5.0,0.7,0.0,39.0,0.9584255814552307
1661,2.0,30.0,5.0,0.7,10.0,30.0,0.9016187290350596
1662,2.0,30.0,5.0,0.7,100.0,72.0,0.9287941753864288
1663,2.0,30.0,5.0,0.7,1000.0,45.0,0.9358066817124685
1664,2.0,30.0,5.0,0.7,10000.0,53.0,1.1077372431755066
1665,2.0,30.0,10.0,0.3,0.0,59.0,0.70225257674853
1666,2.0,30.0,10.0,0.3,10.0,45.0,0.6839312016963959
1667,2.0,30.0,10.0,0.3,100.0,56.0,0.7047796448071798
1668,2.0,30.0,10.0,0.3,1000.0,38.0,0.6936663091182709
1669,2.0,30.0,10.0,0.3,10000.0,69.0,0.7025165657202402
1670,2.0,30.0,10.0,0.5,0.0,46.0,0.7581126093864441
1671,2.0,30.0,10.0,0.5,10.0,54.0,0.7147393325964609
1672,2.0,30.0,10.0,0.5,100.0,48.0,0.7160480717817942
1673,2.0,30.0,10.0,0.5,1000.0,59.0,0.7204038401444753
1674,2.0,30.0,10.0,0.5,10000.0,55.0,0.7387340068817139
1675,2.0,30.0,10.0,0.7,0.0,55.0,0.8805954257647196
1676,2.0,30.0,10.0,0.7,10.0,48.0,0.8145805398623148
1677,2.0,30.0,10.0,0.7,100.0,46.0,0.8537233471870422
1678,2.0,30.0,10.0,0.7,1000.0,75.0,0.8255646030108134
1679,2.0,30.0,10.0,0.7,10000.0,55.0,0.8265793323516846
1680,2.0,30.0,15.0,0.3,0.0,60.0,0.6782248914241791
1681,2.0,30.0,15.0,0.3,10.0,60.0,0.6652504007021586
1682,2.0,30.0,15.0,0.3,100.0,44.0,0.6665409108002981
1683,2.0,30.0,15.0,0.3,1000.0,67.0,0.6574055751164755
1684,2.0,30.0,15.0,0.3,10000.0,59.0,0.6673761904239655
1685,2.0,30.0,15.0,0.5,0.0,63.0,0.7097931305567423
1686,2.0,30.0,15.0,0.5,10.0,41.0,0.727350115776062
1687,2.0,30.0,15.0,0.5,100.0,50.0,0.6812267998854319
1688,2.0,30.0,15.0,0.5,1000.0,44.0,0.7028085688749949
1689,2.0,30.0,15.0,0.5,10000.0,41.0,0.6982160905996958
1690,2.0,30.0,15.0,0.7,0.0,65.0,0.772612859805425
1691,2.0,30.0,15.0,0.7,10.0,44.0,0.7837450702985128
1692,2.0,30.0,15.0,0.7,100.0,50.0,0.7632569869359335
1693,2.0,30.0,15.0,0.7,1000.0,67.0,0.7550990283489227
1694,2.0,30.0,15.0,0.7,10000.0,59.0,0.7912037571271261
1695,2.0,30.0,20.0,0.3,0.0,51.0,0.6585468749205271
1696,2.0,30.0,20.0,0.3,10.0,74.0,0.6538739502429962
1697,2.0,30.0,20.0,0.3,100.0,38.0,0.7066812316576639
1698,2.0,30.0,20.0,0.3,1000.0,42.0,0.6824570695559183
1699,2.0,30.0,20.0,0.3,10000.0,59.0,0.6856999595959982
1700,2.0,30.0,20.0,0.5,0.0,70.0,0.7008108297983805
1701,2.0,30.0,20.0,0.5,10.0,52.0,0.6725558439890543
1702,2.0,30.0,20.0,0.5,100.0,53.0,0.6843227545420328
1703,2.0,30.0,20.0,0.5,1000.0,65.0,0.6811017294724783
1704,2.0,30.0,20.0,0.5,10000.0,46.0,0.7255450387795767
1705,2.0,30.0,20.0,0.7,0.0,63.0,0.7593615452448527
1706,2.0,30.0,20.0,0.7,10.0,58.0,0.7241251269976298
1707,2.0,30.0,20.0,0.7,100.0,50.0,0.7684570749600729
1708,2.0,30.0,20.0,0.7,1000.0,77.0,0.7600417534510294
1709,2.0,30.0,20.0,0.7,10000.0,45.0,0.7984507083892822
1710,2.0,30.0,25.0,0.3,0.0,46.0,0.6583629548549652
1711,2.0,30.0,25.0,0.3,10.0,38.0,0.6608041326204935
1712,2.0,30.0,25.0,0.3,100.0,39.0,0.6578786869843801
1713,2.0,30.0,25.0,0.3,1000.0,62.0,0.6574009756247202
1714,2.0,30.0,25.0,0.3,10000.0,41.0,0.6633045772711436
1715,2.0,30.0,25.0,0.5,0.0,48.0,0.6802185972531637
1716,2.0,30.0,25.0,0.5,10.0,53.0,0.6784157355626425
1717,2.0,30.0,25.0,0.5,100.0,48.0,0.6906315883000692
1718,2.0,30.0,25.0,0.5,1000.0,64.0,0.6758745312690735
1719,2.0,30.0,25.0,0.5,10000.0,51.0,0.6916413605213165
1720,2.0,30.0,25.0,0.7,0.0,62.0,0.7402345935503641
1721,2.0,30.0,25.0,0.7,10.0,59.0,0.7024468183517456
1722,2.0,30.0,25.0,0.7,100.0,53.0,0.7301032344500223
1723,2.0,30.0,25.0,0.7,1000.0,52.0,0.7209083636601766
1724,2.0,30.0,25.0,0.7,10000.0,40.0,0.7324747939904531
1725,2.0,30.0,30.0,0.3,0.0,45.0,0.6619330644607544
1726,2.0,30.0,30.0,0.3,10.0,63.0,0.6775586704413096
1727,2.0,30.0,30.0,0.3,100.0,50.0,0.6559859613577524
1728,2.0,30.0,30.0,0.3,1000.0,40.0,0.6637908021608988
1729,2.0,30.0,30.0,0.3,10000.0,67.0,0.6568875114123026
1730,2.0,30.0,30.0,0.5,0.0,41.0,0.6803529262542725
1731,2.0,30.0,30.0,0.5,10.0,45.0,0.6809465289115906
1732,2.0,30.0,30.0,0.5,100.0,50.0,0.7035361727078756
1733,2.0,30.0,30.0,0.5,1000.0,57.0,0.6738753815491995
1734,2.0,30.0,30.0,0.5,10000.0,50.0,0.669516901175181
1735,2.0,30.0,30.0,0.7,0.0,59.0,0.7275924185911814
1736,2.0,30.0,30.0,0.7,10.0,57.0,0.7242777446905772
1737,2.0,30.0,30.0,0.7,100.0,45.0,0.7331848939259847
1738,2.0,30.0,30.0,0.7,1000.0,56.0,0.7186660567919413
1739,2.0,30.0,30.0,0.7,10000.0,52.0,0.7088540395100912
1740,2.0,30.0,35.0,0.3,0.0,47.0,0.6629008849461874
1741,2.0,30.0,35.0,0.3,10.0,41.0,0.6363727450370789
1742,2.0,30.0,35.0,0.3,100.0,43.0,0.6619408925374349
1743,2.0,30.0,35.0,0.3,1000.0,44.0,0.6530015667279562
1744,2.0,30.0,35.0,0.3,10000.0,80.0,0.6688685715198517
1745,2.0,30.0,35.0,0.5,0.0,54.0,0.6740652024745941
1746,2.0,30.0,35.0,0.5,10.0,54.0,0.6460010806719462
1747,2.0,30.0,35.0,0.5,100.0,50.0,0.6712556878725687
1748,2.0,30.0,35.0,0.5,1000.0,43.0,0.6720426181952158
1749,2.0,30.0,35.0,0.5,10000.0,65.0,0.6685639520486196
1750,2.0,30.0,35.0,0.7,0.0,46.0,0.7217585742473602
1751,2.0,30.0,35.0,0.7,10.0,41.0,0.6965649823347727
1752,2.0,30.0,35.0,0.7,100.0,65.0,0.7225487430890402
1753,2.0,30.0,35.0,0.7,1000.0,43.0,0.7221388022104899
1754,2.0,30.0,35.0,0.7,10000.0,65.0,0.717095673084259
1755,2.0,30.0,40.0,0.3,0.0,34.0,0.6861278514067332
1756,2.0,30.0,40.0,0.3,10.0,46.0,0.6569513082504272
1757,2.0,30.0,40.0,0.3,100.0,38.0,0.7017395198345184
1758,2.0,30.0,40.0,0.3,1000.0,44.0,0.6724861065546671
1759,2.0,30.0,40.0,0.3,10000.0,47.0,0.6842305262883505
1760,2.0,30.0,40.0,0.5,0.0,32.0,0.68060236175855
1761,2.0,30.0,40.0,0.5,10.0,48.0,0.6625765065352122
1762,2.0,30.0,40.0,0.5,100.0,54.0,0.6612099607785543
1763,2.0,30.0,40.0,0.5,1000.0,50.0,0.697004109621048
1764,2.0,30.0,40.0,0.5,10000.0,58.0,0.7131595412890116
1765,2.0,30.0,40.0,0.7,0.0,50.0,0.6983309189478556
1766,2.0,30.0,40.0,0.7,10.0,54.0,0.7103206316630045
1767,2.0,30.0,40.0,0.7,100.0,33.0,0.7315752903620402
1768,2.0,30.0,40.0,0.7,1000.0,57.0,0.7235989471276602
1769,2.0,30.0,40.0,0.7,10000.0,45.0,0.7334693471590678
1770,2.0,30.0,45.0,0.3,0.0,76.0,0.6627889573574066
1771,2.0,30.0,45.0,0.3,10.0,42.0,0.655693918466568
1772,2.0,30.0,45.0,0.3,100.0,42.0,0.6787992815176646
1773,2.0,30.0,45.0,0.3,1000.0,72.0,0.6683760782082876
1774,2.0,30.0,45.0,0.3,10000.0,45.0,0.6504661738872528
1775,2.0,30.0,45.0,0.5,0.0,46.0,0.6859193046887716
1776,2.0,30.0,45.0,0.5,10.0,53.0,0.6749678154786428
1777,2.0,30.0,45.0,0.5,100.0,48.0,0.6861413319905599
1778,2.0,30.0,45.0,0.5,1000.0,63.0,0.6658632854620615
1779,2.0,30.0,45.0,0.5,10000.0,49.0,0.6651318967342377
1780,2.0,30.0,45.0,0.7,0.0,62.0,0.7232113778591156
1781,2.0,30.0,45.0,0.7,10.0,33.0,0.7444936136404673
1782,2.0,30.0,45.0,0.7,100.0,65.0,0.6970876455307007
1783,2.0,30.0,45.0,0.7,1000.0,72.0,0.7030320564905802
1784,2.0,30.0,45.0,0.7,10000.0,59.0,0.6959875325361887
1785,2.0,30.0,50.0,0.3,0.0,52.0,0.6616891523202261
1786,2.0,30.0,50.0,0.3,10.0,43.0,0.6764821310838064
1787,2.0,30.0,50.0,0.3,100.0,39.0,0.6626831988493601
1788,2.0,30.0,50.0,0.3,1000.0,42.0,0.6613085766633352
1789,2.0,30.0,50.0,0.3,10000.0,49.0,0.6562920759121577
1790,2.0,30.0,50.0,0.5,0.0,46.0,0.6669306655724844
1791,2.0,30.0,50.0,0.5,10.0,45.0,0.663728674252828
1792,2.0,30.0,50.0,0.5,100.0,39.0,0.6679712434609731
1793,2.0,30.0,50.0,0.5,1000.0,62.0,0.6560226281483968
1794,2.0,30.0,50.0,0.5,10000.0,50.0,0.6710882782936096
1795,2.0,30.0,50.0,0.7,0.0,55.0,0.7078372438748678
1796,2.0,30.0,50.0,0.7,10.0,52.0,0.6842118700345358
1797,2.0,30.0,50.0,0.7,100.0,50.0,0.7009268601735433
1798,2.0,30.0,50.0,0.7,1000.0,73.0,0.7035774886608124
1799,2.0,30.0,50.0,0.7,10000.0,49.0,0.6778206626574198
1800,1.0,35.0,5.0,0.3,0.0,161.0,1.0429977079232533
1801,1.0,35.0,5.0,0.3,10.0,57.0,0.7429649929205576
1802,1.0,35.0,5.0,0.3,100.0,69.0,0.7257121404012045
1803,1.0,35.0,5.0,0.3,1000.0,274.0,1.0372047225634258
1804,1.0,35.0,5.0,0.3,10000.0,142.0,1.0261212686697643
1805,1.0,35.0,5.0,0.5,0.0,108.0,1.1872229774792988
1806,1.0,35.0,5.0,0.5,10.0,57.0,0.8134723802407583
1807,1.0,35.0,5.0,0.5,100.0,52.0,0.814940353234609
1808,1.0,35.0,5.0,0.5,1000.0,232.0,1.1350558201471965
1809,1.0,35.0,5.0,0.5,10000.0,106.0,1.1582783162593842
1810,1.0,35.0,5.0,0.7,0.0,28.0,1.2985526323318481
1811,1.0,35.0,5.0,0.7,10.0,45.0,1.0011708935101826
1812,1.0,35.0,5.0,0.7,100.0,77.0,0.9538842538992564
1813,1.0,35.0,5.0,0.7,1000.0,163.0,1.2944748401641846
1814,1.0,35.0,5.0,0.7,10000.0,62.0,1.2867906888326008
1815,1.0,35.0,10.0,0.3,0.0,64.0,0.7082728942235311
1816,1.0,35.0,10.0,0.3,10.0,46.0,0.7300856312115988
1817,1.0,35.0,10.0,0.3,100.0,44.0,0.7120687961578369
1818,1.0,35.0,10.0,0.3,1000.0,51.0,0.7708408832550049
1819,1.0,35.0,10.0,0.3,10000.0,54.0,0.6857150793075562
1820,1.0,35.0,10.0,0.5,0.0,50.0,0.7542064487934113
1821,1.0,35.0,10.0,0.5,10.0,46.0,0.7954419453938802
1822,1.0,35.0,10.0,0.5,100.0,44.0,0.7760564386844635
1823,1.0,35.0,10.0,0.5,1000.0,36.0,0.8281756639480591
1824,1.0,35.0,10.0,0.5,10000.0,48.0,0.7305306295553843
1825,1.0,35.0,10.0,0.7,0.0,49.0,0.8593954642613729
1826,1.0,35.0,10.0,0.7,10.0,49.0,0.9324390391508738
1827,1.0,35.0,10.0,0.7,100.0,73.0,0.858417938152949
1828,1.0,35.0,10.0,0.7,1000.0,66.0,0.881814161936442
1829,1.0,35.0,10.0,0.7,10000.0,52.0,0.8176409800847372
1830,1.0,35.0,15.0,0.3,0.0,44.0,0.7127215464909872
1831,1.0,35.0,15.0,0.3,10.0,48.0,0.7107523381710052
1832,1.0,35.0,15.0,0.3,100.0,57.0,0.7047460277875265
1833,1.0,35.0,15.0,0.3,1000.0,38.0,0.6981368561585745
1834,1.0,35.0,15.0,0.3,10000.0,44.0,0.7055963277816772
1835,1.0,35.0,15.0,0.5,0.0,50.0,0.730518122514089
1836,1.0,35.0,15.0,0.5,10.0,47.0,0.7392612000306448
1837,1.0,35.0,15.0,0.5,100.0,66.0,0.7554287612438202
1838,1.0,35.0,15.0,0.5,1000.0,42.0,0.738272358973821
1839,1.0,35.0,15.0,0.5,10000.0,48.0,0.730931838353475
1840,1.0,35.0,15.0,0.7,0.0,65.0,0.8206293880939484
1841,1.0,35.0,15.0,0.7,10.0,55.0,0.8299863934516907
1842,1.0,35.0,15.0,0.7,100.0,106.0,0.8516616821289062
1843,1.0,35.0,15.0,0.7,1000.0,62.0,0.8006444275379181
1844,1.0,35.0,15.0,0.7,10000.0,51.0,0.8054297566413879
1845,1.0,35.0,20.0,0.3,0.0,44.0,0.6997251609961191
1846,1.0,35.0,20.0,0.3,10.0,57.0,0.6948543936014175
1847,1.0,35.0,20.0,0.3,100.0,40.0,0.7087530096371969
1848,1.0,35.0,20.0,0.3,1000.0,46.0,0.674838791290919
1849,1.0,35.0,20.0,0.3,10000.0,47.0,0.684099406003952
1850,1.0,35.0,20.0,0.5,0.0,54.0,0.7439485490322113
1851,1.0,35.0,20.0,0.5,10.0,46.0,0.7268404563268026
1852,1.0,35.0,20.0,0.5,100.0,48.0,0.7361113528410593
1853,1.0,35.0,20.0,0.5,1000.0,57.0,0.7062354683876038
1854,1.0,35.0,20.0,0.5,10000.0,57.0,0.7141417364279429
1855,1.0,35.0,20.0,0.7,0.0,58.0,0.8205888370672861
1856,1.0,35.0,20.0,0.7,10.0,62.0,0.7841366032759348
1857,1.0,35.0,20.0,0.7,100.0,50.0,0.8113383054733276
1858,1.0,35.0,20.0,0.7,1000.0,52.0,0.7611658374468485
1859,1.0,35.0,20.0,0.7,10000.0,57.0,0.7903472681840261
1860,1.0,35.0,25.0,0.3,0.0,36.0,0.7129966914653778
1861,1.0,35.0,25.0,0.3,10.0,47.0,0.6896325846513113
1862,1.0,35.0,25.0,0.3,100.0,46.0,0.6829673747221628
1863,1.0,35.0,25.0,0.3,1000.0,53.0,0.6982378860314687
1864,1.0,35.0,25.0,0.3,10000.0,51.0,0.6804656287034353
1865,1.0,35.0,25.0,0.5,0.0,46.0,0.7037622133890787
1866,1.0,35.0,25.0,0.5,10.0,49.0,0.7224921584129333
1867,1.0,35.0,25.0,0.5,100.0,42.0,0.7034565309683481
1868,1.0,35.0,25.0,0.5,1000.0,35.0,0.7137151261170706
1869,1.0,35.0,25.0,0.5,10000.0,51.0,0.7219934264818827
1870,1.0,35.0,25.0,0.7,0.0,55.0,0.7715461552143097
1871,1.0,35.0,25.0,0.7,10.0,53.0,0.767476499080658
1872,1.0,35.0,25.0,0.7,100.0,54.0,0.735551118850708
1873,1.0,35.0,25.0,0.7,1000.0,46.0,0.7595325410366058
1874,1.0,35.0,25.0,0.7,10000.0,51.0,0.7787582178910574
1875,1.0,35.0,30.0,0.3,0.0,37.0,0.7046847840150198
1876,1.0,35.0,30.0,0.3,10.0,47.0,0.691092868645986
1877,1.0,35.0,30.0,0.3,100.0,58.0,0.6893907984097799
1878,1.0,35.0,30.0,0.3,1000.0,53.0,0.6778862178325653
1879,1.0,35.0,30.0,0.3,10000.0,46.0,0.6713141252597173
1880,1.0,35.0,30.0,0.5,0.0,47.0,0.7173082331816355
1881,1.0,35.0,30.0,0.5,10.0,47.0,0.7049374183019003
1882,1.0,35.0,30.0,0.5,100.0,37.0,0.7155991792678833
1883,1.0,35.0,30.0,0.5,1000.0,57.0,0.6834633946418762
1884,1.0,35.0,30.0,0.5,10000.0,39.0,0.681511918703715
1885,1.0,35.0,30.0,0.7,0.0,53.0,0.7772624293963114
1886,1.0,35.0,30.0,0.7,10.0,47.0,0.7421214679876963
1887,1.0,35.0,30.0,0.7,100.0,56.0,0.7507460216681162
1888,1.0,35.0,30.0,0.7,1000.0,53.0,0.7448423405488332
1889,1.0,35.0,30.0,0.7,10000.0,63.0,0.7228099703788757
1890,1.0,35.0,35.0,0.3,0.0,48.0,0.6813469330469767
1891,1.0,35.0,35.0,0.3,10.0,55.0,0.6860041817029318
1892,1.0,35.0,35.0,0.3,100.0,43.0,0.7123360733191172
1893,1.0,35.0,35.0,0.3,1000.0,51.0,0.6661569972832998
1894,1.0,35.0,35.0,0.3,10000.0,52.0,0.6736838022867838
1895,1.0,35.0,35.0,0.5,0.0,37.0,0.6785724659760793
1896,1.0,35.0,35.0,0.5,10.0,46.0,0.6952491899331411
1897,1.0,35.0,35.0,0.5,100.0,43.0,0.742766926685969
1898,1.0,35.0,35.0,0.5,1000.0,53.0,0.6853866775830587
1899,1.0,35.0,35.0,0.5,10000.0,54.0,0.6993555128574371
1900,1.0,35.0,35.0,0.7,0.0,47.0,0.7516715327898661
1901,1.0,35.0,35.0,0.7,10.0,56.0,0.7393477360407511
1902,1.0,35.0,35.0,0.7,100.0,40.0,0.7957070469856262
1903,1.0,35.0,35.0,0.7,1000.0,51.0,0.7244715491930643
1904,1.0,35.0,35.0,0.7,10000.0,52.0,0.7361857791741689
1905,1.0,35.0,40.0,0.3,0.0,36.0,0.6876273353894552
1906,1.0,35.0,40.0,0.3,10.0,47.0,0.6944147646427155
1907,1.0,35.0,40.0,0.3,100.0,58.0,0.6992661207914352
1908,1.0,35.0,40.0,0.3,1000.0,44.0,0.6780438423156738
1909,1.0,35.0,40.0,0.3,10000.0,48.0,0.7016991178194681
1910,1.0,35.0,40.0,0.5,0.0,37.0,0.6939797898133596
1911,1.0,35.0,40.0,0.5,10.0,67.0,0.6943539679050446
1912,1.0,35.0,40.0,0.5,100.0,56.0,0.7075806160767873
1913,1.0,35.0,40.0,0.5,1000.0,47.0,0.6883668402830759
1914,1.0,35.0,40.0,0.5,10000.0,56.0,0.7037282884120941
1915,1.0,35.0,40.0,0.7,0.0,42.0,0.7339739004770914
1916,1.0,35.0,40.0,0.7,10.0,62.0,0.7300097246964773
1917,1.0,35.0,40.0,0.7,100.0,71.0,0.732603391011556
1918,1.0,35.0,40.0,0.7,1000.0,47.0,0.7244335611661276
1919,1.0,35.0,40.0,0.7,10000.0,66.0,0.7470660010973612
1920,1.0,35.0,45.0,0.3,0.0,48.0,0.6855607430140177
1921,1.0,35.0,45.0,0.3,10.0,33.0,0.6944271524747213
1922,1.0,35.0,45.0,0.3,100.0,44.0,0.7126460671424866
1923,1.0,35.0,45.0,0.3,1000.0,35.0,0.6818334857622782
1924,1.0,35.0,45.0,0.3,10000.0,53.0,0.6752229829629263
1925,1.0,35.0,45.0,0.5,0.0,41.0,0.6920509934425354
1926,1.0,35.0,45.0,0.5,10.0,37.0,0.7008238732814789
1927,1.0,35.0,45.0,0.5,100.0,42.0,0.7173811693986257
1928,1.0,35.0,45.0,0.5,1000.0,59.0,0.6921087404092153
1929,1.0,35.0,45.0,0.5,10000.0,55.0,0.6957230567932129
1930,1.0,35.0,45.0,0.7,0.0,46.0,0.7253221074740092
1931,1.0,35.0,45.0,0.7,10.0,41.0,0.7462217112382253
1932,1.0,35.0,45.0,0.7,100.0,54.0,0.7368773718674978
1933,1.0,35.0,45.0,0.7,1000.0,59.0,0.7180111010869344
1934,1.0,35.0,45.0,0.7,10000.0,57.0,0.7307239770889282
1935,1.0,35.0,50.0,0.3,0.0,36.0,0.6998688677946726
1936,1.0,35.0,50.0,0.3,10.0,55.0,0.6649594207604727
1937,1.0,35.0,50.0,0.3,100.0,46.0,0.7055191397666931
1938,1.0,35.0,50.0,0.3,1000.0,63.0,0.6941343247890472
1939,1.0,35.0,50.0,0.3,10000.0,52.0,0.6747034390767416
1940,1.0,35.0,50.0,0.5,0.0,49.0,0.7016235192616781
1941,1.0,35.0,50.0,0.5,10.0,51.0,0.6784277359644572
1942,1.0,35.0,50.0,0.5,100.0,51.0,0.7085619966189066
1943,1.0,35.0,50.0,0.5,1000.0,53.0,0.6884600520133972
1944,1.0,35.0,50.0,0.5,10000.0,53.0,0.674835999806722
1945,1.0,35.0,50.0,0.7,0.0,55.0,0.7142930130163828
1946,1.0,35.0,50.0,0.7,10.0,68.0,0.7117923200130463
1947,1.0,35.0,50.0,0.7,100.0,51.0,0.7358825008074442
1948,1.0,35.0,50.0,0.7,1000.0,54.0,0.7203088800112406
1949,1.0,35.0,50.0,0.7,10000.0,51.0,0.7012845873832703
1950,2.0,35.0,5.0,0.3,0.0,69.0,0.713831235965093
1951,2.0,35.0,5.0,0.3,10.0,37.0,0.7827223539352417
1952,2.0,35.0,5.0,0.3,100.0,76.0,0.7138045032819113
1953,2.0,35.0,5.0,0.3,1000.0,67.0,0.716354658206304
1954,2.0,35.0,5.0,0.3,10000.0,46.0,0.7010989189147949
1955,2.0,35.0,5.0,0.5,0.0,59.0,0.769307404756546
1956,2.0,35.0,5.0,0.5,10.0,42.0,0.7872786621252695
1957,2.0,35.0,5.0,0.5,100.0,63.0,0.810365229845047
1958,2.0,35.0,5.0,0.5,1000.0,63.0,0.7888619105021158
1959,2.0,35.0,5.0,0.5,10000.0,54.0,0.7770672142505646
1960,2.0,35.0,5.0,0.7,0.0,49.0,0.9064485232035319
1961,2.0,35.0,5.0,0.7,10.0,46.0,0.937298317750295
1962,2.0,35.0,5.0,0.7,100.0,43.0,1.0227327446142833
1963,2.0,35.0,5.0,0.7,1000.0,45.0,0.9366488357385
1964,2.0,35.0,5.0,0.7,10000.0,41.0,0.9401046931743622
1965,2.0,35.0,10.0,0.3,0.0,49.0,0.7105612456798553
1966,2.0,35.0,10.0,0.3,10.0,45.0,0.6745937367280325
1967,2.0,35.0,10.0,0.3,100.0,60.0,0.7172631720701853
1968,2.0,35.0,10.0,0.3,1000.0,69.0,0.6859417061010996
1969,2.0,35.0,10.0,0.3,10000.0,56.0,0.6929186781247457
1970,2.0,35.0,10.0,0.5,0.0,43.0,0.7312742173671722
1971,2.0,35.0,10.0,0.5,10.0,40.0,0.7147918144861857
1972,2.0,35.0,10.0,0.5,100.0,61.0,0.7796437640984853
1973,2.0,35.0,10.0,0.5,1000.0,67.0,0.7200625340143839
1974,2.0,35.0,10.0,0.5,10000.0,60.0,0.7480005125204722
1975,2.0,35.0,10.0,0.7,0.0,43.0,0.8417057394981384
1976,2.0,35.0,10.0,0.7,10.0,42.0,0.8175382713476816
1977,2.0,35.0,10.0,0.7,100.0,59.0,0.9277844230333964
1978,2.0,35.0,10.0,0.7,1000.0,56.0,0.8462735811869303
1979,2.0,35.0,10.0,0.7,10000.0,57.0,0.854391743739446
1980,2.0,35.0,15.0,0.3,0.0,60.0,0.6687887012958527
1981,2.0,35.0,15.0,0.3,10.0,43.0,0.6706345081329346
1982,2.0,35.0,15.0,0.3,100.0,52.0,0.6713027060031891
1983,2.0,35.0,15.0,0.3,1000.0,52.0,0.683252195517222
1984,2.0,35.0,15.0,0.3,10000.0,32.0,0.6834611594676971
1985,2.0,35.0,15.0,0.5,0.0,73.0,0.7074114580949148
1986,2.0,35.0,15.0,0.5,10.0,37.0,0.6879668136437734
1987,2.0,35.0,15.0,0.5,100.0,66.0,0.6860337058703104
1988,2.0,35.0,15.0,0.5,1000.0,45.0,0.6979080537954966
1989,2.0,35.0,15.0,0.5,10000.0,48.0,0.7114373644193014
1990,2.0,35.0,15.0,0.7,0.0,79.0,0.7753951748212179
1991,2.0,35.0,15.0,0.7,10.0,61.0,0.7435566286245981
1992,2.0,35.0,15.0,0.7,100.0,39.0,0.8059185047944387
1993,2.0,35.0,15.0,0.7,1000.0,29.0,0.7784129083156586
1994,2.0,35.0,15.0,0.7,10000.0,48.0,0.7617567181587219
1995,2.0,35.0,20.0,0.3,0.0,42.0,0.737342099348704
1996,2.0,35.0,20.0,0.3,10.0,47.0,0.6752298374970754
1997,2.0,35.0,20.0,0.3,100.0,40.0,0.6918630103270212
1998,2.0,35.0,20.0,0.3,1000.0,50.0,0.6614418923854828
1999,2.0,35.0,20.0,0.3,10000.0,42.0,0.6667178670565287
2000,2.0,35.0,20.0,0.5,0.0,56.0,0.7043414016564687
2001,2.0,35.0,20.0,0.5,10.0,37.0,0.7201132675011953
2002,2.0,35.0,20.0,0.5,100.0,39.0,0.7138898770014445
2003,2.0,35.0,20.0,0.5,1000.0,46.0,0.6983853280544281
2004,2.0,35.0,20.0,0.5,10000.0,54.0,0.6862374146779379
2005,2.0,35.0,20.0,0.7,0.0,33.0,0.761315663655599
2006,2.0,35.0,20.0,0.7,10.0,37.0,0.7794640958309174
2007,2.0,35.0,20.0,0.7,100.0,54.0,0.7619993189970652
2008,2.0,35.0,20.0,0.7,1000.0,61.0,0.7701127628485361
2009,2.0,35.0,20.0,0.7,10000.0,56.0,0.7535933951536814
2010,2.0,35.0,25.0,0.3,0.0,57.0,0.6731704672177633
2011,2.0,35.0,25.0,0.3,10.0,40.0,0.6555635333061218
2012,2.0,35.0,25.0,0.3,100.0,40.0,0.6941196521123251
2013,2.0,35.0,25.0,0.3,1000.0,73.0,0.6844378709793091
2014,2.0,35.0,25.0,0.3,10000.0,56.0,0.6956706941127777
2015,2.0,35.0,25.0,0.5,0.0,46.0,0.6885249118010203
2016,2.0,35.0,25.0,0.5,10.0,43.0,0.6723614831765493
2017,2.0,35.0,25.0,0.5,100.0,42.0,0.7002713680267334
2018,2.0,35.0,25.0,0.5,1000.0,29.0,0.7625047167142233
2019,2.0,35.0,25.0,0.5,10000.0,49.0,0.6905755499998728
2020,2.0,35.0,25.0,0.7,0.0,55.0,0.7303989926973978
2021,2.0,35.0,25.0,0.7,10.0,57.0,0.7196634411811829
2022,2.0,35.0,25.0,0.7,100.0,61.0,0.7391330997149149
2023,2.0,35.0,25.0,0.7,1000.0,29.0,0.8314742545286814
2024,2.0,35.0,25.0,0.7,10000.0,55.0,0.7234738767147064
2025,2.0,35.0,30.0,0.3,0.0,57.0,0.6592557628949484
2026,2.0,35.0,30.0,0.3,10.0,44.0,0.6621549924214681
2027,2.0,35.0,30.0,0.3,100.0,43.0,0.6744623978932699
2028,2.0,35.0,30.0,0.3,1000.0,40.0,0.6513391137123108
2029,2.0,35.0,30.0,0.3,10000.0,54.0,0.6569922665754954
2030,2.0,35.0,30.0,0.5,0.0,57.0,0.6722825070222219
2031,2.0,35.0,30.0,0.5,10.0,63.0,0.6907093028227488
2032,2.0,35.0,30.0,0.5,100.0,43.0,0.7042926748593649
2033,2.0,35.0,30.0,0.5,1000.0,46.0,0.6860220531622568
2034,2.0,35.0,30.0,0.5,10000.0,39.0,0.6775304675102234
2035,2.0,35.0,30.0,0.7,0.0,57.0,0.7095058957735697
2036,2.0,35.0,30.0,0.7,10.0,42.0,0.7009928226470947
2037,2.0,35.0,30.0,0.7,100.0,62.0,0.7244393726189932
2038,2.0,35.0,30.0,0.7,1000.0,53.0,0.7106647888819376
2039,2.0,35.0,30.0,0.7,10000.0,52.0,0.7295105854670206
2040,2.0,35.0,35.0,0.3,0.0,34.0,0.7047287325064341
2041,2.0,35.0,35.0,0.3,10.0,43.0,0.6550798217455546
2042,2.0,35.0,35.0,0.3,100.0,57.0,0.6561529835065206
2043,2.0,35.0,35.0,0.3,1000.0,34.0,0.6875280936559042
2044,2.0,35.0,35.0,0.3,10000.0,53.0,0.6617212196191152
2045,2.0,35.0,35.0,0.5,0.0,47.0,0.6734376152356466
2046,2.0,35.0,35.0,0.5,10.0,47.0,0.6719681024551392
2047,2.0,35.0,35.0,0.5,100.0,65.0,0.6954969763755798
2048,2.0,35.0,35.0,0.5,1000.0,62.0,0.7182045876979828
2049,2.0,35.0,35.0,0.5,10000.0,53.0,0.6698400378227234
2050,2.0,35.0,35.0,0.7,0.0,60.0,0.711820662021637
2051,2.0,35.0,35.0,0.7,10.0,46.0,0.7124334673086802
2052,2.0,35.0,35.0,0.7,100.0,51.0,0.6911524335543314
2053,2.0,35.0,35.0,0.7,1000.0,61.0,0.7179050048192342
2054,2.0,35.0,35.0,0.7,10000.0,52.0,0.7096531987190247
2055,2.0,35.0,40.0,0.3,0.0,42.0,0.67296169201533
2056,2.0,35.0,40.0,0.3,10.0,44.0,0.6776058872540792
2057,2.0,35.0,40.0,0.3,100.0,45.0,0.6625777979691824
2058,2.0,35.0,40.0,0.3,1000.0,34.0,0.6525702178478241
2059,2.0,35.0,40.0,0.3,10000.0,63.0,0.6695659856001536
2060,2.0,35.0,40.0,0.5,0.0,56.0,0.6964167654514313
2061,2.0,35.0,40.0,0.5,10.0,40.0,0.6895497043927511
2062,2.0,35.0,40.0,0.5,100.0,42.0,0.6773294111092886
2063,2.0,35.0,40.0,0.5,1000.0,43.0,0.669501413901647
2064,2.0,35.0,40.0,0.5,10000.0,51.0,0.6596550047397614
2065,2.0,35.0,40.0,0.7,0.0,43.0,0.7200708389282227
2066,2.0,35.0,40.0,0.7,10.0,48.0,0.7215463320414225
2067,2.0,35.0,40.0,0.7,100.0,42.0,0.7120180825392405
2068,2.0,35.0,40.0,0.7,1000.0,43.0,0.6871573825677236
2069,2.0,35.0,40.0,0.7,10000.0,53.0,0.7043537199497223
2070,2.0,35.0,45.0,0.3,0.0,41.0,0.6767019728819529
2071,2.0,35.0,45.0,0.3,10.0,50.0,0.6388959189256033
2072,2.0,35.0,45.0,0.3,100.0,60.0,0.67659991979599
2073,2.0,35.0,45.0,0.3,1000.0,44.0,0.6590937376022339
2074,2.0,35.0,45.0,0.3,10000.0,62.0,0.6722598572572073
2075,2.0,35.0,45.0,0.5,0.0,43.0,0.6692366798718771
2076,2.0,35.0,45.0,0.5,10.0,54.0,0.6562331517537435
2077,2.0,35.0,45.0,0.5,100.0,60.0,0.6724509994188944
2078,2.0,35.0,45.0,0.5,1000.0,35.0,0.6654912531375885
2079,2.0,35.0,45.0,0.5,10000.0,61.0,0.6580127080281576
2080,2.0,35.0,45.0,0.7,0.0,61.0,0.705422431230545
2081,2.0,35.0,45.0,0.7,10.0,58.0,0.6930911242961884
2082,2.0,35.0,45.0,0.7,100.0,74.0,0.6821329096953074
2083,2.0,35.0,45.0,0.7,1000.0,49.0,0.6829855541388193
2084,2.0,35.0,45.0,0.7,10000.0,47.0,0.6876590549945831
2085,2.0,35.0,50.0,0.3,0.0,48.0,0.6610928078492483
2086,2.0,35.0,50.0,0.3,10.0,39.0,0.6537155906359354
2087,2.0,35.0,50.0,0.3,100.0,48.0,0.6747934718926748
2088,2.0,35.0,50.0,0.3,1000.0,73.0,0.6509469598531723
2089,2.0,35.0,50.0,0.3,10000.0,36.0,0.6750980615615845
2090,2.0,35.0,50.0,0.5,0.0,46.0,0.6806685527165731
2091,2.0,35.0,50.0,0.5,10.0,47.0,0.6654451787471771
2092,2.0,35.0,50.0,0.5,100.0,48.0,0.6937844157218933
2093,2.0,35.0,50.0,0.5,1000.0,65.0,0.6664915482203165
2094,2.0,35.0,50.0,0.5,10000.0,32.0,0.6860451598962148
2095,2.0,35.0,50.0,0.7,0.0,55.0,0.6976513862609863
2096,2.0,35.0,50.0,0.7,10.0,42.0,0.6971239050229391
2097,2.0,35.0,50.0,0.7,100.0,53.0,0.7047306398550669
2098,2.0,35.0,50.0,0.7,1000.0,68.0,0.6936841706434885
2099,2.0,35.0,50.0,0.7,10000.0,38.0,0.7125440339247385
2100,1.0,40.0,5.0,0.3,0.0,64.0,0.7160725394884745
2101,1.0,40.0,5.0,0.3,10.0,44.0,0.7210599978764852
2102,1.0,40.0,5.0,0.3,100.0,69.0,0.7504494885603586
2103,1.0,40.0,5.0,0.3,1000.0,51.0,0.7200194299221039
2104,1.0,40.0,5.0,0.3,10000.0,80.0,0.8078107039133707
2105,1.0,40.0,5.0,0.5,0.0,57.0,0.8091526726881663
2106,1.0,40.0,5.0,0.5,10.0,69.0,0.7882576882839203
2107,1.0,40.0,5.0,0.5,100.0,40.0,0.8092758556207021
2108,1.0,40.0,5.0,0.5,1000.0,56.0,0.7924843728542328
2109,1.0,40.0,5.0,0.5,10000.0,120.0,0.8158672551314036
2110,1.0,40.0,5.0,0.7,0.0,77.0,0.9484732151031494
2111,1.0,40.0,5.0,0.7,10.0,59.0,0.9549046655495962
2112,1.0,40.0,5.0,0.7,100.0,19.0,1.0159751971562703
2113,1.0,40.0,5.0,0.7,1000.0,67.0,0.9405931433041891
2114,1.0,40.0,5.0,0.7,10000.0,80.0,0.9769603610038757
2115,1.0,40.0,10.0,0.3,0.0,36.0,0.7151496410369873
2116,1.0,40.0,10.0,0.3,10.0,47.0,0.6875780324141184
2117,1.0,40.0,10.0,0.3,100.0,50.0,0.7275647222995758
2118,1.0,40.0,10.0,0.3,1000.0,59.0,0.7225624024868011
2119,1.0,40.0,10.0,0.3,10000.0,56.0,0.6966506640116373
2120,1.0,40.0,10.0,0.5,0.0,35.0,0.7632406751314799
2121,1.0,40.0,10.0,0.5,10.0,60.0,0.7211485703786215
2122,1.0,40.0,10.0,0.5,100.0,42.0,0.7747561633586884
2123,1.0,40.0,10.0,0.5,1000.0,44.0,0.7594661315282186
2124,1.0,40.0,10.0,0.5,10000.0,44.0,0.7419496178627014
2125,1.0,40.0,10.0,0.7,0.0,48.0,0.8798572619756063
2126,1.0,40.0,10.0,0.7,10.0,41.0,0.83745938539505
2127,1.0,40.0,10.0,0.7,100.0,71.0,0.8919907212257385
2128,1.0,40.0,10.0,0.7,1000.0,42.0,0.8441552420457205
2129,1.0,40.0,10.0,0.7,10000.0,30.0,0.9000837405522665
2130,1.0,40.0,15.0,0.3,0.0,48.0,0.697763055562973
2131,1.0,40.0,15.0,0.3,10.0,54.0,0.7034087975819906
2132,1.0,40.0,15.0,0.3,100.0,50.0,0.6966159989436468
2133,1.0,40.0,15.0,0.3,1000.0,45.0,0.7315074503421783
2134,1.0,40.0,15.0,0.3,10000.0,55.0,0.6779022812843323
2135,1.0,40.0,15.0,0.5,0.0,46.0,0.7170429130395254
2136,1.0,40.0,15.0,0.5,10.0,41.0,0.7386078933874766
2137,1.0,40.0,15.0,0.5,100.0,62.0,0.725993275642395
2138,1.0,40.0,15.0,0.5,1000.0,56.0,0.7399135231971741
2139,1.0,40.0,15.0,0.5,10000.0,50.0,0.7266645928223928
2140,1.0,40.0,15.0,0.7,0.0,48.0,0.7833894789218903
2141,1.0,40.0,15.0,0.7,10.0,39.0,0.8272565305233002
2142,1.0,40.0,15.0,0.7,100.0,56.0,0.7765490810076395
2143,1.0,40.0,15.0,0.7,1000.0,51.0,0.8309501906236013
2144,1.0,40.0,15.0,0.7,10000.0,43.0,0.8240338861942291
2145,1.0,40.0,20.0,0.3,0.0,31.0,0.7028126021226248
2146,1.0,40.0,20.0,0.3,10.0,53.0,0.6924167772134145
2147,1.0,40.0,20.0,0.3,100.0,49.0,0.6899424691994985
2148,1.0,40.0,20.0,0.3,1000.0,56.0,0.6864940623442332
2149,1.0,40.0,20.0,0.3,10000.0,54.0,0.6931071579456329
2150,1.0,40.0,20.0,0.5,0.0,54.0,0.7216013769308726
2151,1.0,40.0,20.0,0.5,10.0,75.0,0.7194696267445883
2152,1.0,40.0,20.0,0.5,100.0,34.0,0.7324340343475342
2153,1.0,40.0,20.0,0.5,1000.0,56.0,0.7105980217456818
2154,1.0,40.0,20.0,0.5,10000.0,31.0,0.7189893027146658
2155,1.0,40.0,20.0,0.7,0.0,32.0,0.7758137583732605
2156,1.0,40.0,20.0,0.7,10.0,46.0,0.7800902326901754
2157,1.0,40.0,20.0,0.7,100.0,61.0,0.794542541106542
2158,1.0,40.0,20.0,0.7,1000.0,59.0,0.7953985532124838
2159,1.0,40.0,20.0,0.7,10000.0,56.0,0.7616090774536133
2160,1.0,40.0,25.0,0.3,0.0,41.0,0.694304754336675
2161,1.0,40.0,25.0,0.3,10.0,43.0,0.6851463119188944
2162,1.0,40.0,25.0,0.3,100.0,40.0,0.6991863151391348
2163,1.0,40.0,25.0,0.3,1000.0,63.0,0.6912543376286825
2164,1.0,40.0,25.0,0.3,10000.0,51.0,0.6907990872859955
2165,1.0,40.0,25.0,0.5,0.0,36.0,0.7226204375425974
2166,1.0,40.0,25.0,0.5,10.0,42.0,0.6996845106283823
2167,1.0,40.0,25.0,0.5,100.0,40.0,0.7214301625887553
2168,1.0,40.0,25.0,0.5,1000.0,42.0,0.7068161169687907
2169,1.0,40.0,25.0,0.5,10000.0,47.0,0.7180776397387186
2170,1.0,40.0,25.0,0.7,0.0,49.0,0.7794889012972513
2171,1.0,40.0,25.0,0.7,10.0,44.0,0.7445341547330221
2172,1.0,40.0,25.0,0.7,100.0,60.0,0.7686393658320109
2173,1.0,40.0,25.0,0.7,1000.0,66.0,0.7524165411790212
2174,1.0,40.0,25.0,0.7,10000.0,46.0,0.7602163652578989
2175,1.0,40.0,30.0,0.3,0.0,36.0,0.6852914790312449
2176,1.0,40.0,30.0,0.3,10.0,54.0,0.6910679141680399
2177,1.0,40.0,30.0,0.3,100.0,50.0,0.6996825635433197
2178,1.0,40.0,30.0,0.3,1000.0,44.0,0.6903131405512491
2179,1.0,40.0,30.0,0.3,10000.0,45.0,0.6858888864517212
2180,1.0,40.0,30.0,0.5,0.0,42.0,0.6929540832837423
2181,1.0,40.0,30.0,0.5,10.0,62.0,0.7031701902548472
2182,1.0,40.0,30.0,0.5,100.0,53.0,0.7276800374190012
2183,1.0,40.0,30.0,0.5,1000.0,46.0,0.720804899930954
2184,1.0,40.0,30.0,0.5,10000.0,46.0,0.7032023072242737
2185,1.0,40.0,30.0,0.7,0.0,65.0,0.7295653820037842
2186,1.0,40.0,30.0,0.7,10.0,55.0,0.7101866006851196
2187,1.0,40.0,30.0,0.7,100.0,46.0,0.755243847767512
2188,1.0,40.0,30.0,0.7,1000.0,38.0,0.7874013582865397
2189,1.0,40.0,30.0,0.7,10000.0,70.0,0.7430766820907593
2190,1.0,40.0,35.0,0.3,0.0,45.0,0.6729095876216888
2191,1.0,40.0,35.0,0.3,10.0,55.0,0.6909313003222147
2192,1.0,40.0,35.0,0.3,100.0,40.0,0.6988105376561483
2193,1.0,40.0,35.0,0.3,1000.0,38.0,0.6826586127281189
2194,1.0,40.0,35.0,0.3,10000.0,48.0,0.6908398568630219
2195,1.0,40.0,35.0,0.5,0.0,47.0,0.6944614946842194
2196,1.0,40.0,35.0,0.5,10.0,55.0,0.6888096531232198
2197,1.0,40.0,35.0,0.5,100.0,37.0,0.7082664867242178
2198,1.0,40.0,35.0,0.5,1000.0,67.0,0.7004017233848572
2199,1.0,40.0,35.0,0.5,10000.0,49.0,0.6946252584457397
2200,1.0,40.0,35.0,0.7,0.0,41.0,0.7324027121067047
2201,1.0,40.0,35.0,0.7,10.0,45.0,0.7131486336390177
2202,1.0,40.0,35.0,0.7,100.0,44.0,0.7487229208151499
2203,1.0,40.0,35.0,0.7,1000.0,73.0,0.7462650736172994
2204,1.0,40.0,35.0,0.7,10000.0,36.0,0.7339815596739451
2205,1.0,40.0,40.0,0.3,0.0,32.0,0.7011110782623291
2206,1.0,40.0,40.0,0.3,10.0,41.0,0.6775028010209402
2207,1.0,40.0,40.0,0.3,100.0,44.0,0.7057433029015859
2208,1.0,40.0,40.0,0.3,1000.0,43.0,0.707562526067098
2209,1.0,40.0,40.0,0.3,10000.0,43.0,0.6901600360870361
2210,1.0,40.0,40.0,0.5,0.0,41.0,0.7290058632691702
2211,1.0,40.0,40.0,0.5,10.0,59.0,0.6896912455558777
2212,1.0,40.0,40.0,0.5,100.0,41.0,0.7089496552944183
2213,1.0,40.0,40.0,0.5,1000.0,43.0,0.704262892405192
2214,1.0,40.0,40.0,0.5,10000.0,49.0,0.7015076378981272
2215,1.0,40.0,40.0,0.7,0.0,42.0,0.7384362916151682
2216,1.0,40.0,40.0,0.7,10.0,62.0,0.723204086224238
2217,1.0,40.0,40.0,0.7,100.0,62.0,0.7516000270843506
2218,1.0,40.0,40.0,0.7,1000.0,43.0,0.747913678487142
2219,1.0,40.0,40.0,0.7,10000.0,56.0,0.7306601603825887
2220,1.0,40.0,45.0,0.3,0.0,34.0,0.7095278203487396
2221,1.0,40.0,45.0,0.3,10.0,59.0,0.6802575091520945
2222,1.0,40.0,45.0,0.3,100.0,42.0,0.6926950315634409
2223,1.0,40.0,45.0,0.3,1000.0,52.0,0.6860401332378387
2224,1.0,40.0,45.0,0.3,10000.0,35.0,0.6644854148228964
2225,1.0,40.0,45.0,0.5,0.0,37.0,0.7239924271901449
2226,1.0,40.0,45.0,0.5,10.0,55.0,0.6983064413070679
2227,1.0,40.0,45.0,0.5,100.0,48.0,0.7138503591219584
2228,1.0,40.0,45.0,0.5,1000.0,42.0,0.7127724289894104
2229,1.0,40.0,45.0,0.5,10000.0,46.0,0.6887443860371908
2230,1.0,40.0,45.0,0.7,0.0,47.0,0.735722561677297
2231,1.0,40.0,45.0,0.7,10.0,49.0,0.7171776394049326
2232,1.0,40.0,45.0,0.7,100.0,46.0,0.7650995850563049
2233,1.0,40.0,45.0,0.7,1000.0,39.0,0.7555777033170065
2234,1.0,40.0,45.0,0.7,10000.0,45.0,0.7084927360216776
2235,1.0,40.0,50.0,0.3,0.0,40.0,0.6815651953220367
2236,1.0,40.0,50.0,0.3,10.0,41.0,0.7549261748790741
2237,1.0,40.0,50.0,0.3,100.0,53.0,0.7245301703612009
2238,1.0,40.0,50.0,0.3,1000.0,42.0,0.6724129219849905
2239,1.0,40.0,50.0,0.3,10000.0,44.0,0.6904709140459696
2240,1.0,40.0,50.0,0.5,0.0,42.0,0.6944425801436106
2241,1.0,40.0,50.0,0.5,10.0,45.0,0.6842909355958303
2242,1.0,40.0,50.0,0.5,100.0,53.0,0.7162295679251353
2243,1.0,40.0,50.0,0.5,1000.0,42.0,0.6867579619089762
2244,1.0,40.0,50.0,0.5,10000.0,48.0,0.6888979077339172
2245,1.0,40.0,50.0,0.7,0.0,50.0,0.7332794666290283
2246,1.0,40.0,50.0,0.7,10.0,45.0,0.7140787144502004
2247,1.0,40.0,50.0,0.7,100.0,53.0,0.7428434193134308
2248,1.0,40.0,50.0,0.7,1000.0,41.0,0.7336551447709402
2249,1.0,40.0,50.0,0.7,10000.0,49.0,0.7055044770240784
2250,2.0,40.0,5.0,0.3,0.0,37.0,0.7305122911930084
2251,2.0,40.0,5.0,0.3,10.0,40.0,0.7739463746547699
2252,2.0,40.0,5.0,0.3,100.0,60.0,0.7284592787424723
2253,2.0,40.0,5.0,0.3,1000.0,51.0,0.7606375515460968
2254,2.0,40.0,5.0,0.3,10000.0,44.0,0.7204386393229166
2255,2.0,40.0,5.0,0.5,0.0,63.0,0.7918379207452139
2256,2.0,40.0,5.0,0.5,10.0,51.0,0.8585362335046133
2257,2.0,40.0,5.0,0.5,100.0,33.0,0.8275379339853922
2258,2.0,40.0,5.0,0.5,1000.0,51.0,0.7840230564276377
2259,2.0,40.0,5.0,0.5,10000.0,46.0,0.7846832573413849
2260,2.0,40.0,5.0,0.7,0.0,64.0,0.8934648533662161
2261,2.0,40.0,5.0,0.7,10.0,55.0,1.041836808125178
2262,2.0,40.0,5.0,0.7,100.0,34.0,1.0250220100084941
2263,2.0,40.0,5.0,0.7,1000.0,45.0,0.93160147468249
2264,2.0,40.0,5.0,0.7,10000.0,63.0,0.9494930307070414
2265,2.0,40.0,10.0,0.3,0.0,92.0,0.6700289895137151
2266,2.0,40.0,10.0,0.3,10.0,53.0,0.6937613785266876
2267,2.0,40.0,10.0,0.3,100.0,76.0,0.6975721418857574
2268,2.0,40.0,10.0,0.3,1000.0,69.0,0.7115812400976816
2269,2.0,40.0,10.0,0.3,10000.0,39.0,0.6880452732245127
2270,2.0,40.0,10.0,0.5,0.0,65.0,0.7126878599325815
2271,2.0,40.0,10.0,0.5,10.0,46.0,0.7441799541314443
2272,2.0,40.0,10.0,0.5,100.0,54.0,0.7494567533334097
2273,2.0,40.0,10.0,0.5,1000.0,57.0,0.8383524815241495
2274,2.0,40.0,10.0,0.5,10000.0,44.0,0.7380113204320272
2275,2.0,40.0,10.0,0.7,0.0,34.0,0.8427668611208597
2276,2.0,40.0,10.0,0.7,10.0,42.0,0.8073517282803854
2277,2.0,40.0,10.0,0.7,100.0,42.0,0.9009015063444773
2278,2.0,40.0,10.0,0.7,1000.0,64.0,0.9556943277517954
2279,2.0,40.0,10.0,0.7,10000.0,39.0,0.8589228093624115
2280,2.0,40.0,15.0,0.3,0.0,32.0,0.6869622866312662
2281,2.0,40.0,15.0,0.3,10.0,53.0,0.6626062194506327
2282,2.0,40.0,15.0,0.3,100.0,59.0,0.6941928068796793
2283,2.0,40.0,15.0,0.3,1000.0,37.0,0.6767832040786743
2284,2.0,40.0,15.0,0.3,10000.0,42.0,0.6926561295986176
2285,2.0,40.0,15.0,0.5,0.0,41.0,0.7315735320250193
2286,2.0,40.0,15.0,0.5,10.0,37.0,0.7211825946966807
2287,2.0,40.0,15.0,0.5,100.0,52.0,0.7240353425343832
2288,2.0,40.0,15.0,0.5,1000.0,44.0,0.6963034570217133
2289,2.0,40.0,15.0,0.5,10000.0,53.0,0.7125592728455862
2290,2.0,40.0,15.0,0.7,0.0,43.0,0.7890714406967163
2291,2.0,40.0,15.0,0.7,10.0,24.0,0.8212895592053732
2292,2.0,40.0,15.0,0.7,100.0,38.0,0.7882453699906667
2293,2.0,40.0,15.0,0.7,1000.0,46.0,0.7571605741977692
2294,2.0,40.0,15.0,0.7,10000.0,40.0,0.759496291478475
2295,2.0,40.0,20.0,0.3,0.0,53.0,0.6983448167641958
2296,2.0,40.0,20.0,0.3,10.0,37.0,0.6667242447535197
2297,2.0,40.0,20.0,0.3,100.0,68.0,0.6659743587176005
2298,2.0,40.0,20.0,0.3,1000.0,32.0,0.6794898311297098
2299,2.0,40.0,20.0,0.3,10000.0,53.0,0.6812427441279093
2300,2.0,40.0,20.0,0.5,0.0,51.0,0.7026695807774862
2301,2.0,40.0,20.0,0.5,10.0,38.0,0.6807882289091746
2302,2.0,40.0,20.0,0.5,100.0,76.0,0.6765155295530955
2303,2.0,40.0,20.0,0.5,1000.0,50.0,0.7173962692419688
2304,2.0,40.0,20.0,0.5,10000.0,50.0,0.7204132676124573
2305,2.0,40.0,20.0,0.7,0.0,64.0,0.7651238044102987
2306,2.0,40.0,20.0,0.7,10.0,43.0,0.7489282389481863
2307,2.0,40.0,20.0,0.7,100.0,48.0,0.7783595224221548
2308,2.0,40.0,20.0,0.7,1000.0,42.0,0.7356374462445577
2309,2.0,40.0,20.0,0.7,10000.0,37.0,0.7908198138078054
2310,2.0,40.0,25.0,0.3,0.0,59.0,0.6807297070821127
2311,2.0,40.0,25.0,0.3,10.0,64.0,0.6429868986209234
2312,2.0,40.0,25.0,0.3,100.0,34.0,0.7172900140285492
2313,2.0,40.0,25.0,0.3,1000.0,37.0,0.6880176961421967
2314,2.0,40.0,25.0,0.3,10000.0,49.0,0.6537847022215525
2315,2.0,40.0,25.0,0.5,0.0,45.0,0.6859394709269205
2316,2.0,40.0,25.0,0.5,10.0,52.0,0.6662398676077524
2317,2.0,40.0,25.0,0.5,100.0,40.0,0.7327076892058054
2318,2.0,40.0,25.0,0.5,1000.0,45.0,0.7411594192186991
2319,2.0,40.0,25.0,0.5,10000.0,52.0,0.6705279548962911
2320,2.0,40.0,25.0,0.7,0.0,57.0,0.751629114151001
2321,2.0,40.0,25.0,0.7,10.0,70.0,0.7239333391189575
2322,2.0,40.0,25.0,0.7,100.0,44.0,0.7601671914259592
2323,2.0,40.0,25.0,0.7,1000.0,29.0,0.7655837039152781
2324,2.0,40.0,25.0,0.7,10000.0,44.0,0.7414196928342184
2325,2.0,40.0,30.0,0.3,0.0,50.0,0.6867376466592153
2326,2.0,40.0,30.0,0.3,10.0,34.0,0.6662142872810364
2327,2.0,40.0,30.0,0.3,100.0,52.0,0.6785162289937338
2328,2.0,40.0,30.0,0.3,1000.0,38.0,0.6450817584991455
2329,2.0,40.0,30.0,0.3,10000.0,39.0,0.6533926328023275
2330,2.0,40.0,30.0,0.5,0.0,51.0,0.6859352191289266
2331,2.0,40.0,30.0,0.5,10.0,42.0,0.6809664666652679
2332,2.0,40.0,30.0,0.5,100.0,58.0,0.700581024090449
2333,2.0,40.0,30.0,0.5,1000.0,51.0,0.6680425008138021
2334,2.0,40.0,30.0,0.5,10000.0,38.0,0.6662996113300323
2335,2.0,40.0,30.0,0.7,0.0,59.0,0.7380561133225759
2336,2.0,40.0,30.0,0.7,10.0,37.0,0.7222076853116354
2337,2.0,40.0,30.0,0.7,100.0,50.0,0.7530289093653361
2338,2.0,40.0,30.0,0.7,1000.0,65.0,0.695502499739329
2339,2.0,40.0,30.0,0.7,10000.0,40.0,0.7021739780902863
2340,2.0,40.0,35.0,0.3,0.0,66.0,0.6805694500605265
2341,2.0,40.0,35.0,0.3,10.0,41.0,0.6753595968087515
2342,2.0,40.0,35.0,0.3,100.0,50.0,0.6898864308993021
2343,2.0,40.0,35.0,0.3,1000.0,47.0,0.6978164414564768
2344,2.0,40.0,35.0,0.3,10000.0,44.0,0.6599986255168915
2345,2.0,40.0,35.0,0.5,0.0,47.0,0.6989568869272867
2346,2.0,40.0,35.0,0.5,10.0,54.0,0.7083799540996552
2347,2.0,40.0,35.0,0.5,100.0,59.0,0.6817161838213602
2348,2.0,40.0,35.0,0.5,1000.0,62.0,0.7042222420374552
2349,2.0,40.0,35.0,0.5,10000.0,41.0,0.6847128868103027
2350,2.0,40.0,35.0,0.7,0.0,54.0,0.7111130058765411
2351,2.0,40.0,35.0,0.7,10.0,46.0,0.6981648604075114
2352,2.0,40.0,35.0,0.7,100.0,44.0,0.7300027211507162
2353,2.0,40.0,35.0,0.7,1000.0,37.0,0.7588468293348948
2354,2.0,40.0,35.0,0.7,10000.0,35.0,0.7207056184609731
2355,2.0,40.0,40.0,0.3,0.0,42.0,0.6522574623425802
2356,2.0,40.0,40.0,0.3,10.0,36.0,0.6422477463881174
2357,2.0,40.0,40.0,0.3,100.0,47.0,0.6752289632956187
2358,2.0,40.0,40.0,0.3,1000.0,39.0,0.656554788351059
2359,2.0,40.0,40.0,0.3,10000.0,39.0,0.6482647160689036
2360,2.0,40.0,40.0,0.5,0.0,53.0,0.6566740771134695
2361,2.0,40.0,40.0,0.5,10.0,43.0,0.6583528816699982
2362,2.0,40.0,40.0,0.5,100.0,31.0,0.6770288447539011
2363,2.0,40.0,40.0,0.5,1000.0,33.0,0.6721308827400208
2364,2.0,40.0,40.0,0.5,10000.0,45.0,0.6704485813776652
2365,2.0,40.0,40.0,0.7,0.0,33.0,0.703511526187261
2366,2.0,40.0,40.0,0.7,10.0,43.0,0.6861232221126556
2367,2.0,40.0,40.0,0.7,100.0,46.0,0.7181342045466105
2368,2.0,40.0,40.0,0.7,1000.0,33.0,0.7152902285257975
2369,2.0,40.0,40.0,0.7,10000.0,58.0,0.7013208866119385
2370,2.0,40.0,45.0,0.3,0.0,52.0,0.6945184767246246
2371,2.0,40.0,45.0,0.3,10.0,41.0,0.6668135523796082
2372,2.0,40.0,45.0,0.3,100.0,49.0,0.683757613102595
2373,2.0,40.0,45.0,0.3,1000.0,57.0,0.6598141292730967
2374,2.0,40.0,45.0,0.3,10000.0,35.0,0.6499901016553243
2375,2.0,40.0,45.0,0.5,0.0,59.0,0.6868830521901449
2376,2.0,40.0,45.0,0.5,10.0,42.0,0.6537376145521799
2377,2.0,40.0,45.0,0.5,100.0,55.0,0.6909390389919281
2378,2.0,40.0,45.0,0.5,1000.0,45.0,0.678029994169871
2379,2.0,40.0,45.0,0.5,10000.0,40.0,0.6588853498299917
2380,2.0,40.0,45.0,0.7,0.0,62.0,0.6752595901489258
2381,2.0,40.0,45.0,0.7,10.0,58.0,0.673279325167338
2382,2.0,40.0,45.0,0.7,100.0,40.0,0.7172856132189432
2383,2.0,40.0,45.0,0.7,1000.0,56.0,0.6861010193824768
2384,2.0,40.0,45.0,0.7,10000.0,59.0,0.6971351305643717
2385,2.0,40.0,50.0,0.3,0.0,52.0,0.6741944054762522
2386,2.0,40.0,50.0,0.3,10.0,35.0,0.6428079009056091
2387,2.0,40.0,50.0,0.3,100.0,42.0,0.6636174122492472
2388,2.0,40.0,50.0,0.3,1000.0,41.0,0.6706291238466898
2389,2.0,40.0,50.0,0.3,10000.0,36.0,0.6544506351153055
2390,2.0,40.0,50.0,0.5,0.0,45.0,0.6701631546020508
2391,2.0,40.0,50.0,0.5,10.0,43.0,0.6679275035858154
2392,2.0,40.0,50.0,0.5,100.0,40.0,0.6876637240250906
2393,2.0,40.0,50.0,0.5,1000.0,63.0,0.6835201183954874
2394,2.0,40.0,50.0,0.5,10000.0,48.0,0.6590156952540079
2395,2.0,40.0,50.0,0.7,0.0,56.0,0.688633660475413
2396,2.0,40.0,50.0,0.7,10.0,43.0,0.6848272879918417
2397,2.0,40.0,50.0,0.7,100.0,52.0,0.7164989511171976
2398,2.0,40.0,50.0,0.7,1000.0,54.0,0.6953532894452413
2399,2.0,40.0,50.0,0.7,10000.0,49.0,0.6784257292747498
2400,1.0,45.0,5.0,0.3,0.0,57.0,0.7410561442375183
2401,1.0,45.0,5.0,0.3,10.0,45.0,0.7474535803000132
2402,1.0,45.0,5.0,0.3,100.0,66.0,0.7835491498311361
2403,1.0,45.0,5.0,0.3,1000.0,57.0,0.729049156109492
2404,1.0,45.0,5.0,0.3,10000.0,43.0,0.7393429974714915
2405,1.0,45.0,5.0,0.5,0.0,63.0,0.8076950013637543
2406,1.0,45.0,5.0,0.5,10.0,45.0,0.8106144766012827
2407,1.0,45.0,5.0,0.5,100.0,60.0,0.9108264346917471
2408,1.0,45.0,5.0,0.5,1000.0,45.0,0.8103748162587484
2409,1.0,45.0,5.0,0.5,10000.0,43.0,0.80192498366038
2410,1.0,45.0,5.0,0.7,0.0,95.0,0.9558573563893636
2411,1.0,45.0,5.0,0.7,10.0,47.0,0.9096231162548065
2412,1.0,45.0,5.0,0.7,100.0,50.0,1.0931966503461201
2413,1.0,45.0,5.0,0.7,1000.0,38.0,0.9518718719482422
2414,1.0,45.0,5.0,0.7,10000.0,41.0,0.9724540909131368
2415,1.0,45.0,10.0,0.3,0.0,49.0,0.7454896767934164
2416,1.0,45.0,10.0,0.3,10.0,47.0,0.7135128875573477
2417,1.0,45.0,10.0,0.3,100.0,32.0,0.7268279194831848
2418,1.0,45.0,10.0,0.3,1000.0,40.0,0.6935076415538788
2419,1.0,45.0,10.0,0.3,10000.0,45.0,0.6938373148441315
2420,1.0,45.0,10.0,0.5,0.0,64.0,0.8241211871306101
2421,1.0,45.0,10.0,0.5,10.0,51.0,0.7647590438524882
2422,1.0,45.0,10.0,0.5,100.0,48.0,0.75836514433225
2423,1.0,45.0,10.0,0.5,1000.0,58.0,0.7302340070406595
2424,1.0,45.0,10.0,0.5,10000.0,45.0,0.748115599155426
2425,1.0,45.0,10.0,0.7,0.0,68.0,0.9478101929028829
2426,1.0,45.0,10.0,0.7,10.0,73.0,0.8502068618933359
2427,1.0,45.0,10.0,0.7,100.0,58.0,0.8710825939973196
2428,1.0,45.0,10.0,0.7,1000.0,36.0,0.8348320325215658
2429,1.0,45.0,10.0,0.7,10000.0,65.0,0.8536534110705057
2430,1.0,45.0,15.0,0.3,0.0,56.0,0.7215078075726827
2431,1.0,45.0,15.0,0.3,10.0,39.0,0.7017342646916708
2432,1.0,45.0,15.0,0.3,100.0,39.0,0.7001132865746816
2433,1.0,45.0,15.0,0.3,1000.0,38.0,0.6952943404515585
2434,1.0,45.0,15.0,0.3,10000.0,65.0,0.68532994389534
2435,1.0,45.0,15.0,0.5,0.0,52.0,0.7149673302968343
2436,1.0,45.0,15.0,0.5,10.0,39.0,0.7350669006506602
2437,1.0,45.0,15.0,0.5,100.0,35.0,0.7400280932585398
2438,1.0,45.0,15.0,0.5,1000.0,66.0,0.7256510257720947
2439,1.0,45.0,15.0,0.5,10000.0,46.0,0.7270767291386923
2440,1.0,45.0,15.0,0.7,0.0,39.0,0.8340331017971039
2441,1.0,45.0,15.0,0.7,10.0,66.0,0.8231424391269684
2442,1.0,45.0,15.0,0.7,100.0,45.0,0.7932561536629995
2443,1.0,45.0,15.0,0.7,1000.0,38.0,0.8119581242402395
2444,1.0,45.0,15.0,0.7,10000.0,34.0,0.8040023048718771
2445,1.0,45.0,20.0,0.3,0.0,37.0,0.693722685178121
2446,1.0,45.0,20.0,0.3,10.0,47.0,0.6829290588696798
2447,1.0,45.0,20.0,0.3,100.0,44.0,0.7006714940071106
2448,1.0,45.0,20.0,0.3,1000.0,48.0,0.6788546641667684
2449,1.0,45.0,20.0,0.3,10000.0,33.0,0.6862048208713531
2450,1.0,45.0,20.0,0.5,0.0,54.0,0.7216138740380605
2451,1.0,45.0,20.0,0.5,10.0,49.0,0.7085048953692118
2452,1.0,45.0,20.0,0.5,100.0,48.0,0.7203968564669291
2453,1.0,45.0,20.0,0.5,1000.0,56.0,0.699909488360087
2454,1.0,45.0,20.0,0.5,10000.0,35.0,0.7095473408699036
2455,1.0,45.0,20.0,0.7,0.0,34.0,0.8137257993221283
2456,1.0,45.0,20.0,0.7,10.0,36.0,0.74940757950147
2457,1.0,45.0,20.0,0.7,100.0,48.0,0.7674732704957327
2458,1.0,45.0,20.0,0.7,1000.0,36.0,0.777899314959844
2459,1.0,45.0,20.0,0.7,10000.0,48.0,0.7955292562643687
2460,1.0,45.0,25.0,0.3,0.0,50.0,0.6789323488871256
2461,1.0,45.0,25.0,0.3,10.0,53.0,0.7089593708515167
2462,1.0,45.0,25.0,0.3,100.0,38.0,0.6939518849054972
2463,1.0,45.0,25.0,0.3,1000.0,29.0,0.6845391690731049
2464,1.0,45.0,25.0,0.3,10000.0,37.0,0.6824418505032858
2465,1.0,45.0,25.0,0.5,0.0,37.0,0.6960782607396444
2466,1.0,45.0,25.0,0.5,10.0,53.0,0.7145965397357941
2467,1.0,45.0,25.0,0.5,100.0,37.0,0.706001490354538
2468,1.0,45.0,25.0,0.5,1000.0,34.0,0.7020136515299479
2469,1.0,45.0,25.0,0.5,10000.0,48.0,0.6971261203289032
2470,1.0,45.0,25.0,0.7,0.0,50.0,0.7494607170422872
2471,1.0,45.0,25.0,0.7,10.0,30.0,0.7887148459752401
2472,1.0,45.0,25.0,0.7,100.0,58.0,0.7370666960875193
2473,1.0,45.0,25.0,0.7,1000.0,45.0,0.7506591478983561
2474,1.0,45.0,25.0,0.7,10000.0,51.0,0.7570265233516693
2475,1.0,45.0,30.0,0.3,0.0,45.0,0.6824196378389994
2476,1.0,45.0,30.0,0.3,10.0,37.0,0.6752398709456126
2477,1.0,45.0,30.0,0.3,100.0,37.0,0.6918002466360728
2478,1.0,45.0,30.0,0.3,1000.0,39.0,0.6848505735397339
2479,1.0,45.0,30.0,0.3,10000.0,35.0,0.6804514427979788
2480,1.0,45.0,30.0,0.5,0.0,37.0,0.7122554282347361
2481,1.0,45.0,30.0,0.5,10.0,41.0,0.7051412165164948
2482,1.0,45.0,30.0,0.5,100.0,37.0,0.701178620258967
2483,1.0,45.0,30.0,0.5,1000.0,44.0,0.6953267951806387
2484,1.0,45.0,30.0,0.5,10000.0,46.0,0.7000341713428497
2485,1.0,45.0,30.0,0.7,0.0,52.0,0.7641528348128
2486,1.0,45.0,30.0,0.7,10.0,37.0,0.7415579756100973
2487,1.0,45.0,30.0,0.7,100.0,56.0,0.7160986562569936
2488,1.0,45.0,30.0,0.7,1000.0,35.0,0.746584008137385
2489,1.0,45.0,30.0,0.7,10000.0,54.0,0.7262833714485168
2490,1.0,45.0,35.0,0.3,0.0,37.0,0.6880472799142202
2491,1.0,45.0,35.0,0.3,10.0,62.0,0.6894384622573853
2492,1.0,45.0,35.0,0.3,100.0,39.0,0.7034519414107004
2493,1.0,45.0,35.0,0.3,1000.0,35.0,0.6716584066549937
2494,1.0,45.0,35.0,0.3,10000.0,40.0,0.6732561190923055
2495,1.0,45.0,35.0,0.5,0.0,34.0,0.6874805092811584
2496,1.0,45.0,35.0,0.5,10.0,61.0,0.6874412596225739
2497,1.0,45.0,35.0,0.5,100.0,47.0,0.7173264821370443
2498,1.0,45.0,35.0,0.5,1000.0,35.0,0.6997349262237549
2499,1.0,45.0,35.0,0.5,10000.0,32.0,0.6981112460295359
2500,1.0,45.0,35.0,0.7,0.0,30.0,0.7674478590488434
2501,1.0,45.0,35.0,0.7,10.0,45.0,0.7509022752443949
2502,1.0,45.0,35.0,0.7,100.0,47.0,0.752778152624766
2503,1.0,45.0,35.0,0.7,1000.0,43.0,0.7261000573635101
2504,1.0,45.0,35.0,0.7,10000.0,36.0,0.7397549947102865
2505,1.0,45.0,40.0,0.3,0.0,37.0,0.6830435693264008
2506,1.0,45.0,40.0,0.3,10.0,43.0,0.6715045968691508
2507,1.0,45.0,40.0,0.3,100.0,59.0,0.6984221736590067
2508,1.0,45.0,40.0,0.3,1000.0,59.0,0.6984250644842783
2509,1.0,45.0,40.0,0.3,10000.0,27.0,0.6747090220451355
2510,1.0,45.0,40.0,0.5,0.0,33.0,0.6932455797990164
2511,1.0,45.0,40.0,0.5,10.0,37.0,0.6766476531823477
2512,1.0,45.0,40.0,0.5,100.0,40.0,0.7075955470403036
2513,1.0,45.0,40.0,0.5,1000.0,40.0,0.7133335967858633
2514,1.0,45.0,40.0,0.5,10000.0,35.0,0.692995528380076
2515,1.0,45.0,40.0,0.7,0.0,42.0,0.7323793768882751
2516,1.0,45.0,40.0,0.7,10.0,29.0,0.7501979072888693
2517,1.0,45.0,40.0,0.7,100.0,33.0,0.7617465356985728
2518,1.0,45.0,40.0,0.7,1000.0,41.0,0.7535187502702078
2519,1.0,45.0,40.0,0.7,10000.0,43.0,0.7167989313602448
2520,1.0,45.0,45.0,0.3,0.0,27.0,0.6654235521952311
2521,1.0,45.0,45.0,0.3,10.0,40.0,0.6964061160882314
2522,1.0,45.0,45.0,0.3,100.0,32.0,0.7161073486010233
2523,1.0,45.0,45.0,0.3,1000.0,39.0,0.6976563334465027
2524,1.0,45.0,45.0,0.3,10000.0,35.0,0.6774932046731313
2525,1.0,45.0,45.0,0.5,0.0,29.0,0.6760226885477701
2526,1.0,45.0,45.0,0.5,10.0,50.0,0.7169789572556814
2527,1.0,45.0,45.0,0.5,100.0,36.0,0.7302361329396566
2528,1.0,45.0,45.0,0.5,1000.0,44.0,0.7090811630090078
2529,1.0,45.0,45.0,0.5,10000.0,37.0,0.6774815221627554
2530,1.0,45.0,45.0,0.7,0.0,41.0,0.7032982409000397
2531,1.0,45.0,45.0,0.7,10.0,62.0,0.7271504600842794
2532,1.0,45.0,45.0,0.7,100.0,52.0,0.7430718541145325
2533,1.0,45.0,45.0,0.7,1000.0,40.0,0.7228131691614786
2534,1.0,45.0,45.0,0.7,10000.0,35.0,0.7125004728635153
2535,1.0,45.0,50.0,0.3,0.0,36.0,0.6863338748613993
2536,1.0,45.0,50.0,0.3,10.0,47.0,0.6703739364941915
2537,1.0,45.0,50.0,0.3,100.0,33.0,0.7121477723121643
2538,1.0,45.0,50.0,0.3,1000.0,35.0,0.706772913535436
2539,1.0,45.0,50.0,0.3,10000.0,38.0,0.690468410650889
2540,1.0,45.0,50.0,0.5,0.0,47.0,0.7038272321224213
2541,1.0,45.0,50.0,0.5,10.0,39.0,0.6853761970996857
2542,1.0,45.0,50.0,0.5,100.0,33.0,0.7097432514031728
2543,1.0,45.0,50.0,0.5,1000.0,35.0,0.7106276452541351
2544,1.0,45.0,50.0,0.5,10000.0,46.0,0.6970436275005341
2545,1.0,45.0,50.0,0.7,0.0,47.0,0.7315375804901123
2546,1.0,45.0,50.0,0.7,10.0,41.0,0.7153729200363159
2547,1.0,45.0,50.0,0.7,100.0,41.0,0.7337435583273569
2548,1.0,45.0,50.0,0.7,1000.0,37.0,0.7194157739480337
2549,1.0,45.0,50.0,0.7,10000.0,34.0,0.7357560892899832
2550,2.0,45.0,5.0,0.3,0.0,57.0,0.7223881979783376
2551,2.0,45.0,5.0,0.3,10.0,48.0,0.7258049050966898
2552,2.0,45.0,5.0,0.3,100.0,58.0,0.7299531896909078
2553,2.0,45.0,5.0,0.3,1000.0,47.0,0.7251820166905721
2554,2.0,45.0,5.0,0.3,10000.0,68.0,0.8116841117540995
2555,2.0,45.0,5.0,0.5,0.0,65.0,0.8047476907571157
2556,2.0,45.0,5.0,0.5,10.0,51.0,0.8068848450978597
2557,2.0,45.0,5.0,0.5,100.0,52.0,0.8585378030935923
2558,2.0,45.0,5.0,0.5,1000.0,74.0,0.7648945848147074
2559,2.0,45.0,5.0,0.5,10000.0,64.0,0.9065757791201273
2560,2.0,45.0,5.0,0.7,0.0,43.0,1.0089527368545532
2561,2.0,45.0,5.0,0.7,10.0,46.0,0.9961413542429606
2562,2.0,45.0,5.0,0.7,100.0,48.0,0.8907868961493174
2563,2.0,45.0,5.0,0.7,1000.0,36.0,0.9332313140233358
2564,2.0,45.0,5.0,0.7,10000.0,69.0,1.073385089635849
2565,2.0,45.0,10.0,0.3,0.0,44.0,0.6691199839115143
2566,2.0,45.0,10.0,0.3,10.0,59.0,0.7279864350954691
2567,2.0,45.0,10.0,0.3,100.0,30.0,0.7185742259025574
2568,2.0,45.0,10.0,0.3,1000.0,69.0,0.6842563847700754
2569,2.0,45.0,10.0,0.3,10000.0,35.0,0.6901168127854665
2570,2.0,45.0,10.0,0.5,0.0,33.0,0.7116763790448507
2571,2.0,45.0,10.0,0.5,10.0,47.0,0.8147883713245392
2572,2.0,45.0,10.0,0.5,100.0,36.0,0.7393787006537119
2573,2.0,45.0,10.0,0.5,1000.0,65.0,0.7339985569318136
2574,2.0,45.0,10.0,0.5,10000.0,54.0,0.7471525967121124
2575,2.0,45.0,10.0,0.7,0.0,46.0,0.8190451264381409
2576,2.0,45.0,10.0,0.7,10.0,52.0,0.9615575075149536
2577,2.0,45.0,10.0,0.7,100.0,30.0,0.8410374224185944
2578,2.0,45.0,10.0,0.7,1000.0,36.0,0.8551669816176096
2579,2.0,45.0,10.0,0.7,10000.0,29.0,0.9058586259682974
2580,2.0,45.0,15.0,0.3,0.0,78.0,0.6501103937625885
2581,2.0,45.0,15.0,0.3,10.0,70.0,0.6643780171871185
2582,2.0,45.0,15.0,0.3,100.0,53.0,0.6765499214331309
2583,2.0,45.0,15.0,0.3,1000.0,29.0,0.6801454325517019
2584,2.0,45.0,15.0,0.3,10000.0,36.0,0.6888585686683655
2585,2.0,45.0,15.0,0.5,0.0,29.0,0.7089843153953552
2586,2.0,45.0,15.0,0.5,10.0,63.0,0.7180275817712148
2587,2.0,45.0,15.0,0.5,100.0,38.0,0.7407267888387045
2588,2.0,45.0,15.0,0.5,1000.0,38.0,0.7108745276927948
2589,2.0,45.0,15.0,0.5,10000.0,36.0,0.6983616054058075
2590,2.0,45.0,15.0,0.7,0.0,60.0,0.7656325399875641
2591,2.0,45.0,15.0,0.7,10.0,38.0,0.8161008159319559
2592,2.0,45.0,15.0,0.7,100.0,37.0,0.8715643088022867
2593,2.0,45.0,15.0,0.7,1000.0,52.0,0.7665516833464304
2594,2.0,45.0,15.0,0.7,10000.0,35.0,0.7696805596351624
2595,2.0,45.0,20.0,0.3,0.0,31.0,0.6804453829924265
2596,2.0,45.0,20.0,0.3,10.0,68.0,0.67290727297465
2597,2.0,45.0,20.0,0.3,100.0,41.0,0.6714365979035696
2598,2.0,45.0,20.0,0.3,1000.0,36.0,0.6859122018019358
2599,2.0,45.0,20.0,0.3,10000.0,36.0,0.6784807741641998
2600,2.0,45.0,20.0,0.5,0.0,37.0,0.6987671454747518
2601,2.0,45.0,20.0,0.5,10.0,40.0,0.6888173520565033
2602,2.0,45.0,20.0,0.5,100.0,47.0,0.6880446970462799
2603,2.0,45.0,20.0,0.5,1000.0,46.0,0.7015135288238525
2604,2.0,45.0,20.0,0.5,10000.0,52.0,0.6785877346992493
2605,2.0,45.0,20.0,0.7,0.0,33.0,0.7537931005160013
2606,2.0,45.0,20.0,0.7,10.0,32.0,0.8125488857428232
2607,2.0,45.0,20.0,0.7,100.0,36.0,0.7341761489709219
2608,2.0,45.0,20.0,0.7,1000.0,36.0,0.7398440142472585
2609,2.0,45.0,20.0,0.7,10000.0,35.0,0.7453857858975729
2610,2.0,45.0,25.0,0.3,0.0,70.0,0.6655473510424296
2611,2.0,45.0,25.0,0.3,10.0,28.0,0.691220760345459
2612,2.0,45.0,25.0,0.3,100.0,36.0,0.6928238769372305
2613,2.0,45.0,25.0,0.3,1000.0,46.0,0.6529818773269653
2614,2.0,45.0,25.0,0.3,10000.0,36.0,0.691279669602712
2615,2.0,45.0,25.0,0.5,0.0,47.0,0.6880634923775991
2616,2.0,45.0,25.0,0.5,10.0,34.0,0.700281967719396
2617,2.0,45.0,25.0,0.5,100.0,36.0,0.7137463490168253
2618,2.0,45.0,25.0,0.5,1000.0,44.0,0.6957907577355703
2619,2.0,45.0,25.0,0.5,10000.0,45.0,0.7135180830955505
2620,2.0,45.0,25.0,0.7,0.0,31.0,0.7461265126864115
2621,2.0,45.0,25.0,0.7,10.0,34.0,0.7451195816198984
2622,2.0,45.0,25.0,0.7,100.0,36.0,0.7603350579738617
2623,2.0,45.0,25.0,0.7,1000.0,42.0,0.7316295305887858
2624,2.0,45.0,25.0,0.7,10000.0,42.0,0.7447355091571808
2625,2.0,45.0,30.0,0.3,0.0,80.0,0.65970345834891
2626,2.0,45.0,30.0,0.3,10.0,35.0,0.6739853223164877
2627,2.0,45.0,30.0,0.3,100.0,65.0,0.6759789089361826
2628,2.0,45.0,30.0,0.3,1000.0,34.0,0.6917923291524252
2629,2.0,45.0,30.0,0.3,10000.0,36.0,0.6746794482072195
2630,2.0,45.0,30.0,0.5,0.0,68.0,0.6982127328713735
2631,2.0,45.0,30.0,0.5,10.0,47.0,0.6868166426817576
2632,2.0,45.0,30.0,0.5,100.0,59.0,0.6921763916810354
2633,2.0,45.0,30.0,0.5,1000.0,40.0,0.7007714509963989
2634,2.0,45.0,30.0,0.5,10000.0,35.0,0.6897416412830353
2635,2.0,45.0,30.0,0.7,0.0,42.0,0.7246714234352112
2636,2.0,45.0,30.0,0.7,10.0,39.0,0.7537218530972799
2637,2.0,45.0,30.0,0.7,100.0,43.0,0.7184817790985107
2638,2.0,45.0,30.0,0.7,1000.0,34.0,0.7473063468933105
2639,2.0,45.0,30.0,0.7,10000.0,35.0,0.7258867224057516
2640,2.0,45.0,35.0,0.3,0.0,36.0,0.7012612223625183
2641,2.0,45.0,35.0,0.3,10.0,61.0,0.6695965131123861
2642,2.0,45.0,35.0,0.3,100.0,38.0,0.667343537012736
2643,2.0,45.0,35.0,0.3,1000.0,38.0,0.67044597864151
2644,2.0,45.0,35.0,0.3,10000.0,36.0,0.682659645875295
2645,2.0,45.0,35.0,0.5,0.0,38.0,0.6702966193358103
2646,2.0,45.0,35.0,0.5,10.0,44.0,0.7005440890789032
2647,2.0,45.0,35.0,0.5,100.0,40.0,0.6758488019307455
2648,2.0,45.0,35.0,0.5,1000.0,51.0,0.671236256758372
2649,2.0,45.0,35.0,0.5,10000.0,39.0,0.6856177449226379
2650,2.0,45.0,35.0,0.7,0.0,44.0,0.6844182908535004
2651,2.0,45.0,35.0,0.7,10.0,38.0,0.7344760596752167
2652,2.0,45.0,35.0,0.7,100.0,56.0,0.697215755780538
2653,2.0,45.0,35.0,0.7,1000.0,34.0,0.7457466125488281
2654,2.0,45.0,35.0,0.7,10000.0,37.0,0.718520333369573
2655,2.0,45.0,40.0,0.3,0.0,52.0,0.6745803952217102
2656,2.0,45.0,40.0,0.3,10.0,39.0,0.6566661397616068
2657,2.0,45.0,40.0,0.3,100.0,35.0,0.6862804194291433
2658,2.0,45.0,40.0,0.3,1000.0,38.0,0.6773375769456228
2659,2.0,45.0,40.0,0.3,10000.0,50.0,0.6615449885527293
2660,2.0,45.0,40.0,0.5,0.0,72.0,0.6615727345148722
2661,2.0,45.0,40.0,0.5,10.0,45.0,0.6649415095647176
2662,2.0,45.0,40.0,0.5,100.0,35.0,0.7084205249945322
2663,2.0,45.0,40.0,0.5,1000.0,38.0,0.686372309923172
2664,2.0,45.0,40.0,0.5,10000.0,47.0,0.6725156605243683
2665,2.0,45.0,40.0,0.7,0.0,46.0,0.6934516032536825
2666,2.0,45.0,40.0,0.7,10.0,45.0,0.6891509493192037
2667,2.0,45.0,40.0,0.7,100.0,33.0,0.7329363226890564
2668,2.0,45.0,40.0,0.7,1000.0,38.0,0.6917928655942281
2669,2.0,45.0,40.0,0.7,10000.0,54.0,0.6952491700649261
2670,2.0,45.0,45.0,0.3,0.0,39.0,0.6703913311163584
2671,2.0,45.0,45.0,0.3,10.0,39.0,0.6793520251909891
2672,2.0,45.0,45.0,0.3,100.0,48.0,0.6727394759654999
2673,2.0,45.0,45.0,0.3,1000.0,38.0,0.6686956783135732
2674,2.0,45.0,45.0,0.3,10000.0,34.0,0.6589190463225046
2675,2.0,45.0,45.0,0.5,0.0,35.0,0.7035943865776062
2676,2.0,45.0,45.0,0.5,10.0,43.0,0.6938040355841318
2677,2.0,45.0,45.0,0.5,100.0,33.0,0.6932606796423594
2678,2.0,45.0,45.0,0.5,1000.0,35.0,0.6898677051067352
2679,2.0,45.0,45.0,0.5,10000.0,35.0,0.6867364545663198
2680,2.0,45.0,45.0,0.7,0.0,31.0,0.707591325044632
2681,2.0,45.0,45.0,0.7,10.0,37.0,0.7151894072691599
2682,2.0,45.0,45.0,0.7,100.0,29.0,0.7461853325366974
2683,2.0,45.0,45.0,0.7,1000.0,51.0,0.726471483707428
2684,2.0,45.0,45.0,0.7,10000.0,32.0,0.6823672850926717
2685,2.0,45.0,50.0,0.3,0.0,47.0,0.6723063290119171
2686,2.0,45.0,50.0,0.3,10.0,35.0,0.6822231312592825
2687,2.0,45.0,50.0,0.3,100.0,39.0,0.6779492795467377
2688,2.0,45.0,50.0,0.3,1000.0,38.0,0.6575887401898702
2689,2.0,45.0,50.0,0.3,10000.0,39.0,0.6618943214416504
2690,2.0,45.0,50.0,0.5,0.0,37.0,0.6825136343638102
2691,2.0,45.0,50.0,0.5,10.0,38.0,0.6786567270755768
2692,2.0,45.0,50.0,0.5,100.0,35.0,0.6830397148927053
2693,2.0,45.0,50.0,0.5,1000.0,37.0,0.6822030146916708
2694,2.0,45.0,50.0,0.5,10000.0,50.0,0.6844895780086517
2695,2.0,45.0,50.0,0.7,0.0,52.0,0.720966657002767
2696,2.0,45.0,50.0,0.7,10.0,51.0,0.6937271257241567
2697,2.0,45.0,50.0,0.7,100.0,57.0,0.7048274775346121
2698,2.0,45.0,50.0,0.7,1000.0,38.0,0.7093367775281271
2699,2.0,45.0,50.0,0.7,10000.0,51.0,0.696785181760788
2700,1.0,50.0,5.0,0.3,0.0,34.0,0.7374913195768992
2701,1.0,50.0,5.0,0.3,10.0,37.0,0.7140088578065237
2702,1.0,50.0,5.0,0.3,100.0,46.0,0.7282997667789459
2703,1.0,50.0,5.0,0.3,1000.0,76.0,0.8201752305030823
2704,1.0,50.0,5.0,0.3,10000.0,48.0,0.7323548893133799
2705,1.0,50.0,5.0,0.5,0.0,32.0,0.8087253272533417
2706,1.0,50.0,5.0,0.5,10.0,45.0,0.7897122303644816
2707,1.0,50.0,5.0,0.5,100.0,44.0,0.7804562151432037
2708,1.0,50.0,5.0,0.5,1000.0,52.0,0.9701131482919058
2709,1.0,50.0,5.0,0.5,10000.0,45.0,0.8379524449507395
2710,1.0,50.0,5.0,0.7,0.0,53.0,0.9504957298437754
2711,1.0,50.0,5.0,0.7,10.0,17.0,0.9854058623313904
2712,1.0,50.0,5.0,0.7,100.0,38.0,0.9514318803946177
2713,1.0,50.0,5.0,0.7,1000.0,70.0,1.1519152522087097
2714,1.0,50.0,5.0,0.7,10000.0,41.0,1.047898103793462
2715,1.0,50.0,10.0,0.3,0.0,36.0,0.7059236168861389
2716,1.0,50.0,10.0,0.3,10.0,36.0,0.7086352407932281
2717,1.0,50.0,10.0,0.3,100.0,75.0,0.79679208000501
2718,1.0,50.0,10.0,0.3,1000.0,50.0,0.700776606798172
2719,1.0,50.0,10.0,0.3,10000.0,35.0,0.6901775797208151
2720,1.0,50.0,10.0,0.5,0.0,35.0,0.7378065387407938
2721,1.0,50.0,10.0,0.5,10.0,43.0,0.7540745238463084
2722,1.0,50.0,10.0,0.5,100.0,63.0,0.9356104632218679
2723,1.0,50.0,10.0,0.5,1000.0,51.0,0.7471591432889303
2724,1.0,50.0,10.0,0.5,10000.0,50.0,0.7514290809631348
2725,1.0,50.0,10.0,0.7,0.0,48.0,0.8476409018039703
2726,1.0,50.0,10.0,0.7,10.0,48.0,0.81379301349322
2727,1.0,50.0,10.0,0.7,100.0,105.0,1.0595845480759938
2728,1.0,50.0,10.0,0.7,1000.0,40.0,0.8891249199708303
2729,1.0,50.0,10.0,0.7,10000.0,41.0,0.8390160799026489
2730,1.0,50.0,15.0,0.3,0.0,33.0,0.6907961865266165
2731,1.0,50.0,15.0,0.3,10.0,31.0,0.6875533064206442
2732,1.0,50.0,15.0,0.3,100.0,50.0,0.7110602855682373
2733,1.0,50.0,15.0,0.3,1000.0,38.0,0.7009171942869822
2734,1.0,50.0,15.0,0.3,10000.0,34.0,0.700876792271932
2735,1.0,50.0,15.0,0.5,0.0,46.0,0.703893760840098
2736,1.0,50.0,15.0,0.5,10.0,37.0,0.7230494817097982
2737,1.0,50.0,15.0,0.5,100.0,36.0,0.7287091811498007
2738,1.0,50.0,15.0,0.5,1000.0,38.0,0.7214235166708628
2739,1.0,50.0,15.0,0.5,10000.0,34.0,0.7143042782942454
2740,1.0,50.0,15.0,0.7,0.0,49.0,0.7617981731891632
2741,1.0,50.0,15.0,0.7,10.0,29.0,0.7994949122269949
2742,1.0,50.0,15.0,0.7,100.0,40.0,0.783408542474111
2743,1.0,50.0,15.0,0.7,1000.0,40.0,0.7839573323726654
2744,1.0,50.0,15.0,0.7,10000.0,42.0,0.7704445123672485
2745,1.0,50.0,20.0,0.3,0.0,33.0,0.6885856290658315
2746,1.0,50.0,20.0,0.3,10.0,35.0,0.6910400887330373
2747,1.0,50.0,20.0,0.3,100.0,46.0,0.7049994071324667
2748,1.0,50.0,20.0,0.3,1000.0,32.0,0.7072997291882833
2749,1.0,50.0,20.0,0.3,10000.0,30.0,0.6972415943940481
2750,1.0,50.0,20.0,0.5,0.0,35.0,0.6951011816660563
2751,1.0,50.0,20.0,0.5,10.0,35.0,0.7079067428906759
2752,1.0,50.0,20.0,0.5,100.0,41.0,0.7140324513117472
2753,1.0,50.0,20.0,0.5,1000.0,34.0,0.7223584751288096
2754,1.0,50.0,20.0,0.5,10000.0,36.0,0.7097207903862
2755,1.0,50.0,20.0,0.7,0.0,41.0,0.7475162446498871
2756,1.0,50.0,20.0,0.7,10.0,55.0,0.7475493649641672
2757,1.0,50.0,20.0,0.7,100.0,39.0,0.7771346171696981
2758,1.0,50.0,20.0,0.7,1000.0,37.0,0.8012704650561014
2759,1.0,50.0,20.0,0.7,10000.0,44.0,0.7558066745599111
2760,1.0,50.0,25.0,0.3,0.0,34.0,0.6899822254975637
2761,1.0,50.0,25.0,0.3,10.0,29.0,0.6836560765902201
2762,1.0,50.0,25.0,0.3,100.0,33.0,0.6992856164773306
2763,1.0,50.0,25.0,0.3,1000.0,46.0,0.7199669977029165
2764,1.0,50.0,25.0,0.3,10000.0,30.0,0.6769441465536753
2765,1.0,50.0,25.0,0.5,0.0,41.0,0.712237685918808
2766,1.0,50.0,25.0,0.5,10.0,27.0,0.725332776705424
2767,1.0,50.0,25.0,0.5,100.0,33.0,0.7196596364180247
2768,1.0,50.0,25.0,0.5,1000.0,46.0,0.7020713786284128
2769,1.0,50.0,25.0,0.5,10000.0,32.0,0.7269900143146515
2770,1.0,50.0,25.0,0.7,0.0,31.0,0.74859619140625
2771,1.0,50.0,25.0,0.7,10.0,43.0,0.7589193284511566
2772,1.0,50.0,25.0,0.7,100.0,44.0,0.7587351401646932
2773,1.0,50.0,25.0,0.7,1000.0,45.0,0.7662783265113831
2774,1.0,50.0,25.0,0.7,10000.0,57.0,0.768781582514445
2775,1.0,50.0,30.0,0.3,0.0,38.0,0.6981945037841797
2776,1.0,50.0,30.0,0.3,10.0,27.0,0.6772282818953196
2777,1.0,50.0,30.0,0.3,100.0,50.0,0.7054083546002706
2778,1.0,50.0,30.0,0.3,1000.0,32.0,0.689622312784195
2779,1.0,50.0,30.0,0.3,10000.0,33.0,0.6795284748077393
2780,1.0,50.0,30.0,0.5,0.0,18.0,0.7245305776596069
2781,1.0,50.0,30.0,0.5,10.0,37.0,0.7056854665279388
2782,1.0,50.0,30.0,0.5,100.0,50.0,0.722208042939504
2783,1.0,50.0,30.0,0.5,1000.0,33.0,0.6994030475616455
2784,1.0,50.0,30.0,0.5,10000.0,31.0,0.7015664974848429
2785,1.0,50.0,30.0,0.7,0.0,38.0,0.7355703810850779
2786,1.0,50.0,30.0,0.7,10.0,39.0,0.7332560122013092
2787,1.0,50.0,30.0,0.7,100.0,18.0,0.8357700407505035
2788,1.0,50.0,30.0,0.7,1000.0,56.0,0.7345996002356211
2789,1.0,50.0,30.0,0.7,10000.0,29.0,0.7417023281256357
2790,1.0,50.0,35.0,0.3,0.0,35.0,0.7094093163808187
2791,1.0,50.0,35.0,0.3,10.0,41.0,0.6940423647562662
2792,1.0,50.0,35.0,0.3,100.0,45.0,0.6747385660807291
2793,1.0,50.0,35.0,0.3,1000.0,50.0,0.7008461554845175
2794,1.0,50.0,35.0,0.3,10000.0,30.0,0.6863450407981873
2795,1.0,50.0,35.0,0.5,0.0,30.0,0.723335733016332
2796,1.0,50.0,35.0,0.5,10.0,45.0,0.702250341574351
2797,1.0,50.0,35.0,0.5,100.0,47.0,0.6998776396115621
2798,1.0,50.0,35.0,0.5,1000.0,43.0,0.7159377237161001
2799,1.0,50.0,35.0,0.5,10000.0,30.0,0.7095284759998322
2800,1.0,50.0,35.0,0.7,0.0,41.0,0.7533713082472483
2801,1.0,50.0,35.0,0.7,10.0,43.0,0.7400300602118174
2802,1.0,50.0,35.0,0.7,100.0,47.0,0.7420960267384847
2803,1.0,50.0,35.0,0.7,1000.0,62.0,0.7424491147200266
2804,1.0,50.0,35.0,0.7,10000.0,36.0,0.750582347313563
2805,1.0,50.0,40.0,0.3,0.0,33.0,0.6974784135818481
2806,1.0,50.0,40.0,0.3,10.0,36.0,0.6662822763125101
2807,1.0,50.0,40.0,0.3,100.0,32.0,0.7094255089759827
2808,1.0,50.0,40.0,0.3,1000.0,39.0,0.693960040807724
2809,1.0,50.0,40.0,0.3,10000.0,35.0,0.6929615239302317
2810,1.0,50.0,40.0,0.5,0.0,43.0,0.6890634000301361
2811,1.0,50.0,40.0,0.5,10.0,36.0,0.6830136378606161
2812,1.0,50.0,40.0,0.5,100.0,44.0,0.7085029284159342
2813,1.0,50.0,40.0,0.5,1000.0,32.0,0.7177908221880595
2814,1.0,50.0,40.0,0.5,10000.0,33.0,0.694822758436203
2815,1.0,50.0,40.0,0.7,0.0,50.0,0.7206403116385142
2816,1.0,50.0,40.0,0.7,10.0,45.0,0.7058749000231425
2817,1.0,50.0,40.0,0.7,100.0,49.0,0.7376075287659963
2818,1.0,50.0,40.0,0.7,1000.0,44.0,0.7233259081840515
2819,1.0,50.0,40.0,0.7,10000.0,54.0,0.7218474348386129
2820,1.0,50.0,45.0,0.3,0.0,34.0,0.6802449226379395
2821,1.0,50.0,45.0,0.3,10.0,42.0,0.6913094520568848
2822,1.0,50.0,45.0,0.3,100.0,31.0,0.6978616913159689
2823,1.0,50.0,45.0,0.3,1000.0,30.0,0.6920280655225118
2824,1.0,50.0,45.0,0.3,10000.0,29.0,0.690844843784968
2825,1.0,50.0,45.0,0.5,0.0,50.0,0.6930822332700094
2826,1.0,50.0,45.0,0.5,10.0,43.0,0.6816227833429972
2827,1.0,50.0,45.0,0.5,100.0,35.0,0.7018470068772634
2828,1.0,50.0,45.0,0.5,1000.0,40.0,0.7057164907455444
2829,1.0,50.0,45.0,0.5,10000.0,31.0,0.6985742251078287
2830,1.0,50.0,45.0,0.7,0.0,50.0,0.7118918697039286
2831,1.0,50.0,45.0,0.7,10.0,45.0,0.7298973997433981
2832,1.0,50.0,45.0,0.7,100.0,39.0,0.7364634871482849
2833,1.0,50.0,45.0,0.7,1000.0,40.0,0.7136791547139486
2834,1.0,50.0,45.0,0.7,10000.0,45.0,0.7289503514766693
2835,1.0,50.0,50.0,0.3,0.0,31.0,0.6691108445326487
2836,1.0,50.0,50.0,0.3,10.0,16.0,0.7017117142677307
2837,1.0,50.0,50.0,0.3,100.0,48.0,0.686783085266749
2838,1.0,50.0,50.0,0.3,1000.0,26.0,0.7030138075351715
2839,1.0,50.0,50.0,0.3,10000.0,28.0,0.6969115535418192
2840,1.0,50.0,50.0,0.5,0.0,45.0,0.6929379403591156
2841,1.0,50.0,50.0,0.5,10.0,16.0,0.7154341836770376
2842,1.0,50.0,50.0,0.5,100.0,43.0,0.696849117676417
2843,1.0,50.0,50.0,0.5,1000.0,34.0,0.7087494333585104
2844,1.0,50.0,50.0,0.5,10000.0,30.0,0.6982090274492899
2845,1.0,50.0,50.0,0.7,0.0,55.0,0.7035352885723114
2846,1.0,50.0,50.0,0.7,10.0,16.0,0.7489981353282928
2847,1.0,50.0,50.0,0.7,100.0,47.0,0.7347459296385447
2848,1.0,50.0,50.0,0.7,1000.0,46.0,0.7469435532887777
2849,1.0,50.0,50.0,0.7,10000.0,40.0,0.7368717988332113
2850,2.0,50.0,5.0,0.3,0.0,52.0,0.7316354413827261
2851,2.0,50.0,5.0,0.3,10.0,55.0,0.7209706405798594
2852,2.0,50.0,5.0,0.3,100.0,52.0,0.723253200451533
2853,2.0,50.0,5.0,0.3,1000.0,40.0,0.7120630145072937
2854,2.0,50.0,5.0,0.3,10000.0,60.0,0.7130604386329651
2855,2.0,50.0,5.0,0.5,0.0,52.0,0.7939244210720062
2856,2.0,50.0,5.0,0.5,10.0,52.0,0.8425368269284567
2857,2.0,50.0,5.0,0.5,100.0,44.0,0.8123694956302643
2858,2.0,50.0,5.0,0.5,1000.0,45.0,0.783461312452952
2859,2.0,50.0,5.0,0.5,10000.0,54.0,0.8275981148084005
2860,2.0,50.0,5.0,0.7,0.0,53.0,0.9265327056248983
2861,2.0,50.0,5.0,0.7,10.0,36.0,0.996729165315628
2862,2.0,50.0,5.0,0.7,100.0,44.0,0.9947362343470255
2863,2.0,50.0,5.0,0.7,1000.0,51.0,0.9440858761469523
2864,2.0,50.0,5.0,0.7,10000.0,39.0,1.0183416207631428
2865,2.0,50.0,10.0,0.3,0.0,51.0,0.7109538316726685
2866,2.0,50.0,10.0,0.3,10.0,36.0,0.7074265976746877
2867,2.0,50.0,10.0,0.3,100.0,50.0,0.7070539096991221
2868,2.0,50.0,10.0,0.3,1000.0,55.0,0.6778172751267751
2869,2.0,50.0,10.0,0.3,10000.0,30.0,0.6990972856680552
2870,2.0,50.0,10.0,0.5,0.0,57.0,0.7614224354426066
2871,2.0,50.0,10.0,0.5,10.0,42.0,0.7544112106164297
2872,2.0,50.0,10.0,0.5,100.0,52.0,0.7299884061018626
2873,2.0,50.0,10.0,0.5,1000.0,45.0,0.7240611612796783
2874,2.0,50.0,10.0,0.5,10000.0,32.0,0.7300999263922373
2875,2.0,50.0,10.0,0.7,0.0,64.0,0.8381327092647552
2876,2.0,50.0,10.0,0.7,10.0,35.0,0.8744281927744547
2877,2.0,50.0,10.0,0.7,100.0,44.0,0.830447276433309
2878,2.0,50.0,10.0,0.7,1000.0,57.0,0.7938263614972433
2879,2.0,50.0,10.0,0.7,10000.0,28.0,0.8354035715262095
2880,2.0,50.0,15.0,0.3,0.0,37.0,0.681409498055776
2881,2.0,50.0,15.0,0.3,10.0,36.0,0.6976168056329092
2882,2.0,50.0,15.0,0.3,100.0,33.0,0.6936045388380686
2883,2.0,50.0,15.0,0.3,1000.0,32.0,0.692132035891215
2884,2.0,50.0,15.0,0.3,10000.0,41.0,0.6883501708507538
2885,2.0,50.0,15.0,0.5,0.0,37.0,0.724381685256958
2886,2.0,50.0,15.0,0.5,10.0,48.0,0.7212737798690796
2887,2.0,50.0,15.0,0.5,100.0,69.0,0.7043604155381521
2888,2.0,50.0,15.0,0.5,1000.0,68.0,0.7070010403792063
2889,2.0,50.0,15.0,0.5,10000.0,42.0,0.7014566560586294
2890,2.0,50.0,15.0,0.7,0.0,43.0,0.7481675744056702
2891,2.0,50.0,15.0,0.7,10.0,48.0,0.7874453465143839
2892,2.0,50.0,15.0,0.7,100.0,28.0,0.8188919723033905
2893,2.0,50.0,15.0,0.7,1000.0,40.0,0.7997120122114817
2894,2.0,50.0,15.0,0.7,10000.0,26.0,0.7929394046465555
2895,2.0,50.0,20.0,0.3,0.0,36.0,0.7169682582219442
2896,2.0,50.0,20.0,0.3,10.0,42.0,0.6916971802711487
2897,2.0,50.0,20.0,0.3,100.0,69.0,0.6781504352887472
2898,2.0,50.0,20.0,0.3,1000.0,36.0,0.6792537868022919
2899,2.0,50.0,20.0,0.3,10000.0,36.0,0.6896464129288992
2900,2.0,50.0,20.0,0.5,0.0,34.0,0.7367846866448721
2901,2.0,50.0,20.0,0.5,10.0,51.0,0.7239871521790823
2902,2.0,50.0,20.0,0.5,100.0,29.0,0.7414150337378184
2903,2.0,50.0,20.0,0.5,1000.0,37.0,0.6805486083030701
2904,2.0,50.0,20.0,0.5,10000.0,50.0,0.6964938938617706
2905,2.0,50.0,20.0,0.7,0.0,40.0,0.7642841239770254
2906,2.0,50.0,20.0,0.7,10.0,44.0,0.7707269589106241
2907,2.0,50.0,20.0,0.7,100.0,71.0,0.771147757768631
2908,2.0,50.0,20.0,0.7,1000.0,37.0,0.7480423351128896
2909,2.0,50.0,20.0,0.7,10000.0,28.0,0.7681998511155447
2910,2.0,50.0,25.0,0.3,0.0,51.0,0.6712468167146047
2911,2.0,50.0,25.0,0.3,10.0,62.0,0.6672868728637695
2912,2.0,50.0,25.0,0.3,100.0,37.0,0.6644001305103302
2913,2.0,50.0,25.0,0.3,1000.0,35.0,0.6804730991522471
2914,2.0,50.0,25.0,0.3,10000.0,34.0,0.705970972776413
2915,2.0,50.0,25.0,0.5,0.0,52.0,0.7135090529918671
2916,2.0,50.0,25.0,0.5,10.0,30.0,0.7209252119064331
2917,2.0,50.0,25.0,0.5,100.0,39.0,0.6968209743499756
2918,2.0,50.0,25.0,0.5,1000.0,35.0,0.6883731484413147
2919,2.0,50.0,25.0,0.5,10000.0,30.0,0.6895418564478556
2920,2.0,50.0,25.0,0.7,0.0,35.0,0.7635525763034821
2921,2.0,50.0,25.0,0.7,10.0,50.0,0.7542072435220083
2922,2.0,50.0,25.0,0.7,100.0,37.0,0.7447425325711569
2923,2.0,50.0,25.0,0.7,1000.0,33.0,0.7585086822509766
2924,2.0,50.0,25.0,0.7,10000.0,63.0,0.7328701019287109
2925,2.0,50.0,30.0,0.3,0.0,43.0,0.6979989310105642
2926,2.0,50.0,30.0,0.3,10.0,34.0,0.6948822836081187
2927,2.0,50.0,30.0,0.3,100.0,39.0,0.6722723742326101
2928,2.0,50.0,30.0,0.3,1000.0,88.0,0.7154940863450369
2929,2.0,50.0,30.0,0.3,10000.0,35.0,0.6681923468907675
2930,2.0,50.0,30.0,0.5,0.0,68.0,0.7192107836405436
2931,2.0,50.0,30.0,0.5,10.0,55.0,0.6861388285954794
2932,2.0,50.0,30.0,0.5,100.0,33.0,0.6993524332841238
2933,2.0,50.0,30.0,0.5,1000.0,51.0,0.6814824144045512
2934,2.0,50.0,30.0,0.5,10000.0,36.0,0.7013546923796335
2935,2.0,50.0,30.0,0.7,0.0,50.0,0.7228259344895681
2936,2.0,50.0,30.0,0.7,10.0,39.0,0.724643349647522
2937,2.0,50.0,30.0,0.7,100.0,50.0,0.7177601059277853
2938,2.0,50.0,30.0,0.7,1000.0,34.0,0.73343825340271
2939,2.0,50.0,30.0,0.7,10000.0,48.0,0.77184130748113
2940,2.0,50.0,35.0,0.3,0.0,32.0,0.6749424835046133
2941,2.0,50.0,35.0,0.3,10.0,61.0,0.6755778789520264
2942,2.0,50.0,35.0,0.3,100.0,51.0,0.6877121229966482
2943,2.0,50.0,35.0,0.3,1000.0,55.0,0.6522125601768494
2944,2.0,50.0,35.0,0.3,10000.0,30.0,0.6803640027840933
2945,2.0,50.0,35.0,0.5,0.0,37.0,0.6714317997296652
2946,2.0,50.0,35.0,0.5,10.0,30.0,0.7239284813404083
2947,2.0,50.0,35.0,0.5,100.0,58.0,0.6753823260466257
2948,2.0,50.0,35.0,0.5,1000.0,55.0,0.6702281733353933
2949,2.0,50.0,35.0,0.5,10000.0,34.0,0.6913400789101919
2950,2.0,50.0,35.0,0.7,0.0,39.0,0.7214295466740926
2951,2.0,50.0,35.0,0.7,10.0,24.0,0.7785722315311432
2952,2.0,50.0,35.0,0.7,100.0,53.0,0.6990673442681631
2953,2.0,50.0,35.0,0.7,1000.0,55.0,0.7063745657602946
2954,2.0,50.0,35.0,0.7,10000.0,48.0,0.7292263607184092
2955,2.0,50.0,40.0,0.3,0.0,39.0,0.680520236492157
2956,2.0,50.0,40.0,0.3,10.0,32.0,0.6739883820215861
2957,2.0,50.0,40.0,0.3,100.0,30.0,0.6800281703472137
2958,2.0,50.0,40.0,0.3,1000.0,41.0,0.6908660431702932
2959,2.0,50.0,40.0,0.3,10000.0,31.0,0.6711681385835012
2960,2.0,50.0,40.0,0.5,0.0,47.0,0.7040816346804301
2961,2.0,50.0,40.0,0.5,10.0,32.0,0.6902197500069936
2962,2.0,50.0,40.0,0.5,100.0,51.0,0.6817821562290192
2963,2.0,50.0,40.0,0.5,1000.0,44.0,0.7169626355171204
2964,2.0,50.0,40.0,0.5,10000.0,39.0,0.670764684677124
2965,2.0,50.0,40.0,0.7,0.0,44.0,0.7288603484630585
2966,2.0,50.0,40.0,0.7,10.0,56.0,0.6986421446005503
2967,2.0,50.0,40.0,0.7,100.0,53.0,0.7070753276348114
2968,2.0,50.0,40.0,0.7,1000.0,36.0,0.7175589104493459
2969,2.0,50.0,40.0,0.7,10000.0,42.0,0.7189350028832754
2970,2.0,50.0,45.0,0.3,0.0,48.0,0.6920981705188751
2971,2.0,50.0,45.0,0.3,10.0,44.0,0.6806524395942688
2972,2.0,50.0,45.0,0.3,100.0,43.0,0.6799017786979675
2973,2.0,50.0,45.0,0.3,1000.0,32.0,0.723403662443161
2974,2.0,50.0,45.0,0.3,10000.0,31.0,0.6690057218074799
2975,2.0,50.0,45.0,0.5,0.0,59.0,0.7140864431858063
2976,2.0,50.0,45.0,0.5,10.0,37.0,0.6938528021176656
2977,2.0,50.0,45.0,0.5,100.0,44.0,0.6864344676335653
2978,2.0,50.0,45.0,0.5,1000.0,34.0,0.6893320977687836
2979,2.0,50.0,45.0,0.5,10000.0,44.0,0.6830577353636423
2980,2.0,50.0,45.0,0.7,0.0,39.0,0.7333445250988007
2981,2.0,50.0,45.0,0.7,10.0,31.0,0.720219612121582
2982,2.0,50.0,45.0,0.7,100.0,46.0,0.6860397060712179
2983,2.0,50.0,45.0,0.7,1000.0,28.0,0.7118013699849447
2984,2.0,50.0,45.0,0.7,10000.0,58.0,0.7137944996356964
2985,2.0,50.0,50.0,0.3,0.0,36.0,0.6761498351891836
2986,2.0,50.0,50.0,0.3,10.0,34.0,0.7032500604788462
2987,2.0,50.0,50.0,0.3,100.0,32.0,0.6782935957113901
2988,2.0,50.0,50.0,0.3,1000.0,53.0,0.6860390504201254
2989,2.0,50.0,50.0,0.3,10000.0,30.0,0.6662749747435252
2990,2.0,50.0,50.0,0.5,0.0,36.0,0.6923333207766215
2991,2.0,50.0,50.0,0.5,10.0,67.0,0.6934743622938792
2992,2.0,50.0,50.0,0.5,100.0,38.0,0.686582992474238
2993,2.0,50.0,50.0,0.5,1000.0,56.0,0.6733555992444357
2994,2.0,50.0,50.0,0.5,10000.0,34.0,0.6786939203739166
2995,2.0,50.0,50.0,0.7,0.0,52.0,0.6988715628782908
2996,2.0,50.0,50.0,0.7,10.0,50.0,0.7172989249229431
2997,2.0,50.0,50.0,0.7,100.0,37.0,0.7038197815418243
2998,2.0,50.0,50.0,0.7,1000.0,56.0,0.7010621726512909
2999,2.0,50.0,50.0,0.7,10000.0,34.0,0.7198947270711263
