,num_layers,hidden1,hidden2,dropout,random_seed,epochs_trained,val_error
0,1.0,5.0,5.0,0.3,0.0,111.0,0.9480912685394287
1,1.0,5.0,5.0,0.3,10.0,92.0,0.9762754837671915
2,1.0,5.0,5.0,0.3,100.0,171.0,0.9530774553616842
3,1.0,5.0,5.0,0.3,1000.0,154.0,0.8783625364303589
4,1.0,5.0,5.0,0.3,10000.0,173.0,0.8921568592389425
5,1.0,5.0,5.0,0.5,0.0,92.0,0.9776744842529297
6,1.0,5.0,5.0,0.5,10.0,107.0,0.9966424902280172
7,1.0,5.0,5.0,0.5,100.0,177.0,0.9674392938613892
8,1.0,5.0,5.0,0.5,1000.0,134.0,0.9991910457611084
9,1.0,5.0,5.0,0.5,10000.0,87.0,0.9712913036346436
10,1.0,5.0,5.0,0.7,0.0,124.0,1.004083236058553
11,1.0,5.0,5.0,0.7,10.0,263.0,0.9978406031926473
12,1.0,5.0,5.0,0.7,100.0,260.0,0.9976657629013062
13,1.0,5.0,5.0,0.7,1000.0,149.0,1.0281202991803486
14,1.0,5.0,5.0,0.7,10000.0,111.0,1.021920422712962
15,1.0,5.0,10.0,0.3,0.0,42.0,1.0845442811648052
16,1.0,5.0,10.0,0.3,10.0,52.0,1.0898717840512593
17,1.0,5.0,10.0,0.3,100.0,86.0,1.0081231792767842
18,1.0,5.0,10.0,0.3,1000.0,36.0,1.0836952129999797
19,1.0,5.0,10.0,0.3,10000.0,134.0,0.8974888722101847
20,1.0,5.0,10.0,0.5,0.0,41.0,1.0849583745002747
21,1.0,5.0,10.0,0.5,10.0,49.0,1.0907625555992126
22,1.0,5.0,10.0,0.5,100.0,116.0,1.0154103835423787
23,1.0,5.0,10.0,0.5,1000.0,127.0,0.9936880071957906
24,1.0,5.0,10.0,0.5,10000.0,77.0,0.9343799750010172
25,1.0,5.0,10.0,0.7,0.0,124.0,0.9997324347496033
26,1.0,5.0,10.0,0.7,10.0,62.0,1.0993255774180095
27,1.0,5.0,10.0,0.7,100.0,195.0,1.0119260946909587
28,1.0,5.0,10.0,0.7,1000.0,230.0,1.0109306176503499
29,1.0,5.0,10.0,0.7,10000.0,94.0,0.976872980594635
30,1.0,5.0,15.0,0.3,0.0,15.0,1.0894306500752766
31,1.0,5.0,15.0,0.3,10.0,93.0,0.9714720646540324
32,1.0,5.0,15.0,0.3,100.0,149.0,0.8935234347979227
33,1.0,5.0,15.0,0.3,1000.0,26.0,1.0717365145683289
34,1.0,5.0,15.0,0.3,10000.0,228.0,0.8106151819229126
35,1.0,5.0,15.0,0.5,0.0,15.0,1.0804452498753865
36,1.0,5.0,15.0,0.5,10.0,140.0,0.9708332220713297
37,1.0,5.0,15.0,0.5,100.0,147.0,0.9372130235036215
38,1.0,5.0,15.0,0.5,1000.0,54.0,1.0589408874511719
39,1.0,5.0,15.0,0.5,10000.0,63.0,0.9688053727149963
40,1.0,5.0,15.0,0.7,0.0,130.0,1.0041082700093586
41,1.0,5.0,15.0,0.7,10.0,82.0,1.0481269160906475
42,1.0,5.0,15.0,0.7,100.0,173.0,0.9872148235638937
43,1.0,5.0,15.0,0.7,1000.0,41.0,1.0663704474767048
44,1.0,5.0,15.0,0.7,10000.0,92.0,1.000465452671051
45,1.0,5.0,20.0,0.3,0.0,29.0,1.0810122887293498
46,1.0,5.0,20.0,0.3,10.0,75.0,0.9760227600733439
47,1.0,5.0,20.0,0.3,100.0,30.0,1.078706443309784
48,1.0,5.0,20.0,0.3,1000.0,23.0,1.0782203078269958
49,1.0,5.0,20.0,0.3,10000.0,59.0,0.9586478670438131
50,1.0,5.0,20.0,0.5,0.0,69.0,1.0480050841967266
51,1.0,5.0,20.0,0.5,10.0,142.0,0.9601675271987915
52,1.0,5.0,20.0,0.5,100.0,133.0,0.9507965842882792
53,1.0,5.0,20.0,0.5,1000.0,140.0,0.9123279253641764
54,1.0,5.0,20.0,0.5,10000.0,64.0,0.9715736508369446
55,1.0,5.0,20.0,0.7,0.0,280.0,0.9778384566307068
56,1.0,5.0,20.0,0.7,10.0,172.0,0.959828774134318
57,1.0,5.0,20.0,0.7,100.0,159.0,0.9761096040407816
58,1.0,5.0,20.0,0.7,1000.0,142.0,0.9310693343480428
59,1.0,5.0,20.0,0.7,10000.0,143.0,0.9759881695111593
60,1.0,5.0,25.0,0.3,0.0,22.0,1.0774587591489155
61,1.0,5.0,25.0,0.3,10.0,156.0,0.9518774747848511
62,1.0,5.0,25.0,0.3,100.0,122.0,0.9533289670944214
63,1.0,5.0,25.0,0.3,1000.0,300.0,0.7885622382164001
64,1.0,5.0,25.0,0.3,10000.0,168.0,0.786865214506785
65,1.0,5.0,25.0,0.5,0.0,38.0,1.0709346135457356
66,1.0,5.0,25.0,0.5,10.0,300.0,0.8470459779103597
67,1.0,5.0,25.0,0.5,100.0,130.0,0.9720084468523661
68,1.0,5.0,25.0,0.5,1000.0,197.0,0.9467461109161377
69,1.0,5.0,25.0,0.5,10000.0,72.0,0.9939197897911072
70,1.0,5.0,25.0,0.7,0.0,13.0,1.0940661629041035
71,1.0,5.0,25.0,0.7,10.0,139.0,0.9779336452484131
72,1.0,5.0,25.0,0.7,100.0,159.0,0.9853610396385193
73,1.0,5.0,25.0,0.7,1000.0,47.0,1.0643644332885742
74,1.0,5.0,25.0,0.7,10000.0,108.0,0.9808183709780375
75,1.0,5.0,30.0,0.3,0.0,22.0,1.0905321041742961
76,1.0,5.0,30.0,0.3,10.0,92.0,0.9818807442982992
77,1.0,5.0,30.0,0.3,100.0,114.0,0.9509933789571127
78,1.0,5.0,30.0,0.3,1000.0,22.0,1.0921095609664917
79,1.0,5.0,30.0,0.3,10000.0,49.0,0.9650781750679016
80,1.0,5.0,30.0,0.5,0.0,165.0,0.946779211362203
81,1.0,5.0,30.0,0.5,10.0,231.0,0.8835950096448263
82,1.0,5.0,30.0,0.5,100.0,132.0,0.9595637520154318
83,1.0,5.0,30.0,0.5,1000.0,23.0,1.0882792274157207
84,1.0,5.0,30.0,0.5,10000.0,122.0,0.9436882535616556
85,1.0,5.0,30.0,0.7,0.0,89.0,1.0504614114761353
86,1.0,5.0,30.0,0.7,10.0,209.0,0.9427633086840311
87,1.0,5.0,30.0,0.7,100.0,150.0,0.9792919556299845
88,1.0,5.0,30.0,0.7,1000.0,30.0,1.0943155884742737
89,1.0,5.0,30.0,0.7,10000.0,108.0,0.9665726621945699
90,1.0,5.0,35.0,0.3,0.0,75.0,0.9977583289146423
91,1.0,5.0,35.0,0.3,10.0,182.0,0.9495079318682352
92,1.0,5.0,35.0,0.3,100.0,21.0,1.071772078673045
93,1.0,5.0,35.0,0.3,1000.0,76.0,1.057663341363271
94,1.0,5.0,35.0,0.3,10000.0,217.0,0.8112738728523254
95,1.0,5.0,35.0,0.5,0.0,30.0,1.087429980436961
96,1.0,5.0,35.0,0.5,10.0,227.0,0.8640726407368978
97,1.0,5.0,35.0,0.5,100.0,126.0,0.9604504903157552
98,1.0,5.0,35.0,0.5,1000.0,36.0,1.0739512244860332
99,1.0,5.0,35.0,0.5,10000.0,145.0,0.8886644244194031
100,1.0,5.0,35.0,0.7,0.0,37.0,1.0926784475644429
101,1.0,5.0,35.0,0.7,10.0,157.0,0.9680813749631246
102,1.0,5.0,35.0,0.7,100.0,145.0,0.9842917521794637
103,1.0,5.0,35.0,0.7,1000.0,109.0,1.0570492545763652
104,1.0,5.0,35.0,0.7,10000.0,58.0,1.0402824680010478
105,1.0,5.0,40.0,0.3,0.0,24.0,1.0866257945696514
106,1.0,5.0,40.0,0.3,10.0,188.0,0.9206783771514893
107,1.0,5.0,40.0,0.3,100.0,24.0,1.0811757445335388
108,1.0,5.0,40.0,0.3,1000.0,244.0,0.7700408895810446
109,1.0,5.0,40.0,0.3,10000.0,204.0,0.7778907815615336
110,1.0,5.0,40.0,0.5,0.0,102.0,1.001266598701477
111,1.0,5.0,40.0,0.5,10.0,151.0,0.9550962845484415
112,1.0,5.0,40.0,0.5,100.0,126.0,0.9651489655176798
113,1.0,5.0,40.0,0.5,1000.0,128.0,1.0285428365071614
114,1.0,5.0,40.0,0.5,10000.0,79.0,0.9893071452776591
115,1.0,5.0,40.0,0.7,0.0,211.0,0.9910216728846232
116,1.0,5.0,40.0,0.7,10.0,192.0,0.9232349991798401
117,1.0,5.0,40.0,0.7,100.0,178.0,1.008388638496399
118,1.0,5.0,40.0,0.7,1000.0,62.0,1.0629370013872783
119,1.0,5.0,40.0,0.7,10000.0,74.0,1.0233465035756428
120,1.0,5.0,45.0,0.3,0.0,158.0,0.9080753326416016
121,1.0,5.0,45.0,0.3,10.0,144.0,0.905851423740387
122,1.0,5.0,45.0,0.3,100.0,115.0,0.9428680936495463
123,1.0,5.0,45.0,0.3,1000.0,192.0,0.8922771215438843
124,1.0,5.0,45.0,0.3,10000.0,136.0,0.9206847151120504
125,1.0,5.0,45.0,0.5,0.0,101.0,0.9767366647720337
126,1.0,5.0,45.0,0.5,10.0,157.0,0.9122120340665182
127,1.0,5.0,45.0,0.5,100.0,244.0,0.9022445480028788
128,1.0,5.0,45.0,0.5,1000.0,79.0,1.0322916905085247
129,1.0,5.0,45.0,0.5,10000.0,167.0,0.7948659658432007
130,1.0,5.0,45.0,0.7,0.0,119.0,1.0097801287968953
131,1.0,5.0,45.0,0.7,10.0,198.0,0.9429647525151571
132,1.0,5.0,45.0,0.7,100.0,205.0,1.0071668426195781
133,1.0,5.0,45.0,0.7,1000.0,92.0,1.0478521784146626
134,1.0,5.0,45.0,0.7,10000.0,173.0,0.8634480237960815
135,1.0,5.0,50.0,0.3,0.0,89.0,0.9698499043782552
136,1.0,5.0,50.0,0.3,10.0,88.0,0.9473475019137064
137,1.0,5.0,50.0,0.3,100.0,20.0,1.0807811220486958
138,1.0,5.0,50.0,0.3,1000.0,24.0,1.0807924469312031
139,1.0,5.0,50.0,0.3,10000.0,74.0,0.9456098477045695
140,1.0,5.0,50.0,0.5,0.0,95.0,0.9923564791679382
141,1.0,5.0,50.0,0.5,10.0,88.0,0.970090925693512
142,1.0,5.0,50.0,0.5,100.0,171.0,0.9664987921714783
143,1.0,5.0,50.0,0.5,1000.0,25.0,1.0715888341267903
144,1.0,5.0,50.0,0.5,10000.0,84.0,0.9561739762624105
145,1.0,5.0,50.0,0.7,0.0,155.0,1.0030326048533122
146,1.0,5.0,50.0,0.7,10.0,277.0,0.9089237650235494
147,1.0,5.0,50.0,0.7,100.0,162.0,0.9997899731000265
148,1.0,5.0,50.0,0.7,1000.0,30.0,1.0813077489535015
149,1.0,5.0,50.0,0.7,10000.0,117.0,0.944670577843984
150,2.0,5.0,5.0,0.3,0.0,69.0,0.9578826228777567
151,2.0,5.0,5.0,0.3,10.0,78.0,1.049984375635783
152,2.0,5.0,5.0,0.3,100.0,27.0,1.116270383199056
153,2.0,5.0,5.0,0.3,1000.0,11.0,1.102745791276296
154,2.0,5.0,5.0,0.3,10000.0,106.0,0.912879208723704
155,2.0,5.0,5.0,0.5,0.0,71.0,0.983625610669454
156,2.0,5.0,5.0,0.5,10.0,138.0,1.0018269022305806
157,2.0,5.0,5.0,0.5,100.0,27.0,1.117186963558197
158,2.0,5.0,5.0,0.5,1000.0,11.0,1.1001134912172954
159,2.0,5.0,5.0,0.5,10000.0,146.0,0.9255441824595133
160,2.0,5.0,5.0,0.7,0.0,99.0,0.9912036657333374
161,2.0,5.0,5.0,0.7,10.0,151.0,1.0150923530260723
162,2.0,5.0,5.0,0.7,100.0,135.0,1.039669692516327
163,2.0,5.0,5.0,0.7,1000.0,11.0,1.0988338390986125
164,2.0,5.0,5.0,0.7,10000.0,167.0,0.9782188336054484
165,2.0,5.0,10.0,0.3,0.0,23.0,1.103264331817627
166,2.0,5.0,10.0,0.3,10.0,170.0,0.9004095991452535
167,2.0,5.0,10.0,0.3,100.0,24.0,1.104792634646098
168,2.0,5.0,10.0,0.3,1000.0,11.0,1.110142469406128
169,2.0,5.0,10.0,0.3,10000.0,90.0,0.91742471853892
170,2.0,5.0,10.0,0.5,0.0,143.0,0.8722229798634847
171,2.0,5.0,10.0,0.5,10.0,141.0,0.8850950201352438
172,2.0,5.0,10.0,0.5,100.0,193.0,0.9428090254465739
173,2.0,5.0,10.0,0.5,1000.0,11.0,1.1065826416015625
174,2.0,5.0,10.0,0.5,10000.0,120.0,0.8134684960047404
175,2.0,5.0,10.0,0.7,0.0,145.0,0.9519058068593343
176,2.0,5.0,10.0,0.7,10.0,93.0,0.9661547740300497
177,2.0,5.0,10.0,0.7,100.0,91.0,1.0111368695894878
178,2.0,5.0,10.0,0.7,1000.0,11.0,1.1046889424324036
179,2.0,5.0,10.0,0.7,10000.0,11.0,1.1390135685602825
180,2.0,5.0,15.0,0.3,0.0,22.0,1.0980140169461567
181,2.0,5.0,15.0,0.3,10.0,86.0,0.9350321491559347
182,2.0,5.0,15.0,0.3,100.0,16.0,1.1059584816296895
183,2.0,5.0,15.0,0.3,1000.0,11.0,1.109817624092102
184,2.0,5.0,15.0,0.3,10000.0,75.0,0.900923470656077
185,2.0,5.0,15.0,0.5,0.0,78.0,0.997748613357544
186,2.0,5.0,15.0,0.5,10.0,216.0,0.8134434819221497
187,2.0,5.0,15.0,0.5,100.0,32.0,1.0867859323819478
188,2.0,5.0,15.0,0.5,1000.0,11.0,1.1088925798734028
189,2.0,5.0,15.0,0.5,10000.0,68.0,0.9417290687561035
190,2.0,5.0,15.0,0.7,0.0,82.0,1.0149632493654888
191,2.0,5.0,15.0,0.7,10.0,78.0,1.017580250898997
192,2.0,5.0,15.0,0.7,100.0,124.0,0.9802670876185099
193,2.0,5.0,15.0,0.7,1000.0,11.0,1.1077633102734883
194,2.0,5.0,15.0,0.7,10000.0,108.0,0.9744878013928732
195,2.0,5.0,20.0,0.3,0.0,24.0,1.1104805668195088
196,2.0,5.0,20.0,0.3,10.0,79.0,0.9488621950149536
197,2.0,5.0,20.0,0.3,100.0,22.0,1.0930779178937275
198,2.0,5.0,20.0,0.3,1000.0,13.0,1.111785074075063
199,2.0,5.0,20.0,0.3,10000.0,59.0,0.9542783896128336
200,2.0,5.0,20.0,0.5,0.0,182.0,0.8875075777371725
201,2.0,5.0,20.0,0.5,10.0,159.0,0.8881724079449972
202,2.0,5.0,20.0,0.5,100.0,21.0,1.0973335703214009
203,2.0,5.0,20.0,0.5,1000.0,13.0,1.107029139995575
204,2.0,5.0,20.0,0.5,10000.0,94.0,0.8803559144337972
205,2.0,5.0,20.0,0.7,0.0,218.0,0.9350056648254395
206,2.0,5.0,20.0,0.7,10.0,96.0,0.9613445599873861
207,2.0,5.0,20.0,0.7,100.0,196.0,0.9896878600120544
208,2.0,5.0,20.0,0.7,1000.0,13.0,1.1042859355608623
209,2.0,5.0,20.0,0.7,10000.0,57.0,0.9766141176223755
210,2.0,5.0,25.0,0.3,0.0,22.0,1.0965507825215657
211,2.0,5.0,25.0,0.3,10.0,102.0,0.9385284384091696
212,2.0,5.0,25.0,0.3,100.0,280.0,0.908315122127533
213,2.0,5.0,25.0,0.3,1000.0,11.0,1.1114223996798198
214,2.0,5.0,25.0,0.3,10000.0,106.0,0.9203851222991943
215,2.0,5.0,25.0,0.5,0.0,26.0,1.078262448310852
216,2.0,5.0,25.0,0.5,10.0,162.0,0.8978496392567953
217,2.0,5.0,25.0,0.5,100.0,107.0,1.0098505020141602
218,2.0,5.0,25.0,0.5,1000.0,12.0,1.105062206586202
219,2.0,5.0,25.0,0.5,10000.0,94.0,0.96101842323939
220,2.0,5.0,25.0,0.7,0.0,102.0,1.0100362499554951
221,2.0,5.0,25.0,0.7,10.0,11.0,1.0999923944473267
222,2.0,5.0,25.0,0.7,100.0,11.0,1.1110209822654724
223,2.0,5.0,25.0,0.7,1000.0,12.0,1.0984792510668437
224,2.0,5.0,25.0,0.7,10000.0,146.0,0.9306527972221375
225,2.0,5.0,30.0,0.3,0.0,57.0,0.9414477348327637
226,2.0,5.0,30.0,0.3,10.0,12.0,1.1072293519973755
227,2.0,5.0,30.0,0.3,100.0,26.0,1.0896377563476562
228,2.0,5.0,30.0,0.3,1000.0,13.0,1.0919143954912822
229,2.0,5.0,30.0,0.3,10000.0,95.0,0.9128959973653158
230,2.0,5.0,30.0,0.5,0.0,100.0,0.8944288293520609
231,2.0,5.0,30.0,0.5,10.0,12.0,1.1098251938819885
232,2.0,5.0,30.0,0.5,100.0,26.0,1.0850415031115215
233,2.0,5.0,30.0,0.5,1000.0,172.0,0.9507098396619161
234,2.0,5.0,30.0,0.5,10000.0,84.0,0.9440141518910726
235,2.0,5.0,30.0,0.7,0.0,61.0,0.9808955391248068
236,2.0,5.0,30.0,0.7,10.0,12.0,1.1114181280136108
237,2.0,5.0,30.0,0.7,100.0,111.0,1.0058790445327759
238,2.0,5.0,30.0,0.7,1000.0,209.0,0.8291801412900289
239,2.0,5.0,30.0,0.7,10000.0,51.0,1.009570797284444
240,2.0,5.0,35.0,0.3,0.0,78.0,0.9428171515464783
241,2.0,5.0,35.0,0.3,10.0,52.0,0.9730043808619181
242,2.0,5.0,35.0,0.3,100.0,23.0,1.1109915574391682
243,2.0,5.0,35.0,0.3,1000.0,159.0,0.8519262075424194
244,2.0,5.0,35.0,0.3,10000.0,129.0,0.8542256156603495
245,2.0,5.0,35.0,0.5,0.0,12.0,1.1096554001172383
246,2.0,5.0,35.0,0.5,10.0,62.0,0.9740477005640665
247,2.0,5.0,35.0,0.5,100.0,24.0,1.103100061416626
248,2.0,5.0,35.0,0.5,1000.0,214.0,0.8688886165618896
249,2.0,5.0,35.0,0.5,10000.0,125.0,0.948624312877655
250,2.0,5.0,35.0,0.7,0.0,12.0,1.1118075847625732
251,2.0,5.0,35.0,0.7,10.0,97.0,0.9826140801111857
252,2.0,5.0,35.0,0.7,100.0,148.0,0.9966214100519816
253,2.0,5.0,35.0,0.7,1000.0,221.0,0.9318928321202596
254,2.0,5.0,35.0,0.7,10000.0,129.0,0.9525070190429688
255,2.0,5.0,40.0,0.3,0.0,22.0,1.1135038336118062
256,2.0,5.0,40.0,0.3,10.0,87.0,0.920437236626943
257,2.0,5.0,40.0,0.3,100.0,69.0,0.9548754493395487
258,2.0,5.0,40.0,0.3,1000.0,11.0,1.1158105333646138
259,2.0,5.0,40.0,0.3,10000.0,27.0,1.0891043146451314
260,2.0,5.0,40.0,0.5,0.0,74.0,0.9435400168100992
261,2.0,5.0,40.0,0.5,10.0,92.0,0.9120111664136251
262,2.0,5.0,40.0,0.5,100.0,69.0,0.9518783489863077
263,2.0,5.0,40.0,0.5,1000.0,82.0,0.9852422475814819
264,2.0,5.0,40.0,0.5,10000.0,69.0,0.9758490125338236
265,2.0,5.0,40.0,0.7,0.0,122.0,0.9381012320518494
266,2.0,5.0,40.0,0.7,10.0,92.0,0.9301690260569254
267,2.0,5.0,40.0,0.7,100.0,11.0,1.1033990383148193
268,2.0,5.0,40.0,0.7,1000.0,101.0,0.9923308491706848
269,2.0,5.0,40.0,0.7,10000.0,92.0,0.9312161803245544
270,2.0,5.0,45.0,0.3,0.0,21.0,1.106463611125946
271,2.0,5.0,45.0,0.3,10.0,72.0,0.9406923850377401
272,2.0,5.0,45.0,0.3,100.0,96.0,0.9539240598678589
273,2.0,5.0,45.0,0.3,1000.0,300.0,0.8965088923772176
274,2.0,5.0,45.0,0.3,10000.0,135.0,0.843645970026652
275,2.0,5.0,45.0,0.5,0.0,22.0,1.0913511912027996
276,2.0,5.0,45.0,0.5,10.0,43.0,1.0415026148160298
277,2.0,5.0,45.0,0.5,100.0,99.0,0.9866601427396139
278,2.0,5.0,45.0,0.5,1000.0,61.0,1.064183235168457
279,2.0,5.0,45.0,0.5,10000.0,164.0,0.7867539922396342
280,2.0,5.0,45.0,0.7,0.0,127.0,0.8814904689788818
281,2.0,5.0,45.0,0.7,10.0,110.0,0.9203809897104899
282,2.0,5.0,45.0,0.7,100.0,90.0,1.0173562963803608
283,2.0,5.0,45.0,0.7,1000.0,179.0,0.9824836850166321
284,2.0,5.0,45.0,0.7,10000.0,171.0,0.8122019171714783
285,2.0,5.0,50.0,0.3,0.0,19.0,1.0941473642985027
286,2.0,5.0,50.0,0.3,10.0,75.0,0.9076114892959595
287,2.0,5.0,50.0,0.3,100.0,22.0,1.1151036421457927
288,2.0,5.0,50.0,0.3,1000.0,22.0,1.0822728077570598
289,2.0,5.0,50.0,0.3,10000.0,101.0,0.9162380695343018
290,2.0,5.0,50.0,0.5,0.0,78.0,0.9948193033536276
291,2.0,5.0,50.0,0.5,10.0,62.0,0.9265938798586527
292,2.0,5.0,50.0,0.5,100.0,23.0,1.1012213230133057
293,2.0,5.0,50.0,0.5,1000.0,58.0,1.05477507909139
294,2.0,5.0,50.0,0.5,10000.0,74.0,0.9057767788569132
295,2.0,5.0,50.0,0.7,0.0,124.0,0.8647628823916117
296,2.0,5.0,50.0,0.7,10.0,94.0,0.9523107806841532
297,2.0,5.0,50.0,0.7,100.0,11.0,1.1109666228294373
298,2.0,5.0,50.0,0.7,1000.0,55.0,1.063927908738454
299,2.0,5.0,50.0,0.7,10000.0,11.0,1.1154449184735615
300,1.0,10.0,5.0,0.3,0.0,24.0,1.063749372959137
301,1.0,10.0,5.0,0.3,10.0,102.0,0.8951239784558614
302,1.0,10.0,5.0,0.3,100.0,123.0,0.8460111816724142
303,1.0,10.0,5.0,0.3,1000.0,41.0,1.0549014806747437
304,1.0,10.0,5.0,0.3,10000.0,69.0,0.9042444626490275
305,1.0,10.0,5.0,0.5,0.0,57.0,1.061747173468272
306,1.0,10.0,5.0,0.5,10.0,73.0,0.956473191579183
307,1.0,10.0,5.0,0.5,100.0,110.0,0.9131000836690267
308,1.0,10.0,5.0,0.5,1000.0,46.0,1.0488030711809795
309,1.0,10.0,5.0,0.5,10000.0,70.0,0.9664750893910726
310,1.0,10.0,5.0,0.7,0.0,64.0,1.0657529632250469
311,1.0,10.0,5.0,0.7,10.0,64.0,1.0059303045272827
312,1.0,10.0,5.0,0.7,100.0,89.0,0.9647306203842163
313,1.0,10.0,5.0,0.7,1000.0,55.0,1.0394366184870403
314,1.0,10.0,5.0,0.7,10000.0,74.0,0.9992318749427795
315,1.0,10.0,10.0,0.3,0.0,117.0,0.8679669698079427
316,1.0,10.0,10.0,0.3,10.0,104.0,0.8683362007141113
317,1.0,10.0,10.0,0.3,100.0,25.0,1.0661853154500325
318,1.0,10.0,10.0,0.3,1000.0,18.0,1.0739168524742126
319,1.0,10.0,10.0,0.3,10000.0,76.0,0.8463600277900696
320,1.0,10.0,10.0,0.5,0.0,174.0,0.8341741363207499
321,1.0,10.0,10.0,0.5,10.0,147.0,0.8606958786646525
322,1.0,10.0,10.0,0.5,100.0,72.0,0.9234720269838969
323,1.0,10.0,10.0,0.5,1000.0,150.0,0.8485840857028961
324,1.0,10.0,10.0,0.5,10000.0,100.0,0.8751295407613119
325,1.0,10.0,10.0,0.7,0.0,91.0,0.99034583568573
326,1.0,10.0,10.0,0.7,10.0,90.0,0.928268571694692
327,1.0,10.0,10.0,0.7,100.0,12.0,1.1096450487772624
328,1.0,10.0,10.0,0.7,1000.0,86.0,0.9673005938529968
329,1.0,10.0,10.0,0.7,10000.0,83.0,0.9763022065162659
330,1.0,10.0,15.0,0.3,0.0,22.0,1.088236133257548
331,1.0,10.0,15.0,0.3,10.0,153.0,0.7388392984867096
332,1.0,10.0,15.0,0.3,100.0,116.0,0.8296297788619995
333,1.0,10.0,15.0,0.3,1000.0,16.0,1.0672597686449687
334,1.0,10.0,15.0,0.3,10000.0,96.0,0.8478797276814779
335,1.0,10.0,15.0,0.5,0.0,103.0,0.9428466955820719
336,1.0,10.0,15.0,0.5,10.0,52.0,0.9373204509417216
337,1.0,10.0,15.0,0.5,100.0,148.0,0.7975776394208273
338,1.0,10.0,15.0,0.5,1000.0,108.0,0.8661404252052307
339,1.0,10.0,15.0,0.5,10000.0,150.0,0.8388884663581848
340,1.0,10.0,15.0,0.7,0.0,120.0,0.9677806893984476
341,1.0,10.0,15.0,0.7,10.0,59.0,0.9595733880996704
342,1.0,10.0,15.0,0.7,100.0,91.0,0.9002688129742941
343,1.0,10.0,15.0,0.7,1000.0,102.0,0.8892427484194437
344,1.0,10.0,15.0,0.7,10000.0,78.0,0.9189324378967285
345,1.0,10.0,20.0,0.3,0.0,93.0,0.9234085083007812
346,1.0,10.0,20.0,0.3,10.0,55.0,0.9062092105547587
347,1.0,10.0,20.0,0.3,100.0,223.0,0.7661743064721426
348,1.0,10.0,20.0,0.3,1000.0,65.0,0.9651206930478414
349,1.0,10.0,20.0,0.3,10000.0,49.0,0.9199936985969543
350,1.0,10.0,20.0,0.5,0.0,93.0,0.9414345224698385
351,1.0,10.0,20.0,0.5,10.0,58.0,0.9211861491203308
352,1.0,10.0,20.0,0.5,100.0,244.0,0.7935930093129476
353,1.0,10.0,20.0,0.5,1000.0,92.0,0.9066390593846639
354,1.0,10.0,20.0,0.5,10000.0,51.0,0.9290827910105387
355,1.0,10.0,20.0,0.7,0.0,99.0,0.9725472529729208
356,1.0,10.0,20.0,0.7,10.0,199.0,0.7959980169932047
357,1.0,10.0,20.0,0.7,100.0,173.0,0.8612686196962992
358,1.0,10.0,20.0,0.7,1000.0,201.0,0.8724726239840189
359,1.0,10.0,20.0,0.7,10000.0,109.0,0.8615551988283793
360,1.0,10.0,25.0,0.3,0.0,191.0,0.830111543337504
361,1.0,10.0,25.0,0.3,10.0,184.0,0.8627159198125204
362,1.0,10.0,25.0,0.3,100.0,27.0,1.0861026446024578
363,1.0,10.0,25.0,0.3,1000.0,65.0,0.9673051039377848
364,1.0,10.0,25.0,0.3,10000.0,64.0,0.9227892756462097
365,1.0,10.0,25.0,0.5,0.0,71.0,0.9216278990109762
366,1.0,10.0,25.0,0.5,10.0,73.0,0.9393242200215658
367,1.0,10.0,25.0,0.5,100.0,65.0,0.932697057723999
368,1.0,10.0,25.0,0.5,1000.0,58.0,0.9430439074834188
369,1.0,10.0,25.0,0.5,10000.0,70.0,0.9153246680895487
370,1.0,10.0,25.0,0.7,0.0,99.0,0.9432427088419596
371,1.0,10.0,25.0,0.7,10.0,67.0,0.9509246349334717
372,1.0,10.0,25.0,0.7,100.0,81.0,0.9675107399622599
373,1.0,10.0,25.0,0.7,1000.0,126.0,0.8669594327608744
374,1.0,10.0,25.0,0.7,10000.0,98.0,0.8950591882069906
375,1.0,10.0,30.0,0.3,0.0,18.0,1.087727169195811
376,1.0,10.0,30.0,0.3,10.0,114.0,0.8969455361366272
377,1.0,10.0,30.0,0.3,100.0,180.0,0.7602056562900543
378,1.0,10.0,30.0,0.3,1000.0,54.0,0.9577827056248983
379,1.0,10.0,30.0,0.3,10000.0,111.0,0.8526838620503744
380,1.0,10.0,30.0,0.5,0.0,137.0,0.9622763395309448
381,1.0,10.0,30.0,0.5,10.0,88.0,0.8739907741546631
382,1.0,10.0,30.0,0.5,100.0,148.0,0.7831010222434998
383,1.0,10.0,30.0,0.5,1000.0,59.0,0.9441787997881571
384,1.0,10.0,30.0,0.5,10000.0,101.0,0.8123041788736979
385,1.0,10.0,30.0,0.7,0.0,190.0,0.8292965094248453
386,1.0,10.0,30.0,0.7,10.0,86.0,0.9152024984359741
387,1.0,10.0,30.0,0.7,100.0,73.0,0.9611608386039734
388,1.0,10.0,30.0,0.7,1000.0,77.0,0.9505771994590759
389,1.0,10.0,30.0,0.7,10000.0,108.0,0.8807578881581625
390,1.0,10.0,35.0,0.3,0.0,56.0,0.9616090655326843
391,1.0,10.0,35.0,0.3,10.0,57.0,0.9409666260083517
392,1.0,10.0,35.0,0.3,100.0,92.0,0.9282747705777487
393,1.0,10.0,35.0,0.3,1000.0,51.0,0.9843340913454691
394,1.0,10.0,35.0,0.3,10000.0,61.0,0.919087549050649
395,1.0,10.0,35.0,0.5,0.0,63.0,0.9685530265172323
396,1.0,10.0,35.0,0.5,10.0,61.0,0.9505442579587301
397,1.0,10.0,35.0,0.5,100.0,116.0,0.8799989223480225
398,1.0,10.0,35.0,0.5,1000.0,67.0,0.9472711483637491
399,1.0,10.0,35.0,0.5,10000.0,54.0,0.9253785808881124
400,1.0,10.0,35.0,0.7,0.0,96.0,0.9569996992746989
401,1.0,10.0,35.0,0.7,10.0,160.0,0.9201149543126425
402,1.0,10.0,35.0,0.7,100.0,106.0,0.8760737975438436
403,1.0,10.0,35.0,0.7,1000.0,74.0,0.9630651473999023
404,1.0,10.0,35.0,0.7,10000.0,96.0,0.8486437400182089
405,1.0,10.0,40.0,0.3,0.0,82.0,0.9143641591072083
406,1.0,10.0,40.0,0.3,10.0,79.0,0.9428690274556478
407,1.0,10.0,40.0,0.3,100.0,20.0,1.0888022581736247
408,1.0,10.0,40.0,0.3,1000.0,105.0,0.8410731355349222
409,1.0,10.0,40.0,0.3,10000.0,80.0,0.8502888282140096
410,1.0,10.0,40.0,0.5,0.0,73.0,0.9521662990252177
411,1.0,10.0,40.0,0.5,10.0,55.0,0.9899021983146667
412,1.0,10.0,40.0,0.5,100.0,21.0,1.0858474969863892
413,1.0,10.0,40.0,0.5,1000.0,135.0,0.8473788301150004
414,1.0,10.0,40.0,0.5,10000.0,105.0,0.8638617197672526
415,1.0,10.0,40.0,0.7,0.0,78.0,0.9631370902061462
416,1.0,10.0,40.0,0.7,10.0,54.0,1.0100128054618835
417,1.0,10.0,40.0,0.7,100.0,92.0,0.9603540500005087
418,1.0,10.0,40.0,0.7,1000.0,118.0,0.9051490624745687
419,1.0,10.0,40.0,0.7,10000.0,92.0,0.9023504257202148
420,1.0,10.0,45.0,0.3,0.0,70.0,0.9466628829638163
421,1.0,10.0,45.0,0.3,10.0,156.0,0.8441962798436483
422,1.0,10.0,45.0,0.3,100.0,96.0,0.9101259509722391
423,1.0,10.0,45.0,0.3,1000.0,53.0,0.9417951305707296
424,1.0,10.0,45.0,0.3,10000.0,86.0,0.8905242284138998
425,1.0,10.0,45.0,0.5,0.0,55.0,0.9574575821558634
426,1.0,10.0,45.0,0.5,10.0,190.0,0.7657871643702189
427,1.0,10.0,45.0,0.5,100.0,104.0,0.8747904698053995
428,1.0,10.0,45.0,0.5,1000.0,51.0,0.93926602602005
429,1.0,10.0,45.0,0.5,10000.0,92.0,0.9635258118311564
430,1.0,10.0,45.0,0.7,0.0,180.0,0.8675027887026469
431,1.0,10.0,45.0,0.7,10.0,64.0,0.9798661470413208
432,1.0,10.0,45.0,0.7,100.0,104.0,0.8730371594429016
433,1.0,10.0,45.0,0.7,1000.0,58.0,0.9697358210881551
434,1.0,10.0,45.0,0.7,10000.0,105.0,1.0304917494455974
435,1.0,10.0,50.0,0.3,0.0,73.0,0.8897247513135275
436,1.0,10.0,50.0,0.3,10.0,55.0,0.9439021150271097
437,1.0,10.0,50.0,0.3,100.0,11.0,1.1058096686999004
438,1.0,10.0,50.0,0.3,1000.0,52.0,0.9908055663108826
439,1.0,10.0,50.0,0.3,10000.0,78.0,0.8432436982790629
440,1.0,10.0,50.0,0.5,0.0,63.0,0.9481733043988546
441,1.0,10.0,50.0,0.5,10.0,54.0,0.959991991519928
442,1.0,10.0,50.0,0.5,100.0,11.0,1.101008911927541
443,1.0,10.0,50.0,0.5,1000.0,88.0,0.9049932758013407
444,1.0,10.0,50.0,0.5,10000.0,83.0,0.8641280929247538
445,1.0,10.0,50.0,0.7,0.0,74.0,0.966356635093689
446,1.0,10.0,50.0,0.7,10.0,61.0,0.9801445404688517
447,1.0,10.0,50.0,0.7,100.0,11.0,1.1002329389254253
448,1.0,10.0,50.0,0.7,1000.0,66.0,0.9831319650014242
449,1.0,10.0,50.0,0.7,10000.0,95.0,0.8645343581835429
450,2.0,10.0,5.0,0.3,0.0,74.0,0.9690481424331665
451,2.0,10.0,5.0,0.3,10.0,43.0,1.0321920315424602
452,2.0,10.0,5.0,0.3,100.0,23.0,1.0979968508084614
453,2.0,10.0,5.0,0.3,1000.0,209.0,0.7676706512769064
454,2.0,10.0,5.0,0.3,10000.0,114.0,0.8632558385531107
455,2.0,10.0,5.0,0.5,0.0,81.0,0.9049632350603739
456,2.0,10.0,5.0,0.5,10.0,44.0,1.0329487919807434
457,2.0,10.0,5.0,0.5,100.0,41.0,1.053737223148346
458,2.0,10.0,5.0,0.5,1000.0,93.0,0.8980478445688883
459,2.0,10.0,5.0,0.5,10000.0,65.0,0.8166616161664327
460,2.0,10.0,5.0,0.7,0.0,92.0,0.9641444285710653
461,2.0,10.0,5.0,0.7,10.0,11.0,1.09998615582784
462,2.0,10.0,5.0,0.7,100.0,44.0,1.0570587118466694
463,2.0,10.0,5.0,0.7,1000.0,87.0,0.9897153576215109
464,2.0,10.0,5.0,0.7,10000.0,111.0,0.8558183709780375
465,2.0,10.0,10.0,0.3,0.0,69.0,0.8859115044275919
466,2.0,10.0,10.0,0.3,10.0,113.0,0.7970795035362244
467,2.0,10.0,10.0,0.3,100.0,21.0,1.1110459168752034
468,2.0,10.0,10.0,0.3,1000.0,116.0,0.8750660220781962
469,2.0,10.0,10.0,0.3,10000.0,95.0,0.8493768076101939
470,2.0,10.0,10.0,0.5,0.0,107.0,0.8791346748669943
471,2.0,10.0,10.0,0.5,10.0,69.0,0.9403868118921915
472,2.0,10.0,10.0,0.5,100.0,22.0,1.1086130539576213
473,2.0,10.0,10.0,0.5,1000.0,95.0,0.7999114791552225
474,2.0,10.0,10.0,0.5,10000.0,107.0,0.8690287073453268
475,2.0,10.0,10.0,0.7,0.0,73.0,0.9486339092254639
476,2.0,10.0,10.0,0.7,10.0,163.0,0.9439582626024882
477,2.0,10.0,10.0,0.7,100.0,93.0,0.8892034689585367
478,2.0,10.0,10.0,0.7,1000.0,96.0,0.8488390445709229
479,2.0,10.0,10.0,0.7,10000.0,105.0,0.8834842840830485
480,2.0,10.0,15.0,0.3,0.0,11.0,1.11453115940094
481,2.0,10.0,15.0,0.3,10.0,66.0,0.91966712474823
482,2.0,10.0,15.0,0.3,100.0,51.0,0.9807933966318766
483,2.0,10.0,15.0,0.3,1000.0,107.0,0.8778680761655172
484,2.0,10.0,15.0,0.3,10000.0,95.0,0.8422135214010874
485,2.0,10.0,15.0,0.5,0.0,65.0,0.9690150817235311
486,2.0,10.0,15.0,0.5,10.0,121.0,0.9117118120193481
487,2.0,10.0,15.0,0.5,100.0,55.0,0.9481377800305685
488,2.0,10.0,15.0,0.5,1000.0,106.0,0.8852404157320658
489,2.0,10.0,15.0,0.5,10000.0,86.0,0.8906494577725729
490,2.0,10.0,15.0,0.7,0.0,127.0,0.942236582438151
491,2.0,10.0,15.0,0.7,10.0,116.0,0.9020130832990011
492,2.0,10.0,15.0,0.7,100.0,65.0,0.9605456590652466
493,2.0,10.0,15.0,0.7,1000.0,107.0,0.867333730061849
494,2.0,10.0,15.0,0.7,10000.0,92.0,0.869690457979838
495,2.0,10.0,20.0,0.3,0.0,22.0,1.10342538356781
496,2.0,10.0,20.0,0.3,10.0,20.0,1.0897967219352722
497,2.0,10.0,20.0,0.3,100.0,58.0,0.8344772458076477
498,2.0,10.0,20.0,0.3,1000.0,113.0,0.8114243646462759
499,2.0,10.0,20.0,0.3,10000.0,131.0,0.8164328734079996
500,2.0,10.0,20.0,0.5,0.0,23.0,1.098331610361735
501,2.0,10.0,20.0,0.5,10.0,21.0,1.086760977904002
502,2.0,10.0,20.0,0.5,100.0,56.0,0.9631963570912679
503,2.0,10.0,20.0,0.5,1000.0,115.0,0.8566784063975016
504,2.0,10.0,20.0,0.5,10000.0,78.0,0.8448338508605957
505,2.0,10.0,20.0,0.7,0.0,102.0,0.8286487261454264
506,2.0,10.0,20.0,0.7,10.0,97.0,0.8333476583162943
507,2.0,10.0,20.0,0.7,100.0,81.0,0.926547904809316
508,2.0,10.0,20.0,0.7,1000.0,90.0,0.8333176175753275
509,2.0,10.0,20.0,0.7,10000.0,97.0,0.8175288240114847
510,2.0,10.0,25.0,0.3,0.0,20.0,1.1005213061968486
511,2.0,10.0,25.0,0.3,10.0,11.0,1.1132663091023762
512,2.0,10.0,25.0,0.3,100.0,22.0,1.1104625066121419
513,2.0,10.0,25.0,0.3,1000.0,13.0,1.093993882338206
514,2.0,10.0,25.0,0.3,10000.0,116.0,0.8094176252683004
515,2.0,10.0,25.0,0.5,0.0,21.0,1.0957605441411336
516,2.0,10.0,25.0,0.5,10.0,11.0,1.104457934697469
517,2.0,10.0,25.0,0.5,100.0,22.0,1.1062435507774353
518,2.0,10.0,25.0,0.5,1000.0,96.0,0.8849486211935679
519,2.0,10.0,25.0,0.5,10000.0,119.0,0.7849083741505941
520,2.0,10.0,25.0,0.7,0.0,96.0,0.9454849163691202
521,2.0,10.0,25.0,0.7,10.0,11.0,1.1044417023658752
522,2.0,10.0,25.0,0.7,100.0,71.0,0.9345237811406454
523,2.0,10.0,25.0,0.7,1000.0,89.0,0.9049947261810303
524,2.0,10.0,25.0,0.7,10000.0,105.0,0.835882842540741
525,2.0,10.0,30.0,0.3,0.0,21.0,1.0927056272824605
526,2.0,10.0,30.0,0.3,10.0,84.0,0.84365181128184
527,2.0,10.0,30.0,0.3,100.0,19.0,1.1056028604507446
528,2.0,10.0,30.0,0.3,1000.0,63.0,0.8967098395029703
529,2.0,10.0,30.0,0.3,10000.0,67.0,0.8163459300994873
530,2.0,10.0,30.0,0.5,0.0,73.0,0.951825479666392
531,2.0,10.0,30.0,0.5,10.0,90.0,0.8780582149823507
532,2.0,10.0,30.0,0.5,100.0,20.0,1.0972580115000408
533,2.0,10.0,30.0,0.5,1000.0,55.0,0.8951979478200277
534,2.0,10.0,30.0,0.5,10000.0,73.0,0.8202785849571228
535,2.0,10.0,30.0,0.7,0.0,57.0,0.9672083655993143
536,2.0,10.0,30.0,0.7,10.0,95.0,0.886953592300415
537,2.0,10.0,30.0,0.7,100.0,235.0,0.7679886619249979
538,2.0,10.0,30.0,0.7,1000.0,62.0,0.9223353862762451
539,2.0,10.0,30.0,0.7,10000.0,61.0,0.8965835372606913
540,2.0,10.0,35.0,0.3,0.0,82.0,0.8458414276440939
541,2.0,10.0,35.0,0.3,10.0,119.0,0.9047744472821554
542,2.0,10.0,35.0,0.3,100.0,51.0,0.9640208681424459
543,2.0,10.0,35.0,0.3,1000.0,66.0,0.9156235853830973
544,2.0,10.0,35.0,0.3,10000.0,90.0,0.7927892605463663
545,2.0,10.0,35.0,0.5,0.0,83.0,0.90141761302948
546,2.0,10.0,35.0,0.5,10.0,108.0,0.8530898888905843
547,2.0,10.0,35.0,0.5,100.0,97.0,1.0008860230445862
548,2.0,10.0,35.0,0.5,1000.0,121.0,0.876423180103302
549,2.0,10.0,35.0,0.5,10000.0,65.0,0.8768559694290161
550,2.0,10.0,35.0,0.7,0.0,68.0,0.9393629233042399
551,2.0,10.0,35.0,0.7,10.0,127.0,0.8823029398918152
552,2.0,10.0,35.0,0.7,100.0,84.0,0.8386355042457581
553,2.0,10.0,35.0,0.7,1000.0,128.0,0.903080960114797
554,2.0,10.0,35.0,0.7,10000.0,96.0,0.9402608474095663
555,2.0,10.0,40.0,0.3,0.0,19.0,1.096640706062317
556,2.0,10.0,40.0,0.3,10.0,68.0,0.9542306264241537
557,2.0,10.0,40.0,0.3,100.0,70.0,0.9233108361562093
558,2.0,10.0,40.0,0.3,1000.0,18.0,1.0948153138160706
559,2.0,10.0,40.0,0.3,10000.0,78.0,0.8718359073003134
560,2.0,10.0,40.0,0.5,0.0,20.0,1.0921607216199238
561,2.0,10.0,40.0,0.5,10.0,55.0,0.9758692979812622
562,2.0,10.0,40.0,0.5,100.0,64.0,0.8404513994852701
563,2.0,10.0,40.0,0.5,1000.0,18.0,1.0910743077596028
564,2.0,10.0,40.0,0.5,10000.0,99.0,0.8802578250567118
565,2.0,10.0,40.0,0.7,0.0,75.0,0.895192543665568
566,2.0,10.0,40.0,0.7,10.0,67.0,0.9793587724367777
567,2.0,10.0,40.0,0.7,100.0,84.0,0.9018487334251404
568,2.0,10.0,40.0,0.7,1000.0,114.0,0.8401104609171549
569,2.0,10.0,40.0,0.7,10000.0,65.0,0.9004987279574076
570,2.0,10.0,45.0,0.3,0.0,86.0,0.9214304486910502
571,2.0,10.0,45.0,0.3,10.0,20.0,1.0892839431762695
572,2.0,10.0,45.0,0.3,100.0,66.0,0.9173724055290222
573,2.0,10.0,45.0,0.3,1000.0,111.0,0.8336546619733175
574,2.0,10.0,45.0,0.3,10000.0,172.0,0.7589817841847738
575,2.0,10.0,45.0,0.5,0.0,92.0,0.8421801726023356
576,2.0,10.0,45.0,0.5,10.0,82.0,0.8856659531593323
577,2.0,10.0,45.0,0.5,100.0,79.0,0.894347349802653
578,2.0,10.0,45.0,0.5,1000.0,83.0,0.8632576068242391
579,2.0,10.0,45.0,0.5,10000.0,123.0,0.7544069687525431
580,2.0,10.0,45.0,0.7,0.0,75.0,0.9443772832552592
581,2.0,10.0,45.0,0.7,10.0,158.0,0.8464601635932922
582,2.0,10.0,45.0,0.7,100.0,11.0,1.1135735511779785
583,2.0,10.0,45.0,0.7,1000.0,103.0,0.7704631288846334
584,2.0,10.0,45.0,0.7,10000.0,128.0,0.7332172989845276
585,2.0,10.0,50.0,0.3,0.0,18.0,1.0942435661951702
586,2.0,10.0,50.0,0.3,10.0,21.0,1.0881035526593525
587,2.0,10.0,50.0,0.3,100.0,89.0,0.8880794246991476
588,2.0,10.0,50.0,0.3,1000.0,85.0,0.8519779245058695
589,2.0,10.0,50.0,0.3,10000.0,67.0,0.8858985304832458
590,2.0,10.0,50.0,0.5,0.0,60.0,0.94090469678243
591,2.0,10.0,50.0,0.5,10.0,54.0,0.9859819213549296
592,2.0,10.0,50.0,0.5,100.0,60.0,0.8809145291646322
593,2.0,10.0,50.0,0.5,1000.0,125.0,0.8495330810546875
594,2.0,10.0,50.0,0.5,10000.0,71.0,0.8158692121505737
595,2.0,10.0,50.0,0.7,0.0,59.0,0.9571770628293356
596,2.0,10.0,50.0,0.7,10.0,23.0,1.0854311188062031
597,2.0,10.0,50.0,0.7,100.0,83.0,0.8745673497517904
598,2.0,10.0,50.0,0.7,1000.0,123.0,0.908271312713623
599,2.0,10.0,50.0,0.7,10000.0,73.0,0.7992204427719116
600,1.0,15.0,5.0,0.3,0.0,99.0,0.8393898407618204
601,1.0,15.0,5.0,0.3,10.0,120.0,0.9162965615590414
602,1.0,15.0,5.0,0.3,100.0,124.0,0.8828631639480591
603,1.0,15.0,5.0,0.3,1000.0,89.0,0.8207914233207703
604,1.0,15.0,5.0,0.3,10000.0,66.0,0.9358282883961996
605,1.0,15.0,5.0,0.5,0.0,88.0,0.899921715259552
606,1.0,15.0,5.0,0.5,10.0,108.0,0.9186794757843018
607,1.0,15.0,5.0,0.5,100.0,52.0,0.9559696316719055
608,1.0,15.0,5.0,0.5,1000.0,52.0,0.8425620992978414
609,1.0,15.0,5.0,0.5,10000.0,78.0,0.9369155764579773
610,1.0,15.0,5.0,0.7,0.0,62.0,0.9610275030136108
611,1.0,15.0,5.0,0.7,10.0,127.0,0.8995529214541117
612,1.0,15.0,5.0,0.7,100.0,79.0,0.9709234038988749
613,1.0,15.0,5.0,0.7,1000.0,43.0,1.000292996565501
614,1.0,15.0,5.0,0.7,10000.0,71.0,0.9669045209884644
615,1.0,15.0,10.0,0.3,0.0,56.0,0.9495548208554586
616,1.0,15.0,10.0,0.3,10.0,125.0,0.8303200801213583
617,1.0,15.0,10.0,0.3,100.0,82.0,0.8812956213951111
618,1.0,15.0,10.0,0.3,1000.0,22.0,1.076725721359253
619,1.0,15.0,10.0,0.3,10000.0,109.0,0.8653960426648458
620,1.0,15.0,10.0,0.5,0.0,103.0,0.8874935110410055
621,1.0,15.0,10.0,0.5,10.0,140.0,0.8848819931348165
622,1.0,15.0,10.0,0.5,100.0,79.0,0.9093184669812521
623,1.0,15.0,10.0,0.5,1000.0,120.0,0.8470788796742758
624,1.0,15.0,10.0,0.5,10000.0,113.0,0.9740111231803894
625,1.0,15.0,10.0,0.7,0.0,66.0,0.9438552856445312
626,1.0,15.0,10.0,0.7,10.0,74.0,0.9514808058738708
627,1.0,15.0,10.0,0.7,100.0,85.0,1.024318794409434
628,1.0,15.0,10.0,0.7,1000.0,76.0,0.954277237256368
629,1.0,15.0,10.0,0.7,10000.0,94.0,0.9709176818529764
630,1.0,15.0,15.0,0.3,0.0,19.0,1.0838273962338765
631,1.0,15.0,15.0,0.3,10.0,93.0,0.8481793800989786
632,1.0,15.0,15.0,0.3,100.0,51.0,0.953279952208201
633,1.0,15.0,15.0,0.3,1000.0,19.0,1.0741801659266155
634,1.0,15.0,15.0,0.3,10000.0,89.0,0.966912567615509
635,1.0,15.0,15.0,0.5,0.0,143.0,0.8101406395435333
636,1.0,15.0,15.0,0.5,10.0,113.0,0.8635168472925822
637,1.0,15.0,15.0,0.5,100.0,54.0,0.9602994124094645
638,1.0,15.0,15.0,0.5,1000.0,67.0,0.9589760104815165
639,1.0,15.0,15.0,0.5,10000.0,48.0,0.9913651347160339
640,1.0,15.0,15.0,0.7,0.0,135.0,0.8829362392425537
641,1.0,15.0,15.0,0.7,10.0,65.0,0.9505567948023478
642,1.0,15.0,15.0,0.7,100.0,63.0,0.956063429514567
643,1.0,15.0,15.0,0.7,1000.0,167.0,0.8558663527170817
644,1.0,15.0,15.0,0.7,10000.0,60.0,0.9704115192095438
645,1.0,15.0,20.0,0.3,0.0,93.0,0.9266737500826517
646,1.0,15.0,20.0,0.3,10.0,54.0,0.8782387971878052
647,1.0,15.0,20.0,0.3,100.0,104.0,0.8582973380883535
648,1.0,15.0,20.0,0.3,1000.0,19.0,1.0892467300097148
649,1.0,15.0,20.0,0.3,10000.0,116.0,0.8311380942662557
650,1.0,15.0,20.0,0.5,0.0,83.0,0.9252586166063944
651,1.0,15.0,20.0,0.5,10.0,79.0,0.8994885087013245
652,1.0,15.0,20.0,0.5,100.0,115.0,0.8575279911359152
653,1.0,15.0,20.0,0.5,1000.0,20.0,1.0839704871177673
654,1.0,15.0,20.0,0.5,10000.0,98.0,0.88839058081309
655,1.0,15.0,20.0,0.7,0.0,84.0,0.9425531228383383
656,1.0,15.0,20.0,0.7,10.0,55.0,0.9534935355186462
657,1.0,15.0,20.0,0.7,100.0,126.0,0.8125908374786377
658,1.0,15.0,20.0,0.7,1000.0,72.0,0.8790062864621481
659,1.0,15.0,20.0,0.7,10000.0,123.0,0.8608472545941671
660,1.0,15.0,25.0,0.3,0.0,87.0,0.9051816066106161
661,1.0,15.0,25.0,0.3,10.0,43.0,0.950111985206604
662,1.0,15.0,25.0,0.3,100.0,60.0,0.9487006266911825
663,1.0,15.0,25.0,0.3,1000.0,72.0,0.9218283494313558
664,1.0,15.0,25.0,0.3,10000.0,84.0,0.8352567255496979
665,1.0,15.0,25.0,0.5,0.0,100.0,0.8466365337371826
666,1.0,15.0,25.0,0.5,10.0,43.0,0.9539246757825216
667,1.0,15.0,25.0,0.5,100.0,64.0,0.9741959770520529
668,1.0,15.0,25.0,0.5,1000.0,76.0,0.8813852667808533
669,1.0,15.0,25.0,0.5,10000.0,92.0,0.787439743677775
670,1.0,15.0,25.0,0.7,0.0,96.0,0.9495458404223124
671,1.0,15.0,25.0,0.7,10.0,44.0,0.9791558980941772
672,1.0,15.0,25.0,0.7,100.0,72.0,0.9558945298194885
673,1.0,15.0,25.0,0.7,1000.0,112.0,0.8647973338762919
674,1.0,15.0,25.0,0.7,10000.0,91.0,0.9140976866086324
675,1.0,15.0,30.0,0.3,0.0,80.0,0.8835506041844686
676,1.0,15.0,30.0,0.3,10.0,66.0,0.9294061064720154
677,1.0,15.0,30.0,0.3,100.0,55.0,0.9568812251091003
678,1.0,15.0,30.0,0.3,1000.0,133.0,0.7402657568454742
679,1.0,15.0,30.0,0.3,10000.0,44.0,0.9374061226844788
680,1.0,15.0,30.0,0.5,0.0,60.0,0.9284715453783671
681,1.0,15.0,30.0,0.5,10.0,64.0,0.9489689668019613
682,1.0,15.0,30.0,0.5,100.0,48.0,0.943958600362142
683,1.0,15.0,30.0,0.5,1000.0,84.0,0.8564074238141378
684,1.0,15.0,30.0,0.5,10000.0,45.0,0.9281506737073263
685,1.0,15.0,30.0,0.7,0.0,61.0,0.9409559369087219
686,1.0,15.0,30.0,0.7,10.0,85.0,0.9575635393460592
687,1.0,15.0,30.0,0.7,100.0,45.0,0.9823439915974935
688,1.0,15.0,30.0,0.7,1000.0,77.0,0.8391176462173462
689,1.0,15.0,30.0,0.7,10000.0,72.0,0.8841769297917684
690,1.0,15.0,35.0,0.3,0.0,70.0,0.8454922636349996
691,1.0,15.0,35.0,0.3,10.0,13.0,1.0801855524381
692,1.0,15.0,35.0,0.3,100.0,152.0,0.7364218930403391
693,1.0,15.0,35.0,0.3,1000.0,98.0,0.8567119042078654
694,1.0,15.0,35.0,0.3,10000.0,49.0,0.986099362373352
695,1.0,15.0,35.0,0.5,0.0,165.0,0.7246380547682444
696,1.0,15.0,35.0,0.5,10.0,13.0,1.070860783259074
697,1.0,15.0,35.0,0.5,100.0,90.0,0.8890280922253927
698,1.0,15.0,35.0,0.5,1000.0,49.0,0.8813618024190267
699,1.0,15.0,35.0,0.5,10000.0,76.0,0.9172668854395548
700,1.0,15.0,35.0,0.7,0.0,114.0,0.8825129469235738
701,1.0,15.0,35.0,0.7,10.0,152.0,0.8730669617652893
702,1.0,15.0,35.0,0.7,100.0,83.0,0.9136782685915629
703,1.0,15.0,35.0,0.7,1000.0,76.0,0.8354243834813436
704,1.0,15.0,35.0,0.7,10000.0,207.0,0.8452984690666199
705,1.0,15.0,40.0,0.3,0.0,80.0,0.8856876293818156
706,1.0,15.0,40.0,0.3,10.0,77.0,0.8721726338068644
707,1.0,15.0,40.0,0.3,100.0,46.0,0.946991483370463
708,1.0,15.0,40.0,0.3,1000.0,57.0,0.7835113604863485
709,1.0,15.0,40.0,0.3,10000.0,40.0,0.981878399848938
710,1.0,15.0,40.0,0.5,0.0,75.0,0.937577466169993
711,1.0,15.0,40.0,0.5,10.0,168.0,0.7604963382085165
712,1.0,15.0,40.0,0.5,100.0,49.0,0.9531479676564535
713,1.0,15.0,40.0,0.5,1000.0,72.0,0.7523640096187592
714,1.0,15.0,40.0,0.5,10000.0,42.0,0.9877691666285197
715,1.0,15.0,40.0,0.7,0.0,97.0,0.9407293995221456
716,1.0,15.0,40.0,0.7,10.0,51.0,0.9545267025629679
717,1.0,15.0,40.0,0.7,100.0,168.0,0.7822515567143759
718,1.0,15.0,40.0,0.7,1000.0,114.0,0.8000612457593282
719,1.0,15.0,40.0,0.7,10000.0,48.0,0.971471925576528
720,1.0,15.0,45.0,0.3,0.0,79.0,0.9137606223424276
721,1.0,15.0,45.0,0.3,10.0,54.0,0.8997501333554586
722,1.0,15.0,45.0,0.3,100.0,66.0,0.9342940449714661
723,1.0,15.0,45.0,0.3,1000.0,96.0,0.8498572707176208
724,1.0,15.0,45.0,0.3,10000.0,42.0,0.9798762599627177
725,1.0,15.0,45.0,0.5,0.0,139.0,0.8142128388086954
726,1.0,15.0,45.0,0.5,10.0,64.0,0.9346323013305664
727,1.0,15.0,45.0,0.5,100.0,41.0,0.9485978285471598
728,1.0,15.0,45.0,0.5,1000.0,73.0,0.9301087260246277
729,1.0,15.0,45.0,0.5,10000.0,83.0,0.9171151320139567
730,1.0,15.0,45.0,0.7,0.0,89.0,0.9315942724545797
731,1.0,15.0,45.0,0.7,10.0,83.0,0.9275456269582113
732,1.0,15.0,45.0,0.7,100.0,42.0,0.9642648299535116
733,1.0,15.0,45.0,0.7,1000.0,111.0,0.8481472134590149
734,1.0,15.0,45.0,0.7,10000.0,55.0,0.9201689759890238
735,1.0,15.0,50.0,0.3,0.0,18.0,1.0800894697507222
736,1.0,15.0,50.0,0.3,10.0,41.0,0.9468252658843994
737,1.0,15.0,50.0,0.3,100.0,48.0,0.9013900955518087
738,1.0,15.0,50.0,0.3,1000.0,90.0,0.8344485362370809
739,1.0,15.0,50.0,0.3,10000.0,97.0,0.832410971323649
740,1.0,15.0,50.0,0.5,0.0,18.0,1.0802869598070781
741,1.0,15.0,50.0,0.5,10.0,45.0,0.9426825443903605
742,1.0,15.0,50.0,0.5,100.0,60.0,0.8949902256329855
743,1.0,15.0,50.0,0.5,1000.0,104.0,0.8590853611628214
744,1.0,15.0,50.0,0.5,10000.0,100.0,0.8662720719973246
745,1.0,15.0,50.0,0.7,0.0,80.0,0.9848018288612366
746,1.0,15.0,50.0,0.7,10.0,50.0,0.9516692558924357
747,1.0,15.0,50.0,0.7,100.0,55.0,0.931130846341451
748,1.0,15.0,50.0,0.7,1000.0,93.0,0.8609754840532938
749,1.0,15.0,50.0,0.7,10000.0,98.0,0.9039968053499857
750,2.0,15.0,5.0,0.3,0.0,47.0,0.9585689306259155
751,2.0,15.0,5.0,0.3,10.0,60.0,0.9263958732287089
752,2.0,15.0,5.0,0.3,100.0,50.0,0.9401102662086487
753,2.0,15.0,5.0,0.3,1000.0,65.0,0.8855346043904623
754,2.0,15.0,5.0,0.3,10000.0,56.0,0.8752479553222656
755,2.0,15.0,5.0,0.5,0.0,55.0,1.0017587939898174
756,2.0,15.0,5.0,0.5,10.0,104.0,0.8125329911708832
757,2.0,15.0,5.0,0.5,100.0,50.0,0.9167459408442179
758,2.0,15.0,5.0,0.5,1000.0,78.0,0.8356353640556335
759,2.0,15.0,5.0,0.5,10000.0,55.0,0.9153737425804138
760,2.0,15.0,5.0,0.7,0.0,45.0,1.0406230290730794
761,2.0,15.0,5.0,0.7,10.0,75.0,0.9271754622459412
762,2.0,15.0,5.0,0.7,100.0,65.0,0.9489866693814596
763,2.0,15.0,5.0,0.7,1000.0,77.0,0.9252166350682577
764,2.0,15.0,5.0,0.7,10000.0,59.0,0.9665441115697225
765,2.0,15.0,10.0,0.3,0.0,153.0,0.7752599914868673
766,2.0,15.0,10.0,0.3,10.0,110.0,0.8073849280675253
767,2.0,15.0,10.0,0.3,100.0,75.0,0.8378121058146158
768,2.0,15.0,10.0,0.3,1000.0,70.0,0.7950122853120168
769,2.0,15.0,10.0,0.3,10000.0,51.0,0.8893248637517294
770,2.0,15.0,10.0,0.5,0.0,79.0,0.8035517533620199
771,2.0,15.0,10.0,0.5,10.0,121.0,0.8548869490623474
772,2.0,15.0,10.0,0.5,100.0,48.0,0.838473896185557
773,2.0,15.0,10.0,0.5,1000.0,91.0,0.75788414478302
774,2.0,15.0,10.0,0.5,10000.0,115.0,0.7977656523386637
775,2.0,15.0,10.0,0.7,0.0,68.0,0.8782638907432556
776,2.0,15.0,10.0,0.7,10.0,124.0,0.9016480445861816
777,2.0,15.0,10.0,0.7,100.0,67.0,0.8638385136922201
778,2.0,15.0,10.0,0.7,1000.0,100.0,0.7972924510637919
779,2.0,15.0,10.0,0.7,10000.0,103.0,0.8520702123641968
780,2.0,15.0,15.0,0.3,0.0,49.0,0.9028374751408895
781,2.0,15.0,15.0,0.3,10.0,65.0,0.7763653298219045
782,2.0,15.0,15.0,0.3,100.0,135.0,0.8337349692980448
783,2.0,15.0,15.0,0.3,1000.0,46.0,0.8730865120887756
784,2.0,15.0,15.0,0.3,10000.0,75.0,0.7729600965976715
785,2.0,15.0,15.0,0.5,0.0,58.0,0.89601731300354
786,2.0,15.0,15.0,0.5,10.0,59.0,0.85564657052358
787,2.0,15.0,15.0,0.5,100.0,52.0,0.9257623354593912
788,2.0,15.0,15.0,0.5,1000.0,59.0,0.8998539646466573
789,2.0,15.0,15.0,0.5,10000.0,57.0,0.8077473640441895
790,2.0,15.0,15.0,0.7,0.0,53.0,0.9665366013844808
791,2.0,15.0,15.0,0.7,10.0,70.0,0.8122723897298177
792,2.0,15.0,15.0,0.7,100.0,71.0,0.9085831046104431
793,2.0,15.0,15.0,0.7,1000.0,142.0,0.824006199836731
794,2.0,15.0,15.0,0.7,10000.0,55.0,0.8886507153511047
795,2.0,15.0,20.0,0.3,0.0,77.0,0.8035920858383179
796,2.0,15.0,20.0,0.3,10.0,81.0,0.9154251217842102
797,2.0,15.0,20.0,0.3,100.0,81.0,0.8501858313878378
798,2.0,15.0,20.0,0.3,1000.0,49.0,0.821892499923706
799,2.0,15.0,20.0,0.3,10000.0,90.0,0.745268295208613
800,2.0,15.0,20.0,0.5,0.0,80.0,0.7917656103769938
801,2.0,15.0,20.0,0.5,10.0,95.0,0.7730315029621124
802,2.0,15.0,20.0,0.5,100.0,80.0,0.8519446651140848
803,2.0,15.0,20.0,0.5,1000.0,178.0,0.6471136609713236
804,2.0,15.0,20.0,0.5,10000.0,70.0,0.8898004690806071
805,2.0,15.0,20.0,0.7,0.0,87.0,0.902965764204661
806,2.0,15.0,20.0,0.7,10.0,75.0,0.8771363496780396
807,2.0,15.0,20.0,0.7,100.0,77.0,0.8505160609881083
808,2.0,15.0,20.0,0.7,1000.0,105.0,0.7861082553863525
809,2.0,15.0,20.0,0.7,10000.0,52.0,0.8525126179059347
810,2.0,15.0,25.0,0.3,0.0,176.0,0.6455344160397848
811,2.0,15.0,25.0,0.3,10.0,117.0,0.7740663588047028
812,2.0,15.0,25.0,0.3,100.0,54.0,0.9273496468861898
813,2.0,15.0,25.0,0.3,1000.0,55.0,0.8150567412376404
814,2.0,15.0,25.0,0.3,10000.0,70.0,0.7723965843518575
815,2.0,15.0,25.0,0.5,0.0,142.0,0.6547358234723409
816,2.0,15.0,25.0,0.5,10.0,84.0,0.8270686070124308
817,2.0,15.0,25.0,0.5,100.0,65.0,0.9360522627830505
818,2.0,15.0,25.0,0.5,1000.0,54.0,0.8079538146654764
819,2.0,15.0,25.0,0.5,10000.0,52.0,0.8299112121264139
820,2.0,15.0,25.0,0.7,0.0,120.0,0.693870484828949
821,2.0,15.0,25.0,0.7,10.0,51.0,0.8421594699223837
822,2.0,15.0,25.0,0.7,100.0,130.0,0.8514702916145325
823,2.0,15.0,25.0,0.7,1000.0,132.0,0.8415138920148214
824,2.0,15.0,25.0,0.7,10000.0,56.0,0.8401696085929871
825,2.0,15.0,30.0,0.3,0.0,76.0,0.8707598646481832
826,2.0,15.0,30.0,0.3,10.0,68.0,0.9558141628901163
827,2.0,15.0,30.0,0.3,100.0,66.0,0.8835530082384745
828,2.0,15.0,30.0,0.3,1000.0,48.0,0.86670450369517
829,2.0,15.0,30.0,0.3,10000.0,61.0,0.9284559686978658
830,2.0,15.0,30.0,0.5,0.0,111.0,0.7373303572336832
831,2.0,15.0,30.0,0.5,10.0,69.0,0.8935569524765015
832,2.0,15.0,30.0,0.5,100.0,114.0,0.8571821252504984
833,2.0,15.0,30.0,0.5,1000.0,63.0,0.8748310804367065
834,2.0,15.0,30.0,0.5,10000.0,112.0,0.8887229561805725
835,2.0,15.0,30.0,0.7,0.0,104.0,0.8965159853299459
836,2.0,15.0,30.0,0.7,10.0,85.0,0.7577713429927826
837,2.0,15.0,30.0,0.7,100.0,108.0,0.8300513426462809
838,2.0,15.0,30.0,0.7,1000.0,97.0,0.8606253663698832
839,2.0,15.0,30.0,0.7,10000.0,97.0,0.8450145125389099
840,2.0,15.0,35.0,0.3,0.0,77.0,0.8160201708475748
841,2.0,15.0,35.0,0.3,10.0,97.0,0.8562908371289571
842,2.0,15.0,35.0,0.3,100.0,100.0,0.7680957714716593
843,2.0,15.0,35.0,0.3,1000.0,59.0,0.8625395894050598
844,2.0,15.0,35.0,0.3,10000.0,55.0,0.92248006661733
845,2.0,15.0,35.0,0.5,0.0,116.0,0.8581519722938538
846,2.0,15.0,35.0,0.5,10.0,127.0,0.7372886836528778
847,2.0,15.0,35.0,0.5,100.0,89.0,0.7972652713457743
848,2.0,15.0,35.0,0.5,1000.0,72.0,0.9056108395258585
849,2.0,15.0,35.0,0.5,10000.0,75.0,0.8822135726610819
850,2.0,15.0,35.0,0.7,0.0,109.0,0.8040274679660797
851,2.0,15.0,35.0,0.7,10.0,110.0,0.7760777175426483
852,2.0,15.0,35.0,0.7,100.0,96.0,0.8021779855092367
853,2.0,15.0,35.0,0.7,1000.0,73.0,0.7736134231090546
854,2.0,15.0,35.0,0.7,10000.0,91.0,0.8321230610211691
855,2.0,15.0,40.0,0.3,0.0,54.0,0.9007188677787781
856,2.0,15.0,40.0,0.3,10.0,54.0,0.9020740389823914
857,2.0,15.0,40.0,0.3,100.0,100.0,0.840601404507955
858,2.0,15.0,40.0,0.3,1000.0,73.0,0.820827841758728
859,2.0,15.0,40.0,0.3,10000.0,88.0,0.7773102621237437
860,2.0,15.0,40.0,0.5,0.0,76.0,0.8961223165194193
861,2.0,15.0,40.0,0.5,10.0,103.0,0.7750958402951559
862,2.0,15.0,40.0,0.5,100.0,129.0,0.7980852723121643
863,2.0,15.0,40.0,0.5,1000.0,67.0,0.8291102051734924
864,2.0,15.0,40.0,0.5,10000.0,69.0,0.890676220258077
865,2.0,15.0,40.0,0.7,0.0,43.0,0.9299235741297404
866,2.0,15.0,40.0,0.7,10.0,119.0,0.7156712810198466
867,2.0,15.0,40.0,0.7,100.0,99.0,0.8445933063824972
868,2.0,15.0,40.0,0.7,1000.0,75.0,0.8108662168184916
869,2.0,15.0,40.0,0.7,10000.0,97.0,0.8550528486569723
870,2.0,15.0,45.0,0.3,0.0,74.0,0.8342734773953756
871,2.0,15.0,45.0,0.3,10.0,117.0,0.8022370338439941
872,2.0,15.0,45.0,0.3,100.0,97.0,0.8497666120529175
873,2.0,15.0,45.0,0.3,1000.0,52.0,0.8543572425842285
874,2.0,15.0,45.0,0.3,10000.0,17.0,1.0782592097918193
875,2.0,15.0,45.0,0.5,0.0,85.0,0.831269900004069
876,2.0,15.0,45.0,0.5,10.0,106.0,0.8377624352773031
877,2.0,15.0,45.0,0.5,100.0,100.0,0.8830634752909342
878,2.0,15.0,45.0,0.5,1000.0,56.0,0.8543472488721212
879,2.0,15.0,45.0,0.5,10000.0,18.0,1.0694960951805115
880,2.0,15.0,45.0,0.7,0.0,93.0,0.7961430251598358
881,2.0,15.0,45.0,0.7,10.0,78.0,0.882987360159556
882,2.0,15.0,45.0,0.7,100.0,65.0,0.9297502239545187
883,2.0,15.0,45.0,0.7,1000.0,54.0,0.8800664742787679
884,2.0,15.0,45.0,0.7,10000.0,54.0,0.8583413362503052
885,2.0,15.0,50.0,0.3,0.0,82.0,0.8910485704739889
886,2.0,15.0,50.0,0.3,10.0,115.0,0.8257535497347513
887,2.0,15.0,50.0,0.3,100.0,59.0,0.8602023124694824
888,2.0,15.0,50.0,0.3,1000.0,67.0,0.8583309451738993
889,2.0,15.0,50.0,0.3,10000.0,45.0,0.9002884030342102
890,2.0,15.0,50.0,0.5,0.0,61.0,0.8854827086130778
891,2.0,15.0,50.0,0.5,10.0,59.0,0.9326886534690857
892,2.0,15.0,50.0,0.5,100.0,47.0,0.8360316356023153
893,2.0,15.0,50.0,0.5,1000.0,216.0,0.6907991270224253
894,2.0,15.0,50.0,0.5,10000.0,60.0,0.8383047580718994
895,2.0,15.0,50.0,0.7,0.0,66.0,0.8855393926302592
896,2.0,15.0,50.0,0.7,10.0,44.0,0.9966327746709188
897,2.0,15.0,50.0,0.7,100.0,47.0,0.9244179924329122
898,2.0,15.0,50.0,0.7,1000.0,57.0,0.8905947208404541
899,2.0,15.0,50.0,0.7,10000.0,74.0,0.8385486801465353
900,1.0,20.0,5.0,0.3,0.0,71.0,0.8257982730865479
901,1.0,20.0,5.0,0.3,10.0,87.0,0.8161787986755371
902,1.0,20.0,5.0,0.3,100.0,77.0,0.9019302129745483
903,1.0,20.0,5.0,0.3,1000.0,85.0,0.8279802997907003
904,1.0,20.0,5.0,0.3,10000.0,59.0,0.8700384696324667
905,1.0,20.0,5.0,0.5,0.0,57.0,0.8737115462621053
906,1.0,20.0,5.0,0.5,10.0,76.0,0.8487337430318197
907,1.0,20.0,5.0,0.5,100.0,64.0,0.9246520400047302
908,1.0,20.0,5.0,0.5,1000.0,68.0,0.8702444831530253
909,1.0,20.0,5.0,0.5,10000.0,51.0,0.8782152930895487
910,1.0,20.0,5.0,0.7,0.0,48.0,0.9753366510073344
911,1.0,20.0,5.0,0.7,10.0,94.0,0.9369770884513855
912,1.0,20.0,5.0,0.7,100.0,93.0,0.926469882329305
913,1.0,20.0,5.0,0.7,1000.0,106.0,0.8478198846181234
914,1.0,20.0,5.0,0.7,10000.0,51.0,0.9289789795875549
915,1.0,20.0,10.0,0.3,0.0,101.0,0.8846182227134705
916,1.0,20.0,10.0,0.3,10.0,34.0,0.9672545790672302
917,1.0,20.0,10.0,0.3,100.0,113.0,0.8002358873685201
918,1.0,20.0,10.0,0.3,1000.0,54.0,0.9078730742136637
919,1.0,20.0,10.0,0.3,10000.0,71.0,0.8494961460431417
920,1.0,20.0,10.0,0.5,0.0,100.0,0.8669527570406595
921,1.0,20.0,10.0,0.5,10.0,34.0,0.9540729721387228
922,1.0,20.0,10.0,0.5,100.0,63.0,0.9078369935353597
923,1.0,20.0,10.0,0.5,1000.0,47.0,0.9984221259752909
924,1.0,20.0,10.0,0.5,10000.0,48.0,0.9387116034825643
925,1.0,20.0,10.0,0.7,0.0,74.0,0.935451606909434
926,1.0,20.0,10.0,0.7,10.0,37.0,0.9679692188898722
927,1.0,20.0,10.0,0.7,100.0,74.0,0.9754642446835836
928,1.0,20.0,10.0,0.7,1000.0,50.0,0.9570592045783997
929,1.0,20.0,10.0,0.7,10000.0,50.0,0.9306344985961914
930,1.0,20.0,15.0,0.3,0.0,69.0,0.8206725319226583
931,1.0,20.0,15.0,0.3,10.0,51.0,0.8702314297358195
932,1.0,20.0,15.0,0.3,100.0,83.0,0.825428326924642
933,1.0,20.0,15.0,0.3,1000.0,91.0,0.7962122360865275
934,1.0,20.0,15.0,0.3,10000.0,51.0,0.8630828062693278
935,1.0,20.0,15.0,0.5,0.0,77.0,0.882889986038208
936,1.0,20.0,15.0,0.5,10.0,49.0,0.8703441023826599
937,1.0,20.0,15.0,0.5,100.0,38.0,0.9555607239405314
938,1.0,20.0,15.0,0.5,1000.0,163.0,0.8122983872890472
939,1.0,20.0,15.0,0.5,10000.0,80.0,0.7905573050181071
940,1.0,20.0,15.0,0.7,0.0,71.0,0.975970188776652
941,1.0,20.0,15.0,0.7,10.0,52.0,0.8878765106201172
942,1.0,20.0,15.0,0.7,100.0,39.0,0.9658257166544596
943,1.0,20.0,15.0,0.7,1000.0,49.0,0.9674861828486124
944,1.0,20.0,15.0,0.7,10000.0,54.0,0.9454257289568583
945,1.0,20.0,20.0,0.3,0.0,46.0,0.8833897709846497
946,1.0,20.0,20.0,0.3,10.0,34.0,0.9388274947802225
947,1.0,20.0,20.0,0.3,100.0,101.0,0.7240484754244486
948,1.0,20.0,20.0,0.3,1000.0,64.0,0.7879958748817444
949,1.0,20.0,20.0,0.3,10000.0,17.0,1.0803592205047607
950,1.0,20.0,20.0,0.5,0.0,52.0,0.7989195684591929
951,1.0,20.0,20.0,0.5,10.0,60.0,0.8531891902287801
952,1.0,20.0,20.0,0.5,100.0,117.0,0.823250412940979
953,1.0,20.0,20.0,0.5,1000.0,71.0,0.9418679475784302
954,1.0,20.0,20.0,0.5,10000.0,44.0,0.9457344015439352
955,1.0,20.0,20.0,0.7,0.0,61.0,0.858275314172109
956,1.0,20.0,20.0,0.7,10.0,70.0,0.850407600402832
957,1.0,20.0,20.0,0.7,100.0,79.0,0.8562885721524557
958,1.0,20.0,20.0,0.7,1000.0,60.0,0.9361596504847208
959,1.0,20.0,20.0,0.7,10000.0,50.0,0.9678078492482504
960,1.0,20.0,25.0,0.3,0.0,88.0,0.8240210811297098
961,1.0,20.0,25.0,0.3,10.0,71.0,0.8392608960469564
962,1.0,20.0,25.0,0.3,100.0,17.0,1.0681819121042888
963,1.0,20.0,25.0,0.3,1000.0,77.0,0.8356073101361593
964,1.0,20.0,25.0,0.3,10000.0,59.0,0.8054133454958597
965,1.0,20.0,25.0,0.5,0.0,47.0,0.9224210977554321
966,1.0,20.0,25.0,0.5,10.0,34.0,0.9301091829935709
967,1.0,20.0,25.0,0.5,100.0,17.0,1.0655417442321777
968,1.0,20.0,25.0,0.5,1000.0,81.0,0.7588997483253479
969,1.0,20.0,25.0,0.5,10000.0,69.0,0.8866984844207764
970,1.0,20.0,25.0,0.7,0.0,79.0,0.8399900595347086
971,1.0,20.0,25.0,0.7,10.0,37.0,0.9372488260269165
972,1.0,20.0,25.0,0.7,100.0,63.0,0.9352264205614725
973,1.0,20.0,25.0,0.7,1000.0,48.0,0.9137143691380819
974,1.0,20.0,25.0,0.7,10000.0,119.0,0.8703631560007731
975,1.0,20.0,30.0,0.3,0.0,74.0,0.7929914792378744
976,1.0,20.0,30.0,0.3,10.0,64.0,0.8583208322525024
977,1.0,20.0,30.0,0.3,100.0,55.0,0.9020216663678488
978,1.0,20.0,30.0,0.3,1000.0,56.0,0.9159723917643229
979,1.0,20.0,30.0,0.3,10000.0,53.0,0.8164132436116537
980,1.0,20.0,30.0,0.5,0.0,82.0,0.8676941593488058
981,1.0,20.0,30.0,0.5,10.0,81.0,0.8677548666795095
982,1.0,20.0,30.0,0.5,100.0,101.0,0.909475048383077
983,1.0,20.0,30.0,0.5,1000.0,84.0,0.8752126296361288
984,1.0,20.0,30.0,0.5,10000.0,44.0,0.8533588250478109
985,1.0,20.0,30.0,0.7,0.0,45.0,0.9436533451080322
986,1.0,20.0,30.0,0.7,10.0,93.0,0.8016728560129801
987,1.0,20.0,30.0,0.7,100.0,57.0,0.9580325682957967
988,1.0,20.0,30.0,0.7,1000.0,233.0,0.7461037139097849
989,1.0,20.0,30.0,0.7,10000.0,86.0,0.7667274177074432
990,1.0,20.0,35.0,0.3,0.0,95.0,0.8517306447029114
991,1.0,20.0,35.0,0.3,10.0,57.0,0.8375718593597412
992,1.0,20.0,35.0,0.3,100.0,115.0,0.8251131574312845
993,1.0,20.0,35.0,0.3,1000.0,95.0,0.7140102585156759
994,1.0,20.0,35.0,0.3,10000.0,35.0,0.8269098003705343
995,1.0,20.0,35.0,0.5,0.0,67.0,0.9451810717582703
996,1.0,20.0,35.0,0.5,10.0,68.0,0.9009118676185608
997,1.0,20.0,35.0,0.5,100.0,106.0,0.8606074055035909
998,1.0,20.0,35.0,0.5,1000.0,81.0,0.8159009218215942
999,1.0,20.0,35.0,0.5,10000.0,35.0,0.8305538098017374
1000,1.0,20.0,35.0,0.7,0.0,71.0,0.848312238852183
1001,1.0,20.0,35.0,0.7,10.0,102.0,0.8706161379814148
1002,1.0,20.0,35.0,0.7,100.0,87.0,0.8964986006418864
1003,1.0,20.0,35.0,0.7,1000.0,57.0,0.9013107220331827
1004,1.0,20.0,35.0,0.7,10000.0,64.0,0.8972891370455424
1005,1.0,20.0,40.0,0.3,0.0,44.0,0.961410641670227
1006,1.0,20.0,40.0,0.3,10.0,44.0,0.9320119420687357
1007,1.0,20.0,40.0,0.3,100.0,61.0,0.9090364774068197
1008,1.0,20.0,40.0,0.3,1000.0,31.0,0.9339490930239359
1009,1.0,20.0,40.0,0.3,10000.0,33.0,0.9330397844314575
1010,1.0,20.0,40.0,0.5,0.0,115.0,0.7622072100639343
1011,1.0,20.0,40.0,0.5,10.0,90.0,0.896797776222229
1012,1.0,20.0,40.0,0.5,100.0,74.0,0.9075361688931783
1013,1.0,20.0,40.0,0.5,1000.0,31.0,0.9580296079317728
1014,1.0,20.0,40.0,0.5,10000.0,75.0,0.8459800779819489
1015,1.0,20.0,40.0,0.7,0.0,66.0,0.828271766503652
1016,1.0,20.0,40.0,0.7,10.0,95.0,0.8677769303321838
1017,1.0,20.0,40.0,0.7,100.0,39.0,0.9295963247617086
1018,1.0,20.0,40.0,0.7,1000.0,34.0,0.9592292507489523
1019,1.0,20.0,40.0,0.7,10000.0,36.0,0.9448821942011515
1020,1.0,20.0,45.0,0.3,0.0,80.0,0.9044934312502543
1021,1.0,20.0,45.0,0.3,10.0,78.0,0.8262112538019816
1022,1.0,20.0,45.0,0.3,100.0,68.0,0.878536323706309
1023,1.0,20.0,45.0,0.3,1000.0,37.0,0.9000860651334127
1024,1.0,20.0,45.0,0.3,10000.0,44.0,0.8045967022577921
1025,1.0,20.0,45.0,0.5,0.0,50.0,0.9188414216041565
1026,1.0,20.0,45.0,0.5,10.0,64.0,0.846922755241394
1027,1.0,20.0,45.0,0.5,100.0,52.0,0.9215902090072632
1028,1.0,20.0,45.0,0.5,1000.0,49.0,0.9269029895464579
1029,1.0,20.0,45.0,0.5,10000.0,55.0,0.8684778213500977
1030,1.0,20.0,45.0,0.7,0.0,46.0,0.9543933471043905
1031,1.0,20.0,45.0,0.7,10.0,50.0,0.9237687587738037
1032,1.0,20.0,45.0,0.7,100.0,47.0,0.9586399594942728
1033,1.0,20.0,45.0,0.7,1000.0,41.0,0.9219134847323099
1034,1.0,20.0,45.0,0.7,10000.0,77.0,0.8648534615834554
1035,1.0,20.0,50.0,0.3,0.0,64.0,0.937526265780131
1036,1.0,20.0,50.0,0.3,10.0,54.0,0.8432755668958029
1037,1.0,20.0,50.0,0.3,100.0,61.0,0.9716731607913971
1038,1.0,20.0,50.0,0.3,1000.0,58.0,0.9090689420700073
1039,1.0,20.0,50.0,0.3,10000.0,66.0,0.8298294146855673
1040,1.0,20.0,50.0,0.5,0.0,91.0,0.8011016845703125
1041,1.0,20.0,50.0,0.5,10.0,90.0,0.7767768800258636
1042,1.0,20.0,50.0,0.5,100.0,37.0,0.9561438957850138
1043,1.0,20.0,50.0,0.5,1000.0,47.0,0.8904690941174825
1044,1.0,20.0,50.0,0.5,10000.0,100.0,0.8468248248100281
1045,1.0,20.0,50.0,0.7,0.0,172.0,0.7967377404371897
1046,1.0,20.0,50.0,0.7,10.0,41.0,0.9107496539751688
1047,1.0,20.0,50.0,0.7,100.0,45.0,0.9501380920410156
1048,1.0,20.0,50.0,0.7,1000.0,53.0,0.9404159386952718
1049,1.0,20.0,50.0,0.7,10000.0,99.0,0.8939929405848185
1050,2.0,20.0,5.0,0.3,0.0,87.0,0.9028054674466451
1051,2.0,20.0,5.0,0.3,10.0,36.0,0.9209019740422567
1052,2.0,20.0,5.0,0.3,100.0,50.0,0.9939595262209574
1053,2.0,20.0,5.0,0.3,1000.0,48.0,0.8695669968922933
1054,2.0,20.0,5.0,0.3,10000.0,51.0,0.8502470056215922
1055,2.0,20.0,5.0,0.5,0.0,120.0,0.8454703887303671
1056,2.0,20.0,5.0,0.5,10.0,60.0,0.8385383486747742
1057,2.0,20.0,5.0,0.5,100.0,60.0,0.9815245072046915
1058,2.0,20.0,5.0,0.5,1000.0,84.0,0.8287136554718018
1059,2.0,20.0,5.0,0.5,10000.0,59.0,0.8602308432261149
1060,2.0,20.0,5.0,0.7,0.0,94.0,1.0022953351338704
1061,2.0,20.0,5.0,0.7,10.0,93.0,0.8500163356463114
1062,2.0,20.0,5.0,0.7,100.0,61.0,1.0075340668360393
1063,2.0,20.0,5.0,0.7,1000.0,61.0,0.9115845561027527
1064,2.0,20.0,5.0,0.7,10000.0,55.0,0.9564544558525085
1065,2.0,20.0,10.0,0.3,0.0,17.0,1.0927202900250752
1066,2.0,20.0,10.0,0.3,10.0,55.0,0.8737380107243856
1067,2.0,20.0,10.0,0.3,100.0,38.0,0.9164642691612244
1068,2.0,20.0,10.0,0.3,1000.0,60.0,0.9358254671096802
1069,2.0,20.0,10.0,0.3,10000.0,46.0,0.8840358455975851
1070,2.0,20.0,10.0,0.5,0.0,44.0,0.853000541528066
1071,2.0,20.0,10.0,0.5,10.0,50.0,0.8172977566719055
1072,2.0,20.0,10.0,0.5,100.0,47.0,0.8848757743835449
1073,2.0,20.0,10.0,0.5,1000.0,65.0,0.8927265803019205
1074,2.0,20.0,10.0,0.5,10000.0,54.0,0.9196803569793701
1075,2.0,20.0,10.0,0.7,0.0,92.0,0.823259174823761
1076,2.0,20.0,10.0,0.7,10.0,42.0,0.9385858178138733
1077,2.0,20.0,10.0,0.7,100.0,108.0,0.7818815807501475
1078,2.0,20.0,10.0,0.7,1000.0,83.0,0.8967593709627787
1079,2.0,20.0,10.0,0.7,10000.0,73.0,0.8696528673171997
1080,2.0,20.0,15.0,0.3,0.0,68.0,0.7614321609338125
1081,2.0,20.0,15.0,0.3,10.0,74.0,0.700260063012441
1082,2.0,20.0,15.0,0.3,100.0,32.0,0.8812475601832072
1083,2.0,20.0,15.0,0.3,1000.0,53.0,0.8431371053059896
1084,2.0,20.0,15.0,0.3,10000.0,45.0,0.7902198433876038
1085,2.0,20.0,15.0,0.5,0.0,68.0,0.7754677732785543
1086,2.0,20.0,15.0,0.5,10.0,55.0,0.8195613821347555
1087,2.0,20.0,15.0,0.5,100.0,49.0,0.8423637946446737
1088,2.0,20.0,15.0,0.5,1000.0,72.0,0.8160344958305359
1089,2.0,20.0,15.0,0.5,10000.0,51.0,0.887266218662262
1090,2.0,20.0,15.0,0.7,0.0,59.0,0.8552426894505819
1091,2.0,20.0,15.0,0.7,10.0,105.0,0.798078695933024
1092,2.0,20.0,15.0,0.7,100.0,34.0,0.9599944551785787
1093,2.0,20.0,15.0,0.7,1000.0,41.0,0.9144275784492493
1094,2.0,20.0,15.0,0.7,10000.0,42.0,0.9368370374043783
1095,2.0,20.0,20.0,0.3,0.0,126.0,0.6961286862691244
1096,2.0,20.0,20.0,0.3,10.0,68.0,0.7669811248779297
1097,2.0,20.0,20.0,0.3,100.0,17.0,1.0801314910252888
1098,2.0,20.0,20.0,0.3,1000.0,47.0,0.8004249334335327
1099,2.0,20.0,20.0,0.3,10000.0,50.0,0.7897885839144388
1100,2.0,20.0,20.0,0.5,0.0,114.0,0.8966120680173238
1101,2.0,20.0,20.0,0.5,10.0,51.0,0.8823893467585245
1102,2.0,20.0,20.0,0.5,100.0,67.0,0.801767885684967
1103,2.0,20.0,20.0,0.5,1000.0,37.0,0.896543025970459
1104,2.0,20.0,20.0,0.5,10000.0,61.0,0.7635190288225809
1105,2.0,20.0,20.0,0.7,0.0,63.0,0.8385317722956339
1106,2.0,20.0,20.0,0.7,10.0,55.0,0.8981700936953226
1107,2.0,20.0,20.0,0.7,100.0,64.0,0.8759448726971945
1108,2.0,20.0,20.0,0.7,1000.0,38.0,0.9343217015266418
1109,2.0,20.0,20.0,0.7,10000.0,79.0,0.8247265219688416
1110,2.0,20.0,25.0,0.3,0.0,74.0,0.8366227149963379
1111,2.0,20.0,25.0,0.3,10.0,58.0,0.8429904381434122
1112,2.0,20.0,25.0,0.3,100.0,60.0,0.7292245924472809
1113,2.0,20.0,25.0,0.3,1000.0,50.0,0.8299970229466757
1114,2.0,20.0,25.0,0.3,10000.0,73.0,0.7222298085689545
1115,2.0,20.0,25.0,0.5,0.0,64.0,0.8355515797932943
1116,2.0,20.0,25.0,0.5,10.0,53.0,0.8591920534769694
1117,2.0,20.0,25.0,0.5,100.0,52.0,0.7654421428839365
1118,2.0,20.0,25.0,0.5,1000.0,46.0,0.8987118005752563
1119,2.0,20.0,25.0,0.5,10000.0,45.0,0.7764153083165487
1120,2.0,20.0,25.0,0.7,0.0,47.0,0.8830614487330118
1121,2.0,20.0,25.0,0.7,10.0,73.0,0.8504114548365275
1122,2.0,20.0,25.0,0.7,100.0,62.0,0.8282152712345123
1123,2.0,20.0,25.0,0.7,1000.0,75.0,0.8471695780754089
1124,2.0,20.0,25.0,0.7,10000.0,54.0,0.824040432771047
1125,2.0,20.0,30.0,0.3,0.0,32.0,0.9308204452196757
1126,2.0,20.0,30.0,0.3,10.0,50.0,0.881964921951294
1127,2.0,20.0,30.0,0.3,100.0,62.0,0.7733310659726461
1128,2.0,20.0,30.0,0.3,1000.0,58.0,0.8420565923055013
1129,2.0,20.0,30.0,0.3,10000.0,50.0,0.9127605756123861
1130,2.0,20.0,30.0,0.5,0.0,32.0,0.960206131140391
1131,2.0,20.0,30.0,0.5,10.0,47.0,0.8952879905700684
1132,2.0,20.0,30.0,0.5,100.0,49.0,0.9185606638590494
1133,2.0,20.0,30.0,0.5,1000.0,61.0,0.7622232834498087
1134,2.0,20.0,30.0,0.5,10000.0,46.0,0.8917738199234009
1135,2.0,20.0,30.0,0.7,0.0,60.0,0.8813100258509318
1136,2.0,20.0,30.0,0.7,10.0,47.0,0.9126666585604349
1137,2.0,20.0,30.0,0.7,100.0,56.0,0.8092732628186544
1138,2.0,20.0,30.0,0.7,1000.0,49.0,0.8652065793673197
1139,2.0,20.0,30.0,0.7,10000.0,46.0,0.929660419623057
1140,2.0,20.0,35.0,0.3,0.0,48.0,0.872268795967102
1141,2.0,20.0,35.0,0.3,10.0,57.0,0.8979663054148356
1142,2.0,20.0,35.0,0.3,100.0,57.0,0.7973577777544657
1143,2.0,20.0,35.0,0.3,1000.0,75.0,0.7863795260588328
1144,2.0,20.0,35.0,0.3,10000.0,56.0,0.8085818688074747
1145,2.0,20.0,35.0,0.5,0.0,42.0,0.8356954256693522
1146,2.0,20.0,35.0,0.5,10.0,70.0,0.8826038638750712
1147,2.0,20.0,35.0,0.5,100.0,51.0,0.8449397881825765
1148,2.0,20.0,35.0,0.5,1000.0,68.0,0.7892667849858602
1149,2.0,20.0,35.0,0.5,10000.0,59.0,0.8060073455174764
1150,2.0,20.0,35.0,0.7,0.0,47.0,0.8402882615725199
1151,2.0,20.0,35.0,0.7,10.0,56.0,0.8942607641220093
1152,2.0,20.0,35.0,0.7,100.0,48.0,0.9105581442515055
1153,2.0,20.0,35.0,0.7,1000.0,58.0,0.8799741665522257
1154,2.0,20.0,35.0,0.7,10000.0,58.0,0.8854450186093649
1155,2.0,20.0,40.0,0.3,0.0,49.0,0.8644050161043803
1156,2.0,20.0,40.0,0.3,10.0,62.0,0.8772695064544678
1157,2.0,20.0,40.0,0.3,100.0,84.0,0.8339940309524536
1158,2.0,20.0,40.0,0.3,1000.0,33.0,0.9315324624379476
1159,2.0,20.0,40.0,0.3,10000.0,41.0,0.8222482800483704
1160,2.0,20.0,40.0,0.5,0.0,56.0,0.895928164323171
1161,2.0,20.0,40.0,0.5,10.0,68.0,0.8671486576398214
1162,2.0,20.0,40.0,0.5,100.0,52.0,0.8814375797907511
1163,2.0,20.0,40.0,0.5,1000.0,33.0,0.8869622151056925
1164,2.0,20.0,40.0,0.5,10000.0,50.0,0.7968538006146749
1165,2.0,20.0,40.0,0.7,0.0,51.0,0.8821319739023844
1166,2.0,20.0,40.0,0.7,10.0,70.0,0.8786232272783915
1167,2.0,20.0,40.0,0.7,100.0,55.0,0.8561127384503683
1168,2.0,20.0,40.0,0.7,1000.0,51.0,0.8407648205757141
1169,2.0,20.0,40.0,0.7,10000.0,57.0,0.793876071770986
1170,2.0,20.0,45.0,0.3,0.0,79.0,0.8373825152715048
1171,2.0,20.0,45.0,0.3,10.0,46.0,0.8427617152531942
1172,2.0,20.0,45.0,0.3,100.0,53.0,0.8473748763402303
1173,2.0,20.0,45.0,0.3,1000.0,59.0,0.8250929315884908
1174,2.0,20.0,45.0,0.3,10000.0,85.0,0.9239718914031982
1175,2.0,20.0,45.0,0.5,0.0,69.0,0.7599380910396576
1176,2.0,20.0,45.0,0.5,10.0,61.0,0.7747524380683899
1177,2.0,20.0,45.0,0.5,100.0,60.0,0.8160785635312399
1178,2.0,20.0,45.0,0.5,1000.0,68.0,0.8408608833948771
1179,2.0,20.0,45.0,0.5,10000.0,40.0,0.8425746957461039
1180,2.0,20.0,45.0,0.7,0.0,67.0,0.764505406220754
1181,2.0,20.0,45.0,0.7,10.0,56.0,0.7861504952112833
1182,2.0,20.0,45.0,0.7,100.0,87.0,1.0391110976537068
1183,2.0,20.0,45.0,0.7,1000.0,61.0,0.8067246874173483
1184,2.0,20.0,45.0,0.7,10000.0,76.0,0.7882307370503744
1185,2.0,20.0,50.0,0.3,0.0,65.0,0.71586341659228
1186,2.0,20.0,50.0,0.3,10.0,42.0,0.8759636084238688
1187,2.0,20.0,50.0,0.3,100.0,58.0,0.848989466826121
1188,2.0,20.0,50.0,0.3,1000.0,65.0,0.7946811517079672
1189,2.0,20.0,50.0,0.3,10000.0,53.0,0.7731037934621176
1190,2.0,20.0,50.0,0.5,0.0,81.0,0.7800881663958231
1191,2.0,20.0,50.0,0.5,10.0,58.0,0.8636903762817383
1192,2.0,20.0,50.0,0.5,100.0,70.0,0.743943432966868
1193,2.0,20.0,50.0,0.5,1000.0,44.0,0.7994505365689596
1194,2.0,20.0,50.0,0.5,10000.0,54.0,0.7759797473748525
1195,2.0,20.0,50.0,0.7,0.0,84.0,0.7389557162920634
1196,2.0,20.0,50.0,0.7,10.0,97.0,0.7993421753247579
1197,2.0,20.0,50.0,0.7,100.0,55.0,0.813187817732493
1198,2.0,20.0,50.0,0.7,1000.0,46.0,0.876707136631012
1199,2.0,20.0,50.0,0.7,10000.0,63.0,0.7574441234270731
1200,1.0,25.0,5.0,0.3,0.0,53.0,0.9617528915405273
1201,1.0,25.0,5.0,0.3,10.0,44.0,0.8976097106933594
1202,1.0,25.0,5.0,0.3,100.0,34.0,0.9602627952893575
1203,1.0,25.0,5.0,0.3,1000.0,62.0,0.7931324442227682
1204,1.0,25.0,5.0,0.3,10000.0,39.0,0.9945724407831827
1205,1.0,25.0,5.0,0.5,0.0,110.0,0.9100162982940674
1206,1.0,25.0,5.0,0.5,10.0,46.0,0.9068265358606974
1207,1.0,25.0,5.0,0.5,100.0,35.0,0.9576497872670492
1208,1.0,25.0,5.0,0.5,1000.0,54.0,0.8941269914309183
1209,1.0,25.0,5.0,0.5,10000.0,114.0,0.8003177245457967
1210,1.0,25.0,5.0,0.7,0.0,96.0,0.9364975690841675
1211,1.0,25.0,5.0,0.7,10.0,50.0,0.9632895986239115
1212,1.0,25.0,5.0,0.7,100.0,41.0,0.9788405895233154
1213,1.0,25.0,5.0,0.7,1000.0,46.0,0.967986543973287
1214,1.0,25.0,5.0,0.7,10000.0,115.0,0.8951072295506796
1215,1.0,25.0,10.0,0.3,0.0,57.0,0.8743434151013693
1216,1.0,25.0,10.0,0.3,10.0,46.0,0.9812957843144735
1217,1.0,25.0,10.0,0.3,100.0,42.0,0.8906979362169901
1218,1.0,25.0,10.0,0.3,1000.0,60.0,0.7505165139834086
1219,1.0,25.0,10.0,0.3,10000.0,64.0,0.8435028592745463
1220,1.0,25.0,10.0,0.5,0.0,39.0,0.9227631886800131
1221,1.0,25.0,10.0,0.5,10.0,41.0,0.8248599767684937
1222,1.0,25.0,10.0,0.5,100.0,37.0,0.89962238073349
1223,1.0,25.0,10.0,0.5,1000.0,63.0,0.906613806883494
1224,1.0,25.0,10.0,0.5,10000.0,62.0,0.8117906252543131
1225,1.0,25.0,10.0,0.7,0.0,84.0,0.9418690999348959
1226,1.0,25.0,10.0,0.7,10.0,87.0,0.8962422013282776
1227,1.0,25.0,10.0,0.7,100.0,85.0,0.8818520307540894
1228,1.0,25.0,10.0,0.7,1000.0,54.0,0.859468400478363
1229,1.0,25.0,10.0,0.7,10000.0,62.0,0.9212970534960429
1230,1.0,25.0,15.0,0.3,0.0,75.0,0.9611256122589111
1231,1.0,25.0,15.0,0.3,10.0,43.0,0.8934208353360494
1232,1.0,25.0,15.0,0.3,100.0,34.0,0.9087793231010437
1233,1.0,25.0,15.0,0.3,1000.0,68.0,0.7949726581573486
1234,1.0,25.0,15.0,0.3,10000.0,17.0,1.0727935830752056
1235,1.0,25.0,15.0,0.5,0.0,62.0,0.7792699933052063
1236,1.0,25.0,15.0,0.5,10.0,39.0,0.9346611301104227
1237,1.0,25.0,15.0,0.5,100.0,133.0,0.7708727121353149
1238,1.0,25.0,15.0,0.5,1000.0,64.0,0.8315069675445557
1239,1.0,25.0,15.0,0.5,10000.0,64.0,0.8820972641309103
1240,1.0,25.0,15.0,0.7,0.0,73.0,0.7661888301372528
1241,1.0,25.0,15.0,0.7,10.0,69.0,0.9062924186388651
1242,1.0,25.0,15.0,0.7,100.0,80.0,0.8252881566683451
1243,1.0,25.0,15.0,0.7,1000.0,84.0,0.8481237490971884
1244,1.0,25.0,15.0,0.7,10000.0,82.0,0.907994548479716
1245,1.0,25.0,20.0,0.3,0.0,33.0,0.9903227090835571
1246,1.0,25.0,20.0,0.3,10.0,39.0,0.9175103505452474
1247,1.0,25.0,20.0,0.3,100.0,84.0,0.8443422317504883
1248,1.0,25.0,20.0,0.3,1000.0,49.0,0.8082708120346069
1249,1.0,25.0,20.0,0.3,10000.0,79.0,0.7432482639948527
1250,1.0,25.0,20.0,0.5,0.0,33.0,0.9440784255663554
1251,1.0,25.0,20.0,0.5,10.0,45.0,0.8906518816947937
1252,1.0,25.0,20.0,0.5,100.0,83.0,0.8267942070960999
1253,1.0,25.0,20.0,0.5,1000.0,69.0,0.8629072705904642
1254,1.0,25.0,20.0,0.5,10000.0,78.0,0.8790194590886434
1255,1.0,25.0,20.0,0.7,0.0,74.0,0.9069002469380697
1256,1.0,25.0,20.0,0.7,10.0,81.0,0.8575147291024526
1257,1.0,25.0,20.0,0.7,100.0,101.0,0.8514498869578043
1258,1.0,25.0,20.0,0.7,1000.0,79.0,0.7875720659891764
1259,1.0,25.0,20.0,0.7,10000.0,59.0,0.8718645572662354
1260,1.0,25.0,25.0,0.3,0.0,84.0,0.7829133868217468
1261,1.0,25.0,25.0,0.3,10.0,49.0,0.9349416494369507
1262,1.0,25.0,25.0,0.3,100.0,57.0,0.7759850025177002
1263,1.0,25.0,25.0,0.3,1000.0,54.0,0.9286576906840006
1264,1.0,25.0,25.0,0.3,10000.0,34.0,0.8845319151878357
1265,1.0,25.0,25.0,0.5,0.0,80.0,0.8699870705604553
1266,1.0,25.0,25.0,0.5,10.0,32.0,0.937821090221405
1267,1.0,25.0,25.0,0.5,100.0,70.0,0.8829917112986246
1268,1.0,25.0,25.0,0.5,1000.0,45.0,0.9563445846239725
1269,1.0,25.0,25.0,0.5,10000.0,39.0,0.9267467459042867
1270,1.0,25.0,25.0,0.7,0.0,97.0,0.8452930450439453
1271,1.0,25.0,25.0,0.7,10.0,41.0,0.95754607518514
1272,1.0,25.0,25.0,0.7,100.0,67.0,0.9804400006930033
1273,1.0,25.0,25.0,0.7,1000.0,36.0,0.9461071491241455
1274,1.0,25.0,25.0,0.7,10000.0,43.0,0.9429825146993002
1275,1.0,25.0,30.0,0.3,0.0,53.0,0.8060347636540731
1276,1.0,25.0,30.0,0.3,10.0,75.0,0.8770443797111511
1277,1.0,25.0,30.0,0.3,100.0,43.0,0.8017583886782328
1278,1.0,25.0,30.0,0.3,1000.0,59.0,0.8148077328999838
1279,1.0,25.0,30.0,0.3,10000.0,53.0,0.8505050937334696
1280,1.0,25.0,30.0,0.5,0.0,54.0,0.7988742788632711
1281,1.0,25.0,30.0,0.5,10.0,85.0,0.8819377621014913
1282,1.0,25.0,30.0,0.5,100.0,48.0,0.8670088450113932
1283,1.0,25.0,30.0,0.5,1000.0,65.0,0.8453557193279266
1284,1.0,25.0,30.0,0.5,10000.0,42.0,0.8268296917279562
1285,1.0,25.0,30.0,0.7,0.0,44.0,0.8476783037185669
1286,1.0,25.0,30.0,0.7,10.0,74.0,0.9238181312878927
1287,1.0,25.0,30.0,0.7,100.0,49.0,0.9026772379875183
1288,1.0,25.0,30.0,0.7,1000.0,76.0,0.7381845116615295
1289,1.0,25.0,30.0,0.7,10000.0,57.0,0.8423081040382385
1290,1.0,25.0,35.0,0.3,0.0,83.0,0.8742504914601644
1291,1.0,25.0,35.0,0.3,10.0,31.0,0.8803937832514445
1292,1.0,25.0,35.0,0.3,100.0,55.0,0.8921343485514323
1293,1.0,25.0,35.0,0.3,1000.0,36.0,0.896385391553243
1294,1.0,25.0,35.0,0.3,10000.0,65.0,0.8243150313695272
1295,1.0,25.0,35.0,0.5,0.0,52.0,0.8765702644983927
1296,1.0,25.0,35.0,0.5,10.0,30.0,0.8940040866533915
1297,1.0,25.0,35.0,0.5,100.0,66.0,0.864621897538503
1298,1.0,25.0,35.0,0.5,1000.0,51.0,0.9078675508499146
1299,1.0,25.0,35.0,0.5,10000.0,39.0,0.8967724045117696
1300,1.0,25.0,35.0,0.7,0.0,83.0,0.8172763387362162
1301,1.0,25.0,35.0,0.7,10.0,72.0,0.9059096773465475
1302,1.0,25.0,35.0,0.7,100.0,48.0,0.8982542554537455
1303,1.0,25.0,35.0,0.7,1000.0,50.0,0.9187504251797994
1304,1.0,25.0,35.0,0.7,10000.0,41.0,0.9078390598297119
1305,1.0,25.0,40.0,0.3,0.0,43.0,0.911466121673584
1306,1.0,25.0,40.0,0.3,10.0,58.0,0.8384784658749899
1307,1.0,25.0,40.0,0.3,100.0,84.0,0.7218782504399618
1308,1.0,25.0,40.0,0.3,1000.0,31.0,0.9162837068239847
1309,1.0,25.0,40.0,0.3,10000.0,57.0,0.8981194098790487
1310,1.0,25.0,40.0,0.5,0.0,42.0,0.8690727551778158
1311,1.0,25.0,40.0,0.5,10.0,82.0,0.8575121561686198
1312,1.0,25.0,40.0,0.5,100.0,74.0,0.879876712958018
1313,1.0,25.0,40.0,0.5,1000.0,34.0,0.9353074431419373
1314,1.0,25.0,40.0,0.5,10000.0,33.0,0.9462222456932068
1315,1.0,25.0,40.0,0.7,0.0,40.0,0.9477327664693197
1316,1.0,25.0,40.0,0.7,10.0,62.0,0.8435854911804199
1317,1.0,25.0,40.0,0.7,100.0,79.0,0.8390209674835205
1318,1.0,25.0,40.0,0.7,1000.0,45.0,0.9114293456077576
1319,1.0,25.0,40.0,0.7,10000.0,53.0,0.8715865214665731
1320,1.0,25.0,45.0,0.3,0.0,54.0,0.8869011004765829
1321,1.0,25.0,45.0,0.3,10.0,68.0,0.7515702545642853
1322,1.0,25.0,45.0,0.3,100.0,73.0,0.7423747678597769
1323,1.0,25.0,45.0,0.3,1000.0,49.0,0.9670753479003906
1324,1.0,25.0,45.0,0.3,10000.0,46.0,0.9412905176480612
1325,1.0,25.0,45.0,0.5,0.0,58.0,0.8858792384465536
1326,1.0,25.0,45.0,0.5,10.0,51.0,0.8183664381504059
1327,1.0,25.0,45.0,0.5,100.0,61.0,0.7979612251122793
1328,1.0,25.0,45.0,0.5,1000.0,37.0,0.8878454367319742
1329,1.0,25.0,45.0,0.5,10000.0,47.0,0.9182868401209513
1330,1.0,25.0,45.0,0.7,0.0,61.0,0.8781989812850952
1331,1.0,25.0,45.0,0.7,10.0,69.0,0.8776804208755493
1332,1.0,25.0,45.0,0.7,100.0,70.0,0.8180991212526957
1333,1.0,25.0,45.0,0.7,1000.0,47.0,0.9870860377947489
1334,1.0,25.0,45.0,0.7,10000.0,44.0,0.9504553278287252
1335,1.0,25.0,50.0,0.3,0.0,44.0,0.8954589168230692
1336,1.0,25.0,50.0,0.3,10.0,31.0,0.8925983309745789
1337,1.0,25.0,50.0,0.3,100.0,57.0,0.7964651783307394
1338,1.0,25.0,50.0,0.3,1000.0,30.0,0.8773335814476013
1339,1.0,25.0,50.0,0.3,10000.0,65.0,0.748928169409434
1340,1.0,25.0,50.0,0.5,0.0,44.0,0.9046916365623474
1341,1.0,25.0,50.0,0.5,10.0,30.0,0.9026617010434469
1342,1.0,25.0,50.0,0.5,100.0,60.0,0.8750783205032349
1343,1.0,25.0,50.0,0.5,1000.0,31.0,0.8772948185602824
1344,1.0,25.0,50.0,0.5,10000.0,107.0,0.8877824147542318
1345,1.0,25.0,50.0,0.7,0.0,62.0,0.9121149381001791
1346,1.0,25.0,50.0,0.7,10.0,33.0,0.8932422002156576
1347,1.0,25.0,50.0,0.7,100.0,44.0,0.951428751150767
1348,1.0,25.0,50.0,0.7,1000.0,58.0,0.8477920492490133
1349,1.0,25.0,50.0,0.7,10000.0,80.0,0.8111040194829305
1350,2.0,25.0,5.0,0.3,0.0,70.0,0.8730668028195699
1351,2.0,25.0,5.0,0.3,10.0,65.0,0.9845693508783976
1352,2.0,25.0,5.0,0.3,100.0,43.0,0.9190340439478556
1353,2.0,25.0,5.0,0.3,1000.0,67.0,0.9359582861264547
1354,2.0,25.0,5.0,0.3,10000.0,64.0,0.8363909324010214
1355,2.0,25.0,5.0,0.5,0.0,44.0,0.9387003382047018
1356,2.0,25.0,5.0,0.5,10.0,58.0,0.9021345178286234
1357,2.0,25.0,5.0,0.5,100.0,43.0,0.9858653942743937
1358,2.0,25.0,5.0,0.5,1000.0,78.0,0.8218975265820821
1359,2.0,25.0,5.0,0.5,10000.0,86.0,0.879957358042399
1360,2.0,25.0,5.0,0.7,0.0,119.0,0.8766642610232035
1361,2.0,25.0,5.0,0.7,10.0,66.0,0.9408514897028605
1362,2.0,25.0,5.0,0.7,100.0,71.0,0.9257816076278687
1363,2.0,25.0,5.0,0.7,1000.0,83.0,0.8904020587603251
1364,2.0,25.0,5.0,0.7,10000.0,53.0,1.008101503054301
1365,2.0,25.0,10.0,0.3,0.0,44.0,0.8892049590746561
1366,2.0,25.0,10.0,0.3,10.0,62.0,0.8411527077356974
1367,2.0,25.0,10.0,0.3,100.0,42.0,0.8271743655204773
1368,2.0,25.0,10.0,0.3,1000.0,35.0,0.8656186660130819
1369,2.0,25.0,10.0,0.3,10000.0,53.0,0.7937700549761454
1370,2.0,25.0,10.0,0.5,0.0,72.0,0.7859905958175659
1371,2.0,25.0,10.0,0.5,10.0,45.0,0.8662986159324646
1372,2.0,25.0,10.0,0.5,100.0,43.0,0.870294431845347
1373,2.0,25.0,10.0,0.5,1000.0,52.0,0.8653735717137655
1374,2.0,25.0,10.0,0.5,10000.0,77.0,0.744991401831309
1375,2.0,25.0,10.0,0.7,0.0,49.0,0.9495720465977987
1376,2.0,25.0,10.0,0.7,10.0,46.0,0.8984891772270203
1377,2.0,25.0,10.0,0.7,100.0,53.0,0.8867636322975159
1378,2.0,25.0,10.0,0.7,1000.0,52.0,0.8710370858510336
1379,2.0,25.0,10.0,0.7,10000.0,64.0,0.881892740726471
1380,2.0,25.0,15.0,0.3,0.0,64.0,0.9760338664054871
1381,2.0,25.0,15.0,0.3,10.0,65.0,0.7999837597211202
1382,2.0,25.0,15.0,0.3,100.0,61.0,0.7656210064888
1383,2.0,25.0,15.0,0.3,1000.0,42.0,0.8686606089274088
1384,2.0,25.0,15.0,0.3,10000.0,57.0,0.7910906672477722
1385,2.0,25.0,15.0,0.5,0.0,34.0,0.937004804611206
1386,2.0,25.0,15.0,0.5,10.0,75.0,0.823673148949941
1387,2.0,25.0,15.0,0.5,100.0,44.0,0.7829106450080872
1388,2.0,25.0,15.0,0.5,1000.0,75.0,0.7533595760663351
1389,2.0,25.0,15.0,0.5,10000.0,71.0,0.839296817779541
1390,2.0,25.0,15.0,0.7,0.0,40.0,0.9495086868604025
1391,2.0,25.0,15.0,0.7,10.0,70.0,0.8338305552800497
1392,2.0,25.0,15.0,0.7,100.0,61.0,0.825137992699941
1393,2.0,25.0,15.0,0.7,1000.0,70.0,0.8208546837170919
1394,2.0,25.0,15.0,0.7,10000.0,50.0,0.8575518131256104
1395,2.0,25.0,20.0,0.3,0.0,36.0,0.9438398083051046
1396,2.0,25.0,20.0,0.3,10.0,30.0,0.9259172081947327
1397,2.0,25.0,20.0,0.3,100.0,16.0,1.0781809290250142
1398,2.0,25.0,20.0,0.3,1000.0,42.0,0.7742470304171244
1399,2.0,25.0,20.0,0.3,10000.0,86.0,0.7284587124983469
1400,2.0,25.0,20.0,0.5,0.0,36.0,0.8738717635472616
1401,2.0,25.0,20.0,0.5,10.0,78.0,0.7237824400266012
1402,2.0,25.0,20.0,0.5,100.0,86.0,0.8019318679968516
1403,2.0,25.0,20.0,0.5,1000.0,52.0,0.8725294272104899
1404,2.0,25.0,20.0,0.5,10000.0,70.0,1.0030888517697651
1405,2.0,25.0,20.0,0.7,0.0,67.0,0.8501203258832296
1406,2.0,25.0,20.0,0.7,10.0,56.0,0.8347269495328268
1407,2.0,25.0,20.0,0.7,100.0,92.0,0.9212039113044739
1408,2.0,25.0,20.0,0.7,1000.0,70.0,0.7453723549842834
1409,2.0,25.0,20.0,0.7,10000.0,48.0,0.8507083058357239
1410,2.0,25.0,25.0,0.3,0.0,56.0,0.8579339186350504
1411,2.0,25.0,25.0,0.3,10.0,52.0,0.9067067702611288
1412,2.0,25.0,25.0,0.3,100.0,57.0,0.8697266181310018
1413,2.0,25.0,25.0,0.3,1000.0,43.0,0.8118138114611307
1414,2.0,25.0,25.0,0.3,10000.0,40.0,0.9135288596153259
1415,2.0,25.0,25.0,0.5,0.0,53.0,0.8765390714009603
1416,2.0,25.0,25.0,0.5,10.0,39.0,0.9300449887911478
1417,2.0,25.0,25.0,0.5,100.0,43.0,0.7626183231671652
1418,2.0,25.0,25.0,0.5,1000.0,48.0,0.7833938002586365
1419,2.0,25.0,25.0,0.5,10000.0,63.0,0.8201597929000854
1420,2.0,25.0,25.0,0.7,0.0,63.0,0.936086118221283
1421,2.0,25.0,25.0,0.7,10.0,42.0,0.8726126750310262
1422,2.0,25.0,25.0,0.7,100.0,61.0,0.8580981095631918
1423,2.0,25.0,25.0,0.7,1000.0,61.0,0.7862160503864288
1424,2.0,25.0,25.0,0.7,10000.0,55.0,0.8325964411099752
1425,2.0,25.0,30.0,0.3,0.0,47.0,0.8891913692156473
1426,2.0,25.0,30.0,0.3,10.0,56.0,0.8448170820871989
1427,2.0,25.0,30.0,0.3,100.0,57.0,0.7594475547472636
1428,2.0,25.0,30.0,0.3,1000.0,65.0,0.8008356789747874
1429,2.0,25.0,30.0,0.3,10000.0,55.0,0.8363411823908488
1430,2.0,25.0,30.0,0.5,0.0,45.0,0.8029366135597229
1431,2.0,25.0,30.0,0.5,10.0,56.0,0.8567455013593038
1432,2.0,25.0,30.0,0.5,100.0,49.0,0.8503654797871908
1433,2.0,25.0,30.0,0.5,1000.0,55.0,0.8542032837867737
1434,2.0,25.0,30.0,0.5,10000.0,45.0,0.8199125727017721
1435,2.0,25.0,30.0,0.7,0.0,82.0,0.7789893945058187
1436,2.0,25.0,30.0,0.7,10.0,48.0,0.8605447212855021
1437,2.0,25.0,30.0,0.7,100.0,45.0,0.7874082922935486
1438,2.0,25.0,30.0,0.7,1000.0,59.0,0.8178372581799825
1439,2.0,25.0,30.0,0.7,10000.0,57.0,0.8564513723055521
1440,2.0,25.0,35.0,0.3,0.0,57.0,0.7662181854248047
1441,2.0,25.0,35.0,0.3,10.0,61.0,0.8303263386090597
1442,2.0,25.0,35.0,0.3,100.0,48.0,0.862196664015452
1443,2.0,25.0,35.0,0.3,1000.0,51.0,0.7594069838523865
1444,2.0,25.0,35.0,0.3,10000.0,57.0,0.7415972550710043
1445,2.0,25.0,35.0,0.5,0.0,87.0,0.7365502615769705
1446,2.0,25.0,35.0,0.5,10.0,63.0,0.7647457917531332
1447,2.0,25.0,35.0,0.5,100.0,52.0,0.7455217242240906
1448,2.0,25.0,35.0,0.5,1000.0,45.0,0.7869448065757751
1449,2.0,25.0,35.0,0.5,10000.0,60.0,0.7345192531744639
1450,2.0,25.0,35.0,0.7,0.0,73.0,0.780895451704661
1451,2.0,25.0,35.0,0.7,10.0,61.0,0.8421416481335958
1452,2.0,25.0,35.0,0.7,100.0,45.0,0.7787001132965088
1453,2.0,25.0,35.0,0.7,1000.0,49.0,0.8823451201121012
1454,2.0,25.0,35.0,0.7,10000.0,80.0,0.8600492278734843
1455,2.0,25.0,40.0,0.3,0.0,56.0,0.9116380214691162
1456,2.0,25.0,40.0,0.3,10.0,50.0,0.8715251882870992
1457,2.0,25.0,40.0,0.3,100.0,56.0,0.8008879025777181
1458,2.0,25.0,40.0,0.3,1000.0,42.0,0.9038660327593485
1459,2.0,25.0,40.0,0.3,10000.0,57.0,0.7469446261723837
1460,2.0,25.0,40.0,0.5,0.0,45.0,0.885710338751475
1461,2.0,25.0,40.0,0.5,10.0,68.0,0.9255970319112142
1462,2.0,25.0,40.0,0.5,100.0,63.0,0.869163990020752
1463,2.0,25.0,40.0,0.5,1000.0,68.0,0.9846917788187662
1464,2.0,25.0,40.0,0.5,10000.0,55.0,0.7742809851964315
1465,2.0,25.0,40.0,0.7,0.0,74.0,0.8764168620109558
1466,2.0,25.0,40.0,0.7,10.0,47.0,0.8365883231163025
1467,2.0,25.0,40.0,0.7,100.0,42.0,0.8100529710451762
1468,2.0,25.0,40.0,0.7,1000.0,54.0,0.8352310260136923
1469,2.0,25.0,40.0,0.7,10000.0,60.0,0.8965945442517599
1470,2.0,25.0,45.0,0.3,0.0,65.0,0.7689288854598999
1471,2.0,25.0,45.0,0.3,10.0,47.0,0.853440006573995
1472,2.0,25.0,45.0,0.3,100.0,61.0,0.7741384307543436
1473,2.0,25.0,45.0,0.3,1000.0,55.0,0.7689235409100851
1474,2.0,25.0,45.0,0.3,10000.0,38.0,0.895626445611318
1475,2.0,25.0,45.0,0.5,0.0,65.0,0.8818456331888834
1476,2.0,25.0,45.0,0.5,10.0,63.0,0.7716096043586731
1477,2.0,25.0,45.0,0.5,100.0,45.0,0.7456425428390503
1478,2.0,25.0,45.0,0.5,1000.0,65.0,0.799667477607727
1479,2.0,25.0,45.0,0.5,10000.0,39.0,0.7951771219571432
1480,2.0,25.0,45.0,0.7,0.0,75.0,0.8768322666486105
1481,2.0,25.0,45.0,0.7,10.0,56.0,0.7718749940395355
1482,2.0,25.0,45.0,0.7,100.0,42.0,0.8216286698977152
1483,2.0,25.0,45.0,0.7,1000.0,77.0,0.7551394502321879
1484,2.0,25.0,45.0,0.7,10000.0,64.0,0.8316782315572103
1485,2.0,25.0,50.0,0.3,0.0,58.0,0.8722492853800455
1486,2.0,25.0,50.0,0.3,10.0,119.0,0.631304661432902
1487,2.0,25.0,50.0,0.3,100.0,55.0,0.746947447458903
1488,2.0,25.0,50.0,0.3,1000.0,47.0,0.8675934274991354
1489,2.0,25.0,50.0,0.3,10000.0,54.0,0.9005434711774191
1490,2.0,25.0,50.0,0.5,0.0,75.0,0.8453463514645895
1491,2.0,25.0,50.0,0.5,10.0,73.0,0.7474833528200785
1492,2.0,25.0,50.0,0.5,100.0,58.0,0.7210124731063843
1493,2.0,25.0,50.0,0.5,1000.0,58.0,0.7756998141606649
1494,2.0,25.0,50.0,0.5,10000.0,55.0,0.806271513303121
1495,2.0,25.0,50.0,0.7,0.0,51.0,0.8601776560147604
1496,2.0,25.0,50.0,0.7,10.0,64.0,0.8172371983528137
1497,2.0,25.0,50.0,0.7,100.0,40.0,0.8541163404782613
1498,2.0,25.0,50.0,0.7,1000.0,52.0,0.8332856893539429
1499,2.0,25.0,50.0,0.7,10000.0,52.0,0.7899539073308309
1500,1.0,30.0,5.0,0.3,0.0,48.0,0.843627134958903
1501,1.0,30.0,5.0,0.3,10.0,63.0,0.8696721196174622
1502,1.0,30.0,5.0,0.3,100.0,68.0,0.9099149306615194
1503,1.0,30.0,5.0,0.3,1000.0,54.0,0.8218252658843994
1504,1.0,30.0,5.0,0.3,10000.0,57.0,0.8091350396474203
1505,1.0,30.0,5.0,0.5,0.0,69.0,0.8269226352373759
1506,1.0,30.0,5.0,0.5,10.0,54.0,0.8541890978813171
1507,1.0,30.0,5.0,0.5,100.0,45.0,0.9295567870140076
1508,1.0,30.0,5.0,0.5,1000.0,67.0,0.838798443476359
1509,1.0,30.0,5.0,0.5,10000.0,101.0,0.867621640364329
1510,1.0,30.0,5.0,0.7,0.0,37.0,1.0279878377914429
1511,1.0,30.0,5.0,0.7,10.0,67.0,0.9890756209691366
1512,1.0,30.0,5.0,0.7,100.0,69.0,0.982871393362681
1513,1.0,30.0,5.0,0.7,1000.0,39.0,0.9901535511016846
1514,1.0,30.0,5.0,0.7,10000.0,49.0,0.9400898019472758
1515,1.0,30.0,10.0,0.3,0.0,57.0,0.7582655648390452
1516,1.0,30.0,10.0,0.3,10.0,58.0,0.8527458508809408
1517,1.0,30.0,10.0,0.3,100.0,94.0,0.8131404717763265
1518,1.0,30.0,10.0,0.3,1000.0,64.0,0.8276064793268839
1519,1.0,30.0,10.0,0.3,10000.0,40.0,0.9104733069737753
1520,1.0,30.0,10.0,0.5,0.0,56.0,0.8098330895105997
1521,1.0,30.0,10.0,0.5,10.0,57.0,0.870296061038971
1522,1.0,30.0,10.0,0.5,100.0,108.0,0.9152746796607971
1523,1.0,30.0,10.0,0.5,1000.0,91.0,0.8433483441670736
1524,1.0,30.0,10.0,0.5,10000.0,114.0,0.761449416478475
1525,1.0,30.0,10.0,0.7,0.0,60.0,0.8976147373517355
1526,1.0,30.0,10.0,0.7,10.0,37.0,0.9406948685646057
1527,1.0,30.0,10.0,0.7,100.0,86.0,0.9093503952026367
1528,1.0,30.0,10.0,0.7,1000.0,95.0,0.9323696494102478
1529,1.0,30.0,10.0,0.7,10000.0,52.0,0.9251776138941447
1530,1.0,30.0,15.0,0.3,0.0,42.0,0.8327956994374593
1531,1.0,30.0,15.0,0.3,10.0,47.0,0.8210148811340332
1532,1.0,30.0,15.0,0.3,100.0,43.0,0.8598495721817017
1533,1.0,30.0,15.0,0.3,1000.0,53.0,0.8333755731582642
1534,1.0,30.0,15.0,0.3,10000.0,55.0,0.8254171013832092
1535,1.0,30.0,15.0,0.5,0.0,51.0,0.7738096515337626
1536,1.0,30.0,15.0,0.5,10.0,33.0,0.9655646880467733
1537,1.0,30.0,15.0,0.5,100.0,70.0,0.8438012798627218
1538,1.0,30.0,15.0,0.5,1000.0,49.0,0.8048466444015503
1539,1.0,30.0,15.0,0.5,10000.0,59.0,0.8422062595685323
1540,1.0,30.0,15.0,0.7,0.0,51.0,0.8490452965100607
1541,1.0,30.0,15.0,0.7,10.0,39.0,0.9292199810345968
1542,1.0,30.0,15.0,0.7,100.0,63.0,0.8703146378199259
1543,1.0,30.0,15.0,0.7,1000.0,64.0,0.8864444494247437
1544,1.0,30.0,15.0,0.7,10000.0,100.0,0.8867705861727396
1545,1.0,30.0,20.0,0.3,0.0,40.0,0.936912735303243
1546,1.0,30.0,20.0,0.3,10.0,59.0,0.8133330543835958
1547,1.0,30.0,20.0,0.3,100.0,34.0,0.9135280648867289
1548,1.0,30.0,20.0,0.3,1000.0,44.0,0.8373751044273376
1549,1.0,30.0,20.0,0.3,10000.0,45.0,0.8492575387159983
1550,1.0,30.0,20.0,0.5,0.0,60.0,0.8215975364049276
1551,1.0,30.0,20.0,0.5,10.0,55.0,0.8921225865681967
1552,1.0,30.0,20.0,0.5,100.0,59.0,0.8172523379325867
1553,1.0,30.0,20.0,0.5,1000.0,56.0,0.8343454003334045
1554,1.0,30.0,20.0,0.5,10000.0,47.0,0.9221043586730957
1555,1.0,30.0,20.0,0.7,0.0,40.0,0.8618967731793722
1556,1.0,30.0,20.0,0.7,10.0,32.0,0.9505387345949808
1557,1.0,30.0,20.0,0.7,100.0,39.0,0.9290408293406168
1558,1.0,30.0,20.0,0.7,1000.0,77.0,0.8555569648742676
1559,1.0,30.0,20.0,0.7,10000.0,53.0,0.9324541886647543
1560,1.0,30.0,25.0,0.3,0.0,39.0,0.8810433348019918
1561,1.0,30.0,25.0,0.3,10.0,64.0,0.7646810213724772
1562,1.0,30.0,25.0,0.3,100.0,47.0,0.7707898418108622
1563,1.0,30.0,25.0,0.3,1000.0,57.0,0.8483270406723022
1564,1.0,30.0,25.0,0.3,10000.0,31.0,0.9127718806266785
1565,1.0,30.0,25.0,0.5,0.0,37.0,0.863956868648529
1566,1.0,30.0,25.0,0.5,10.0,69.0,0.8395777742067972
1567,1.0,30.0,25.0,0.5,100.0,80.0,0.86412380139033
1568,1.0,30.0,25.0,0.5,1000.0,83.0,0.8113694985707601
1569,1.0,30.0,25.0,0.5,10000.0,54.0,0.8837754130363464
1570,1.0,30.0,25.0,0.7,0.0,43.0,0.8758282462755839
1571,1.0,30.0,25.0,0.7,10.0,76.0,0.8483053843180338
1572,1.0,30.0,25.0,0.7,100.0,69.0,0.7996363639831543
1573,1.0,30.0,25.0,0.7,1000.0,88.0,0.8789634307225546
1574,1.0,30.0,25.0,0.7,10000.0,46.0,0.9564421772956848
1575,1.0,30.0,30.0,0.3,0.0,38.0,0.8974313537279764
1576,1.0,30.0,30.0,0.3,10.0,60.0,0.8725541631380717
1577,1.0,30.0,30.0,0.3,100.0,33.0,0.9390601515769958
1578,1.0,30.0,30.0,0.3,1000.0,32.0,0.890433688958486
1579,1.0,30.0,30.0,0.3,10000.0,45.0,0.8435232440630595
1580,1.0,30.0,30.0,0.5,0.0,48.0,0.9438715577125549
1581,1.0,30.0,30.0,0.5,10.0,60.0,0.8224078416824341
1582,1.0,30.0,30.0,0.5,100.0,52.0,0.946438709894816
1583,1.0,30.0,30.0,0.5,1000.0,74.0,0.8783397277196249
1584,1.0,30.0,30.0,0.5,10000.0,28.0,0.9191642999649048
1585,1.0,30.0,30.0,0.7,0.0,60.0,0.8339520494143168
1586,1.0,30.0,30.0,0.7,10.0,85.0,0.837874968846639
1587,1.0,30.0,30.0,0.7,100.0,67.0,0.8579516212145487
1588,1.0,30.0,30.0,0.7,1000.0,41.0,0.9055274128913879
1589,1.0,30.0,30.0,0.7,10000.0,54.0,0.997518797715505
1590,1.0,30.0,35.0,0.3,0.0,36.0,0.8851228753725687
1591,1.0,30.0,35.0,0.3,10.0,57.0,0.852361778418223
1592,1.0,30.0,35.0,0.3,100.0,47.0,0.8502530256907145
1593,1.0,30.0,35.0,0.3,1000.0,68.0,0.7676545977592468
1594,1.0,30.0,35.0,0.3,10000.0,93.0,0.728819360335668
1595,1.0,30.0,35.0,0.5,0.0,55.0,0.7351799706617991
1596,1.0,30.0,35.0,0.5,10.0,77.0,0.8083118001619974
1597,1.0,30.0,35.0,0.5,100.0,50.0,0.8558357159296671
1598,1.0,30.0,35.0,0.5,1000.0,64.0,0.8809502323468527
1599,1.0,30.0,35.0,0.5,10000.0,82.0,0.756881574789683
1600,1.0,30.0,35.0,0.7,0.0,65.0,0.878399928410848
1601,1.0,30.0,35.0,0.7,10.0,59.0,0.8939255873362223
1602,1.0,30.0,35.0,0.7,100.0,70.0,0.9101422826449076
1603,1.0,30.0,35.0,0.7,1000.0,49.0,0.8401020169258118
1604,1.0,30.0,35.0,0.7,10000.0,49.0,0.9216066797574362
1605,1.0,30.0,40.0,0.3,0.0,62.0,0.8073342442512512
1606,1.0,30.0,40.0,0.3,10.0,62.0,0.8425020774205526
1607,1.0,30.0,40.0,0.3,100.0,67.0,0.762876292069753
1608,1.0,30.0,40.0,0.3,1000.0,60.0,0.8833142717679342
1609,1.0,30.0,40.0,0.3,10000.0,59.0,0.8312705357869467
1610,1.0,30.0,40.0,0.5,0.0,32.0,0.8902670542399088
1611,1.0,30.0,40.0,0.5,10.0,45.0,0.8479426105817159
1612,1.0,30.0,40.0,0.5,100.0,61.0,0.7989143331845602
1613,1.0,30.0,40.0,0.5,1000.0,51.0,0.8378803531328837
1614,1.0,30.0,40.0,0.5,10000.0,36.0,0.8586455583572388
1615,1.0,30.0,40.0,0.7,0.0,45.0,0.9076109727223715
1616,1.0,30.0,40.0,0.7,10.0,91.0,0.8585053483645121
1617,1.0,30.0,40.0,0.7,100.0,73.0,0.9284748435020447
1618,1.0,30.0,40.0,0.7,1000.0,71.0,0.8347453872362772
1619,1.0,30.0,40.0,0.7,10000.0,31.0,0.9152748187383016
1620,1.0,30.0,45.0,0.3,0.0,28.0,0.9122405846913656
1621,1.0,30.0,45.0,0.3,10.0,56.0,0.7127146025498708
1622,1.0,30.0,45.0,0.3,100.0,42.0,0.8453639149665833
1623,1.0,30.0,45.0,0.3,1000.0,40.0,0.860941469669342
1624,1.0,30.0,45.0,0.3,10000.0,33.0,0.9455093940099081
1625,1.0,30.0,45.0,0.5,0.0,28.0,0.9241191148757935
1626,1.0,30.0,45.0,0.5,10.0,43.0,0.8003666202227274
1627,1.0,30.0,45.0,0.5,100.0,64.0,0.91483207543691
1628,1.0,30.0,45.0,0.5,1000.0,36.0,0.8998897870381674
1629,1.0,30.0,45.0,0.5,10000.0,35.0,0.903085470199585
1630,1.0,30.0,45.0,0.7,0.0,30.0,0.8818120161692301
1631,1.0,30.0,45.0,0.7,10.0,46.0,0.8990068435668945
1632,1.0,30.0,45.0,0.7,100.0,53.0,0.8412618140379587
1633,1.0,30.0,45.0,0.7,1000.0,95.0,0.8365550736586252
1634,1.0,30.0,45.0,0.7,10000.0,91.0,0.8578224976857504
1635,1.0,30.0,50.0,0.3,0.0,57.0,0.7983986735343933
1636,1.0,30.0,50.0,0.3,10.0,41.0,0.7545916239420573
1637,1.0,30.0,50.0,0.3,100.0,31.0,0.954202930132548
1638,1.0,30.0,50.0,0.3,1000.0,55.0,0.8772587180137634
1639,1.0,30.0,50.0,0.3,10000.0,89.0,0.7882031798362732
1640,1.0,30.0,50.0,0.5,0.0,43.0,0.9012247125307719
1641,1.0,30.0,50.0,0.5,10.0,59.0,0.7694586118062338
1642,1.0,30.0,50.0,0.5,100.0,82.0,0.776594360669454
1643,1.0,30.0,50.0,0.5,1000.0,60.0,0.8420032858848572
1644,1.0,30.0,50.0,0.5,10000.0,49.0,0.9232467611630758
1645,1.0,30.0,50.0,0.7,0.0,57.0,0.845667560895284
1646,1.0,30.0,50.0,0.7,10.0,50.0,0.9227182865142822
1647,1.0,30.0,50.0,0.7,100.0,66.0,0.8469375570615133
1648,1.0,30.0,50.0,0.7,1000.0,58.0,0.82196573416392
1649,1.0,30.0,50.0,0.7,10000.0,49.0,0.8552641669909159
1650,2.0,30.0,5.0,0.3,0.0,64.0,0.8171536525090536
1651,2.0,30.0,5.0,0.3,10.0,38.0,0.9096693595250448
1652,2.0,30.0,5.0,0.3,100.0,53.0,0.861452062924703
1653,2.0,30.0,5.0,0.3,1000.0,40.0,0.7974953651428223
1654,2.0,30.0,5.0,0.3,10000.0,48.0,0.9762343764305115
1655,2.0,30.0,5.0,0.5,0.0,51.0,0.8159727652867635
1656,2.0,30.0,5.0,0.5,10.0,52.0,0.7989323834578196
1657,2.0,30.0,5.0,0.5,100.0,40.0,0.8562425772349039
1658,2.0,30.0,5.0,0.5,1000.0,54.0,0.8041074275970459
1659,2.0,30.0,5.0,0.5,10000.0,114.0,0.8557389974594116
1660,2.0,30.0,5.0,0.7,0.0,59.0,0.8597201307614645
1661,2.0,30.0,5.0,0.7,10.0,44.0,0.9005077083905538
1662,2.0,30.0,5.0,0.7,100.0,57.0,0.8931226134300232
1663,2.0,30.0,5.0,0.7,1000.0,48.0,0.9539967179298401
1664,2.0,30.0,5.0,0.7,10000.0,114.0,0.9577035109202067
1665,2.0,30.0,10.0,0.3,0.0,92.0,0.7212525606155396
1666,2.0,30.0,10.0,0.3,10.0,55.0,0.7577374776204427
1667,2.0,30.0,10.0,0.3,100.0,78.0,0.7451450228691101
1668,2.0,30.0,10.0,0.3,1000.0,49.0,0.9136672616004944
1669,2.0,30.0,10.0,0.3,10000.0,30.0,0.9363852739334106
1670,2.0,30.0,10.0,0.5,0.0,61.0,0.9390124082565308
1671,2.0,30.0,10.0,0.5,10.0,41.0,0.8853593269983927
1672,2.0,30.0,10.0,0.5,100.0,88.0,0.776802659034729
1673,2.0,30.0,10.0,0.5,1000.0,43.0,0.9623865683873495
1674,2.0,30.0,10.0,0.5,10000.0,47.0,0.8337389429410299
1675,2.0,30.0,10.0,0.7,0.0,101.0,0.887251635392507
1676,2.0,30.0,10.0,0.7,10.0,35.0,0.9115719199180603
1677,2.0,30.0,10.0,0.7,100.0,57.0,0.8659595251083374
1678,2.0,30.0,10.0,0.7,1000.0,42.0,0.886847178141276
1679,2.0,30.0,10.0,0.7,10000.0,64.0,0.9118490616480509
1680,2.0,30.0,15.0,0.3,0.0,53.0,0.884611447652181
1681,2.0,30.0,15.0,0.3,10.0,60.0,0.9135372241338094
1682,2.0,30.0,15.0,0.3,100.0,47.0,0.8084680239359537
1683,2.0,30.0,15.0,0.3,1000.0,47.0,0.7572135130564371
1684,2.0,30.0,15.0,0.3,10000.0,77.0,0.856912632783254
1685,2.0,30.0,15.0,0.5,0.0,115.0,0.6787111063798269
1686,2.0,30.0,15.0,0.5,10.0,66.0,0.8887816667556763
1687,2.0,30.0,15.0,0.5,100.0,39.0,0.8595588604609171
1688,2.0,30.0,15.0,0.5,1000.0,52.0,0.8427189389864603
1689,2.0,30.0,15.0,0.5,10000.0,66.0,0.8392374912897745
1690,2.0,30.0,15.0,0.7,0.0,77.0,0.7183410028616587
1691,2.0,30.0,15.0,0.7,10.0,59.0,0.7970090707143148
1692,2.0,30.0,15.0,0.7,100.0,66.0,0.7822626531124115
1693,2.0,30.0,15.0,0.7,1000.0,47.0,0.9005610545476278
1694,2.0,30.0,15.0,0.7,10000.0,52.0,0.8696145613988241
1695,2.0,30.0,20.0,0.3,0.0,95.0,0.7175676822662354
1696,2.0,30.0,20.0,0.3,10.0,39.0,0.7403267025947571
1697,2.0,30.0,20.0,0.3,100.0,41.0,0.8640085061391195
1698,2.0,30.0,20.0,0.3,1000.0,47.0,0.7583146890004476
1699,2.0,30.0,20.0,0.3,10000.0,43.0,0.912357747554779
1700,2.0,30.0,20.0,0.5,0.0,83.0,0.7791009346644083
1701,2.0,30.0,20.0,0.5,10.0,39.0,0.7799939513206482
1702,2.0,30.0,20.0,0.5,100.0,56.0,0.7601131200790405
1703,2.0,30.0,20.0,0.5,1000.0,51.0,0.7575293779373169
1704,2.0,30.0,20.0,0.5,10000.0,41.0,0.8324475288391113
1705,2.0,30.0,20.0,0.7,0.0,71.0,0.873512864112854
1706,2.0,30.0,20.0,0.7,10.0,44.0,0.8251416087150574
1707,2.0,30.0,20.0,0.7,100.0,36.0,0.9289872646331787
1708,2.0,30.0,20.0,0.7,1000.0,53.0,0.792384684085846
1709,2.0,30.0,20.0,0.7,10000.0,39.0,0.8608782887458801
1710,2.0,30.0,25.0,0.3,0.0,116.0,0.6996809740861257
1711,2.0,30.0,25.0,0.3,10.0,48.0,0.8757253686587015
1712,2.0,30.0,25.0,0.3,100.0,47.0,0.7444201707839966
1713,2.0,30.0,25.0,0.3,1000.0,48.0,0.7369954586029053
1714,2.0,30.0,25.0,0.3,10000.0,89.0,0.7348127961158752
1715,2.0,30.0,25.0,0.5,0.0,70.0,0.772395928700765
1716,2.0,30.0,25.0,0.5,10.0,51.0,0.7637704809506735
1717,2.0,30.0,25.0,0.5,100.0,50.0,0.7463851769765218
1718,2.0,30.0,25.0,0.5,1000.0,47.0,0.8779693245887756
1719,2.0,30.0,25.0,0.5,10000.0,163.0,0.7430176238218943
1720,2.0,30.0,25.0,0.7,0.0,60.0,0.7518682678540548
1721,2.0,30.0,25.0,0.7,10.0,39.0,0.897267738978068
1722,2.0,30.0,25.0,0.7,100.0,70.0,0.8183780312538147
1723,2.0,30.0,25.0,0.7,1000.0,59.0,0.945334812005361
1724,2.0,30.0,25.0,0.7,10000.0,30.0,0.9575511813163757
1725,2.0,30.0,30.0,0.3,0.0,78.0,0.793470561504364
1726,2.0,30.0,30.0,0.3,10.0,48.0,0.8543609976768494
1727,2.0,30.0,30.0,0.3,100.0,96.0,0.833033561706543
1728,2.0,30.0,30.0,0.3,1000.0,32.0,0.8877977331479391
1729,2.0,30.0,30.0,0.3,10000.0,38.0,0.8707722425460815
1730,2.0,30.0,30.0,0.5,0.0,73.0,0.8158585429191589
1731,2.0,30.0,30.0,0.5,10.0,37.0,0.8466852307319641
1732,2.0,30.0,30.0,0.5,100.0,61.0,0.8640778064727783
1733,2.0,30.0,30.0,0.5,1000.0,43.0,0.8648834029833475
1734,2.0,30.0,30.0,0.5,10000.0,41.0,0.9080167810122172
1735,2.0,30.0,30.0,0.7,0.0,105.0,0.7703492343425751
1736,2.0,30.0,30.0,0.7,10.0,52.0,0.8285636305809021
1737,2.0,30.0,30.0,0.7,100.0,69.0,0.791786273320516
1738,2.0,30.0,30.0,0.7,1000.0,57.0,0.8879632949829102
1739,2.0,30.0,30.0,0.7,10000.0,54.0,0.9526501893997192
1740,2.0,30.0,35.0,0.3,0.0,104.0,0.6856167912483215
1741,2.0,30.0,35.0,0.3,10.0,64.0,0.712594469388326
1742,2.0,30.0,35.0,0.3,100.0,34.0,0.9700175921122233
1743,2.0,30.0,35.0,0.3,1000.0,42.0,0.7978523373603821
1744,2.0,30.0,35.0,0.3,10000.0,53.0,0.7735979755719503
1745,2.0,30.0,35.0,0.5,0.0,65.0,0.8013454775015513
1746,2.0,30.0,35.0,0.5,10.0,49.0,0.7947465380032858
1747,2.0,30.0,35.0,0.5,100.0,30.0,0.9544294277826945
1748,2.0,30.0,35.0,0.5,1000.0,52.0,0.7473372022310892
1749,2.0,30.0,35.0,0.5,10000.0,54.0,0.7794792254765829
1750,2.0,30.0,35.0,0.7,0.0,62.0,0.831891655921936
1751,2.0,30.0,35.0,0.7,10.0,52.0,0.7995039721330007
1752,2.0,30.0,35.0,0.7,100.0,35.0,0.9124798973401388
1753,2.0,30.0,35.0,0.7,1000.0,60.0,0.7714332342147827
1754,2.0,30.0,35.0,0.7,10000.0,45.0,0.8615465561548868
1755,2.0,30.0,40.0,0.3,0.0,52.0,0.8649911085764567
1756,2.0,30.0,40.0,0.3,10.0,51.0,0.748130182425181
1757,2.0,30.0,40.0,0.3,100.0,43.0,0.8413525819778442
1758,2.0,30.0,40.0,0.3,1000.0,44.0,0.8995343645413717
1759,2.0,30.0,40.0,0.3,10000.0,57.0,0.8073482116063436
1760,2.0,30.0,40.0,0.5,0.0,32.0,0.9114009737968445
1761,2.0,30.0,40.0,0.5,10.0,37.0,0.8554943799972534
1762,2.0,30.0,40.0,0.5,100.0,69.0,0.6816956003506979
1763,2.0,30.0,40.0,0.5,1000.0,47.0,0.8231823841730753
1764,2.0,30.0,40.0,0.5,10000.0,47.0,0.8731633027394613
1765,2.0,30.0,40.0,0.7,0.0,71.0,0.8323308030764262
1766,2.0,30.0,40.0,0.7,10.0,51.0,0.7698901096979777
1767,2.0,30.0,40.0,0.7,100.0,57.0,0.7458350857098898
1768,2.0,30.0,40.0,0.7,1000.0,50.0,0.9051874279975891
1769,2.0,30.0,40.0,0.7,10000.0,52.0,0.8208973010381063
1770,2.0,30.0,45.0,0.3,0.0,83.0,0.8060874144236246
1771,2.0,30.0,45.0,0.3,10.0,44.0,0.803043524424235
1772,2.0,30.0,45.0,0.3,100.0,63.0,0.78761754433314
1773,2.0,30.0,45.0,0.3,1000.0,54.0,0.8299787044525146
1774,2.0,30.0,45.0,0.3,10000.0,61.0,0.8285266359647115
1775,2.0,30.0,45.0,0.5,0.0,84.0,0.8132514754931132
1776,2.0,30.0,45.0,0.5,10.0,36.0,0.8450922966003418
1777,2.0,30.0,45.0,0.5,100.0,95.0,0.7075136303901672
1778,2.0,30.0,45.0,0.5,1000.0,56.0,0.7850659290949503
1779,2.0,30.0,45.0,0.5,10000.0,63.0,0.7613051235675812
1780,2.0,30.0,45.0,0.7,0.0,65.0,0.8241064151128134
1781,2.0,30.0,45.0,0.7,10.0,38.0,0.9317118525505066
1782,2.0,30.0,45.0,0.7,100.0,47.0,0.7752033670743307
1783,2.0,30.0,45.0,0.7,1000.0,50.0,0.8709736466407776
1784,2.0,30.0,45.0,0.7,10000.0,54.0,0.8912225365638733
1785,2.0,30.0,50.0,0.3,0.0,75.0,0.8176149129867554
1786,2.0,30.0,50.0,0.3,10.0,35.0,0.7851383090019226
1787,2.0,30.0,50.0,0.3,100.0,47.0,0.8240994215011597
1788,2.0,30.0,50.0,0.3,1000.0,41.0,0.8933003544807434
1789,2.0,30.0,50.0,0.3,10000.0,64.0,0.9024288256963094
1790,2.0,30.0,50.0,0.5,0.0,107.0,0.7656075954437256
1791,2.0,30.0,50.0,0.5,10.0,37.0,0.8657547036806742
1792,2.0,30.0,50.0,0.5,100.0,53.0,0.8572380145390829
1793,2.0,30.0,50.0,0.5,1000.0,41.0,0.8843988180160522
1794,2.0,30.0,50.0,0.5,10000.0,60.0,0.8981350461641947
1795,2.0,30.0,50.0,0.7,0.0,112.0,0.6953440606594086
1796,2.0,30.0,50.0,0.7,10.0,41.0,0.8542030652364095
1797,2.0,30.0,50.0,0.7,100.0,68.0,0.8025295933087667
1798,2.0,30.0,50.0,0.7,1000.0,41.0,0.8426609834035238
1799,2.0,30.0,50.0,0.7,10000.0,50.0,0.8771013220151266
1800,1.0,35.0,5.0,0.3,0.0,43.0,0.9134238759676615
1801,1.0,35.0,5.0,0.3,10.0,52.0,0.9431539376576742
1802,1.0,35.0,5.0,0.3,100.0,27.0,1.0368050932884216
1803,1.0,35.0,5.0,0.3,1000.0,125.0,0.9742174545923868
1804,1.0,35.0,5.0,0.3,10000.0,69.0,0.9452191789944967
1805,1.0,35.0,5.0,0.5,0.0,44.0,0.9275171359380087
1806,1.0,35.0,5.0,0.5,10.0,27.0,0.9844557046890259
1807,1.0,35.0,5.0,0.5,100.0,51.0,0.9849175810813904
1808,1.0,35.0,5.0,0.5,1000.0,90.0,1.0095839103062947
1809,1.0,35.0,5.0,0.5,10000.0,42.0,0.9642524321873983
1810,1.0,35.0,5.0,0.7,0.0,45.0,0.9555239081382751
1811,1.0,35.0,5.0,0.7,10.0,52.0,0.9544390638669332
1812,1.0,35.0,5.0,0.7,100.0,40.0,1.0310418009757996
1813,1.0,35.0,5.0,0.7,1000.0,93.0,1.0640058120091755
1814,1.0,35.0,5.0,0.7,10000.0,62.0,0.9374155004819235
1815,1.0,35.0,10.0,0.3,0.0,48.0,0.7918493549029032
1816,1.0,35.0,10.0,0.3,10.0,42.0,0.7698266307512919
1817,1.0,35.0,10.0,0.3,100.0,48.0,0.8642008900642395
1818,1.0,35.0,10.0,0.3,1000.0,76.0,0.8472428520520529
1819,1.0,35.0,10.0,0.3,10000.0,36.0,0.8918380935986837
1820,1.0,35.0,10.0,0.5,0.0,59.0,0.8209400177001953
1821,1.0,35.0,10.0,0.5,10.0,48.0,0.8504530191421509
1822,1.0,35.0,10.0,0.5,100.0,55.0,0.796920379002889
1823,1.0,35.0,10.0,0.5,1000.0,50.0,0.884156326452891
1824,1.0,35.0,10.0,0.5,10000.0,45.0,0.869193454583486
1825,1.0,35.0,10.0,0.7,0.0,70.0,0.865890105565389
1826,1.0,35.0,10.0,0.7,10.0,80.0,0.8751208782196045
1827,1.0,35.0,10.0,0.7,100.0,61.0,0.944581151008606
1828,1.0,35.0,10.0,0.7,1000.0,37.0,0.9794034560521444
1829,1.0,35.0,10.0,0.7,10000.0,60.0,0.9344300230344137
1830,1.0,35.0,15.0,0.3,0.0,35.0,0.9035218556722006
1831,1.0,35.0,15.0,0.3,10.0,62.0,0.9060176809628805
1832,1.0,35.0,15.0,0.3,100.0,77.0,0.8170100251833597
1833,1.0,35.0,15.0,0.3,1000.0,66.0,0.85737411181132
1834,1.0,35.0,15.0,0.3,10000.0,84.0,0.7406566341718038
1835,1.0,35.0,15.0,0.5,0.0,54.0,0.8715256253878275
1836,1.0,35.0,15.0,0.5,10.0,48.0,0.7985734939575195
1837,1.0,35.0,15.0,0.5,100.0,52.0,0.789222002029419
1838,1.0,35.0,15.0,0.5,1000.0,56.0,0.9037554661432902
1839,1.0,35.0,15.0,0.5,10000.0,60.0,0.8583828608194987
1840,1.0,35.0,15.0,0.7,0.0,73.0,0.8784209390481313
1841,1.0,35.0,15.0,0.7,10.0,56.0,0.8829433917999268
1842,1.0,35.0,15.0,0.7,100.0,47.0,0.9066062966982523
1843,1.0,35.0,15.0,0.7,1000.0,60.0,0.8188228209813436
1844,1.0,35.0,15.0,0.7,10000.0,76.0,0.8640787800153097
1845,1.0,35.0,20.0,0.3,0.0,64.0,0.7391085823376974
1846,1.0,35.0,20.0,0.3,10.0,57.0,0.8614622354507446
1847,1.0,35.0,20.0,0.3,100.0,46.0,0.9127431710561117
1848,1.0,35.0,20.0,0.3,1000.0,51.0,0.9127986828486124
1849,1.0,35.0,20.0,0.3,10000.0,67.0,0.7471406062444051
1850,1.0,35.0,20.0,0.5,0.0,73.0,0.8307097554206848
1851,1.0,35.0,20.0,0.5,10.0,51.0,0.8420617977778116
1852,1.0,35.0,20.0,0.5,100.0,49.0,0.8707259098688761
1853,1.0,35.0,20.0,0.5,1000.0,39.0,0.9553827047348022
1854,1.0,35.0,20.0,0.5,10000.0,66.0,0.8602680166562399
1855,1.0,35.0,20.0,0.7,0.0,73.0,0.8615683317184448
1856,1.0,35.0,20.0,0.7,10.0,54.0,0.8617685635884603
1857,1.0,35.0,20.0,0.7,100.0,44.0,0.8775207201639811
1858,1.0,35.0,20.0,0.7,1000.0,30.0,0.9350513021151224
1859,1.0,35.0,20.0,0.7,10000.0,28.0,0.9110270738601685
1860,1.0,35.0,25.0,0.3,0.0,51.0,0.8423778414726257
1861,1.0,35.0,25.0,0.3,10.0,46.0,0.8213995496431986
1862,1.0,35.0,25.0,0.3,100.0,67.0,0.7391899327437083
1863,1.0,35.0,25.0,0.3,1000.0,67.0,0.8020626107851664
1864,1.0,35.0,25.0,0.3,10000.0,64.0,0.7875381509462992
1865,1.0,35.0,25.0,0.5,0.0,50.0,0.8941817680994669
1866,1.0,35.0,25.0,0.5,10.0,48.0,0.8014278213183085
1867,1.0,35.0,25.0,0.5,100.0,55.0,0.7744083603223165
1868,1.0,35.0,25.0,0.5,1000.0,69.0,0.808608611424764
1869,1.0,35.0,25.0,0.5,10000.0,36.0,0.8234906991322836
1870,1.0,35.0,25.0,0.7,0.0,58.0,0.928366502126058
1871,1.0,35.0,25.0,0.7,10.0,44.0,0.9026881059010824
1872,1.0,35.0,25.0,0.7,100.0,71.0,0.8025185267130533
1873,1.0,35.0,25.0,0.7,1000.0,60.0,0.853635847568512
1874,1.0,35.0,25.0,0.7,10000.0,53.0,0.8676683704058329
1875,1.0,35.0,30.0,0.3,0.0,50.0,0.8830040097236633
1876,1.0,35.0,30.0,0.3,10.0,33.0,0.8117082516352335
1877,1.0,35.0,30.0,0.3,100.0,49.0,0.913834830125173
1878,1.0,35.0,30.0,0.3,1000.0,44.0,0.8773229519526163
1879,1.0,35.0,30.0,0.3,10000.0,41.0,0.9030601183573405
1880,1.0,35.0,30.0,0.5,0.0,43.0,0.8576887647310892
1881,1.0,35.0,30.0,0.5,10.0,47.0,0.87648077805837
1882,1.0,35.0,30.0,0.5,100.0,30.0,0.9763963023821512
1883,1.0,35.0,30.0,0.5,1000.0,49.0,0.8553765217463175
1884,1.0,35.0,30.0,0.5,10000.0,41.0,0.7745110789934794
1885,1.0,35.0,30.0,0.7,0.0,33.0,0.930868407090505
1886,1.0,35.0,30.0,0.7,10.0,52.0,0.7865021626154581
1887,1.0,35.0,30.0,0.7,100.0,57.0,0.8893274068832397
1888,1.0,35.0,30.0,0.7,1000.0,76.0,0.850342591603597
1889,1.0,35.0,30.0,0.7,10000.0,53.0,0.853780468304952
1890,1.0,35.0,35.0,0.3,0.0,59.0,0.8383383750915527
1891,1.0,35.0,35.0,0.3,10.0,54.0,0.730645885070165
1892,1.0,35.0,35.0,0.3,100.0,35.0,0.8613697091738383
1893,1.0,35.0,35.0,0.3,1000.0,91.0,0.7094139456748962
1894,1.0,35.0,35.0,0.3,10000.0,60.0,0.8196609616279602
1895,1.0,35.0,35.0,0.5,0.0,58.0,0.8549293677012125
1896,1.0,35.0,35.0,0.5,10.0,41.0,0.770818293094635
1897,1.0,35.0,35.0,0.5,100.0,53.0,0.8989636301994324
1898,1.0,35.0,35.0,0.5,1000.0,63.0,0.7703831791877747
1899,1.0,35.0,35.0,0.5,10000.0,47.0,0.787246584892273
1900,1.0,35.0,35.0,0.7,0.0,72.0,0.8469824393590292
1901,1.0,35.0,35.0,0.7,10.0,51.0,0.8921060959498087
1902,1.0,35.0,35.0,0.7,100.0,58.0,0.8733504017194113
1903,1.0,35.0,35.0,0.7,1000.0,60.0,0.8720733722050985
1904,1.0,35.0,35.0,0.7,10000.0,56.0,0.7913825511932373
1905,1.0,35.0,40.0,0.3,0.0,46.0,0.8626247545083364
1906,1.0,35.0,40.0,0.3,10.0,36.0,0.8916177749633789
1907,1.0,35.0,40.0,0.3,100.0,63.0,0.7736066182454427
1908,1.0,35.0,40.0,0.3,1000.0,56.0,0.7977352142333984
1909,1.0,35.0,40.0,0.3,10000.0,37.0,0.891022801399231
1910,1.0,35.0,40.0,0.5,0.0,43.0,0.9489165544509888
1911,1.0,35.0,40.0,0.5,10.0,42.0,0.9303632775942484
1912,1.0,35.0,40.0,0.5,100.0,58.0,0.8218189477920532
1913,1.0,35.0,40.0,0.5,1000.0,51.0,0.9327134490013123
1914,1.0,35.0,40.0,0.5,10000.0,38.0,0.8629864851633707
1915,1.0,35.0,40.0,0.7,0.0,39.0,0.8912701408068339
1916,1.0,35.0,40.0,0.7,10.0,34.0,0.9175018270810446
1917,1.0,35.0,40.0,0.7,100.0,51.0,0.8813370068868002
1918,1.0,35.0,40.0,0.7,1000.0,65.0,0.873682459195455
1919,1.0,35.0,40.0,0.7,10000.0,46.0,0.8694728215535482
1920,1.0,35.0,45.0,0.3,0.0,66.0,0.9198485612869263
1921,1.0,35.0,45.0,0.3,10.0,47.0,0.8547741572062174
1922,1.0,35.0,45.0,0.3,100.0,32.0,0.9070742527643839
1923,1.0,35.0,45.0,0.3,1000.0,47.0,0.9284395774205526
1924,1.0,35.0,45.0,0.3,10000.0,53.0,0.8431442777315775
1925,1.0,35.0,45.0,0.5,0.0,44.0,0.9035300215085348
1926,1.0,35.0,45.0,0.5,10.0,27.0,0.8779987295468649
1927,1.0,35.0,45.0,0.5,100.0,39.0,0.8631077408790588
1928,1.0,35.0,45.0,0.5,1000.0,51.0,0.8257427016894022
1929,1.0,35.0,45.0,0.5,10000.0,48.0,0.9619608322779337
1930,1.0,35.0,45.0,0.7,0.0,43.0,0.8976607720057169
1931,1.0,35.0,45.0,0.7,10.0,94.0,0.7804402510325114
1932,1.0,35.0,45.0,0.7,100.0,46.0,0.8630814154942831
1933,1.0,35.0,45.0,0.7,1000.0,111.0,0.945686956246694
1934,1.0,35.0,45.0,0.7,10000.0,36.0,0.8467943072319031
1935,1.0,35.0,50.0,0.3,0.0,60.0,0.8574479023615519
1936,1.0,35.0,50.0,0.3,10.0,34.0,0.9828298886617025
1937,1.0,35.0,50.0,0.3,100.0,66.0,0.7476303577423096
1938,1.0,35.0,50.0,0.3,1000.0,43.0,0.8196959098180135
1939,1.0,35.0,50.0,0.3,10000.0,45.0,0.9201867580413818
1940,1.0,35.0,50.0,0.5,0.0,68.0,0.756360779205958
1941,1.0,35.0,50.0,0.5,10.0,43.0,0.8915283679962158
1942,1.0,35.0,50.0,0.5,100.0,53.0,0.8782040476799011
1943,1.0,35.0,50.0,0.5,1000.0,51.0,0.891251782576243
1944,1.0,35.0,50.0,0.5,10000.0,28.0,0.8797231117884318
1945,1.0,35.0,50.0,0.7,0.0,65.0,0.8990119695663452
1946,1.0,35.0,50.0,0.7,10.0,42.0,0.8816489179929098
1947,1.0,35.0,50.0,0.7,100.0,67.0,0.8796638945738474
1948,1.0,35.0,50.0,0.7,1000.0,33.0,0.900775154431661
1949,1.0,35.0,50.0,0.7,10000.0,30.0,0.8738887111345927
1950,2.0,35.0,5.0,0.3,0.0,41.0,0.8910803000132242
1951,2.0,35.0,5.0,0.3,10.0,56.0,0.8687362670898438
1952,2.0,35.0,5.0,0.3,100.0,43.0,0.9117331306139628
1953,2.0,35.0,5.0,0.3,1000.0,40.0,1.0052820444107056
1954,2.0,35.0,5.0,0.3,10000.0,54.0,0.8456660310427347
1955,2.0,35.0,5.0,0.5,0.0,41.0,0.8707167108853658
1956,2.0,35.0,5.0,0.5,10.0,65.0,0.8991298079490662
1957,2.0,35.0,5.0,0.5,100.0,82.0,0.7491294244925181
1958,2.0,35.0,5.0,0.5,1000.0,50.0,0.9625776012738546
1959,2.0,35.0,5.0,0.5,10000.0,44.0,0.8946466445922852
1960,2.0,35.0,5.0,0.7,0.0,63.0,0.8889685869216919
1961,2.0,35.0,5.0,0.7,10.0,49.0,0.8897492090861002
1962,2.0,35.0,5.0,0.7,100.0,50.0,0.9307896296183268
1963,2.0,35.0,5.0,0.7,1000.0,68.0,0.879553476969401
1964,2.0,35.0,5.0,0.7,10000.0,46.0,0.9519449273745219
1965,2.0,35.0,10.0,0.3,0.0,46.0,0.8605477015177408
1966,2.0,35.0,10.0,0.3,10.0,40.0,0.8580858508745829
1967,2.0,35.0,10.0,0.3,100.0,72.0,0.7723846435546875
1968,2.0,35.0,10.0,0.3,1000.0,51.0,0.7909937500953674
1969,2.0,35.0,10.0,0.3,10000.0,48.0,0.8735264738400778
1970,2.0,35.0,10.0,0.5,0.0,70.0,0.8416158556938171
1971,2.0,35.0,10.0,0.5,10.0,35.0,0.7886068224906921
1972,2.0,35.0,10.0,0.5,100.0,33.0,0.8921352823575338
1973,2.0,35.0,10.0,0.5,1000.0,100.0,0.8746305704116821
1974,2.0,35.0,10.0,0.5,10000.0,45.0,0.932093600432078
1975,2.0,35.0,10.0,0.7,0.0,119.0,0.739626387755076
1976,2.0,35.0,10.0,0.7,10.0,49.0,0.8659212986628214
1977,2.0,35.0,10.0,0.7,100.0,53.0,0.8582768440246582
1978,2.0,35.0,10.0,0.7,1000.0,43.0,0.9618136286735535
1979,2.0,35.0,10.0,0.7,10000.0,33.0,0.9229658842086792
1980,2.0,35.0,15.0,0.3,0.0,50.0,0.7491284211476644
1981,2.0,35.0,15.0,0.3,10.0,63.0,0.7683492501576742
1982,2.0,35.0,15.0,0.3,100.0,35.0,0.9068220059076945
1983,2.0,35.0,15.0,0.3,1000.0,25.0,0.9444287419319153
1984,2.0,35.0,15.0,0.3,10000.0,58.0,0.9313291311264038
1985,2.0,35.0,15.0,0.5,0.0,45.0,0.8123929103215536
1986,2.0,35.0,15.0,0.5,10.0,35.0,0.9216743111610413
1987,2.0,35.0,15.0,0.5,100.0,29.0,1.0303183992703755
1988,2.0,35.0,15.0,0.5,1000.0,51.0,0.7720980048179626
1989,2.0,35.0,15.0,0.5,10000.0,39.0,0.9047201871871948
1990,2.0,35.0,15.0,0.7,0.0,48.0,0.7949538628260294
1991,2.0,35.0,15.0,0.7,10.0,44.0,0.8737626075744629
1992,2.0,35.0,15.0,0.7,100.0,69.0,0.8401958048343658
1993,2.0,35.0,15.0,0.7,1000.0,38.0,0.8734909296035767
1994,2.0,35.0,15.0,0.7,10000.0,39.0,1.0618707140286763
1995,2.0,35.0,20.0,0.3,0.0,59.0,0.7272487084070841
1996,2.0,35.0,20.0,0.3,10.0,43.0,0.8101561069488525
1997,2.0,35.0,20.0,0.3,100.0,59.0,0.8955239653587341
1998,2.0,35.0,20.0,0.3,1000.0,68.0,0.7613352735837301
1999,2.0,35.0,20.0,0.3,10000.0,36.0,0.8957366148630778
2000,2.0,35.0,20.0,0.5,0.0,54.0,0.7462073266506195
2001,2.0,35.0,20.0,0.5,10.0,48.0,0.8135412335395813
2002,2.0,35.0,20.0,0.5,100.0,68.0,0.8129643599192301
2003,2.0,35.0,20.0,0.5,1000.0,68.0,0.8023393750190735
2004,2.0,35.0,20.0,0.5,10000.0,68.0,0.7577141324679056
2005,2.0,35.0,20.0,0.7,0.0,68.0,0.8265552222728729
2006,2.0,35.0,20.0,0.7,10.0,46.0,0.8193154136339823
2007,2.0,35.0,20.0,0.7,100.0,49.0,0.8408917188644409
2008,2.0,35.0,20.0,0.7,1000.0,76.0,0.8453497886657715
2009,2.0,35.0,20.0,0.7,10000.0,44.0,0.8405004541079203
2010,2.0,35.0,25.0,0.3,0.0,41.0,0.9181350668271383
2011,2.0,35.0,25.0,0.3,10.0,28.0,0.8159919778505961
2012,2.0,35.0,25.0,0.3,100.0,56.0,0.933292826016744
2013,2.0,35.0,25.0,0.3,1000.0,57.0,0.8488474686940511
2014,2.0,35.0,25.0,0.3,10000.0,54.0,0.8107586105664571
2015,2.0,35.0,25.0,0.5,0.0,38.0,0.8704122106234232
2016,2.0,35.0,25.0,0.5,10.0,35.0,0.8797700802485148
2017,2.0,35.0,25.0,0.5,100.0,52.0,0.901133120059967
2018,2.0,35.0,25.0,0.5,1000.0,41.0,0.8787240982055664
2019,2.0,35.0,25.0,0.5,10000.0,40.0,0.9005265831947327
2020,2.0,35.0,25.0,0.7,0.0,50.0,0.8878997266292572
2021,2.0,35.0,25.0,0.7,10.0,34.0,0.900379478931427
2022,2.0,35.0,25.0,0.7,100.0,84.0,0.7565991183122
2023,2.0,35.0,25.0,0.7,1000.0,52.0,0.8956379493077596
2024,2.0,35.0,25.0,0.7,10000.0,56.0,0.7957837680975596
2025,2.0,35.0,30.0,0.3,0.0,37.0,0.9177128871281942
2026,2.0,35.0,30.0,0.3,10.0,72.0,0.7454832792282104
2027,2.0,35.0,30.0,0.3,100.0,61.0,0.8455350597699484
2028,2.0,35.0,30.0,0.3,1000.0,47.0,0.8045271436373392
2029,2.0,35.0,30.0,0.3,10000.0,40.0,0.8882400989532471
2030,2.0,35.0,30.0,0.5,0.0,51.0,0.9270898898442587
2031,2.0,35.0,30.0,0.5,10.0,51.0,0.9439260164896647
2032,2.0,35.0,30.0,0.5,100.0,44.0,0.7937254707018534
2033,2.0,35.0,30.0,0.5,1000.0,36.0,0.8459585905075073
2034,2.0,35.0,30.0,0.5,10000.0,50.0,0.794496476650238
2035,2.0,35.0,30.0,0.7,0.0,58.0,0.8957207798957825
2036,2.0,35.0,30.0,0.7,10.0,57.0,0.8834826747576395
2037,2.0,35.0,30.0,0.7,100.0,44.0,0.875435491402944
2038,2.0,35.0,30.0,0.7,1000.0,74.0,0.8068040808041891
2039,2.0,35.0,30.0,0.7,10000.0,63.0,0.8387379248936971
2040,2.0,35.0,35.0,0.3,0.0,29.0,0.8988625009854635
2041,2.0,35.0,35.0,0.3,10.0,42.0,0.8294195334116617
2042,2.0,35.0,35.0,0.3,100.0,37.0,0.9288713534673055
2043,2.0,35.0,35.0,0.3,1000.0,38.0,0.8311650156974792
2044,2.0,35.0,35.0,0.3,10000.0,51.0,0.7864386240641276
2045,2.0,35.0,35.0,0.5,0.0,36.0,0.8835103511810303
2046,2.0,35.0,35.0,0.5,10.0,40.0,0.9226672649383545
2047,2.0,35.0,35.0,0.5,100.0,60.0,0.8017572363217672
2048,2.0,35.0,35.0,0.5,1000.0,40.0,0.84815380970637
2049,2.0,35.0,35.0,0.5,10000.0,69.0,0.8655909697214762
2050,2.0,35.0,35.0,0.7,0.0,56.0,0.8048264582951864
2051,2.0,35.0,35.0,0.7,10.0,43.0,0.8453618486722311
2052,2.0,35.0,35.0,0.7,100.0,89.0,0.827933669090271
2053,2.0,35.0,35.0,0.7,1000.0,43.0,0.8565701047579447
2054,2.0,35.0,35.0,0.7,10000.0,41.0,0.8005568782488505
2055,2.0,35.0,40.0,0.3,0.0,44.0,0.8723257780075073
2056,2.0,35.0,40.0,0.3,10.0,43.0,0.8019093871116638
2057,2.0,35.0,40.0,0.3,100.0,45.0,0.7957115968068441
2058,2.0,35.0,40.0,0.3,1000.0,57.0,0.8606832424799601
2059,2.0,35.0,40.0,0.3,10000.0,45.0,0.8469448884328207
2060,2.0,35.0,40.0,0.5,0.0,56.0,0.7863032619158427
2061,2.0,35.0,40.0,0.5,10.0,39.0,0.8536093433698019
2062,2.0,35.0,40.0,0.5,100.0,47.0,0.8786744872728983
2063,2.0,35.0,40.0,0.5,1000.0,45.0,0.8398398359616598
2064,2.0,35.0,40.0,0.5,10000.0,34.0,0.8243583639462789
2065,2.0,35.0,40.0,0.7,0.0,44.0,0.8960244258244833
2066,2.0,35.0,40.0,0.7,10.0,41.0,0.8011646568775177
2067,2.0,35.0,40.0,0.7,100.0,68.0,0.8994649648666382
2068,2.0,35.0,40.0,0.7,1000.0,68.0,0.8361961642901102
2069,2.0,35.0,40.0,0.7,10000.0,67.0,0.7956619759400686
2070,2.0,35.0,45.0,0.3,0.0,83.0,0.8566227753957113
2071,2.0,35.0,45.0,0.3,10.0,40.0,0.8820089101791382
2072,2.0,35.0,45.0,0.3,100.0,52.0,0.8586714665095011
2073,2.0,35.0,45.0,0.3,1000.0,62.0,0.7180497646331787
2074,2.0,35.0,45.0,0.3,10000.0,40.0,0.8763507604598999
2075,2.0,35.0,45.0,0.5,0.0,50.0,0.8002347747484843
2076,2.0,35.0,45.0,0.5,10.0,34.0,0.8854905764261881
2077,2.0,35.0,45.0,0.5,100.0,40.0,0.7961581349372864
2078,2.0,35.0,45.0,0.5,1000.0,63.0,0.8277320663134257
2079,2.0,35.0,45.0,0.5,10000.0,46.0,0.8948651949564616
2080,2.0,35.0,45.0,0.7,0.0,56.0,0.8201040426890055
2081,2.0,35.0,45.0,0.7,10.0,46.0,0.8515619436899821
2082,2.0,35.0,45.0,0.7,100.0,48.0,0.773757537206014
2083,2.0,35.0,45.0,0.7,1000.0,53.0,0.8355832099914551
2084,2.0,35.0,45.0,0.7,10000.0,40.0,0.8669206301371256
2085,2.0,35.0,50.0,0.3,0.0,43.0,0.8303516308466593
2086,2.0,35.0,50.0,0.3,10.0,46.0,0.8819817105929056
2087,2.0,35.0,50.0,0.3,100.0,51.0,0.805179496606191
2088,2.0,35.0,50.0,0.3,1000.0,67.0,0.8350217739741007
2089,2.0,35.0,50.0,0.3,10000.0,37.0,0.8706482847531637
2090,2.0,35.0,50.0,0.5,0.0,54.0,0.7765787243843079
2091,2.0,35.0,50.0,0.5,10.0,33.0,0.8646244804064432
2092,2.0,35.0,50.0,0.5,100.0,82.0,0.8841928243637085
2093,2.0,35.0,50.0,0.5,1000.0,38.0,0.8782163858413696
2094,2.0,35.0,50.0,0.5,10000.0,46.0,0.8668781518936157
2095,2.0,35.0,50.0,0.7,0.0,54.0,0.8642155528068542
2096,2.0,35.0,50.0,0.7,10.0,29.0,0.8667912483215332
2097,2.0,35.0,50.0,0.7,100.0,79.0,0.7209721406300863
2098,2.0,35.0,50.0,0.7,1000.0,40.0,0.9268577893575033
2099,2.0,35.0,50.0,0.7,10000.0,38.0,0.8905122478802999
2100,1.0,40.0,5.0,0.3,0.0,27.0,0.9374415477116903
2101,1.0,40.0,5.0,0.3,10.0,44.0,0.7743414243062338
2102,1.0,40.0,5.0,0.3,100.0,58.0,0.9104882876078287
2103,1.0,40.0,5.0,0.3,1000.0,33.0,0.8081231514612833
2104,1.0,40.0,5.0,0.3,10000.0,53.0,0.9306212663650513
2105,1.0,40.0,5.0,0.5,0.0,30.0,0.9170106848080953
2106,1.0,40.0,5.0,0.5,10.0,38.0,0.8679667711257935
2107,1.0,40.0,5.0,0.5,100.0,48.0,0.9572322567303976
2108,1.0,40.0,5.0,0.5,1000.0,39.0,0.9588209191958109
2109,1.0,40.0,5.0,0.5,10000.0,55.0,0.9478685657183329
2110,1.0,40.0,5.0,0.7,0.0,36.0,0.9296902815500895
2111,1.0,40.0,5.0,0.7,10.0,52.0,0.92838982741038
2112,1.0,40.0,5.0,0.7,100.0,69.0,0.9754978815714518
2113,1.0,40.0,5.0,0.7,1000.0,37.0,0.9208556413650513
2114,1.0,40.0,5.0,0.7,10000.0,67.0,0.9685460925102234
2115,1.0,40.0,10.0,0.3,0.0,50.0,0.8727988799413046
2116,1.0,40.0,10.0,0.3,10.0,31.0,0.8864278395970663
2117,1.0,40.0,10.0,0.3,100.0,50.0,0.7761922279993693
2118,1.0,40.0,10.0,0.3,1000.0,64.0,0.8018362919489542
2119,1.0,40.0,10.0,0.3,10000.0,54.0,0.8163552085558573
2120,1.0,40.0,10.0,0.5,0.0,45.0,0.9053966403007507
2121,1.0,40.0,10.0,0.5,10.0,58.0,0.9572625756263733
2122,1.0,40.0,10.0,0.5,100.0,56.0,0.9176705678304037
2123,1.0,40.0,10.0,0.5,1000.0,31.0,0.8560811479886373
2124,1.0,40.0,10.0,0.5,10000.0,38.0,0.9022494157155355
2125,1.0,40.0,10.0,0.7,0.0,54.0,0.7937094966570536
2126,1.0,40.0,10.0,0.7,10.0,74.0,0.9552764296531677
2127,1.0,40.0,10.0,0.7,100.0,29.0,0.935568650563558
2128,1.0,40.0,10.0,0.7,1000.0,36.0,0.8980085452397665
2129,1.0,40.0,10.0,0.7,10000.0,61.0,0.9243821501731873
2130,1.0,40.0,15.0,0.3,0.0,34.0,0.8871175646781921
2131,1.0,40.0,15.0,0.3,10.0,56.0,0.8563839197158813
2132,1.0,40.0,15.0,0.3,100.0,62.0,0.7877067724863688
2133,1.0,40.0,15.0,0.3,1000.0,38.0,0.847104529539744
2134,1.0,40.0,15.0,0.3,10000.0,42.0,0.7936113874117533
2135,1.0,40.0,15.0,0.5,0.0,42.0,0.8889402945836385
2136,1.0,40.0,15.0,0.5,10.0,45.0,0.9062692125638326
2137,1.0,40.0,15.0,0.5,100.0,41.0,0.8873922030131022
2138,1.0,40.0,15.0,0.5,1000.0,35.0,0.9279812375704447
2139,1.0,40.0,15.0,0.5,10000.0,50.0,0.828071137269338
2140,1.0,40.0,15.0,0.7,0.0,42.0,0.8941599130630493
2141,1.0,40.0,15.0,0.7,10.0,48.0,0.9514187375704447
2142,1.0,40.0,15.0,0.7,100.0,38.0,0.8948121070861816
2143,1.0,40.0,15.0,0.7,1000.0,34.0,1.037666122118632
2144,1.0,40.0,15.0,0.7,10000.0,62.0,0.8204366167386373
2145,1.0,40.0,20.0,0.3,0.0,49.0,0.794894297917684
2146,1.0,40.0,20.0,0.3,10.0,46.0,0.8981376687685648
2147,1.0,40.0,20.0,0.3,100.0,55.0,0.8728968302408854
2148,1.0,40.0,20.0,0.3,1000.0,37.0,1.0083434581756592
2149,1.0,40.0,20.0,0.3,10000.0,45.0,0.7605183521906534
2150,1.0,40.0,20.0,0.5,0.0,51.0,0.9017240802447001
2151,1.0,40.0,20.0,0.5,10.0,56.0,0.8712660074234009
2152,1.0,40.0,20.0,0.5,100.0,47.0,0.8057910799980164
2153,1.0,40.0,20.0,0.5,1000.0,33.0,0.8119521538416544
2154,1.0,40.0,20.0,0.5,10000.0,61.0,0.7802475094795227
2155,1.0,40.0,20.0,0.7,0.0,62.0,0.8723284204800924
2156,1.0,40.0,20.0,0.7,10.0,75.0,0.8357855478922526
2157,1.0,40.0,20.0,0.7,100.0,40.0,0.840111255645752
2158,1.0,40.0,20.0,0.7,1000.0,33.0,0.8803010185559591
2159,1.0,40.0,20.0,0.7,10000.0,42.0,0.8442373474438986
2160,1.0,40.0,25.0,0.3,0.0,30.0,0.9266244173049927
2161,1.0,40.0,25.0,0.3,10.0,61.0,0.9137719670931498
2162,1.0,40.0,25.0,0.3,100.0,40.0,0.7812899748484293
2163,1.0,40.0,25.0,0.3,1000.0,33.0,0.742968867222468
2164,1.0,40.0,25.0,0.3,10000.0,67.0,0.8352756500244141
2165,1.0,40.0,25.0,0.5,0.0,55.0,0.859407881895701
2166,1.0,40.0,25.0,0.5,10.0,47.0,0.8954209486643473
2167,1.0,40.0,25.0,0.5,100.0,40.0,0.8908094763755798
2168,1.0,40.0,25.0,0.5,1000.0,32.0,0.7965175906817118
2169,1.0,40.0,25.0,0.5,10000.0,75.0,0.8154258926709493
2170,1.0,40.0,25.0,0.7,0.0,38.0,0.8708632985750834
2171,1.0,40.0,25.0,0.7,10.0,51.0,0.8625298142433167
2172,1.0,40.0,25.0,0.7,100.0,47.0,0.8587301969528198
2173,1.0,40.0,25.0,0.7,1000.0,35.0,0.8729332089424133
2174,1.0,40.0,25.0,0.7,10000.0,30.0,0.9063486258188883
2175,1.0,40.0,30.0,0.3,0.0,59.0,0.8162400523821512
2176,1.0,40.0,30.0,0.3,10.0,64.0,0.7564385930697123
2177,1.0,40.0,30.0,0.3,100.0,29.0,0.9323257406552633
2178,1.0,40.0,30.0,0.3,1000.0,40.0,0.8646940986315409
2179,1.0,40.0,30.0,0.3,10000.0,31.0,0.8810293078422546
2180,1.0,40.0,30.0,0.5,0.0,48.0,0.8502834836641947
2181,1.0,40.0,30.0,0.5,10.0,47.0,0.9292731881141663
2182,1.0,40.0,30.0,0.5,100.0,91.0,0.7272915740807852
2183,1.0,40.0,30.0,0.5,1000.0,52.0,0.896128237247467
2184,1.0,40.0,30.0,0.5,10000.0,42.0,0.8286531567573547
2185,1.0,40.0,30.0,0.7,0.0,45.0,0.8699283798535665
2186,1.0,40.0,30.0,0.7,10.0,71.0,0.9113526741663615
2187,1.0,40.0,30.0,0.7,100.0,61.0,0.8605902592341105
2188,1.0,40.0,30.0,0.7,1000.0,44.0,0.8719519178072611
2189,1.0,40.0,30.0,0.7,10000.0,61.0,0.8724852005640665
2190,1.0,40.0,35.0,0.3,0.0,39.0,0.825118899345398
2191,1.0,40.0,35.0,0.3,10.0,57.0,0.8102018237113953
2192,1.0,40.0,35.0,0.3,100.0,40.0,0.805663933356603
2193,1.0,40.0,35.0,0.3,1000.0,45.0,0.8738188743591309
2194,1.0,40.0,35.0,0.3,10000.0,41.0,0.8274145523707072
2195,1.0,40.0,35.0,0.5,0.0,35.0,0.8961995840072632
2196,1.0,40.0,35.0,0.5,10.0,52.0,0.8827438354492188
2197,1.0,40.0,35.0,0.5,100.0,56.0,0.8648345073064169
2198,1.0,40.0,35.0,0.5,1000.0,52.0,0.9722631573677063
2199,1.0,40.0,35.0,0.5,10000.0,41.0,0.8775949080785116
2200,1.0,40.0,35.0,0.7,0.0,48.0,0.8442630370457967
2201,1.0,40.0,35.0,0.7,10.0,47.0,0.9716200629870096
2202,1.0,40.0,35.0,0.7,100.0,52.0,0.8415143092473348
2203,1.0,40.0,35.0,0.7,1000.0,67.0,0.9628299077351888
2204,1.0,40.0,35.0,0.7,10000.0,49.0,0.8537324865659078
2205,1.0,40.0,40.0,0.3,0.0,46.0,0.7909746567408243
2206,1.0,40.0,40.0,0.3,10.0,36.0,0.8513922293980917
2207,1.0,40.0,40.0,0.3,100.0,60.0,0.8142557144165039
2208,1.0,40.0,40.0,0.3,1000.0,36.0,0.8867935736974081
2209,1.0,40.0,40.0,0.3,10000.0,35.0,0.766778290271759
2210,1.0,40.0,40.0,0.5,0.0,67.0,0.8448089957237244
2211,1.0,40.0,40.0,0.5,10.0,62.0,0.816726287206014
2212,1.0,40.0,40.0,0.5,100.0,56.0,0.8974464337031046
2213,1.0,40.0,40.0,0.5,1000.0,32.0,0.8686834176381429
2214,1.0,40.0,40.0,0.5,10000.0,42.0,0.7707101901372274
2215,1.0,40.0,40.0,0.7,0.0,57.0,0.8558997710545858
2216,1.0,40.0,40.0,0.7,10.0,71.0,0.8310397068659464
2217,1.0,40.0,40.0,0.7,100.0,54.0,0.8393751978874207
2218,1.0,40.0,40.0,0.7,1000.0,38.0,0.8930995265642802
2219,1.0,40.0,40.0,0.7,10000.0,43.0,0.8309353391329447
2220,1.0,40.0,45.0,0.3,0.0,58.0,0.8527945280075073
2221,1.0,40.0,45.0,0.3,10.0,45.0,0.834070603052775
2222,1.0,40.0,45.0,0.3,100.0,47.0,0.8602506518363953
2223,1.0,40.0,45.0,0.3,1000.0,60.0,0.7908970912297567
2224,1.0,40.0,45.0,0.3,10000.0,53.0,0.8332617084185282
2225,1.0,40.0,45.0,0.5,0.0,40.0,0.8524403174718221
2226,1.0,40.0,45.0,0.5,10.0,34.0,0.895441472530365
2227,1.0,40.0,45.0,0.5,100.0,47.0,0.885660727818807
2228,1.0,40.0,45.0,0.5,1000.0,50.0,0.8499181866645813
2229,1.0,40.0,45.0,0.5,10000.0,50.0,0.8969584306081136
2230,1.0,40.0,45.0,0.7,0.0,35.0,0.876988410949707
2231,1.0,40.0,45.0,0.7,10.0,75.0,0.851800799369812
2232,1.0,40.0,45.0,0.7,100.0,49.0,0.861037015914917
2233,1.0,40.0,45.0,0.7,1000.0,67.0,0.8658132950464884
2234,1.0,40.0,45.0,0.7,10000.0,65.0,0.8782178362210592
2235,1.0,40.0,50.0,0.3,0.0,111.0,0.7552393277486166
2236,1.0,40.0,50.0,0.3,10.0,39.0,0.9032799005508423
2237,1.0,40.0,50.0,0.3,100.0,32.0,0.8967784643173218
2238,1.0,40.0,50.0,0.3,1000.0,59.0,0.8154880205790201
2239,1.0,40.0,50.0,0.3,10000.0,43.0,0.8354430198669434
2240,1.0,40.0,50.0,0.5,0.0,64.0,0.7645588517189026
2241,1.0,40.0,50.0,0.5,10.0,39.0,0.8535638252894083
2242,1.0,40.0,50.0,0.5,100.0,40.0,0.8751473426818848
2243,1.0,40.0,50.0,0.5,1000.0,44.0,0.8773578206698099
2244,1.0,40.0,50.0,0.5,10000.0,47.0,0.8707239031791687
2245,1.0,40.0,50.0,0.7,0.0,71.0,0.8835782408714294
2246,1.0,40.0,50.0,0.7,10.0,62.0,0.8228144844373068
2247,1.0,40.0,50.0,0.7,100.0,44.0,0.8586125572522482
2248,1.0,40.0,50.0,0.7,1000.0,60.0,0.7667687137921652
2249,1.0,40.0,50.0,0.7,10000.0,52.0,0.7750114997227987
2250,2.0,40.0,5.0,0.3,0.0,37.0,0.9375379085540771
2251,2.0,40.0,5.0,0.3,10.0,43.0,0.7859230240186056
2252,2.0,40.0,5.0,0.3,100.0,35.0,0.9445799787839254
2253,2.0,40.0,5.0,0.3,1000.0,41.0,0.8422317703564962
2254,2.0,40.0,5.0,0.3,10000.0,74.0,0.6968871355056763
2255,2.0,40.0,5.0,0.5,0.0,33.0,0.9188815951347351
2256,2.0,40.0,5.0,0.5,10.0,52.0,0.8727280894915262
2257,2.0,40.0,5.0,0.5,100.0,44.0,0.8891718586285909
2258,2.0,40.0,5.0,0.5,1000.0,43.0,0.8936489423116049
2259,2.0,40.0,5.0,0.5,10000.0,67.0,0.8520721991856893
2260,2.0,40.0,5.0,0.7,0.0,56.0,0.9540164271990458
2261,2.0,40.0,5.0,0.7,10.0,38.0,0.9471602241198221
2262,2.0,40.0,5.0,0.7,100.0,51.0,0.8851778308550516
2263,2.0,40.0,5.0,0.7,1000.0,45.0,0.9030914107958475
2264,2.0,40.0,5.0,0.7,10000.0,51.0,0.9684849977493286
2265,2.0,40.0,10.0,0.3,0.0,32.0,0.9156727393468221
2266,2.0,40.0,10.0,0.3,10.0,33.0,0.8136574029922485
2267,2.0,40.0,10.0,0.3,100.0,47.0,0.7708077232042948
2268,2.0,40.0,10.0,0.3,1000.0,42.0,0.8694897492726644
2269,2.0,40.0,10.0,0.3,10000.0,82.0,0.8163728912671407
2270,2.0,40.0,10.0,0.5,0.0,45.0,0.829856812953949
2271,2.0,40.0,10.0,0.5,10.0,36.0,0.8883345524470011
2272,2.0,40.0,10.0,0.5,100.0,38.0,0.8570557037989298
2273,2.0,40.0,10.0,0.5,1000.0,56.0,0.9475885232289633
2274,2.0,40.0,10.0,0.5,10000.0,42.0,0.8812405864397684
2275,2.0,40.0,10.0,0.7,0.0,59.0,0.8525638580322266
2276,2.0,40.0,10.0,0.7,10.0,24.0,0.9247498710950216
2277,2.0,40.0,10.0,0.7,100.0,69.0,0.8336396018664042
2278,2.0,40.0,10.0,0.7,1000.0,35.0,0.95482337474823
2279,2.0,40.0,10.0,0.7,10000.0,51.0,0.8177371025085449
2280,2.0,40.0,15.0,0.3,0.0,63.0,0.8265476028124491
2281,2.0,40.0,15.0,0.3,10.0,33.0,0.8998539845148722
2282,2.0,40.0,15.0,0.3,100.0,43.0,0.7674714128176371
2283,2.0,40.0,15.0,0.3,1000.0,47.0,0.8009394009908041
2284,2.0,40.0,15.0,0.3,10000.0,46.0,0.854872445265452
2285,2.0,40.0,15.0,0.5,0.0,60.0,0.8447434107462565
2286,2.0,40.0,15.0,0.5,10.0,41.0,0.8224062124888102
2287,2.0,40.0,15.0,0.5,100.0,34.0,0.8433701992034912
2288,2.0,40.0,15.0,0.5,1000.0,47.0,0.7462549010912577
2289,2.0,40.0,15.0,0.5,10000.0,31.0,0.8938621083895365
2290,2.0,40.0,15.0,0.7,0.0,60.0,0.865798552831014
2291,2.0,40.0,15.0,0.7,10.0,48.0,0.8454566597938538
2292,2.0,40.0,15.0,0.7,100.0,65.0,0.8510444760322571
2293,2.0,40.0,15.0,0.7,1000.0,40.0,0.9064839283625284
2294,2.0,40.0,15.0,0.7,10000.0,38.0,0.8459855914115906
2295,2.0,40.0,20.0,0.3,0.0,34.0,0.8912343382835388
2296,2.0,40.0,20.0,0.3,10.0,32.0,0.846247653166453
2297,2.0,40.0,20.0,0.3,100.0,37.0,0.8288048505783081
2298,2.0,40.0,20.0,0.3,1000.0,52.0,0.8156256874402364
2299,2.0,40.0,20.0,0.3,10000.0,59.0,0.8504638671875
2300,2.0,40.0,20.0,0.5,0.0,46.0,0.8316723903020223
2301,2.0,40.0,20.0,0.5,10.0,32.0,0.88789963722229
2302,2.0,40.0,20.0,0.5,100.0,48.0,0.9581132531166077
2303,2.0,40.0,20.0,0.5,1000.0,53.0,0.7188460131486257
2304,2.0,40.0,20.0,0.5,10000.0,32.0,0.7962137659390768
2305,2.0,40.0,20.0,0.7,0.0,53.0,0.7400585810343424
2306,2.0,40.0,20.0,0.7,10.0,38.0,0.9054489731788635
2307,2.0,40.0,20.0,0.7,100.0,41.0,0.7830033699671427
2308,2.0,40.0,20.0,0.7,1000.0,62.0,0.8963163296381632
2309,2.0,40.0,20.0,0.7,10000.0,59.0,0.7504278620084127
2310,2.0,40.0,25.0,0.3,0.0,54.0,0.8269989689191183
2311,2.0,40.0,25.0,0.3,10.0,41.0,0.7719427744547526
2312,2.0,40.0,25.0,0.3,100.0,37.0,0.9028011361757914
2313,2.0,40.0,25.0,0.3,1000.0,27.0,0.910731852054596
2314,2.0,40.0,25.0,0.3,10000.0,52.0,0.7460270524024963
2315,2.0,40.0,25.0,0.5,0.0,55.0,0.7798603673775991
2316,2.0,40.0,25.0,0.5,10.0,44.0,0.9381272594134012
2317,2.0,40.0,25.0,0.5,100.0,32.0,0.7842111984888712
2318,2.0,40.0,25.0,0.5,1000.0,53.0,0.8591084480285645
2319,2.0,40.0,25.0,0.5,10000.0,55.0,0.782686690489451
2320,2.0,40.0,25.0,0.7,0.0,60.0,0.7674776117006937
2321,2.0,40.0,25.0,0.7,10.0,53.0,0.8391688267389933
2322,2.0,40.0,25.0,0.7,100.0,35.0,0.7939319610595703
2323,2.0,40.0,25.0,0.7,1000.0,38.0,0.8782877922058105
2324,2.0,40.0,25.0,0.7,10000.0,38.0,0.8156629602114359
2325,2.0,40.0,30.0,0.3,0.0,42.0,0.7598835825920105
2326,2.0,40.0,30.0,0.3,10.0,40.0,0.8516387343406677
2327,2.0,40.0,30.0,0.3,100.0,33.0,0.9188330968221029
2328,2.0,40.0,30.0,0.3,1000.0,42.0,0.9463694294293722
2329,2.0,40.0,30.0,0.3,10000.0,54.0,0.8363450169563293
2330,2.0,40.0,30.0,0.5,0.0,54.0,0.7927084267139435
2331,2.0,40.0,30.0,0.5,10.0,42.0,0.852088193098704
2332,2.0,40.0,30.0,0.5,100.0,38.0,0.8500943779945374
2333,2.0,40.0,30.0,0.5,1000.0,44.0,0.8832486073176066
2334,2.0,40.0,30.0,0.5,10000.0,47.0,0.7335624496142069
2335,2.0,40.0,30.0,0.7,0.0,50.0,0.8035951654116312
2336,2.0,40.0,30.0,0.7,10.0,48.0,0.872095545132955
2337,2.0,40.0,30.0,0.7,100.0,36.0,0.8315554261207581
2338,2.0,40.0,30.0,0.7,1000.0,43.0,0.8595932523409525
2339,2.0,40.0,30.0,0.7,10000.0,51.0,0.7390238841374716
2340,2.0,40.0,35.0,0.3,0.0,37.0,0.8686530192693075
2341,2.0,40.0,35.0,0.3,10.0,41.0,0.8940551479657491
2342,2.0,40.0,35.0,0.3,100.0,30.0,0.8931403557459513
2343,2.0,40.0,35.0,0.3,1000.0,40.0,1.0551041960716248
2344,2.0,40.0,35.0,0.3,10000.0,35.0,0.7610088785489401
2345,2.0,40.0,35.0,0.5,0.0,46.0,0.7650836010773977
2346,2.0,40.0,35.0,0.5,10.0,33.0,0.8074493010838827
2347,2.0,40.0,35.0,0.5,100.0,29.0,0.9000507990519205
2348,2.0,40.0,35.0,0.5,1000.0,43.0,0.8881105979283651
2349,2.0,40.0,35.0,0.5,10000.0,33.0,0.8265970150629679
2350,2.0,40.0,35.0,0.7,0.0,41.0,0.8443259000778198
2351,2.0,40.0,35.0,0.7,10.0,40.0,0.800258864959081
2352,2.0,40.0,35.0,0.7,100.0,40.0,0.7764493823051453
2353,2.0,40.0,35.0,0.7,1000.0,42.0,0.8912554184595743
2354,2.0,40.0,35.0,0.7,10000.0,43.0,0.7598147392272949
2355,2.0,40.0,40.0,0.3,0.0,46.0,0.7903037468592325
2356,2.0,40.0,40.0,0.3,10.0,51.0,0.799226979414622
2357,2.0,40.0,40.0,0.3,100.0,60.0,0.7366476853688558
2358,2.0,40.0,40.0,0.3,1000.0,36.0,0.7942220369974772
2359,2.0,40.0,40.0,0.3,10000.0,50.0,0.7378145058949789
2360,2.0,40.0,40.0,0.5,0.0,49.0,0.7858104705810547
2361,2.0,40.0,40.0,0.5,10.0,45.0,0.8382320404052734
2362,2.0,40.0,40.0,0.5,100.0,61.0,0.8330939610799154
2363,2.0,40.0,40.0,0.5,1000.0,40.0,0.7644484837849935
2364,2.0,40.0,40.0,0.5,10000.0,64.0,0.7716209689776102
2365,2.0,40.0,40.0,0.7,0.0,59.0,0.7800408204396566
2366,2.0,40.0,40.0,0.7,10.0,50.0,0.8770860830942789
2367,2.0,40.0,40.0,0.7,100.0,47.0,0.8291520078976949
2368,2.0,40.0,40.0,0.7,1000.0,37.0,0.8340029319127401
2369,2.0,40.0,40.0,0.7,10000.0,46.0,0.8876094818115234
2370,2.0,40.0,45.0,0.3,0.0,53.0,0.7407618363698324
2371,2.0,40.0,45.0,0.3,10.0,46.0,0.8475118279457092
2372,2.0,40.0,45.0,0.3,100.0,36.0,0.8051161567370096
2373,2.0,40.0,45.0,0.3,1000.0,54.0,0.7657603025436401
2374,2.0,40.0,45.0,0.3,10000.0,38.0,0.8356475631395975
2375,2.0,40.0,45.0,0.5,0.0,80.0,0.7302649517854055
2376,2.0,40.0,45.0,0.5,10.0,74.0,0.8411646286646525
2377,2.0,40.0,45.0,0.5,100.0,46.0,0.8494410713513693
2378,2.0,40.0,45.0,0.5,1000.0,39.0,0.8613893985748291
2379,2.0,40.0,45.0,0.5,10000.0,35.0,0.833583394686381
2380,2.0,40.0,45.0,0.7,0.0,39.0,0.8226863145828247
2381,2.0,40.0,45.0,0.7,10.0,57.0,0.7496481537818909
2382,2.0,40.0,45.0,0.7,100.0,38.0,0.9333853324254354
2383,2.0,40.0,45.0,0.7,1000.0,43.0,0.8024975458780924
2384,2.0,40.0,45.0,0.7,10000.0,48.0,0.8809748888015747
2385,2.0,40.0,50.0,0.3,0.0,50.0,0.7339370052019755
2386,2.0,40.0,50.0,0.3,10.0,38.0,0.7779133121172587
2387,2.0,40.0,50.0,0.3,100.0,47.0,0.827276607354482
2388,2.0,40.0,50.0,0.3,1000.0,81.0,0.7848058938980103
2389,2.0,40.0,50.0,0.3,10000.0,63.0,0.8148887554804484
2390,2.0,40.0,50.0,0.5,0.0,44.0,0.8373139897982279
2391,2.0,40.0,50.0,0.5,10.0,66.0,0.8753925164540609
2392,2.0,40.0,50.0,0.5,100.0,36.0,0.8539184331893921
2393,2.0,40.0,50.0,0.5,1000.0,62.0,0.8788134853045145
2394,2.0,40.0,50.0,0.5,10000.0,36.0,0.8047484954198202
2395,2.0,40.0,50.0,0.7,0.0,62.0,0.7611040771007538
2396,2.0,40.0,50.0,0.7,10.0,35.0,0.8967030048370361
2397,2.0,40.0,50.0,0.7,100.0,49.0,0.8088041941324869
2398,2.0,40.0,50.0,0.7,1000.0,60.0,0.7218086222807566
2399,2.0,40.0,50.0,0.7,10000.0,52.0,0.758683830499649
2400,1.0,45.0,5.0,0.3,0.0,32.0,0.9483343958854675
2401,1.0,45.0,5.0,0.3,10.0,45.0,0.9079885681470236
2402,1.0,45.0,5.0,0.3,100.0,37.0,0.9531276424725851
2403,1.0,45.0,5.0,0.3,1000.0,55.0,0.879297157128652
2404,1.0,45.0,5.0,0.3,10000.0,37.0,0.9225035508473715
2405,1.0,45.0,5.0,0.5,0.0,89.0,0.9128966927528381
2406,1.0,45.0,5.0,0.5,10.0,39.0,0.8829288681348165
2407,1.0,45.0,5.0,0.5,100.0,45.0,0.9533200860023499
2408,1.0,45.0,5.0,0.5,1000.0,43.0,0.8584354122479757
2409,1.0,45.0,5.0,0.5,10000.0,36.0,0.8533912102381388
2410,1.0,45.0,5.0,0.7,0.0,55.0,0.8988468249638876
2411,1.0,45.0,5.0,0.7,10.0,72.0,0.9542768597602844
2412,1.0,45.0,5.0,0.7,100.0,45.0,0.9696549375851949
2413,1.0,45.0,5.0,0.7,1000.0,66.0,0.9181416829427084
2414,1.0,45.0,5.0,0.7,10000.0,54.0,0.8440156777699789
2415,1.0,45.0,10.0,0.3,0.0,35.0,0.9429076512654623
2416,1.0,45.0,10.0,0.3,10.0,41.0,0.8850106398264567
2417,1.0,45.0,10.0,0.3,100.0,54.0,0.8578223586082458
2418,1.0,45.0,10.0,0.3,1000.0,27.0,0.9703681071599325
2419,1.0,45.0,10.0,0.3,10000.0,34.0,0.8279995322227478
2420,1.0,45.0,10.0,0.5,0.0,36.0,0.862777829170227
2421,1.0,45.0,10.0,0.5,10.0,43.0,0.8529314796129862
2422,1.0,45.0,10.0,0.5,100.0,39.0,0.8271642525990804
2423,1.0,45.0,10.0,0.5,1000.0,28.0,0.9266509612401327
2424,1.0,45.0,10.0,0.5,10000.0,39.0,0.9540938337643942
2425,1.0,45.0,10.0,0.7,0.0,49.0,0.9243108828862509
2426,1.0,45.0,10.0,0.7,10.0,66.0,0.924111008644104
2427,1.0,45.0,10.0,0.7,100.0,62.0,0.8301673531532288
2428,1.0,45.0,10.0,0.7,1000.0,43.0,0.8636906345685323
2429,1.0,45.0,10.0,0.7,10000.0,25.0,0.9454545974731445
2430,1.0,45.0,15.0,0.3,0.0,45.0,0.9065133134524027
2431,1.0,45.0,15.0,0.3,10.0,50.0,0.7947218815485636
2432,1.0,45.0,15.0,0.3,100.0,28.0,0.8782486716906229
2433,1.0,45.0,15.0,0.3,1000.0,36.0,0.8872969150543213
2434,1.0,45.0,15.0,0.3,10000.0,38.0,0.8604438503583273
2435,1.0,45.0,15.0,0.5,0.0,46.0,0.9300896724065145
2436,1.0,45.0,15.0,0.5,10.0,47.0,0.856525699297587
2437,1.0,45.0,15.0,0.5,100.0,27.0,0.8991261521975199
2438,1.0,45.0,15.0,0.5,1000.0,42.0,0.8846502304077148
2439,1.0,45.0,15.0,0.5,10000.0,51.0,0.8068690697352091
2440,1.0,45.0,15.0,0.7,0.0,50.0,0.8860118786493937
2441,1.0,45.0,15.0,0.7,10.0,48.0,0.8519367376963297
2442,1.0,45.0,15.0,0.7,100.0,31.0,0.8601037859916687
2443,1.0,45.0,15.0,0.7,1000.0,36.0,0.8656246264775594
2444,1.0,45.0,15.0,0.7,10000.0,56.0,0.8740258812904358
2445,1.0,45.0,20.0,0.3,0.0,26.0,0.9390540917714437
2446,1.0,45.0,20.0,0.3,10.0,42.0,0.8554641405741373
2447,1.0,45.0,20.0,0.3,100.0,47.0,0.8470782438913981
2448,1.0,45.0,20.0,0.3,1000.0,38.0,0.8556637565294901
2449,1.0,45.0,20.0,0.3,10000.0,39.0,0.9076472123463949
2450,1.0,45.0,20.0,0.5,0.0,45.0,0.7541736761728922
2451,1.0,45.0,20.0,0.5,10.0,53.0,0.9021830956141154
2452,1.0,45.0,20.0,0.5,100.0,50.0,0.860187957684199
2453,1.0,45.0,20.0,0.5,1000.0,49.0,0.8829317092895508
2454,1.0,45.0,20.0,0.5,10000.0,43.0,0.9082684318224589
2455,1.0,45.0,20.0,0.7,0.0,45.0,0.775904635588328
2456,1.0,45.0,20.0,0.7,10.0,52.0,0.90094526608785
2457,1.0,45.0,20.0,0.7,100.0,57.0,0.9408884048461914
2458,1.0,45.0,20.0,0.7,1000.0,38.0,0.9714069565137228
2459,1.0,45.0,20.0,0.7,10000.0,41.0,0.9020693302154541
2460,1.0,45.0,25.0,0.3,0.0,43.0,0.9475487867991129
2461,1.0,45.0,25.0,0.3,10.0,29.0,0.9202101429303488
2462,1.0,45.0,25.0,0.3,100.0,36.0,0.9270422259966532
2463,1.0,45.0,25.0,0.3,1000.0,24.0,1.1111720999081929
2464,1.0,45.0,25.0,0.3,10000.0,46.0,0.8658726612726847
2465,1.0,45.0,25.0,0.5,0.0,40.0,0.7866453329722086
2466,1.0,45.0,25.0,0.5,10.0,33.0,0.9281840721766154
2467,1.0,45.0,25.0,0.5,100.0,36.0,0.8806323011716207
2468,1.0,45.0,25.0,0.5,1000.0,44.0,0.9408726692199707
2469,1.0,45.0,25.0,0.5,10000.0,44.0,0.9415104190508524
2470,1.0,45.0,25.0,0.7,0.0,45.0,0.8577004472414652
2471,1.0,45.0,25.0,0.7,10.0,46.0,0.8990668455759684
2472,1.0,45.0,25.0,0.7,100.0,47.0,0.8282544612884521
2473,1.0,45.0,25.0,0.7,1000.0,56.0,0.9066510399182638
2474,1.0,45.0,25.0,0.7,10000.0,53.0,0.846872866153717
2475,1.0,45.0,30.0,0.3,0.0,46.0,0.8584456046422323
2476,1.0,45.0,30.0,0.3,10.0,32.0,0.9478285908699036
2477,1.0,45.0,30.0,0.3,100.0,34.0,0.8296601871649424
2478,1.0,45.0,30.0,0.3,1000.0,45.0,0.9148126045862833
2479,1.0,45.0,30.0,0.3,10000.0,45.0,0.8100566069285074
2480,1.0,45.0,30.0,0.5,0.0,45.0,0.8255840738614401
2481,1.0,45.0,30.0,0.5,10.0,31.0,0.8526802062988281
2482,1.0,45.0,30.0,0.5,100.0,33.0,0.8565925558408102
2483,1.0,45.0,30.0,0.5,1000.0,36.0,0.8053926626841227
2484,1.0,45.0,30.0,0.5,10000.0,42.0,0.7590633630752563
2485,1.0,45.0,30.0,0.7,0.0,35.0,0.87971959511439
2486,1.0,45.0,30.0,0.7,10.0,50.0,0.9456602732340494
2487,1.0,45.0,30.0,0.7,100.0,58.0,0.9301743904749552
2488,1.0,45.0,30.0,0.7,1000.0,50.0,0.8628282348314921
2489,1.0,45.0,30.0,0.7,10000.0,38.0,0.8277976115544637
2490,1.0,45.0,35.0,0.3,0.0,63.0,0.7929045955340067
2491,1.0,45.0,35.0,0.3,10.0,70.0,0.9040756622950236
2492,1.0,45.0,35.0,0.3,100.0,47.0,0.8748083909352621
2493,1.0,45.0,35.0,0.3,1000.0,44.0,0.8879448175430298
2494,1.0,45.0,35.0,0.3,10000.0,30.0,0.8499398827552795
2495,1.0,45.0,35.0,0.5,0.0,31.0,0.8812147180239359
2496,1.0,45.0,35.0,0.5,10.0,40.0,0.8573596477508545
2497,1.0,45.0,35.0,0.5,100.0,33.0,0.7708743214607239
2498,1.0,45.0,35.0,0.5,1000.0,35.0,0.8790791630744934
2499,1.0,45.0,35.0,0.5,10000.0,38.0,0.9259888331095377
2500,1.0,45.0,35.0,0.7,0.0,33.0,0.8858936826388041
2501,1.0,45.0,35.0,0.7,10.0,58.0,0.8525822361310323
2502,1.0,45.0,35.0,0.7,100.0,39.0,0.8781582315762838
2503,1.0,45.0,35.0,0.7,1000.0,34.0,0.8526116410891215
2504,1.0,45.0,35.0,0.7,10000.0,31.0,0.8584733804066976
2505,1.0,45.0,40.0,0.3,0.0,50.0,0.7920958598454794
2506,1.0,45.0,40.0,0.3,10.0,39.0,0.8340082367261251
2507,1.0,45.0,40.0,0.3,100.0,26.0,0.8600561022758484
2508,1.0,45.0,40.0,0.3,1000.0,47.0,0.890632688999176
2509,1.0,45.0,40.0,0.3,10000.0,37.0,0.9288617372512817
2510,1.0,45.0,40.0,0.5,0.0,22.0,0.8851252198219299
2511,1.0,45.0,40.0,0.5,10.0,37.0,0.8729838132858276
2512,1.0,45.0,40.0,0.5,100.0,28.0,0.8922007083892822
2513,1.0,45.0,40.0,0.5,1000.0,60.0,0.8681674400965372
2514,1.0,45.0,40.0,0.5,10000.0,52.0,0.8307620485623678
2515,1.0,45.0,40.0,0.7,0.0,58.0,0.8856868942578634
2516,1.0,45.0,40.0,0.7,10.0,46.0,0.8369824687639872
2517,1.0,45.0,40.0,0.7,100.0,30.0,1.0837350487709045
2518,1.0,45.0,40.0,0.7,1000.0,38.0,0.9721585710843405
2519,1.0,45.0,40.0,0.7,10000.0,50.0,0.8532479902108511
2520,1.0,45.0,45.0,0.3,0.0,42.0,0.9284463922182719
2521,1.0,45.0,45.0,0.3,10.0,56.0,0.7840548753738403
2522,1.0,45.0,45.0,0.3,100.0,35.0,0.8592957655588785
2523,1.0,45.0,45.0,0.3,1000.0,49.0,0.8130780259768168
2524,1.0,45.0,45.0,0.3,10000.0,48.0,0.7625916997591654
2525,1.0,45.0,45.0,0.5,0.0,27.0,0.9105890194574991
2526,1.0,45.0,45.0,0.5,10.0,52.0,0.833147128423055
2527,1.0,45.0,45.0,0.5,100.0,31.0,0.8570618828137716
2528,1.0,45.0,45.0,0.5,1000.0,46.0,0.8080144723256429
2529,1.0,45.0,45.0,0.5,10000.0,40.0,0.8747361898422241
2530,1.0,45.0,45.0,0.7,0.0,43.0,0.9258783857027689
2531,1.0,45.0,45.0,0.7,10.0,66.0,0.8979275623957316
2532,1.0,45.0,45.0,0.7,100.0,41.0,0.8459694782892863
2533,1.0,45.0,45.0,0.7,1000.0,59.0,0.8727777997652689
2534,1.0,45.0,45.0,0.7,10000.0,40.0,0.842859129110972
2535,1.0,45.0,50.0,0.3,0.0,42.0,0.7964150011539459
2536,1.0,45.0,50.0,0.3,10.0,41.0,0.7883445819218954
2537,1.0,45.0,50.0,0.3,100.0,57.0,0.7120280464490255
2538,1.0,45.0,50.0,0.3,1000.0,32.0,0.8262862960497538
2539,1.0,45.0,50.0,0.3,10000.0,41.0,0.822901209195455
2540,1.0,45.0,50.0,0.5,0.0,40.0,0.735322117805481
2541,1.0,45.0,50.0,0.5,10.0,46.0,0.9223204056421915
2542,1.0,45.0,50.0,0.5,100.0,56.0,0.8503801027933756
2543,1.0,45.0,50.0,0.5,1000.0,36.0,0.7508439620335897
2544,1.0,45.0,50.0,0.5,10000.0,52.0,0.8563146789868673
2545,1.0,45.0,50.0,0.7,0.0,39.0,0.8353788256645203
2546,1.0,45.0,50.0,0.7,10.0,36.0,0.9077726006507874
2547,1.0,45.0,50.0,0.7,100.0,36.0,0.8567882378896078
2548,1.0,45.0,50.0,0.7,1000.0,36.0,0.8664868076642355
2549,1.0,45.0,50.0,0.7,10000.0,47.0,0.7746593554814657
2550,2.0,45.0,5.0,0.3,0.0,44.0,0.8542309800783793
2551,2.0,45.0,5.0,0.3,10.0,24.0,0.9107578794161478
2552,2.0,45.0,5.0,0.3,100.0,54.0,0.7981308897336324
2553,2.0,45.0,5.0,0.3,1000.0,44.0,0.8244123260180155
2554,2.0,45.0,5.0,0.3,10000.0,30.0,0.8364808758099874
2555,2.0,45.0,5.0,0.5,0.0,50.0,0.8005312283833822
2556,2.0,45.0,5.0,0.5,10.0,43.0,0.9158284068107605
2557,2.0,45.0,5.0,0.5,100.0,47.0,0.9345607459545135
2558,2.0,45.0,5.0,0.5,1000.0,40.0,0.8785149852434794
2559,2.0,45.0,5.0,0.5,10000.0,33.0,0.9041029810905457
2560,2.0,45.0,5.0,0.7,0.0,26.0,0.947131892045339
2561,2.0,45.0,5.0,0.7,10.0,35.0,0.8888919750849406
2562,2.0,45.0,5.0,0.7,100.0,29.0,1.0082871516545613
2563,2.0,45.0,5.0,0.7,1000.0,40.0,0.8928877909978231
2564,2.0,45.0,5.0,0.7,10000.0,45.0,0.9067108631134033
2565,2.0,45.0,10.0,0.3,0.0,49.0,0.816270669301351
2566,2.0,45.0,10.0,0.3,10.0,44.0,1.0966025590896606
2567,2.0,45.0,10.0,0.3,100.0,36.0,0.8204125960667928
2568,2.0,45.0,10.0,0.3,1000.0,47.0,0.8108346462249756
2569,2.0,45.0,10.0,0.3,10000.0,40.0,0.8303148547808329
2570,2.0,45.0,10.0,0.5,0.0,42.0,0.7809581955273946
2571,2.0,45.0,10.0,0.5,10.0,38.0,0.8659608761469523
2572,2.0,45.0,10.0,0.5,100.0,39.0,0.9127980669339498
2573,2.0,45.0,10.0,0.5,1000.0,43.0,0.9098591605822245
2574,2.0,45.0,10.0,0.5,10000.0,36.0,0.813507874806722
2575,2.0,45.0,10.0,0.7,0.0,51.0,0.9098986784617106
2576,2.0,45.0,10.0,0.7,10.0,37.0,0.847098151842753
2577,2.0,45.0,10.0,0.7,100.0,66.0,0.7949885924657186
2578,2.0,45.0,10.0,0.7,1000.0,46.0,0.8035718202590942
2579,2.0,45.0,10.0,0.7,10000.0,39.0,0.9069854617118835
2580,2.0,45.0,15.0,0.3,0.0,33.0,0.8657466769218445
2581,2.0,45.0,15.0,0.3,10.0,52.0,0.8587116400400797
2582,2.0,45.0,15.0,0.3,100.0,52.0,0.8296109835306803
2583,2.0,45.0,15.0,0.3,1000.0,35.0,0.8311154842376709
2584,2.0,45.0,15.0,0.3,10000.0,43.0,0.9928802649180094
2585,2.0,45.0,15.0,0.5,0.0,40.0,0.8799508810043335
2586,2.0,45.0,15.0,0.5,10.0,37.0,0.8574589093526205
2587,2.0,45.0,15.0,0.5,100.0,48.0,0.8104558984438578
2588,2.0,45.0,15.0,0.5,1000.0,40.0,0.9150955478350321
2589,2.0,45.0,15.0,0.5,10000.0,46.0,0.8799289266268412
2590,2.0,45.0,15.0,0.7,0.0,31.0,0.8738262057304382
2591,2.0,45.0,15.0,0.7,10.0,57.0,0.8919326066970825
2592,2.0,45.0,15.0,0.7,100.0,40.0,0.8499804933865865
2593,2.0,45.0,15.0,0.7,1000.0,66.0,0.8695088028907776
2594,2.0,45.0,15.0,0.7,10000.0,35.0,0.8896125356356303
2595,2.0,45.0,20.0,0.3,0.0,52.0,0.8814422885576884
2596,2.0,45.0,20.0,0.3,10.0,34.0,0.9142614801724752
2597,2.0,45.0,20.0,0.3,100.0,39.0,0.8858353495597839
2598,2.0,45.0,20.0,0.3,1000.0,44.0,0.8088952501614889
2599,2.0,45.0,20.0,0.3,10000.0,34.0,0.8074375987052917
2600,2.0,45.0,20.0,0.5,0.0,34.0,0.9030648271242777
2601,2.0,45.0,20.0,0.5,10.0,33.0,1.1471708416938782
2602,2.0,45.0,20.0,0.5,100.0,35.0,0.9774828751881918
2603,2.0,45.0,20.0,0.5,1000.0,50.0,0.8619202772776285
2604,2.0,45.0,20.0,0.5,10000.0,38.0,0.8112731178601583
2605,2.0,45.0,20.0,0.7,0.0,50.0,0.7798460423946381
2606,2.0,45.0,20.0,0.7,10.0,58.0,0.8764361540476481
2607,2.0,45.0,20.0,0.7,100.0,33.0,0.9071186780929565
2608,2.0,45.0,20.0,0.7,1000.0,56.0,0.7812078297138214
2609,2.0,45.0,20.0,0.7,10000.0,65.0,0.7922491629918417
2610,2.0,45.0,25.0,0.3,0.0,51.0,0.869122306505839
2611,2.0,45.0,25.0,0.3,10.0,46.0,0.7986017068227133
2612,2.0,45.0,25.0,0.3,100.0,34.0,0.8803231517473856
2613,2.0,45.0,25.0,0.3,1000.0,66.0,0.7391151785850525
2614,2.0,45.0,25.0,0.3,10000.0,44.0,0.7653292020161947
2615,2.0,45.0,25.0,0.5,0.0,44.0,0.8301715056101481
2616,2.0,45.0,25.0,0.5,10.0,52.0,0.8557113409042358
2617,2.0,45.0,25.0,0.5,100.0,38.0,0.842910885810852
2618,2.0,45.0,25.0,0.5,1000.0,37.0,0.8264264464378357
2619,2.0,45.0,25.0,0.5,10000.0,35.0,0.8347343405087789
2620,2.0,45.0,25.0,0.7,0.0,45.0,0.8725850582122803
2621,2.0,45.0,25.0,0.7,10.0,39.0,0.8114718993504842
2622,2.0,45.0,25.0,0.7,100.0,44.0,0.8859079877535502
2623,2.0,45.0,25.0,0.7,1000.0,38.0,0.7980758746465048
2624,2.0,45.0,25.0,0.7,10000.0,49.0,0.7637434601783752
2625,2.0,45.0,30.0,0.3,0.0,34.0,0.7936171690622965
2626,2.0,45.0,30.0,0.3,10.0,52.0,0.7859205007553101
2627,2.0,45.0,30.0,0.3,100.0,40.0,0.9053675134976705
2628,2.0,45.0,30.0,0.3,1000.0,55.0,0.8297415375709534
2629,2.0,45.0,30.0,0.3,10000.0,32.0,1.102539857228597
2630,2.0,45.0,30.0,0.5,0.0,29.0,0.7968104481697083
2631,2.0,45.0,30.0,0.5,10.0,48.0,0.8904150525728861
2632,2.0,45.0,30.0,0.5,100.0,34.0,0.8925838669141134
2633,2.0,45.0,30.0,0.5,1000.0,39.0,0.8342525362968445
2634,2.0,45.0,30.0,0.5,10000.0,30.0,0.7760559320449829
2635,2.0,45.0,30.0,0.7,0.0,27.0,0.9264617959658304
2636,2.0,45.0,30.0,0.7,10.0,49.0,0.9088986118634542
2637,2.0,45.0,30.0,0.7,100.0,32.0,0.8689227104187012
2638,2.0,45.0,30.0,0.7,1000.0,49.0,0.8498669664065043
2639,2.0,45.0,30.0,0.7,10000.0,29.0,0.8861778974533081
2640,2.0,45.0,35.0,0.3,0.0,34.0,0.8156214157740275
2641,2.0,45.0,35.0,0.3,10.0,57.0,1.0684708555539448
2642,2.0,45.0,35.0,0.3,100.0,43.0,0.8622084657351176
2643,2.0,45.0,35.0,0.3,1000.0,48.0,0.8163771629333496
2644,2.0,45.0,35.0,0.3,10000.0,28.0,0.888364573319753
2645,2.0,45.0,35.0,0.5,0.0,54.0,0.7703630526860555
2646,2.0,45.0,35.0,0.5,10.0,37.0,0.8674083749453226
2647,2.0,45.0,35.0,0.5,100.0,42.0,0.8341040015220642
2648,2.0,45.0,35.0,0.5,1000.0,37.0,0.8812822898228964
2649,2.0,45.0,35.0,0.5,10000.0,29.0,0.8380393981933594
2650,2.0,45.0,35.0,0.7,0.0,31.0,0.9420186281204224
2651,2.0,45.0,35.0,0.7,10.0,45.0,0.7998191714286804
2652,2.0,45.0,35.0,0.7,100.0,36.0,0.9437391559282938
2653,2.0,45.0,35.0,0.7,1000.0,48.0,0.815578043460846
2654,2.0,45.0,35.0,0.7,10000.0,33.0,0.8941911856333414
2655,2.0,45.0,40.0,0.3,0.0,40.0,0.9266377488772074
2656,2.0,45.0,40.0,0.3,10.0,46.0,0.8156189322471619
2657,2.0,45.0,40.0,0.3,100.0,47.0,0.8682559132575989
2658,2.0,45.0,40.0,0.3,1000.0,75.0,0.7260688145955404
2659,2.0,45.0,40.0,0.3,10000.0,30.0,1.0253591934839885
2660,2.0,45.0,40.0,0.5,0.0,29.0,0.8268580039342245
2661,2.0,45.0,40.0,0.5,10.0,37.0,0.874241828918457
2662,2.0,45.0,40.0,0.5,100.0,45.0,0.8483540217081705
2663,2.0,45.0,40.0,0.5,1000.0,45.0,0.7306069533030192
2664,2.0,45.0,40.0,0.5,10000.0,28.0,0.81892196337382
2665,2.0,45.0,40.0,0.7,0.0,33.0,0.8428133924802145
2666,2.0,45.0,40.0,0.7,10.0,46.0,0.9131768743197123
2667,2.0,45.0,40.0,0.7,100.0,43.0,0.7662826379140218
2668,2.0,45.0,40.0,0.7,1000.0,71.0,0.7915761470794678
2669,2.0,45.0,40.0,0.7,10000.0,28.0,0.8937620520591736
2670,2.0,45.0,45.0,0.3,0.0,40.0,0.8908754785855612
2671,2.0,45.0,45.0,0.3,10.0,36.0,0.8530815442403158
2672,2.0,45.0,45.0,0.3,100.0,35.0,0.9957091212272644
2673,2.0,45.0,45.0,0.3,1000.0,43.0,0.7865732510884603
2674,2.0,45.0,45.0,0.3,10000.0,31.0,1.1177638173103333
2675,2.0,45.0,45.0,0.5,0.0,38.0,0.7872463663419088
2676,2.0,45.0,45.0,0.5,10.0,35.0,0.976246158281962
2677,2.0,45.0,45.0,0.5,100.0,46.0,0.8694104154904684
2678,2.0,45.0,45.0,0.5,1000.0,52.0,0.8222527901331583
2679,2.0,45.0,45.0,0.5,10000.0,31.0,0.8747170368830363
2680,2.0,45.0,45.0,0.7,0.0,33.0,0.7841989398002625
2681,2.0,45.0,45.0,0.7,10.0,43.0,0.8510636289914449
2682,2.0,45.0,45.0,0.7,100.0,42.0,0.9968013564745585
2683,2.0,45.0,45.0,0.7,1000.0,37.0,0.8345124324162801
2684,2.0,45.0,45.0,0.7,10000.0,31.0,0.8180598417917887
2685,2.0,45.0,50.0,0.3,0.0,47.0,0.7394169569015503
2686,2.0,45.0,50.0,0.3,10.0,34.0,0.8054300347963969
2687,2.0,45.0,50.0,0.3,100.0,38.0,0.8149877190589905
2688,2.0,45.0,50.0,0.3,1000.0,72.0,0.734543522198995
2689,2.0,45.0,50.0,0.3,10000.0,31.0,0.866702159245809
2690,2.0,45.0,50.0,0.5,0.0,38.0,0.8772722085316976
2691,2.0,45.0,50.0,0.5,10.0,38.0,0.7880751887957255
2692,2.0,45.0,50.0,0.5,100.0,32.0,0.8834420243899027
2693,2.0,45.0,50.0,0.5,1000.0,49.0,0.8279030720392863
2694,2.0,45.0,50.0,0.5,10000.0,48.0,0.7564018964767456
2695,2.0,45.0,50.0,0.7,0.0,44.0,0.7575665911038717
2696,2.0,45.0,50.0,0.7,10.0,36.0,0.9096841414769491
2697,2.0,45.0,50.0,0.7,100.0,35.0,0.903552234172821
2698,2.0,45.0,50.0,0.7,1000.0,36.0,0.7697736223538717
2699,2.0,45.0,50.0,0.7,10000.0,61.0,0.8335245052973429
2700,1.0,50.0,5.0,0.3,0.0,47.0,0.8668200572331747
2701,1.0,50.0,5.0,0.3,10.0,70.0,0.7671707073847452
2702,1.0,50.0,5.0,0.3,100.0,46.0,0.8929789662361145
2703,1.0,50.0,5.0,0.3,1000.0,51.0,0.9025712211926779
2704,1.0,50.0,5.0,0.3,10000.0,42.0,0.8912210464477539
2705,1.0,50.0,5.0,0.5,0.0,17.0,1.0769898295402527
2706,1.0,50.0,5.0,0.5,10.0,24.0,0.8860243558883667
2707,1.0,50.0,5.0,0.5,100.0,48.0,0.8995882471402487
2708,1.0,50.0,5.0,0.5,1000.0,57.0,0.9531288544336954
2709,1.0,50.0,5.0,0.5,10000.0,23.0,0.891411542892456
2710,1.0,50.0,5.0,0.7,0.0,54.0,0.934215227762858
2711,1.0,50.0,5.0,0.7,10.0,24.0,0.9498929580052694
2712,1.0,50.0,5.0,0.7,100.0,25.0,1.0875832041104634
2713,1.0,50.0,5.0,0.7,1000.0,26.0,1.0539517402648926
2714,1.0,50.0,5.0,0.7,10000.0,34.0,0.955682615439097
2715,1.0,50.0,10.0,0.3,0.0,48.0,0.7950322031974792
2716,1.0,50.0,10.0,0.3,10.0,50.0,0.9906621972719828
2717,1.0,50.0,10.0,0.3,100.0,67.0,1.0097436507542927
2718,1.0,50.0,10.0,0.3,1000.0,53.0,0.9239793022473654
2719,1.0,50.0,10.0,0.3,10000.0,40.0,0.8730265100797018
2720,1.0,50.0,10.0,0.5,0.0,40.0,0.9026350180308024
2721,1.0,50.0,10.0,0.5,10.0,38.0,0.8835409681002299
2722,1.0,50.0,10.0,0.5,100.0,164.0,0.9046730597813925
2723,1.0,50.0,10.0,0.5,1000.0,33.0,0.8603009978930155
2724,1.0,50.0,10.0,0.5,10000.0,42.0,0.8064707517623901
2725,1.0,50.0,10.0,0.7,0.0,28.0,0.8605102698008219
2726,1.0,50.0,10.0,0.7,10.0,25.0,0.9412001768747965
2727,1.0,50.0,10.0,0.7,100.0,53.0,1.0630196531613667
2728,1.0,50.0,10.0,0.7,1000.0,32.0,0.9562454620997111
2729,1.0,50.0,10.0,0.7,10000.0,37.0,0.9321061372756958
2730,1.0,50.0,15.0,0.3,0.0,37.0,0.8668558398882548
2731,1.0,50.0,15.0,0.3,10.0,40.0,0.7359202802181244
2732,1.0,50.0,15.0,0.3,100.0,43.0,0.8477969368298849
2733,1.0,50.0,15.0,0.3,1000.0,26.0,0.8670047521591187
2734,1.0,50.0,15.0,0.3,10000.0,35.0,0.9412997364997864
2735,1.0,50.0,15.0,0.5,0.0,37.0,0.8873711427052816
2736,1.0,50.0,15.0,0.5,10.0,58.0,0.7470677296320597
2737,1.0,50.0,15.0,0.5,100.0,36.0,0.8944648305575053
2738,1.0,50.0,15.0,0.5,1000.0,29.0,0.8727127313613892
2739,1.0,50.0,15.0,0.5,10000.0,33.0,0.9378212292989095
2740,1.0,50.0,15.0,0.7,0.0,52.0,0.9435174465179443
2741,1.0,50.0,15.0,0.7,10.0,24.0,0.8779666026433309
2742,1.0,50.0,15.0,0.7,100.0,53.0,0.8403988480567932
2743,1.0,50.0,15.0,0.7,1000.0,36.0,0.9585984150568644
2744,1.0,50.0,15.0,0.7,10000.0,32.0,0.8792787194252014
2745,1.0,50.0,20.0,0.3,0.0,39.0,0.8532385428746542
2746,1.0,50.0,20.0,0.3,10.0,45.0,0.764230489730835
2747,1.0,50.0,20.0,0.3,100.0,39.0,0.8403050899505615
2748,1.0,50.0,20.0,0.3,1000.0,31.0,0.8478881319363912
2749,1.0,50.0,20.0,0.3,10000.0,45.0,0.8922993739446005
2750,1.0,50.0,20.0,0.5,0.0,37.0,0.7329880098501841
2751,1.0,50.0,20.0,0.5,10.0,42.0,0.8909177581469218
2752,1.0,50.0,20.0,0.5,100.0,38.0,0.8514270186424255
2753,1.0,50.0,20.0,0.5,1000.0,33.0,0.8980473081270853
2754,1.0,50.0,20.0,0.5,10000.0,43.0,0.7590308785438538
2755,1.0,50.0,20.0,0.7,0.0,44.0,0.9331544240315756
2756,1.0,50.0,20.0,0.7,10.0,43.0,0.9013151129086813
2757,1.0,50.0,20.0,0.7,100.0,35.0,0.8266363739967346
2758,1.0,50.0,20.0,0.7,1000.0,52.0,0.8849218090375265
2759,1.0,50.0,20.0,0.7,10000.0,29.0,0.8317068815231323
2760,1.0,50.0,25.0,0.3,0.0,41.0,0.869236946105957
2761,1.0,50.0,25.0,0.3,10.0,37.0,0.9014472365379333
2762,1.0,50.0,25.0,0.3,100.0,51.0,0.8287796576817831
2763,1.0,50.0,25.0,0.3,1000.0,38.0,0.8345857858657837
2764,1.0,50.0,25.0,0.3,10000.0,43.0,0.9506733616193136
2765,1.0,50.0,25.0,0.5,0.0,33.0,0.8552945256233215
2766,1.0,50.0,25.0,0.5,10.0,50.0,0.8415404955546061
2767,1.0,50.0,25.0,0.5,100.0,61.0,0.7523419062296549
2768,1.0,50.0,25.0,0.5,1000.0,33.0,0.847089429696401
2769,1.0,50.0,25.0,0.5,10000.0,38.0,0.7828381657600403
2770,1.0,50.0,25.0,0.7,0.0,45.0,0.9296775062878927
2771,1.0,50.0,25.0,0.7,10.0,37.0,0.969315230846405
2772,1.0,50.0,25.0,0.7,100.0,62.0,0.8013411362965902
2773,1.0,50.0,25.0,0.7,1000.0,42.0,0.9235234260559082
2774,1.0,50.0,25.0,0.7,10000.0,36.0,0.8948003053665161
2775,1.0,50.0,30.0,0.3,0.0,42.0,0.762704869111379
2776,1.0,50.0,30.0,0.3,10.0,47.0,0.9027330279350281
2777,1.0,50.0,30.0,0.3,100.0,37.0,0.8601574500401815
2778,1.0,50.0,30.0,0.3,1000.0,39.0,0.9002813498179117
2779,1.0,50.0,30.0,0.3,10000.0,32.0,0.8693425059318542
2780,1.0,50.0,30.0,0.5,0.0,27.0,0.8651488224665324
2781,1.0,50.0,30.0,0.5,10.0,79.0,0.7741834024588267
2782,1.0,50.0,30.0,0.5,100.0,39.0,0.9341310858726501
2783,1.0,50.0,30.0,0.5,1000.0,43.0,0.9445478518803915
2784,1.0,50.0,30.0,0.5,10000.0,35.0,0.8336760997772217
2785,1.0,50.0,30.0,0.7,0.0,43.0,0.7918789287408193
2786,1.0,50.0,30.0,0.7,10.0,54.0,0.815518856048584
2787,1.0,50.0,30.0,0.7,100.0,36.0,0.8959231376647949
2788,1.0,50.0,30.0,0.7,1000.0,44.0,0.9183503190676371
2789,1.0,50.0,30.0,0.7,10000.0,24.0,0.8440418243408203
2790,1.0,50.0,35.0,0.3,0.0,28.0,0.8689469297726949
2791,1.0,50.0,35.0,0.3,10.0,39.0,0.8217504421869913
2792,1.0,50.0,35.0,0.3,100.0,36.0,0.904257575670878
2793,1.0,50.0,35.0,0.3,1000.0,29.0,0.8890728751818339
2794,1.0,50.0,35.0,0.3,10000.0,55.0,0.7854024966557821
2795,1.0,50.0,35.0,0.5,0.0,40.0,0.8900863925615946
2796,1.0,50.0,35.0,0.5,10.0,52.0,0.9228956500689188
2797,1.0,50.0,35.0,0.5,100.0,66.0,0.8882510463396708
2798,1.0,50.0,35.0,0.5,1000.0,30.0,0.8931896487871805
2799,1.0,50.0,35.0,0.5,10000.0,51.0,0.7823972900708517
2800,1.0,50.0,35.0,0.7,0.0,44.0,0.9058771928151449
2801,1.0,50.0,35.0,0.7,10.0,35.0,0.8917644818623861
2802,1.0,50.0,35.0,0.7,100.0,44.0,0.8515045444170634
2803,1.0,50.0,35.0,0.7,1000.0,39.0,0.8379529317220052
2804,1.0,50.0,35.0,0.7,10000.0,42.0,0.791417678197225
2805,1.0,50.0,40.0,0.3,0.0,25.0,0.9457587599754333
2806,1.0,50.0,40.0,0.3,10.0,51.0,0.7664646108945211
2807,1.0,50.0,40.0,0.3,100.0,40.0,0.7988446354866028
2808,1.0,50.0,40.0,0.3,1000.0,35.0,0.8874354163805643
2809,1.0,50.0,40.0,0.3,10000.0,38.0,0.8449132045110067
2810,1.0,50.0,40.0,0.5,0.0,28.0,0.8649422327677408
2811,1.0,50.0,40.0,0.5,10.0,46.0,0.9190625747044882
2812,1.0,50.0,40.0,0.5,100.0,45.0,0.9524033665657043
2813,1.0,50.0,40.0,0.5,1000.0,30.0,0.9496443669001261
2814,1.0,50.0,40.0,0.5,10000.0,42.0,0.9397088289260864
2815,1.0,50.0,40.0,0.7,0.0,46.0,0.9061625401178995
2816,1.0,50.0,40.0,0.7,10.0,44.0,0.9598822991053263
2817,1.0,50.0,40.0,0.7,100.0,45.0,0.8668775757153829
2818,1.0,50.0,40.0,0.7,1000.0,38.0,0.8322299122810364
2819,1.0,50.0,40.0,0.7,10000.0,39.0,0.9279539585113525
2820,1.0,50.0,45.0,0.3,0.0,36.0,0.936643918355306
2821,1.0,50.0,45.0,0.3,10.0,32.0,0.7826607426007589
2822,1.0,50.0,45.0,0.3,100.0,39.0,0.8407566150029501
2823,1.0,50.0,45.0,0.3,1000.0,36.0,0.9462602535883585
2824,1.0,50.0,45.0,0.3,10000.0,29.0,0.9393145640691122
2825,1.0,50.0,45.0,0.5,0.0,31.0,0.9221181670824686
2826,1.0,50.0,45.0,0.5,10.0,32.0,0.8260667125384012
2827,1.0,50.0,45.0,0.5,100.0,44.0,0.917446513970693
2828,1.0,50.0,45.0,0.5,1000.0,42.0,0.8749611377716064
2829,1.0,50.0,45.0,0.5,10000.0,38.0,0.9149273633956909
2830,1.0,50.0,45.0,0.7,0.0,37.0,0.7696304221947988
2831,1.0,50.0,45.0,0.7,10.0,42.0,0.8749469916025797
2832,1.0,50.0,45.0,0.7,100.0,50.0,0.8266230622927347
2833,1.0,50.0,45.0,0.7,1000.0,42.0,0.9183665712674459
2834,1.0,50.0,45.0,0.7,10000.0,43.0,0.8773493766784668
2835,1.0,50.0,50.0,0.3,0.0,41.0,0.8536365826924642
2836,1.0,50.0,50.0,0.3,10.0,46.0,0.7828866640726725
2837,1.0,50.0,50.0,0.3,100.0,30.0,0.8733678062756857
2838,1.0,50.0,50.0,0.3,1000.0,40.0,0.7514274517695109
2839,1.0,50.0,50.0,0.3,10000.0,41.0,0.895494262377421
2840,1.0,50.0,50.0,0.5,0.0,27.0,0.8685458302497864
2841,1.0,50.0,50.0,0.5,10.0,34.0,0.8174460331598917
2842,1.0,50.0,50.0,0.5,100.0,35.0,0.7766883770624796
2843,1.0,50.0,50.0,0.5,1000.0,37.0,0.891707162062327
2844,1.0,50.0,50.0,0.5,10000.0,37.0,0.8880413770675659
2845,1.0,50.0,50.0,0.7,0.0,51.0,0.8735440770785013
2846,1.0,50.0,50.0,0.7,10.0,36.0,0.8855222860972086
2847,1.0,50.0,50.0,0.7,100.0,51.0,0.8616039554278055
2848,1.0,50.0,50.0,0.7,1000.0,30.0,0.9193899830182394
2849,1.0,50.0,50.0,0.7,10000.0,53.0,0.9828462998072306
2850,2.0,50.0,5.0,0.3,0.0,41.0,0.8346304694811503
2851,2.0,50.0,5.0,0.3,10.0,58.0,0.8325602014859518
2852,2.0,50.0,5.0,0.3,100.0,60.0,0.8785942395528158
2853,2.0,50.0,5.0,0.3,1000.0,31.0,1.0491058230400085
2854,2.0,50.0,5.0,0.3,10000.0,36.0,0.8627413312594095
2855,2.0,50.0,5.0,0.5,0.0,38.0,0.8939379453659058
2856,2.0,50.0,5.0,0.5,10.0,46.0,0.9146785934766134
2857,2.0,50.0,5.0,0.5,100.0,28.0,0.8904973665873209
2858,2.0,50.0,5.0,0.5,1000.0,31.0,0.9652223984400431
2859,2.0,50.0,5.0,0.5,10000.0,33.0,0.9695950349171957
2860,2.0,50.0,5.0,0.7,0.0,48.0,0.8822730978329977
2861,2.0,50.0,5.0,0.7,10.0,54.0,0.8680625160535177
2862,2.0,50.0,5.0,0.7,100.0,36.0,0.9295004606246948
2863,2.0,50.0,5.0,0.7,1000.0,33.0,0.9106816053390503
2864,2.0,50.0,5.0,0.7,10000.0,34.0,0.8958909114201864
2865,2.0,50.0,10.0,0.3,0.0,35.0,0.9276082913080851
2866,2.0,50.0,10.0,0.3,10.0,43.0,0.8731876413027445
2867,2.0,50.0,10.0,0.3,100.0,52.0,0.9565316438674927
2868,2.0,50.0,10.0,0.3,1000.0,32.0,0.9123008648554484
2869,2.0,50.0,10.0,0.3,10000.0,46.0,0.7936303416887919
2870,2.0,50.0,10.0,0.5,0.0,35.0,0.9077027837435404
2871,2.0,50.0,10.0,0.5,10.0,45.0,0.9141857624053955
2872,2.0,50.0,10.0,0.5,100.0,50.0,0.8961655298868815
2873,2.0,50.0,10.0,0.5,1000.0,32.0,1.113252619902293
2874,2.0,50.0,10.0,0.5,10000.0,35.0,0.8271987239519755
2875,2.0,50.0,10.0,0.7,0.0,35.0,0.9291314681371053
2876,2.0,50.0,10.0,0.7,10.0,36.0,1.0766786734263103
2877,2.0,50.0,10.0,0.7,100.0,17.0,1.0984689791997273
2878,2.0,50.0,10.0,0.7,1000.0,31.0,0.9886440833409628
2879,2.0,50.0,10.0,0.7,10000.0,37.0,0.863757054011027
2880,2.0,50.0,15.0,0.3,0.0,52.0,0.7629297971725464
2881,2.0,50.0,15.0,0.3,10.0,38.0,0.8747272888819376
2882,2.0,50.0,15.0,0.3,100.0,29.0,0.8190684914588928
2883,2.0,50.0,15.0,0.3,1000.0,41.0,0.8737034201622009
2884,2.0,50.0,15.0,0.3,10000.0,30.0,0.8342600067456564
2885,2.0,50.0,15.0,0.5,0.0,44.0,0.785975992679596
2886,2.0,50.0,15.0,0.5,10.0,38.0,0.8374141256014506
2887,2.0,50.0,15.0,0.5,100.0,34.0,0.9253902633984884
2888,2.0,50.0,15.0,0.5,1000.0,32.0,0.9171447157859802
2889,2.0,50.0,15.0,0.5,10000.0,27.0,0.8068406780560812
2890,2.0,50.0,15.0,0.7,0.0,37.0,0.832525352636973
2891,2.0,50.0,15.0,0.7,10.0,40.0,0.8504693309466044
2892,2.0,50.0,15.0,0.7,100.0,26.0,0.8999071717262268
2893,2.0,50.0,15.0,0.7,1000.0,34.0,0.9077856739362081
2894,2.0,50.0,15.0,0.7,10000.0,34.0,0.8109763463338217
2895,2.0,50.0,20.0,0.3,0.0,63.0,0.737645705540975
2896,2.0,50.0,20.0,0.3,10.0,40.0,0.8508882721265157
2897,2.0,50.0,20.0,0.3,100.0,38.0,0.8911749124526978
2898,2.0,50.0,20.0,0.3,1000.0,45.0,0.8977071444193522
2899,2.0,50.0,20.0,0.3,10000.0,30.0,0.864912211894989
2900,2.0,50.0,20.0,0.5,0.0,35.0,0.8029409845670065
2901,2.0,50.0,20.0,0.5,10.0,43.0,0.7839245994885763
2902,2.0,50.0,20.0,0.5,100.0,28.0,0.8146036068598429
2903,2.0,50.0,20.0,0.5,1000.0,47.0,0.8441625634829203
2904,2.0,50.0,20.0,0.5,10000.0,28.0,0.8394656976064047
2905,2.0,50.0,20.0,0.7,0.0,41.0,0.9101696411768595
2906,2.0,50.0,20.0,0.7,10.0,65.0,0.7641779780387878
2907,2.0,50.0,20.0,0.7,100.0,46.0,0.9086854656537374
2908,2.0,50.0,20.0,0.7,1000.0,46.0,0.8308370510737101
2909,2.0,50.0,20.0,0.7,10000.0,27.0,0.8346867760022482
2910,2.0,50.0,25.0,0.3,0.0,40.0,0.7913424372673035
2911,2.0,50.0,25.0,0.3,10.0,31.0,0.9002460837364197
2912,2.0,50.0,25.0,0.3,100.0,37.0,0.8789634704589844
2913,2.0,50.0,25.0,0.3,1000.0,42.0,0.7613245050112406
2914,2.0,50.0,25.0,0.3,10000.0,33.0,0.7943307558695475
2915,2.0,50.0,25.0,0.5,0.0,55.0,0.8740074038505554
2916,2.0,50.0,25.0,0.5,10.0,31.0,0.8977391719818115
2917,2.0,50.0,25.0,0.5,100.0,29.0,0.8269829750061035
2918,2.0,50.0,25.0,0.5,1000.0,32.0,0.8216960628827413
2919,2.0,50.0,25.0,0.5,10000.0,34.0,0.785067061583201
2920,2.0,50.0,25.0,0.7,0.0,45.0,0.7926835020383199
2921,2.0,50.0,25.0,0.7,10.0,53.0,0.9379156430562338
2922,2.0,50.0,25.0,0.7,100.0,31.0,0.8644119302431742
2923,2.0,50.0,25.0,0.7,1000.0,26.0,0.8916807373364767
2924,2.0,50.0,25.0,0.7,10000.0,30.0,1.0933035810788472
2925,2.0,50.0,30.0,0.3,0.0,53.0,0.838700552781423
2926,2.0,50.0,30.0,0.3,10.0,32.0,1.0527373154958088
2927,2.0,50.0,30.0,0.3,100.0,34.0,0.7892747521400452
2928,2.0,50.0,30.0,0.3,1000.0,31.0,0.8112384875615438
2929,2.0,50.0,30.0,0.3,10000.0,33.0,1.016904850800832
2930,2.0,50.0,30.0,0.5,0.0,42.0,0.8058040340741476
2931,2.0,50.0,30.0,0.5,10.0,46.0,0.791724443435669
2932,2.0,50.0,30.0,0.5,100.0,37.0,0.8668879866600037
2933,2.0,50.0,30.0,0.5,1000.0,38.0,0.7501744826634725
2934,2.0,50.0,30.0,0.5,10000.0,32.0,0.8200884660085043
2935,2.0,50.0,30.0,0.7,0.0,33.0,0.8072710434595743
2936,2.0,50.0,30.0,0.7,10.0,36.0,0.9002943436304728
2937,2.0,50.0,30.0,0.7,100.0,32.0,0.7912903229395548
2938,2.0,50.0,30.0,0.7,1000.0,35.0,0.7764391899108887
2939,2.0,50.0,30.0,0.7,10000.0,38.0,0.9165178934733073
2940,2.0,50.0,35.0,0.3,0.0,49.0,0.8965011835098267
2941,2.0,50.0,35.0,0.3,10.0,33.0,0.7825984954833984
2942,2.0,50.0,35.0,0.3,100.0,51.0,0.8703337709108988
2943,2.0,50.0,35.0,0.3,1000.0,41.0,0.7826506495475769
2944,2.0,50.0,35.0,0.3,10000.0,30.0,0.9350044926007589
2945,2.0,50.0,35.0,0.5,0.0,36.0,0.8548503319422404
2946,2.0,50.0,35.0,0.5,10.0,45.0,0.902329166730245
2947,2.0,50.0,35.0,0.5,100.0,41.0,0.7924840450286865
2948,2.0,50.0,35.0,0.5,1000.0,29.0,0.8851510087649027
2949,2.0,50.0,35.0,0.5,10000.0,33.0,0.8108834624290466
2950,2.0,50.0,35.0,0.7,0.0,43.0,0.8406451344490051
2951,2.0,50.0,35.0,0.7,10.0,36.0,0.8899890979131063
2952,2.0,50.0,35.0,0.7,100.0,31.0,0.8049482305844625
2953,2.0,50.0,35.0,0.7,1000.0,34.0,0.9674949645996094
2954,2.0,50.0,35.0,0.7,10000.0,37.0,0.8507848580678304
2955,2.0,50.0,40.0,0.3,0.0,47.0,0.9243701100349426
2956,2.0,50.0,40.0,0.3,10.0,45.0,0.8489799896876017
2957,2.0,50.0,40.0,0.3,100.0,37.0,0.8731066981951395
2958,2.0,50.0,40.0,0.3,1000.0,41.0,0.8800642490386963
2959,2.0,50.0,40.0,0.3,10000.0,29.0,0.9366121292114258
2960,2.0,50.0,40.0,0.5,0.0,57.0,0.7785238822301229
2961,2.0,50.0,40.0,0.5,10.0,41.0,0.7717793385187784
2962,2.0,50.0,40.0,0.5,100.0,32.0,0.8403200308481852
2963,2.0,50.0,40.0,0.5,1000.0,50.0,0.8221956690152487
2964,2.0,50.0,40.0,0.5,10000.0,34.0,0.804255485534668
2965,2.0,50.0,40.0,0.7,0.0,36.0,0.8752841750780741
2966,2.0,50.0,40.0,0.7,10.0,43.0,0.789462169011434
2967,2.0,50.0,40.0,0.7,100.0,43.0,0.9034274419148763
2968,2.0,50.0,40.0,0.7,1000.0,41.0,0.9132515788078308
2969,2.0,50.0,40.0,0.7,10000.0,27.0,0.9271162549654642
2970,2.0,50.0,45.0,0.3,0.0,33.0,0.7717212438583374
2971,2.0,50.0,45.0,0.3,10.0,45.0,0.8821515043576559
2972,2.0,50.0,45.0,0.3,100.0,52.0,0.7561335563659668
2973,2.0,50.0,45.0,0.3,1000.0,37.0,0.7818766633669535
2974,2.0,50.0,45.0,0.3,10000.0,32.0,0.886209766070048
2975,2.0,50.0,45.0,0.5,0.0,35.0,0.7476171255111694
2976,2.0,50.0,45.0,0.5,10.0,31.0,0.8926743666330973
2977,2.0,50.0,45.0,0.5,100.0,46.0,0.9148785471916199
2978,2.0,50.0,45.0,0.5,1000.0,46.0,0.8117286960283915
2979,2.0,50.0,45.0,0.5,10000.0,30.0,0.8708620468775431
2980,2.0,50.0,45.0,0.7,0.0,37.0,0.7905509869257609
2981,2.0,50.0,45.0,0.7,10.0,48.0,0.8496888875961304
2982,2.0,50.0,45.0,0.7,100.0,49.0,0.863391270240148
2983,2.0,50.0,45.0,0.7,1000.0,42.0,0.8101303180058798
2984,2.0,50.0,45.0,0.7,10000.0,39.0,0.794896403948466
2985,2.0,50.0,50.0,0.3,0.0,53.0,0.8150805433591207
2986,2.0,50.0,50.0,0.3,10.0,42.0,0.8633722066879272
2987,2.0,50.0,50.0,0.3,100.0,39.0,0.7518774469693502
2988,2.0,50.0,50.0,0.3,1000.0,36.0,0.7696042656898499
2989,2.0,50.0,50.0,0.3,10000.0,31.0,0.85791544119517
2990,2.0,50.0,50.0,0.5,0.0,38.0,0.800702432791392
2991,2.0,50.0,50.0,0.5,10.0,34.0,0.8944155971209208
2992,2.0,50.0,50.0,0.5,100.0,35.0,0.8269777496655782
2993,2.0,50.0,50.0,0.5,1000.0,34.0,0.817209521929423
2994,2.0,50.0,50.0,0.5,10000.0,54.0,0.7275094191233317
2995,2.0,50.0,50.0,0.7,0.0,31.0,0.8831127683321635
2996,2.0,50.0,50.0,0.7,10.0,35.0,0.8754247228304545
2997,2.0,50.0,50.0,0.7,100.0,42.0,0.7902429501215616
2998,2.0,50.0,50.0,0.7,1000.0,27.0,0.9179143706957499
2999,2.0,50.0,50.0,0.7,10000.0,31.0,0.9175183971722921
