,num_layers,hidden1,hidden2,dropout,random_seed,epochs_trained,val_error
0,1.0,5.0,5.0,0.3,0.0,11.0,0.983752171198527
1,1.0,5.0,5.0,0.3,10.0,11.0,0.9806778430938721
2,1.0,5.0,5.0,0.3,100.0,157.0,0.500598669052124
3,1.0,5.0,5.0,0.3,1000.0,11.0,0.9714928865432739
4,1.0,5.0,5.0,0.3,10000.0,133.0,0.5680154263973236
5,1.0,5.0,5.0,0.5,0.0,11.0,0.9817310770352682
6,1.0,5.0,5.0,0.5,10.0,11.0,0.9766687750816345
7,1.0,5.0,5.0,0.5,100.0,220.0,0.5112850268681844
8,1.0,5.0,5.0,0.5,1000.0,11.0,0.9668721755345663
9,1.0,5.0,5.0,0.5,10000.0,239.0,0.5889647305011749
10,1.0,5.0,5.0,0.7,0.0,11.0,0.9787538647651672
11,1.0,5.0,5.0,0.7,10.0,15.0,0.9747005899747213
12,1.0,5.0,5.0,0.7,100.0,223.0,0.6975400547186533
13,1.0,5.0,5.0,0.7,1000.0,11.0,0.964073657989502
14,1.0,5.0,5.0,0.7,10000.0,115.0,0.7457842230796814
15,1.0,5.0,10.0,0.3,0.0,11.0,0.987676997979482
16,1.0,5.0,10.0,0.3,10.0,264.0,0.4132899045944214
17,1.0,5.0,10.0,0.3,100.0,14.0,0.9776445825894674
18,1.0,5.0,10.0,0.3,1000.0,139.0,0.49708564082781476
19,1.0,5.0,10.0,0.3,10000.0,14.0,0.9801422754923502
20,1.0,5.0,10.0,0.5,0.0,11.0,0.9904415607452393
21,1.0,5.0,10.0,0.5,10.0,258.0,0.47598103682200116
22,1.0,5.0,10.0,0.5,100.0,15.0,0.9669303496678671
23,1.0,5.0,10.0,0.5,1000.0,108.0,0.5668084422747294
24,1.0,5.0,10.0,0.5,10000.0,14.0,0.9752579132715861
25,1.0,5.0,10.0,0.7,0.0,11.0,0.9930980404218038
26,1.0,5.0,10.0,0.7,10.0,268.0,0.6181244949499766
27,1.0,5.0,10.0,0.7,100.0,20.0,0.9634783069292704
28,1.0,5.0,10.0,0.7,1000.0,179.0,0.6120687425136566
29,1.0,5.0,10.0,0.7,10000.0,16.0,0.9697494506835938
30,1.0,5.0,15.0,0.3,0.0,13.0,0.9760762453079224
31,1.0,5.0,15.0,0.3,10.0,11.0,0.9705446362495422
32,1.0,5.0,15.0,0.3,100.0,11.0,0.9838396708170573
33,1.0,5.0,15.0,0.3,1000.0,17.0,0.976846178372701
34,1.0,5.0,15.0,0.3,10000.0,100.0,0.539885143438975
35,1.0,5.0,15.0,0.5,0.0,13.0,0.9696616530418396
36,1.0,5.0,15.0,0.5,10.0,11.0,0.9695522785186768
37,1.0,5.0,15.0,0.5,100.0,11.0,0.984087069829305
38,1.0,5.0,15.0,0.5,1000.0,17.0,0.9739119211832682
39,1.0,5.0,15.0,0.5,10000.0,145.0,0.5266031324863434
40,1.0,5.0,15.0,0.7,0.0,14.0,0.9638354182243347
41,1.0,5.0,15.0,0.7,10.0,11.0,0.968857983748118
42,1.0,5.0,15.0,0.7,100.0,11.0,0.9851163029670715
43,1.0,5.0,15.0,0.7,1000.0,17.0,0.9685784578323364
44,1.0,5.0,15.0,0.7,10000.0,12.0,0.9576399723688761
45,1.0,5.0,20.0,0.3,0.0,11.0,0.9848616321881613
46,1.0,5.0,20.0,0.3,10.0,12.0,0.9825540979703268
47,1.0,5.0,20.0,0.3,100.0,17.0,0.9893364906311035
48,1.0,5.0,20.0,0.3,1000.0,11.0,0.9741804798444113
49,1.0,5.0,20.0,0.3,10000.0,98.0,0.5368968347708384
50,1.0,5.0,20.0,0.5,0.0,11.0,0.9836450417836508
51,1.0,5.0,20.0,0.5,10.0,12.0,0.9801898002624512
52,1.0,5.0,20.0,0.5,100.0,234.0,0.4621926049391429
53,1.0,5.0,20.0,0.5,1000.0,11.0,0.9728308717409769
54,1.0,5.0,20.0,0.5,10000.0,76.0,0.5779906709988912
55,1.0,5.0,20.0,0.7,0.0,11.0,0.981868843237559
56,1.0,5.0,20.0,0.7,10.0,12.0,0.9753295580546061
57,1.0,5.0,20.0,0.7,100.0,279.0,0.5819085439046224
58,1.0,5.0,20.0,0.7,1000.0,14.0,0.9720783034960429
59,1.0,5.0,20.0,0.7,10000.0,82.0,0.6526690622170767
60,1.0,5.0,25.0,0.3,0.0,12.0,0.9858398040135702
61,1.0,5.0,25.0,0.3,10.0,11.0,0.9865670204162598
62,1.0,5.0,25.0,0.3,100.0,11.0,0.9875842134157816
63,1.0,5.0,25.0,0.3,1000.0,11.0,0.9760992129643759
64,1.0,5.0,25.0,0.3,10000.0,126.0,0.4857584635416667
65,1.0,5.0,25.0,0.5,0.0,12.0,0.9844027757644653
66,1.0,5.0,25.0,0.5,10.0,11.0,0.9859119455019633
67,1.0,5.0,25.0,0.5,100.0,11.0,0.9860692818959554
68,1.0,5.0,25.0,0.5,1000.0,11.0,0.9729049801826477
69,1.0,5.0,25.0,0.5,10000.0,98.0,0.5924293200174967
70,1.0,5.0,25.0,0.7,0.0,12.0,0.9799692432085673
71,1.0,5.0,25.0,0.7,10.0,11.0,0.9853648145993551
72,1.0,5.0,25.0,0.7,100.0,11.0,0.9824583530426025
73,1.0,5.0,25.0,0.7,1000.0,11.0,0.9716315070788065
74,1.0,5.0,25.0,0.7,10000.0,80.0,0.750714917977651
75,1.0,5.0,30.0,0.3,0.0,11.0,0.988140602906545
76,1.0,5.0,30.0,0.3,10.0,11.0,0.9779216647148132
77,1.0,5.0,30.0,0.3,100.0,11.0,0.9848782618840536
78,1.0,5.0,30.0,0.3,1000.0,15.0,0.9830158154169718
79,1.0,5.0,30.0,0.3,10000.0,64.0,0.5368927121162415
80,1.0,5.0,30.0,0.5,0.0,11.0,0.9871761997540792
81,1.0,5.0,30.0,0.5,10.0,11.0,0.9810510675112406
82,1.0,5.0,30.0,0.5,100.0,11.0,0.9826701879501343
83,1.0,5.0,30.0,0.5,1000.0,195.0,0.5134135882059733
84,1.0,5.0,30.0,0.5,10000.0,73.0,0.567898174126943
85,1.0,5.0,30.0,0.7,0.0,11.0,0.9837276140848795
86,1.0,5.0,30.0,0.7,10.0,11.0,0.9847743511199951
87,1.0,5.0,30.0,0.7,100.0,11.0,0.9773024519284567
88,1.0,5.0,30.0,0.7,1000.0,212.0,0.5958234767119089
89,1.0,5.0,30.0,0.7,10000.0,55.0,0.6779305736223856
90,1.0,5.0,35.0,0.3,0.0,13.0,0.9862804214159647
91,1.0,5.0,35.0,0.3,10.0,11.0,0.9810281991958618
92,1.0,5.0,35.0,0.3,100.0,11.0,0.9829131563504537
93,1.0,5.0,35.0,0.3,1000.0,189.0,0.4868984321753184
94,1.0,5.0,35.0,0.3,10000.0,127.0,0.4833908677101135
95,1.0,5.0,35.0,0.5,0.0,14.0,0.9834494789441427
96,1.0,5.0,35.0,0.5,10.0,11.0,0.9813777009646097
97,1.0,5.0,35.0,0.5,100.0,11.0,0.9821918606758118
98,1.0,5.0,35.0,0.5,1000.0,191.0,0.4934082130591075
99,1.0,5.0,35.0,0.5,10000.0,150.0,0.4868705173333486
100,1.0,5.0,35.0,0.7,0.0,14.0,0.9854834874471029
101,1.0,5.0,35.0,0.7,10.0,11.0,0.9844008088111877
102,1.0,5.0,35.0,0.7,100.0,11.0,0.9786938031514486
103,1.0,5.0,35.0,0.7,1000.0,192.0,0.5583045780658722
104,1.0,5.0,35.0,0.7,10000.0,104.0,0.6576214532057444
105,1.0,5.0,40.0,0.3,0.0,64.0,0.7167855799198151
106,1.0,5.0,40.0,0.3,10.0,253.0,0.4655385414759318
107,1.0,5.0,40.0,0.3,100.0,16.0,0.9836785594622294
108,1.0,5.0,40.0,0.3,1000.0,11.0,0.9852562149365743
109,1.0,5.0,40.0,0.3,10000.0,92.0,0.42948081096013385
110,1.0,5.0,40.0,0.5,0.0,17.0,0.9855732520421346
111,1.0,5.0,40.0,0.5,10.0,16.0,0.9846893350283304
112,1.0,5.0,40.0,0.5,100.0,16.0,0.9860397974650065
113,1.0,5.0,40.0,0.5,1000.0,11.0,0.9843449592590332
114,1.0,5.0,40.0,0.5,10000.0,129.0,0.5654760301113129
115,1.0,5.0,40.0,0.7,0.0,250.0,0.63355553150177
116,1.0,5.0,40.0,0.7,10.0,16.0,0.9887928366661072
117,1.0,5.0,40.0,0.7,100.0,17.0,0.9909745852152506
118,1.0,5.0,40.0,0.7,1000.0,11.0,0.9829227725664774
119,1.0,5.0,40.0,0.7,10000.0,105.0,0.6722094317277273
120,1.0,5.0,45.0,0.3,0.0,11.0,0.9874892433484396
121,1.0,5.0,45.0,0.3,10.0,11.0,0.9798895716667175
122,1.0,5.0,45.0,0.3,100.0,11.0,0.9874780972798666
123,1.0,5.0,45.0,0.3,1000.0,125.0,0.6131514410177866
124,1.0,5.0,45.0,0.3,10000.0,81.0,0.47364191214243573
125,1.0,5.0,45.0,0.5,0.0,11.0,0.9864089091618856
126,1.0,5.0,45.0,0.5,10.0,11.0,0.9790637890497843
127,1.0,5.0,45.0,0.5,100.0,11.0,0.9844564000765482
128,1.0,5.0,45.0,0.5,1000.0,241.0,0.4689978261788686
129,1.0,5.0,45.0,0.5,10000.0,100.0,0.48739004135131836
130,1.0,5.0,45.0,0.7,0.0,11.0,0.9827443361282349
131,1.0,5.0,45.0,0.7,10.0,11.0,0.9770215551058451
132,1.0,5.0,45.0,0.7,100.0,12.0,0.9818365971247355
133,1.0,5.0,45.0,0.7,1000.0,13.0,0.9807540575663248
134,1.0,5.0,45.0,0.7,10000.0,32.0,0.9872087240219116
135,1.0,5.0,50.0,0.3,0.0,11.0,0.9841173688570658
136,1.0,5.0,50.0,0.3,10.0,183.0,0.46739720304807025
137,1.0,5.0,50.0,0.3,100.0,13.0,0.9899272322654724
138,1.0,5.0,50.0,0.3,1000.0,118.0,0.518552323182424
139,1.0,5.0,50.0,0.3,10000.0,11.0,0.9812272191047668
140,1.0,5.0,50.0,0.5,0.0,11.0,0.9832771023114523
141,1.0,5.0,50.0,0.5,10.0,153.0,0.5151239037513733
142,1.0,5.0,50.0,0.5,100.0,13.0,0.9955314993858337
143,1.0,5.0,50.0,0.5,1000.0,162.0,0.5223315358161926
144,1.0,5.0,50.0,0.5,10000.0,12.0,0.9795096715291342
145,1.0,5.0,50.0,0.7,0.0,11.0,0.9802708029747009
146,1.0,5.0,50.0,0.7,10.0,153.0,0.6819410721460978
147,1.0,5.0,50.0,0.7,100.0,189.0,0.7981522977352142
148,1.0,5.0,50.0,0.7,1000.0,206.0,0.6030594805876414
149,1.0,5.0,50.0,0.7,10000.0,12.0,0.9753734668095907
150,2.0,5.0,5.0,0.3,0.0,68.0,0.7685753703117371
151,2.0,5.0,5.0,0.3,10.0,213.0,0.7098984320958456
152,2.0,5.0,5.0,0.3,100.0,99.0,0.7392113904158274
153,2.0,5.0,5.0,0.3,1000.0,11.0,0.9735623796780905
154,2.0,5.0,5.0,0.3,10000.0,60.0,0.5925885637601217
155,2.0,5.0,5.0,0.5,0.0,175.0,0.594363143046697
156,2.0,5.0,5.0,0.5,10.0,202.0,0.7796343763669332
157,2.0,5.0,5.0,0.5,100.0,300.0,0.5809053679307302
158,2.0,5.0,5.0,0.5,1000.0,11.0,0.9693777362505595
159,2.0,5.0,5.0,0.5,10000.0,75.0,0.6205420593420664
160,2.0,5.0,5.0,0.7,0.0,124.0,0.7585786581039429
161,2.0,5.0,5.0,0.7,10.0,131.0,0.9251885811487833
162,2.0,5.0,5.0,0.7,100.0,277.0,0.7138236463069916
163,2.0,5.0,5.0,0.7,1000.0,11.0,0.9656598766644796
164,2.0,5.0,5.0,0.7,10000.0,81.0,0.7226771811644236
165,2.0,5.0,10.0,0.3,0.0,144.0,0.4392753789822261
166,2.0,5.0,10.0,0.3,10.0,80.0,0.633244643608729
167,2.0,5.0,10.0,0.3,100.0,11.0,0.9803041021029154
168,2.0,5.0,10.0,0.3,1000.0,11.0,0.9755061467488607
169,2.0,5.0,10.0,0.3,10000.0,117.0,0.47462799151738483
170,2.0,5.0,10.0,0.5,0.0,174.0,0.4442950089772542
171,2.0,5.0,10.0,0.5,10.0,74.0,0.6894234816233317
172,2.0,5.0,10.0,0.5,100.0,11.0,0.9773918986320496
173,2.0,5.0,10.0,0.5,1000.0,11.0,0.9708649317423502
174,2.0,5.0,10.0,0.5,10000.0,11.0,0.9855225682258606
175,2.0,5.0,10.0,0.7,0.0,165.0,0.6609136462211609
176,2.0,5.0,10.0,0.7,10.0,73.0,0.7176254391670227
177,2.0,5.0,10.0,0.7,100.0,11.0,0.9747349222501119
178,2.0,5.0,10.0,0.7,1000.0,11.0,0.9676739573478699
179,2.0,5.0,10.0,0.7,10000.0,11.0,0.9950095017751058
180,2.0,5.0,15.0,0.3,0.0,114.0,0.554914673169454
181,2.0,5.0,15.0,0.3,10.0,84.0,0.609414130449295
182,2.0,5.0,15.0,0.3,100.0,14.0,0.9804797172546387
183,2.0,5.0,15.0,0.3,1000.0,11.0,0.9771191477775574
184,2.0,5.0,15.0,0.3,10000.0,75.0,0.5741729040940603
185,2.0,5.0,15.0,0.5,0.0,261.0,0.49198954304059345
186,2.0,5.0,15.0,0.5,10.0,112.0,0.5898467699686686
187,2.0,5.0,15.0,0.5,100.0,14.0,0.9740293622016907
188,2.0,5.0,15.0,0.5,1000.0,11.0,0.9772019982337952
189,2.0,5.0,15.0,0.5,10000.0,73.0,0.6021244923273722
190,2.0,5.0,15.0,0.7,0.0,84.0,0.6801489392916361
191,2.0,5.0,15.0,0.7,10.0,76.0,0.6866067151228586
192,2.0,5.0,15.0,0.7,100.0,15.0,0.9696948329607645
193,2.0,5.0,15.0,0.7,1000.0,11.0,0.9774323503176371
194,2.0,5.0,15.0,0.7,10000.0,11.0,0.9768972794214884
195,2.0,5.0,20.0,0.3,0.0,107.0,0.5651984314123789
196,2.0,5.0,20.0,0.3,10.0,93.0,0.6213416953881582
197,2.0,5.0,20.0,0.3,100.0,185.0,0.4850344310204188
198,2.0,5.0,20.0,0.3,1000.0,12.0,0.9785013000170389
199,2.0,5.0,20.0,0.3,10000.0,116.0,0.44018006324768066
200,2.0,5.0,20.0,0.5,0.0,126.0,0.5397897064685822
201,2.0,5.0,20.0,0.5,10.0,102.0,0.573717067639033
202,2.0,5.0,20.0,0.5,100.0,95.0,0.5874433517456055
203,2.0,5.0,20.0,0.5,1000.0,12.0,0.9743682940800985
204,2.0,5.0,20.0,0.5,10000.0,125.0,0.448620210091273
205,2.0,5.0,20.0,0.7,0.0,128.0,0.5916924973328909
206,2.0,5.0,20.0,0.7,10.0,107.0,0.656058152516683
207,2.0,5.0,20.0,0.7,100.0,182.0,0.5623652040958405
208,2.0,5.0,20.0,0.7,1000.0,13.0,0.9697396755218506
209,2.0,5.0,20.0,0.7,10000.0,122.0,0.5343222618103027
210,2.0,5.0,25.0,0.3,0.0,11.0,0.9759702285130819
211,2.0,5.0,25.0,0.3,10.0,11.0,0.9788555900255839
212,2.0,5.0,25.0,0.3,100.0,11.0,0.980146328608195
213,2.0,5.0,25.0,0.3,1000.0,11.0,0.9788863857587179
214,2.0,5.0,25.0,0.3,10000.0,55.0,0.5886462479829788
215,2.0,5.0,25.0,0.5,0.0,11.0,0.9731649160385132
216,2.0,5.0,25.0,0.5,10.0,11.0,0.9790788292884827
217,2.0,5.0,25.0,0.5,100.0,11.0,0.9797744353612264
218,2.0,5.0,25.0,0.5,1000.0,11.0,0.9767741560935974
219,2.0,5.0,25.0,0.5,10000.0,67.0,0.5810267130533854
220,2.0,5.0,25.0,0.7,0.0,11.0,0.9708022475242615
221,2.0,5.0,25.0,0.7,10.0,11.0,0.9789290428161621
222,2.0,5.0,25.0,0.7,100.0,11.0,0.9779236316680908
223,2.0,5.0,25.0,0.7,1000.0,11.0,0.973612904548645
224,2.0,5.0,25.0,0.7,10000.0,11.0,0.9598406950632731
225,2.0,5.0,30.0,0.3,0.0,240.0,0.399169127146403
226,2.0,5.0,30.0,0.3,10.0,12.0,0.9794709285100301
227,2.0,5.0,30.0,0.3,100.0,91.0,0.6091605921586355
228,2.0,5.0,30.0,0.3,1000.0,12.0,0.9693028529485067
229,2.0,5.0,30.0,0.3,10000.0,34.0,0.6326074699560801
230,2.0,5.0,30.0,0.5,0.0,113.0,0.5088952978452047
231,2.0,5.0,30.0,0.5,10.0,12.0,0.9784659147262573
232,2.0,5.0,30.0,0.5,100.0,56.0,0.6494540572166443
233,2.0,5.0,30.0,0.5,1000.0,12.0,0.9693714380264282
234,2.0,5.0,30.0,0.5,10000.0,70.0,0.5988258918126425
235,2.0,5.0,30.0,0.7,0.0,166.0,0.5683864653110504
236,2.0,5.0,30.0,0.7,10.0,12.0,0.9771160880724589
237,2.0,5.0,30.0,0.7,100.0,60.0,0.7027167876561483
238,2.0,5.0,30.0,0.7,1000.0,12.0,0.9681690533955892
239,2.0,5.0,30.0,0.7,10000.0,87.0,0.6558205286661783
240,2.0,5.0,35.0,0.3,0.0,11.0,0.9718723297119141
241,2.0,5.0,35.0,0.3,10.0,119.0,0.4895492692788442
242,2.0,5.0,35.0,0.3,100.0,15.0,0.9821161429087321
243,2.0,5.0,35.0,0.3,1000.0,17.0,0.9822125434875488
244,2.0,5.0,35.0,0.3,10000.0,49.0,0.6175930301348368
245,2.0,5.0,35.0,0.5,0.0,165.0,0.47124066948890686
246,2.0,5.0,35.0,0.5,10.0,84.0,0.5663308799266815
247,2.0,5.0,35.0,0.5,100.0,16.0,0.980315625667572
248,2.0,5.0,35.0,0.5,1000.0,17.0,0.983203132947286
249,2.0,5.0,35.0,0.5,10000.0,63.0,0.6027151445547739
250,2.0,5.0,35.0,0.7,0.0,12.0,0.9736109773317972
251,2.0,5.0,35.0,0.7,10.0,89.0,0.6328052083651224
252,2.0,5.0,35.0,0.7,100.0,175.0,0.5650205810864767
253,2.0,5.0,35.0,0.7,1000.0,137.0,0.5940790871779124
254,2.0,5.0,35.0,0.7,10000.0,61.0,0.6473025778929392
255,2.0,5.0,40.0,0.3,0.0,143.0,0.4755803197622299
256,2.0,5.0,40.0,0.3,10.0,11.0,0.9806186358133951
257,2.0,5.0,40.0,0.3,100.0,11.0,0.9714911381403605
258,2.0,5.0,40.0,0.3,1000.0,11.0,0.9793018698692322
259,2.0,5.0,40.0,0.3,10000.0,126.0,0.48201728363831836
260,2.0,5.0,40.0,0.5,0.0,121.0,0.539302259683609
261,2.0,5.0,40.0,0.5,10.0,11.0,0.979520320892334
262,2.0,5.0,40.0,0.5,100.0,11.0,0.9721836646397909
263,2.0,5.0,40.0,0.5,1000.0,11.0,0.9785790046056112
264,2.0,5.0,40.0,0.5,10000.0,89.0,0.5459115902582804
265,2.0,5.0,40.0,0.7,0.0,128.0,0.6293802559375763
266,2.0,5.0,40.0,0.7,10.0,11.0,0.9792260726292928
267,2.0,5.0,40.0,0.7,100.0,11.0,0.9755050738652548
268,2.0,5.0,40.0,0.7,1000.0,11.0,0.9788546164830526
269,2.0,5.0,40.0,0.7,10000.0,84.0,0.6394077241420746
270,2.0,5.0,45.0,0.3,0.0,11.0,0.9788951873779297
271,2.0,5.0,45.0,0.3,10.0,81.0,0.528142104546229
272,2.0,5.0,45.0,0.3,100.0,11.0,0.9764125148455302
273,2.0,5.0,45.0,0.3,1000.0,13.0,0.9799050887425741
274,2.0,5.0,45.0,0.3,10000.0,69.0,0.5833825320005417
275,2.0,5.0,45.0,0.5,0.0,11.0,0.9774915178616842
276,2.0,5.0,45.0,0.5,10.0,79.0,0.5751824776331583
277,2.0,5.0,45.0,0.5,100.0,11.0,0.9777474204699198
278,2.0,5.0,45.0,0.5,1000.0,14.0,0.978998045126597
279,2.0,5.0,45.0,0.5,10000.0,65.0,0.5736834108829498
280,2.0,5.0,45.0,0.7,0.0,11.0,0.9749409159024557
281,2.0,5.0,45.0,0.7,10.0,91.0,0.663642962773641
282,2.0,5.0,45.0,0.7,100.0,11.0,0.9781612952550253
283,2.0,5.0,45.0,0.7,1000.0,16.0,0.9771554668744405
284,2.0,5.0,45.0,0.7,10000.0,11.0,0.9732140898704529
285,2.0,5.0,50.0,0.3,0.0,11.0,0.9803431232770284
286,2.0,5.0,50.0,0.3,10.0,220.0,0.5005239794651667
287,2.0,5.0,50.0,0.3,100.0,11.0,0.9799639781316122
288,2.0,5.0,50.0,0.3,1000.0,14.0,0.9824605385462443
289,2.0,5.0,50.0,0.3,10000.0,11.0,0.978823165098826
290,2.0,5.0,50.0,0.5,0.0,11.0,0.9794137477874756
291,2.0,5.0,50.0,0.5,10.0,81.0,0.5882150034109751
292,2.0,5.0,50.0,0.5,100.0,11.0,0.9805738925933838
293,2.0,5.0,50.0,0.5,1000.0,14.0,0.9833518862724304
294,2.0,5.0,50.0,0.5,10000.0,11.0,0.9796865582466125
295,2.0,5.0,50.0,0.7,0.0,11.0,0.9782347679138184
296,2.0,5.0,50.0,0.7,10.0,11.0,0.9781494140625
297,2.0,5.0,50.0,0.7,100.0,11.0,0.9813719193140665
298,2.0,5.0,50.0,0.7,1000.0,81.0,0.5952243407567342
299,2.0,5.0,50.0,0.7,10000.0,11.0,0.9801113804181417
300,1.0,10.0,5.0,0.3,0.0,109.0,0.44520100951194763
301,1.0,10.0,5.0,0.3,10.0,123.0,0.48445319135983783
302,1.0,10.0,5.0,0.3,100.0,152.0,0.45091678698857623
303,1.0,10.0,5.0,0.3,1000.0,117.0,0.41846134265263873
304,1.0,10.0,5.0,0.3,10000.0,82.0,0.5138945976893107
305,1.0,10.0,5.0,0.5,0.0,96.0,0.5536465843518575
306,1.0,10.0,5.0,0.5,10.0,104.0,0.5291684567928314
307,1.0,10.0,5.0,0.5,100.0,114.0,0.5273672143618265
308,1.0,10.0,5.0,0.5,1000.0,74.0,0.5403778155644735
309,1.0,10.0,5.0,0.5,10000.0,111.0,0.5509912967681885
310,1.0,10.0,5.0,0.7,0.0,70.0,0.7205024361610413
311,1.0,10.0,5.0,0.7,10.0,110.0,0.6249433557192484
312,1.0,10.0,5.0,0.7,100.0,11.0,0.9738097985585531
313,1.0,10.0,5.0,0.7,1000.0,11.0,1.0017662644386292
314,1.0,10.0,5.0,0.7,10000.0,13.0,0.9666520158449808
315,1.0,10.0,10.0,0.3,0.0,117.0,0.4708046019077301
316,1.0,10.0,10.0,0.3,10.0,147.0,0.43215443193912506
317,1.0,10.0,10.0,0.3,100.0,11.0,0.9699127078056335
318,1.0,10.0,10.0,0.3,1000.0,240.0,0.48574475447336835
319,1.0,10.0,10.0,0.3,10000.0,137.0,0.4422316551208496
320,1.0,10.0,10.0,0.5,0.0,87.0,0.6742141445477804
321,1.0,10.0,10.0,0.5,10.0,126.0,0.47249863545099896
322,1.0,10.0,10.0,0.5,100.0,11.0,0.9705584645271301
323,1.0,10.0,10.0,0.5,1000.0,145.0,0.5835922956466675
324,1.0,10.0,10.0,0.5,10000.0,138.0,0.4445572743813197
325,1.0,10.0,10.0,0.7,0.0,111.0,0.6570676366488138
326,1.0,10.0,10.0,0.7,10.0,86.0,0.6176023085912069
327,1.0,10.0,10.0,0.7,100.0,11.0,0.9714674552281698
328,1.0,10.0,10.0,0.7,1000.0,242.0,0.6335486869017283
329,1.0,10.0,10.0,0.7,10000.0,71.0,0.6065511206785837
330,1.0,10.0,15.0,0.3,0.0,99.0,0.4295121779044469
331,1.0,10.0,15.0,0.3,10.0,11.0,0.9713854591051737
332,1.0,10.0,15.0,0.3,100.0,79.0,0.46208974222342175
333,1.0,10.0,15.0,0.3,1000.0,121.0,0.43232282996177673
334,1.0,10.0,15.0,0.3,10000.0,53.0,0.4377121527989705
335,1.0,10.0,15.0,0.5,0.0,125.0,0.4788918097813924
336,1.0,10.0,15.0,0.5,10.0,11.0,0.968287726243337
337,1.0,10.0,15.0,0.5,100.0,82.0,0.4741271237532298
338,1.0,10.0,15.0,0.5,1000.0,149.0,0.4634341100851695
339,1.0,10.0,15.0,0.5,10000.0,70.0,0.449369211991628
340,1.0,10.0,15.0,0.7,0.0,100.0,0.5873386462529501
341,1.0,10.0,15.0,0.7,10.0,11.0,0.9690333207448324
342,1.0,10.0,15.0,0.7,100.0,114.0,0.5313940048217773
343,1.0,10.0,15.0,0.7,1000.0,162.0,0.5343529085318247
344,1.0,10.0,15.0,0.7,10000.0,71.0,0.5334029793739319
345,1.0,10.0,20.0,0.3,0.0,150.0,0.38564078013102215
346,1.0,10.0,20.0,0.3,10.0,55.0,0.49886972705523175
347,1.0,10.0,20.0,0.3,100.0,87.0,0.4248720606168111
348,1.0,10.0,20.0,0.3,1000.0,95.0,0.46159254511197406
349,1.0,10.0,20.0,0.3,10000.0,114.0,0.43303560713926953
350,1.0,10.0,20.0,0.5,0.0,95.0,0.4356887489557266
351,1.0,10.0,20.0,0.5,10.0,53.0,0.5543227990468343
352,1.0,10.0,20.0,0.5,100.0,100.0,0.46399954458077747
353,1.0,10.0,20.0,0.5,1000.0,237.0,0.41231705745061237
354,1.0,10.0,20.0,0.5,10000.0,90.0,0.46392712990442914
355,1.0,10.0,20.0,0.7,0.0,117.0,0.5417997241020203
356,1.0,10.0,20.0,0.7,10.0,73.0,0.593522975842158
357,1.0,10.0,20.0,0.7,100.0,11.0,0.9771096309026083
358,1.0,10.0,20.0,0.7,1000.0,149.0,0.5102919936180115
359,1.0,10.0,20.0,0.7,10000.0,94.0,0.5365845461686453
360,1.0,10.0,25.0,0.3,0.0,11.0,0.9736047387123108
361,1.0,10.0,25.0,0.3,10.0,11.0,0.9611219763755798
362,1.0,10.0,25.0,0.3,100.0,133.0,0.4149773220221202
363,1.0,10.0,25.0,0.3,1000.0,103.0,0.40212037165959674
364,1.0,10.0,25.0,0.3,10000.0,11.0,0.9741468628247579
365,1.0,10.0,25.0,0.5,0.0,11.0,0.9765721559524536
366,1.0,10.0,25.0,0.5,10.0,11.0,0.9622966448465983
367,1.0,10.0,25.0,0.5,100.0,91.0,0.45900143682956696
368,1.0,10.0,25.0,0.5,1000.0,80.0,0.4767087499300639
369,1.0,10.0,25.0,0.5,10000.0,11.0,0.9779590964317322
370,1.0,10.0,25.0,0.7,0.0,11.0,0.9767245054244995
371,1.0,10.0,25.0,0.7,10.0,11.0,0.9637761910756429
372,1.0,10.0,25.0,0.7,100.0,66.0,0.5728190044562022
373,1.0,10.0,25.0,0.7,1000.0,11.0,0.9714776277542114
374,1.0,10.0,25.0,0.7,10000.0,11.0,0.9786465366681417
375,1.0,10.0,30.0,0.3,0.0,82.0,0.4433116912841797
376,1.0,10.0,30.0,0.3,10.0,103.0,0.43240433434645337
377,1.0,10.0,30.0,0.3,100.0,91.0,0.4436630109945933
378,1.0,10.0,30.0,0.3,1000.0,115.0,0.42485156655311584
379,1.0,10.0,30.0,0.3,10000.0,79.0,0.41698311765988666
380,1.0,10.0,30.0,0.5,0.0,11.0,0.975514272848765
381,1.0,10.0,30.0,0.5,10.0,102.0,0.46990159153938293
382,1.0,10.0,30.0,0.5,100.0,79.0,0.44139129916826886
383,1.0,10.0,30.0,0.5,1000.0,105.0,0.45321263869603473
384,1.0,10.0,30.0,0.5,10000.0,90.0,0.4299124777317047
385,1.0,10.0,30.0,0.7,0.0,11.0,0.9797863761583964
386,1.0,10.0,30.0,0.7,10.0,11.0,0.9797393282254537
387,1.0,10.0,30.0,0.7,100.0,144.0,0.4647686680157979
388,1.0,10.0,30.0,0.7,1000.0,131.0,0.484607070684433
389,1.0,10.0,30.0,0.7,10000.0,115.0,0.48576512932777405
390,1.0,10.0,35.0,0.3,0.0,126.0,0.3507075657447179
391,1.0,10.0,35.0,0.3,10.0,58.0,0.4536783496538798
392,1.0,10.0,35.0,0.3,100.0,91.0,0.435560017824173
393,1.0,10.0,35.0,0.3,1000.0,108.0,0.4437933961550395
394,1.0,10.0,35.0,0.3,10000.0,110.0,0.411119947830836
395,1.0,10.0,35.0,0.5,0.0,125.0,0.4087757468223572
396,1.0,10.0,35.0,0.5,10.0,85.0,0.4823600649833679
397,1.0,10.0,35.0,0.5,100.0,117.0,0.454169899225235
398,1.0,10.0,35.0,0.5,1000.0,125.0,0.427802637219429
399,1.0,10.0,35.0,0.5,10000.0,150.0,0.4136448601881663
400,1.0,10.0,35.0,0.7,0.0,117.0,0.5166841149330139
401,1.0,10.0,35.0,0.7,10.0,89.0,0.549411674340566
402,1.0,10.0,35.0,0.7,100.0,11.0,0.9624947508176168
403,1.0,10.0,35.0,0.7,1000.0,136.0,0.461458295583725
404,1.0,10.0,35.0,0.7,10000.0,77.0,0.5239273806413015
405,1.0,10.0,40.0,0.3,0.0,71.0,0.49233681956926983
406,1.0,10.0,40.0,0.3,10.0,11.0,0.987739106019338
407,1.0,10.0,40.0,0.3,100.0,134.0,0.42879746357599896
408,1.0,10.0,40.0,0.3,1000.0,75.0,0.47480590144793194
409,1.0,10.0,40.0,0.3,10000.0,72.0,0.41379059354464215
410,1.0,10.0,40.0,0.5,0.0,127.0,0.38954223692417145
411,1.0,10.0,40.0,0.5,10.0,11.0,0.987260103225708
412,1.0,10.0,40.0,0.5,100.0,117.0,0.4273301114638646
413,1.0,10.0,40.0,0.5,1000.0,89.0,0.45822836955388385
414,1.0,10.0,40.0,0.5,10000.0,90.0,0.44917098184426624
415,1.0,10.0,40.0,0.7,0.0,137.0,0.4635247786839803
416,1.0,10.0,40.0,0.7,10.0,11.0,0.9844376444816589
417,1.0,10.0,40.0,0.7,100.0,11.0,0.9787349502245585
418,1.0,10.0,40.0,0.7,1000.0,83.0,0.5368199348449707
419,1.0,10.0,40.0,0.7,10000.0,110.0,0.4808012942473094
420,1.0,10.0,45.0,0.3,0.0,11.0,0.9865845640500387
421,1.0,10.0,45.0,0.3,10.0,62.0,0.4715459148089091
422,1.0,10.0,45.0,0.3,100.0,91.0,0.4052823434273402
423,1.0,10.0,45.0,0.3,1000.0,104.0,0.4408872226874034
424,1.0,10.0,45.0,0.3,10000.0,70.0,0.4549347658952077
425,1.0,10.0,45.0,0.5,0.0,11.0,0.987554669380188
426,1.0,10.0,45.0,0.5,10.0,55.0,0.48601459463437396
427,1.0,10.0,45.0,0.5,100.0,86.0,0.4436202794313431
428,1.0,10.0,45.0,0.5,1000.0,97.0,0.5329802632331848
429,1.0,10.0,45.0,0.5,10000.0,121.0,0.4418231745560964
430,1.0,10.0,45.0,0.7,0.0,11.0,0.9856590827306112
431,1.0,10.0,45.0,0.7,10.0,86.0,0.5236498912175497
432,1.0,10.0,45.0,0.7,100.0,62.0,0.5621207257111868
433,1.0,10.0,45.0,0.7,1000.0,79.0,0.49950961271921795
434,1.0,10.0,45.0,0.7,10000.0,71.0,0.5079992612202963
435,1.0,10.0,50.0,0.3,0.0,101.0,0.4386589825153351
436,1.0,10.0,50.0,0.3,10.0,115.0,0.44555045167605084
437,1.0,10.0,50.0,0.3,100.0,92.0,0.438242827852567
438,1.0,10.0,50.0,0.3,1000.0,63.0,0.46753425896167755
439,1.0,10.0,50.0,0.3,10000.0,111.0,0.41341472665468854
440,1.0,10.0,50.0,0.5,0.0,78.0,0.5073610047499338
441,1.0,10.0,50.0,0.5,10.0,11.0,0.9809480905532837
442,1.0,10.0,50.0,0.5,100.0,92.0,0.4712275465329488
443,1.0,10.0,50.0,0.5,1000.0,94.0,0.46205205221970874
444,1.0,10.0,50.0,0.5,10000.0,72.0,0.4642549256483714
445,1.0,10.0,50.0,0.7,0.0,73.0,0.6430116792519888
446,1.0,10.0,50.0,0.7,10.0,11.0,0.9835436741511027
447,1.0,10.0,50.0,0.7,100.0,66.0,0.6078329284985861
448,1.0,10.0,50.0,0.7,1000.0,88.0,0.527121106783549
449,1.0,10.0,50.0,0.7,10000.0,71.0,0.5117135246594747
450,2.0,10.0,5.0,0.3,0.0,108.0,0.47700075308481854
451,2.0,10.0,5.0,0.3,10.0,11.0,0.9651461640993754
452,2.0,10.0,5.0,0.3,100.0,145.0,0.43199734886487323
453,2.0,10.0,5.0,0.3,1000.0,128.0,0.4714103937149048
454,2.0,10.0,5.0,0.3,10000.0,116.0,0.42948341369628906
455,2.0,10.0,5.0,0.5,0.0,181.0,0.46329326927661896
456,2.0,10.0,5.0,0.5,10.0,11.0,0.9651450912157694
457,2.0,10.0,5.0,0.5,100.0,145.0,0.45885733763376874
458,2.0,10.0,5.0,0.5,1000.0,161.0,0.5183529257774353
459,2.0,10.0,5.0,0.5,10000.0,121.0,0.49010873834292096
460,2.0,10.0,5.0,0.7,0.0,106.0,0.6300231516361237
461,2.0,10.0,5.0,0.7,10.0,11.0,0.9651347994804382
462,2.0,10.0,5.0,0.7,100.0,113.0,0.5790505011876425
463,2.0,10.0,5.0,0.7,1000.0,120.0,0.6762202382087708
464,2.0,10.0,5.0,0.7,10000.0,102.0,0.5904685854911804
465,2.0,10.0,10.0,0.3,0.0,78.0,0.48096562425295514
466,2.0,10.0,10.0,0.3,10.0,103.0,0.505174309015274
467,2.0,10.0,10.0,0.3,100.0,126.0,0.5108193457126617
468,2.0,10.0,10.0,0.3,1000.0,83.0,0.4814758598804474
469,2.0,10.0,10.0,0.3,10000.0,129.0,0.4030050039291382
470,2.0,10.0,10.0,0.5,0.0,63.0,0.5163439015547434
471,2.0,10.0,10.0,0.5,10.0,106.0,0.524457593758901
472,2.0,10.0,10.0,0.5,100.0,144.0,0.45065683126449585
473,2.0,10.0,10.0,0.5,1000.0,87.0,0.4886118670304616
474,2.0,10.0,10.0,0.5,10000.0,72.0,0.46265146136283875
475,2.0,10.0,10.0,0.7,0.0,11.0,0.976652721563975
476,2.0,10.0,10.0,0.7,10.0,149.0,0.489764928817749
477,2.0,10.0,10.0,0.7,100.0,80.0,0.5377194086710612
478,2.0,10.0,10.0,0.7,1000.0,80.0,0.5543684661388397
479,2.0,10.0,10.0,0.7,10000.0,82.0,0.5262472232182821
480,2.0,10.0,15.0,0.3,0.0,205.0,0.38373616834481555
481,2.0,10.0,15.0,0.3,10.0,70.0,0.5361767907937368
482,2.0,10.0,15.0,0.3,100.0,127.0,0.4395591815312703
483,2.0,10.0,15.0,0.3,1000.0,72.0,0.5485321482022604
484,2.0,10.0,15.0,0.3,10000.0,109.0,0.4427213768164317
485,2.0,10.0,15.0,0.5,0.0,91.0,0.48220465580622357
486,2.0,10.0,15.0,0.5,10.0,62.0,0.5247038106123606
487,2.0,10.0,15.0,0.5,100.0,156.0,0.4455067167679469
488,2.0,10.0,15.0,0.5,1000.0,143.0,0.4232604155937831
489,2.0,10.0,15.0,0.5,10000.0,137.0,0.4281031092007955
490,2.0,10.0,15.0,0.7,0.0,11.0,0.97978675365448
491,2.0,10.0,15.0,0.7,10.0,11.0,0.9783758719762167
492,2.0,10.0,15.0,0.7,100.0,108.0,0.5246877670288086
493,2.0,10.0,15.0,0.7,1000.0,11.0,0.9726775089899699
494,2.0,10.0,15.0,0.7,10000.0,71.0,0.4887647132078807
495,2.0,10.0,20.0,0.3,0.0,89.0,0.48399938146273297
496,2.0,10.0,20.0,0.3,10.0,86.0,0.4756835202376048
497,2.0,10.0,20.0,0.3,100.0,101.0,0.43226662278175354
498,2.0,10.0,20.0,0.3,1000.0,116.0,0.42920006314913434
499,2.0,10.0,20.0,0.3,10000.0,146.0,0.4097840189933777
500,2.0,10.0,20.0,0.5,0.0,92.0,0.4696493446826935
501,2.0,10.0,20.0,0.5,10.0,119.0,0.46143025159835815
502,2.0,10.0,20.0,0.5,100.0,113.0,0.413834551970164
503,2.0,10.0,20.0,0.5,1000.0,11.0,0.9617003003756205
504,2.0,10.0,20.0,0.5,10000.0,125.0,0.3988680938879649
505,2.0,10.0,20.0,0.7,0.0,109.0,0.5094661911328634
506,2.0,10.0,20.0,0.7,10.0,123.0,0.47264974812666577
507,2.0,10.0,20.0,0.7,100.0,100.0,0.46189992626508075
508,2.0,10.0,20.0,0.7,1000.0,11.0,0.967743714650472
509,2.0,10.0,20.0,0.7,10000.0,134.0,0.4553148001432419
510,2.0,10.0,25.0,0.3,0.0,143.0,0.45537543296813965
511,2.0,10.0,25.0,0.3,10.0,11.0,0.987515409787496
512,2.0,10.0,25.0,0.3,100.0,106.0,0.47023919224739075
513,2.0,10.0,25.0,0.3,1000.0,12.0,0.9786109328269958
514,2.0,10.0,25.0,0.3,10000.0,129.0,0.40704693893591565
515,2.0,10.0,25.0,0.5,0.0,158.0,0.42762455840905506
516,2.0,10.0,25.0,0.5,10.0,11.0,0.9831774632136027
517,2.0,10.0,25.0,0.5,100.0,129.0,0.4586227536201477
518,2.0,10.0,25.0,0.5,1000.0,12.0,0.9765525460243225
519,2.0,10.0,25.0,0.5,10000.0,131.0,0.4434065520763397
520,2.0,10.0,25.0,0.7,0.0,176.0,0.42763735353946686
521,2.0,10.0,25.0,0.7,10.0,11.0,0.9790636698404948
522,2.0,10.0,25.0,0.7,100.0,130.0,0.4498779575030009
523,2.0,10.0,25.0,0.7,1000.0,12.0,0.9731689095497131
524,2.0,10.0,25.0,0.7,10000.0,13.0,0.9615625540415446
525,2.0,10.0,30.0,0.3,0.0,93.0,0.4512651264667511
526,2.0,10.0,30.0,0.3,10.0,68.0,0.5042274594306946
527,2.0,10.0,30.0,0.3,100.0,146.0,0.4152391155560811
528,2.0,10.0,30.0,0.3,1000.0,77.0,0.5487734278043112
529,2.0,10.0,30.0,0.3,10000.0,48.0,0.4961223800977071
530,2.0,10.0,30.0,0.5,0.0,73.0,0.46167723337809247
531,2.0,10.0,30.0,0.5,10.0,84.0,0.4844503204027812
532,2.0,10.0,30.0,0.5,100.0,141.0,0.4419081211090088
533,2.0,10.0,30.0,0.5,1000.0,70.0,0.5710338552792867
534,2.0,10.0,30.0,0.5,10000.0,79.0,0.4989087184270223
535,2.0,10.0,30.0,0.7,0.0,11.0,0.9774320721626282
536,2.0,10.0,30.0,0.7,10.0,106.0,0.496224304040273
537,2.0,10.0,30.0,0.7,100.0,126.0,0.486866553624471
538,2.0,10.0,30.0,0.7,1000.0,11.0,0.9773999452590942
539,2.0,10.0,30.0,0.7,10000.0,11.0,0.9673879742622375
540,2.0,10.0,35.0,0.3,0.0,100.0,0.4368196328481038
541,2.0,10.0,35.0,0.3,10.0,13.0,0.9840759634971619
542,2.0,10.0,35.0,0.3,100.0,163.0,0.4353052079677582
543,2.0,10.0,35.0,0.3,1000.0,98.0,0.4861994882424672
544,2.0,10.0,35.0,0.3,10000.0,112.0,0.3994545042514801
545,2.0,10.0,35.0,0.5,0.0,100.0,0.4375506540139516
546,2.0,10.0,35.0,0.5,10.0,13.0,0.9786142706871033
547,2.0,10.0,35.0,0.5,100.0,76.0,0.5200047095616659
548,2.0,10.0,35.0,0.5,1000.0,75.0,0.4835270941257477
549,2.0,10.0,35.0,0.5,10000.0,85.0,0.43439289927482605
550,2.0,10.0,35.0,0.7,0.0,92.0,0.4632968604564667
551,2.0,10.0,35.0,0.7,10.0,13.0,0.974073072274526
552,2.0,10.0,35.0,0.7,100.0,94.0,0.4844733774662018
553,2.0,10.0,35.0,0.7,1000.0,78.0,0.5099324981371561
554,2.0,10.0,35.0,0.7,10000.0,102.0,0.45509717365105945
555,2.0,10.0,40.0,0.3,0.0,120.0,0.46441765626271564
556,2.0,10.0,40.0,0.3,10.0,68.0,0.4696612556775411
557,2.0,10.0,40.0,0.3,100.0,53.0,0.6086530685424805
558,2.0,10.0,40.0,0.3,1000.0,93.0,0.44457534948984784
559,2.0,10.0,40.0,0.3,10000.0,109.0,0.3969958424568176
560,2.0,10.0,40.0,0.5,0.0,180.0,0.41247960925102234
561,2.0,10.0,40.0,0.5,10.0,105.0,0.4642237325509389
562,2.0,10.0,40.0,0.5,100.0,147.0,0.4231780270735423
563,2.0,10.0,40.0,0.5,1000.0,91.0,0.45643595854441327
564,2.0,10.0,40.0,0.5,10000.0,109.0,0.3997756590445836
565,2.0,10.0,40.0,0.7,0.0,117.0,0.46241068840026855
566,2.0,10.0,40.0,0.7,10.0,76.0,0.5081724027792612
567,2.0,10.0,40.0,0.7,100.0,105.0,0.4647313455740611
568,2.0,10.0,40.0,0.7,1000.0,97.0,0.4774063428243001
569,2.0,10.0,40.0,0.7,10000.0,116.0,0.42736805975437164
570,2.0,10.0,45.0,0.3,0.0,132.0,0.3833475510279338
571,2.0,10.0,45.0,0.3,10.0,103.0,0.4671021103858948
572,2.0,10.0,45.0,0.3,100.0,199.0,0.40325337648391724
573,2.0,10.0,45.0,0.3,1000.0,71.0,0.48059332370758057
574,2.0,10.0,45.0,0.3,10000.0,61.0,0.49872535467147827
575,2.0,10.0,45.0,0.5,0.0,126.0,0.39373064537843067
576,2.0,10.0,45.0,0.5,10.0,84.0,0.5201018750667572
577,2.0,10.0,45.0,0.5,100.0,166.0,0.40051594376564026
578,2.0,10.0,45.0,0.5,1000.0,75.0,0.4838181833426158
579,2.0,10.0,45.0,0.5,10000.0,72.0,0.4830646713574727
580,2.0,10.0,45.0,0.7,0.0,110.0,0.43338004251321155
581,2.0,10.0,45.0,0.7,10.0,38.0,0.6863021949927012
582,2.0,10.0,45.0,0.7,100.0,86.0,0.5027460356553396
583,2.0,10.0,45.0,0.7,1000.0,57.0,0.5371320843696594
584,2.0,10.0,45.0,0.7,10000.0,77.0,0.4815352261066437
585,2.0,10.0,50.0,0.3,0.0,117.0,0.5558684964974722
586,2.0,10.0,50.0,0.3,10.0,93.0,0.42985541621843976
587,2.0,10.0,50.0,0.3,100.0,137.0,0.4252844949563344
588,2.0,10.0,50.0,0.3,1000.0,80.0,0.46016272405783337
589,2.0,10.0,50.0,0.3,10000.0,164.0,0.38164206345876056
590,2.0,10.0,50.0,0.5,0.0,153.0,0.45047875742117566
591,2.0,10.0,50.0,0.5,10.0,116.0,0.454515020052592
592,2.0,10.0,50.0,0.5,100.0,129.0,0.4399041881163915
593,2.0,10.0,50.0,0.5,1000.0,98.0,0.4709664185841878
594,2.0,10.0,50.0,0.5,10000.0,79.0,0.4441680759191513
595,2.0,10.0,50.0,0.7,0.0,162.0,0.49757976333300274
596,2.0,10.0,50.0,0.7,10.0,86.0,0.5161283314228058
597,2.0,10.0,50.0,0.7,100.0,119.0,0.44724299510320026
598,2.0,10.0,50.0,0.7,1000.0,95.0,0.5311138331890106
599,2.0,10.0,50.0,0.7,10000.0,122.0,0.44212452073891956
600,1.0,15.0,5.0,0.3,0.0,108.0,0.4179989695549011
601,1.0,15.0,5.0,0.3,10.0,127.0,0.4358183940251668
602,1.0,15.0,5.0,0.3,100.0,89.0,0.4739256203174591
603,1.0,15.0,5.0,0.3,1000.0,109.0,0.4655693918466568
604,1.0,15.0,5.0,0.3,10000.0,75.0,0.4888807435830434
605,1.0,15.0,5.0,0.5,0.0,14.0,0.9603455861409506
606,1.0,15.0,5.0,0.5,10.0,114.0,0.48995309074719745
607,1.0,15.0,5.0,0.5,100.0,92.0,0.4957131842772166
608,1.0,15.0,5.0,0.5,1000.0,95.0,0.5203013916810354
609,1.0,15.0,5.0,0.5,10000.0,11.0,0.9755435784657797
610,1.0,15.0,5.0,0.7,0.0,15.0,0.9625557065010071
611,1.0,15.0,5.0,0.7,10.0,92.0,0.6548683742682139
612,1.0,15.0,5.0,0.7,100.0,130.0,0.583791047334671
613,1.0,15.0,5.0,0.7,1000.0,96.0,0.6096632778644562
614,1.0,15.0,5.0,0.7,10000.0,11.0,0.9786243637402853
615,1.0,15.0,10.0,0.3,0.0,13.0,0.971754809220632
616,1.0,15.0,10.0,0.3,10.0,11.0,0.9808927973111471
617,1.0,15.0,10.0,0.3,100.0,112.0,0.42924434940020245
618,1.0,15.0,10.0,0.3,1000.0,11.0,0.979422926902771
619,1.0,15.0,10.0,0.3,10000.0,89.0,0.46025051176548004
620,1.0,15.0,10.0,0.5,0.0,14.0,0.9665147264798483
621,1.0,15.0,10.0,0.5,10.0,11.0,0.9775902231534322
622,1.0,15.0,10.0,0.5,100.0,62.0,0.5133189459641775
623,1.0,15.0,10.0,0.5,1000.0,11.0,0.9766777157783508
624,1.0,15.0,10.0,0.5,10000.0,100.0,0.5084626277287801
625,1.0,15.0,10.0,0.7,0.0,14.0,0.9665472308794657
626,1.0,15.0,10.0,0.7,10.0,11.0,0.9741351207097372
627,1.0,15.0,10.0,0.7,100.0,101.0,0.5449486573537191
628,1.0,15.0,10.0,0.7,1000.0,11.0,0.9727059006690979
629,1.0,15.0,10.0,0.7,10000.0,115.0,0.5512868364651998
630,1.0,15.0,15.0,0.3,0.0,61.0,0.4426340063412984
631,1.0,15.0,15.0,0.3,10.0,11.0,0.9745029807090759
632,1.0,15.0,15.0,0.3,100.0,101.0,0.4322454035282135
633,1.0,15.0,15.0,0.3,1000.0,61.0,0.5054071843624115
634,1.0,15.0,15.0,0.3,10000.0,90.0,0.45465073982874554
635,1.0,15.0,15.0,0.5,0.0,89.0,0.44096019367376965
636,1.0,15.0,15.0,0.5,10.0,11.0,0.9754784305890402
637,1.0,15.0,15.0,0.5,100.0,106.0,0.45531418919563293
638,1.0,15.0,15.0,0.5,1000.0,75.0,0.4928830564022064
639,1.0,15.0,15.0,0.5,10000.0,100.0,0.4613295296827952
640,1.0,15.0,15.0,0.7,0.0,90.0,0.5166937311490377
641,1.0,15.0,15.0,0.7,10.0,11.0,0.9764718810717264
642,1.0,15.0,15.0,0.7,100.0,73.0,0.5511532922585806
643,1.0,15.0,15.0,0.7,1000.0,95.0,0.5473432342211405
644,1.0,15.0,15.0,0.7,10000.0,107.0,0.529550721247991
645,1.0,15.0,20.0,0.3,0.0,87.0,0.46094411611557007
646,1.0,15.0,20.0,0.3,10.0,111.0,0.4117715507745743
647,1.0,15.0,20.0,0.3,100.0,105.0,0.40027859807014465
648,1.0,15.0,20.0,0.3,1000.0,56.0,0.48647862672805786
649,1.0,15.0,20.0,0.3,10000.0,106.0,0.43032391369342804
650,1.0,15.0,20.0,0.5,0.0,78.0,0.4704566498597463
651,1.0,15.0,20.0,0.5,10.0,11.0,0.9779379367828369
652,1.0,15.0,20.0,0.5,100.0,128.0,0.43302635351816815
653,1.0,15.0,20.0,0.5,1000.0,125.0,0.4522818724314372
654,1.0,15.0,20.0,0.5,10000.0,60.0,0.46144193907578784
655,1.0,15.0,20.0,0.7,0.0,13.0,0.9654917120933533
656,1.0,15.0,20.0,0.7,10.0,11.0,0.9775473674138387
657,1.0,15.0,20.0,0.7,100.0,105.0,0.5037422180175781
658,1.0,15.0,20.0,0.7,1000.0,75.0,0.492583562930425
659,1.0,15.0,20.0,0.7,10000.0,11.0,0.9743176897366842
660,1.0,15.0,25.0,0.3,0.0,59.0,0.4568408628304799
661,1.0,15.0,25.0,0.3,10.0,99.0,0.4280689557393392
662,1.0,15.0,25.0,0.3,100.0,67.0,0.4337349186340968
663,1.0,15.0,25.0,0.3,1000.0,78.0,0.44405417641003925
664,1.0,15.0,25.0,0.3,10000.0,122.0,0.4328586310148239
665,1.0,15.0,25.0,0.5,0.0,77.0,0.4676990509033203
666,1.0,15.0,25.0,0.5,10.0,77.0,0.4960336486498515
667,1.0,15.0,25.0,0.5,100.0,60.0,0.468172421058019
668,1.0,15.0,25.0,0.5,1000.0,128.0,0.4401833266019821
669,1.0,15.0,25.0,0.5,10000.0,73.0,0.48422710100809735
670,1.0,15.0,25.0,0.7,0.0,64.0,0.532478411992391
671,1.0,15.0,25.0,0.7,10.0,78.0,0.5219617684682211
672,1.0,15.0,25.0,0.7,100.0,11.0,0.9746081630388895
673,1.0,15.0,25.0,0.7,1000.0,75.0,0.5333074231942495
674,1.0,15.0,25.0,0.7,10000.0,114.0,0.48795434832572937
675,1.0,15.0,30.0,0.3,0.0,11.0,0.9778948823610941
676,1.0,15.0,30.0,0.3,10.0,99.0,0.40499010185400647
677,1.0,15.0,30.0,0.3,100.0,62.0,0.44141798714796704
678,1.0,15.0,30.0,0.3,1000.0,66.0,0.4683532118797302
679,1.0,15.0,30.0,0.3,10000.0,135.0,0.4151674856742223
680,1.0,15.0,30.0,0.5,0.0,11.0,0.9793949325879415
681,1.0,15.0,30.0,0.5,10.0,91.0,0.43280451993147534
682,1.0,15.0,30.0,0.5,100.0,75.0,0.45530744393666583
683,1.0,15.0,30.0,0.5,1000.0,11.0,0.9811301827430725
684,1.0,15.0,30.0,0.5,10000.0,182.0,0.4313446084658305
685,1.0,15.0,30.0,0.7,0.0,11.0,0.9803053935368856
686,1.0,15.0,30.0,0.7,10.0,94.0,0.47437719504038495
687,1.0,15.0,30.0,0.7,100.0,105.0,0.49061845739682514
688,1.0,15.0,30.0,0.7,1000.0,11.0,0.9836726784706116
689,1.0,15.0,30.0,0.7,10000.0,76.0,0.5108839869499207
690,1.0,15.0,35.0,0.3,0.0,111.0,0.43387173612912494
691,1.0,15.0,35.0,0.3,10.0,99.0,0.4513680537541707
692,1.0,15.0,35.0,0.3,100.0,80.0,0.4478144447008769
693,1.0,15.0,35.0,0.3,1000.0,11.0,0.9711043039957682
694,1.0,15.0,35.0,0.3,10000.0,63.0,0.4551383952299754
695,1.0,15.0,35.0,0.5,0.0,11.0,0.9826860229174296
696,1.0,15.0,35.0,0.5,10.0,70.0,0.48314783970514935
697,1.0,15.0,35.0,0.5,100.0,67.0,0.44959622621536255
698,1.0,15.0,35.0,0.5,1000.0,11.0,0.9791494607925415
699,1.0,15.0,35.0,0.5,10000.0,58.0,0.4770309279362361
700,1.0,15.0,35.0,0.7,0.0,11.0,0.9837608337402344
701,1.0,15.0,35.0,0.7,10.0,12.0,0.9550197720527649
702,1.0,15.0,35.0,0.7,100.0,85.0,0.48363765080769855
703,1.0,15.0,35.0,0.7,1000.0,11.0,0.981499433517456
704,1.0,15.0,35.0,0.7,10000.0,11.0,0.971257229646047
705,1.0,15.0,40.0,0.3,0.0,86.0,0.4080128073692322
706,1.0,15.0,40.0,0.3,10.0,77.0,0.42111795643965405
707,1.0,15.0,40.0,0.3,100.0,60.0,0.46501892308394116
708,1.0,15.0,40.0,0.3,1000.0,78.0,0.4358255863189697
709,1.0,15.0,40.0,0.3,10000.0,69.0,0.47684527436892193
710,1.0,15.0,40.0,0.5,0.0,141.0,0.4404896895090739
711,1.0,15.0,40.0,0.5,10.0,99.0,0.4303121070067088
712,1.0,15.0,40.0,0.5,100.0,73.0,0.4664156883955002
713,1.0,15.0,40.0,0.5,1000.0,76.0,0.45510707298914593
714,1.0,15.0,40.0,0.5,10000.0,77.0,0.45698202153046924
715,1.0,15.0,40.0,0.7,0.0,11.0,0.9859706362088522
716,1.0,15.0,40.0,0.7,10.0,120.0,0.49943864345550537
717,1.0,15.0,40.0,0.7,100.0,11.0,0.9757803281148275
718,1.0,15.0,40.0,0.7,1000.0,11.0,0.9781791567802429
719,1.0,15.0,40.0,0.7,10000.0,115.0,0.48128755887349445
720,1.0,15.0,45.0,0.3,0.0,93.0,0.4237724294265111
721,1.0,15.0,45.0,0.3,10.0,90.0,0.4396807551383972
722,1.0,15.0,45.0,0.3,100.0,66.0,0.43437307079633075
723,1.0,15.0,45.0,0.3,1000.0,66.0,0.433383176724116
724,1.0,15.0,45.0,0.3,10000.0,87.0,0.45591257015864056
725,1.0,15.0,45.0,0.5,0.0,11.0,0.9819013873736063
726,1.0,15.0,45.0,0.5,10.0,80.0,0.4195689409971237
727,1.0,15.0,45.0,0.5,100.0,104.0,0.4408419330914815
728,1.0,15.0,45.0,0.5,1000.0,75.0,0.450260063012441
729,1.0,15.0,45.0,0.5,10000.0,103.0,0.45040703813234967
730,1.0,15.0,45.0,0.7,0.0,11.0,0.9858721892038981
731,1.0,15.0,45.0,0.7,10.0,95.0,0.5023610989252726
732,1.0,15.0,45.0,0.7,100.0,94.0,0.4810246030489604
733,1.0,15.0,45.0,0.7,1000.0,11.0,0.9792400797208151
734,1.0,15.0,45.0,0.7,10000.0,11.0,0.967158039410909
735,1.0,15.0,50.0,0.3,0.0,65.0,0.42685353259245556
736,1.0,15.0,50.0,0.3,10.0,74.0,0.4361489862203598
737,1.0,15.0,50.0,0.3,100.0,82.0,0.44364362955093384
738,1.0,15.0,50.0,0.3,1000.0,101.0,0.4505542616049449
739,1.0,15.0,50.0,0.3,10000.0,87.0,0.5003214776515961
740,1.0,15.0,50.0,0.5,0.0,81.0,0.4324071059624354
741,1.0,15.0,50.0,0.5,10.0,73.0,0.44161974390347797
742,1.0,15.0,50.0,0.5,100.0,98.0,0.4669685165087382
743,1.0,15.0,50.0,0.5,1000.0,65.0,0.4597258319457372
744,1.0,15.0,50.0,0.5,10000.0,79.0,0.4739237229029338
745,1.0,15.0,50.0,0.7,0.0,91.0,0.5035187900066376
746,1.0,15.0,50.0,0.7,10.0,84.0,0.4909737904866536
747,1.0,15.0,50.0,0.7,100.0,89.0,0.5197820464769999
748,1.0,15.0,50.0,0.7,1000.0,11.0,0.9686103065808614
749,1.0,15.0,50.0,0.7,10000.0,101.0,0.47675369183222455
750,2.0,15.0,5.0,0.3,0.0,61.0,0.5354019403457642
751,2.0,15.0,5.0,0.3,10.0,111.0,0.45820852120717365
752,2.0,15.0,5.0,0.3,100.0,119.0,0.5229103267192841
753,2.0,15.0,5.0,0.3,1000.0,110.0,0.4823150833447774
754,2.0,15.0,5.0,0.3,10000.0,90.0,0.4335152854522069
755,2.0,15.0,5.0,0.5,0.0,56.0,0.554119199514389
756,2.0,15.0,5.0,0.5,10.0,153.0,0.4309873779614766
757,2.0,15.0,5.0,0.5,100.0,77.0,0.5646530588467916
758,2.0,15.0,5.0,0.5,1000.0,50.0,0.596521387497584
759,2.0,15.0,5.0,0.5,10000.0,147.0,0.4185175746679306
760,2.0,15.0,5.0,0.7,0.0,65.0,0.6184570988019308
761,2.0,15.0,5.0,0.7,10.0,84.0,0.6317263245582581
762,2.0,15.0,5.0,0.7,100.0,70.0,0.640612264474233
763,2.0,15.0,5.0,0.7,1000.0,99.0,0.5702884793281555
764,2.0,15.0,5.0,0.7,10000.0,82.0,0.5948786934216818
765,2.0,15.0,10.0,0.3,0.0,71.0,0.5081921319166819
766,2.0,15.0,10.0,0.3,10.0,62.0,0.4888242383797963
767,2.0,15.0,10.0,0.3,100.0,114.0,0.4250924934943517
768,2.0,15.0,10.0,0.3,1000.0,96.0,0.3946718027194341
769,2.0,15.0,10.0,0.3,10000.0,70.0,0.46552833914756775
770,2.0,15.0,10.0,0.5,0.0,119.0,0.4623535176118215
771,2.0,15.0,10.0,0.5,10.0,108.0,0.47748735050360364
772,2.0,15.0,10.0,0.5,100.0,126.0,0.4256611267725627
773,2.0,15.0,10.0,0.5,1000.0,68.0,0.46317803859710693
774,2.0,15.0,10.0,0.5,10000.0,91.0,0.47217035790284473
775,2.0,15.0,10.0,0.7,0.0,11.0,0.9670396447181702
776,2.0,15.0,10.0,0.7,10.0,101.0,0.5402017732461294
777,2.0,15.0,10.0,0.7,100.0,91.0,0.4700682759284973
778,2.0,15.0,10.0,0.7,1000.0,86.0,0.5034708877404531
779,2.0,15.0,10.0,0.7,10000.0,102.0,0.5350406368573507
780,2.0,15.0,15.0,0.3,0.0,99.0,0.5273629625638326
781,2.0,15.0,15.0,0.3,10.0,101.0,0.43897324800491333
782,2.0,15.0,15.0,0.3,100.0,60.0,0.5407533546288809
783,2.0,15.0,15.0,0.3,1000.0,84.0,0.4059363603591919
784,2.0,15.0,15.0,0.3,10000.0,87.0,0.5042531987031301
785,2.0,15.0,15.0,0.5,0.0,146.0,0.428567573428154
786,2.0,15.0,15.0,0.5,10.0,103.0,0.4340555469195048
787,2.0,15.0,15.0,0.5,100.0,179.0,0.39741512139638263
788,2.0,15.0,15.0,0.5,1000.0,75.0,0.4134771724541982
789,2.0,15.0,15.0,0.5,10000.0,161.0,0.40494348605473834
790,2.0,15.0,15.0,0.7,0.0,135.0,0.45707353949546814
791,2.0,15.0,15.0,0.7,10.0,68.0,0.512297123670578
792,2.0,15.0,15.0,0.7,100.0,105.0,0.4449213395516078
793,2.0,15.0,15.0,0.7,1000.0,150.0,0.4176805218060811
794,2.0,15.0,15.0,0.7,10000.0,101.0,0.5155284454425176
795,2.0,15.0,20.0,0.3,0.0,72.0,0.4692753752072652
796,2.0,15.0,20.0,0.3,10.0,49.0,0.5037494599819183
797,2.0,15.0,20.0,0.3,100.0,75.0,0.4316773513952891
798,2.0,15.0,20.0,0.3,1000.0,164.0,0.3959211011727651
799,2.0,15.0,20.0,0.3,10000.0,96.0,0.4008220781882604
800,2.0,15.0,20.0,0.5,0.0,107.0,0.45113671819369
801,2.0,15.0,20.0,0.5,10.0,121.0,0.38660108546415967
802,2.0,15.0,20.0,0.5,100.0,112.0,0.41919415692488354
803,2.0,15.0,20.0,0.5,1000.0,114.0,0.4513799846172333
804,2.0,15.0,20.0,0.5,10000.0,116.0,0.4339510997136434
805,2.0,15.0,20.0,0.7,0.0,11.0,0.9766092300415039
806,2.0,15.0,20.0,0.7,10.0,104.0,0.39482956131299335
807,2.0,15.0,20.0,0.7,100.0,77.0,0.47761328021685284
808,2.0,15.0,20.0,0.7,1000.0,130.0,0.45583488543828327
809,2.0,15.0,20.0,0.7,10000.0,11.0,0.9699613849322001
810,2.0,15.0,25.0,0.3,0.0,44.0,0.5725097954273224
811,2.0,15.0,25.0,0.3,10.0,90.0,0.44993384679158527
812,2.0,15.0,25.0,0.3,100.0,67.0,0.44095787902673084
813,2.0,15.0,25.0,0.3,1000.0,129.0,0.39563417434692383
814,2.0,15.0,25.0,0.3,10000.0,11.0,0.9813006321589152
815,2.0,15.0,25.0,0.5,0.0,82.0,0.4592395971218745
816,2.0,15.0,25.0,0.5,10.0,148.0,0.3937597672144572
817,2.0,15.0,25.0,0.5,100.0,106.0,0.4384416937828064
818,2.0,15.0,25.0,0.5,1000.0,107.0,0.39106664061546326
819,2.0,15.0,25.0,0.5,10000.0,11.0,0.9769250949223837
820,2.0,15.0,25.0,0.7,0.0,111.0,0.4603051692247391
821,2.0,15.0,25.0,0.7,10.0,109.0,0.44018978377183277
822,2.0,15.0,25.0,0.7,100.0,11.0,0.9838937520980835
823,2.0,15.0,25.0,0.7,1000.0,108.0,0.4419049819310506
824,2.0,15.0,25.0,0.7,10000.0,11.0,0.9743836919466654
825,2.0,15.0,30.0,0.3,0.0,68.0,0.49225086470444995
826,2.0,15.0,30.0,0.3,10.0,88.0,0.4356541633605957
827,2.0,15.0,30.0,0.3,100.0,117.0,0.41991980373859406
828,2.0,15.0,30.0,0.3,1000.0,67.0,0.47192182143529254
829,2.0,15.0,30.0,0.3,10000.0,81.0,0.4579310715198517
830,2.0,15.0,30.0,0.5,0.0,117.0,0.40500575800736743
831,2.0,15.0,30.0,0.5,10.0,94.0,0.47020505865414935
832,2.0,15.0,30.0,0.5,100.0,127.0,0.4550471107165019
833,2.0,15.0,30.0,0.5,1000.0,79.0,0.475363830725352
834,2.0,15.0,30.0,0.5,10000.0,87.0,0.5379699567953745
835,2.0,15.0,30.0,0.7,0.0,129.0,0.4532155394554138
836,2.0,15.0,30.0,0.7,10.0,93.0,0.4598688582579295
837,2.0,15.0,30.0,0.7,100.0,90.0,0.48377658923467
838,2.0,15.0,30.0,0.7,1000.0,70.0,0.501944492260615
839,2.0,15.0,30.0,0.7,10000.0,170.0,0.45121435324350995
840,2.0,15.0,35.0,0.3,0.0,82.0,0.4736986557642619
841,2.0,15.0,35.0,0.3,10.0,81.0,0.47195539871851605
842,2.0,15.0,35.0,0.3,100.0,40.0,0.561660498380661
843,2.0,15.0,35.0,0.3,1000.0,99.0,0.40828018883864087
844,2.0,15.0,35.0,0.3,10000.0,79.0,0.4197709709405899
845,2.0,15.0,35.0,0.5,0.0,67.0,0.4787297745545705
846,2.0,15.0,35.0,0.5,10.0,76.0,0.48877883950869244
847,2.0,15.0,35.0,0.5,100.0,83.0,0.4481757680575053
848,2.0,15.0,35.0,0.5,1000.0,85.0,0.39440612494945526
849,2.0,15.0,35.0,0.5,10000.0,125.0,0.3900589644908905
850,2.0,15.0,35.0,0.7,0.0,85.0,0.47807132204373676
851,2.0,15.0,35.0,0.7,10.0,11.0,0.9710310300191244
852,2.0,15.0,35.0,0.7,100.0,121.0,0.46792247394720715
853,2.0,15.0,35.0,0.7,1000.0,86.0,0.4017158846060435
854,2.0,15.0,35.0,0.7,10000.0,88.0,0.46651453773180646
855,2.0,15.0,40.0,0.3,0.0,114.0,0.4197765241066615
856,2.0,15.0,40.0,0.3,10.0,11.0,0.9737919569015503
857,2.0,15.0,40.0,0.3,100.0,111.0,0.4427799880504608
858,2.0,15.0,40.0,0.3,1000.0,121.0,0.44874657193819684
859,2.0,15.0,40.0,0.3,10000.0,81.0,0.42864004770914715
860,2.0,15.0,40.0,0.5,0.0,112.0,0.4232633014520009
861,2.0,15.0,40.0,0.5,10.0,11.0,0.9756401379903158
862,2.0,15.0,40.0,0.5,100.0,117.0,0.43121884266535443
863,2.0,15.0,40.0,0.5,1000.0,106.0,0.4292030284802119
864,2.0,15.0,40.0,0.5,10000.0,154.0,0.40759655833244324
865,2.0,15.0,40.0,0.7,0.0,136.0,0.4461887677510579
866,2.0,15.0,40.0,0.7,10.0,11.0,0.9775248169898987
867,2.0,15.0,40.0,0.7,100.0,150.0,0.47923071185747784
868,2.0,15.0,40.0,0.7,1000.0,159.0,0.4259615937868754
869,2.0,15.0,40.0,0.7,10000.0,115.0,0.46254079043865204
870,2.0,15.0,45.0,0.3,0.0,61.0,0.49787700176239014
871,2.0,15.0,45.0,0.3,10.0,58.0,0.4362388253211975
872,2.0,15.0,45.0,0.3,100.0,94.0,0.4352973351875941
873,2.0,15.0,45.0,0.3,1000.0,117.0,0.4072081446647644
874,2.0,15.0,45.0,0.3,10000.0,125.0,0.47168246905008954
875,2.0,15.0,45.0,0.5,0.0,103.0,0.431876281897227
876,2.0,15.0,45.0,0.5,10.0,52.0,0.45173991719881695
877,2.0,15.0,45.0,0.5,100.0,85.0,0.4776212275028229
878,2.0,15.0,45.0,0.5,1000.0,125.0,0.3917106439669927
879,2.0,15.0,45.0,0.5,10000.0,116.0,0.4612339536348979
880,2.0,15.0,45.0,0.7,0.0,68.0,0.47722100218137103
881,2.0,15.0,45.0,0.7,10.0,83.0,0.44424426555633545
882,2.0,15.0,45.0,0.7,100.0,90.0,0.45422957837581635
883,2.0,15.0,45.0,0.7,1000.0,87.0,0.44650879005591076
884,2.0,15.0,45.0,0.7,10000.0,102.0,0.4540724406639735
885,2.0,15.0,50.0,0.3,0.0,115.0,0.4168633272250493
886,2.0,15.0,50.0,0.3,10.0,114.0,0.41854333877563477
887,2.0,15.0,50.0,0.3,100.0,112.0,0.4053813914457957
888,2.0,15.0,50.0,0.3,1000.0,72.0,0.45594489574432373
889,2.0,15.0,50.0,0.3,10000.0,97.0,0.4093203842639923
890,2.0,15.0,50.0,0.5,0.0,84.0,0.4443639814853668
891,2.0,15.0,50.0,0.5,10.0,153.0,0.4139079401890437
892,2.0,15.0,50.0,0.5,100.0,112.0,0.4313914080460866
893,2.0,15.0,50.0,0.5,1000.0,65.0,0.47421475251515705
894,2.0,15.0,50.0,0.5,10000.0,87.0,0.46752158800760907
895,2.0,15.0,50.0,0.7,0.0,94.0,0.4488849490880966
896,2.0,15.0,50.0,0.7,10.0,88.0,0.4533907075723012
897,2.0,15.0,50.0,0.7,100.0,11.0,0.9791189233462015
898,2.0,15.0,50.0,0.7,1000.0,115.0,0.4107825656731923
899,2.0,15.0,50.0,0.7,10000.0,110.0,0.4444133937358856
900,1.0,20.0,5.0,0.3,0.0,105.0,0.47000571588675183
901,1.0,20.0,5.0,0.3,10.0,69.0,0.48453985651334125
902,1.0,20.0,5.0,0.3,100.0,114.0,0.4620586534341176
903,1.0,20.0,5.0,0.3,1000.0,78.0,0.4200632572174072
904,1.0,20.0,5.0,0.3,10000.0,117.0,0.4241820772488912
905,1.0,20.0,5.0,0.5,0.0,80.0,0.5063250263532003
906,1.0,20.0,5.0,0.5,10.0,109.0,0.4892481168111165
907,1.0,20.0,5.0,0.5,100.0,69.0,0.5538086195786794
908,1.0,20.0,5.0,0.5,1000.0,106.0,0.4541029135386149
909,1.0,20.0,5.0,0.5,10000.0,73.0,0.47877489527066547
910,1.0,20.0,5.0,0.7,0.0,110.0,0.5864226917425791
911,1.0,20.0,5.0,0.7,10.0,71.0,0.6127048234144846
912,1.0,20.0,5.0,0.7,100.0,92.0,0.6049681504567465
913,1.0,20.0,5.0,0.7,1000.0,75.0,0.6315648953119913
914,1.0,20.0,5.0,0.7,10000.0,11.0,0.9809627532958984
915,1.0,20.0,10.0,0.3,0.0,71.0,0.5306845903396606
916,1.0,20.0,10.0,0.3,10.0,114.0,0.41518649955590564
917,1.0,20.0,10.0,0.3,100.0,92.0,0.4252719630797704
918,1.0,20.0,10.0,0.3,1000.0,65.0,0.4445015986760457
919,1.0,20.0,10.0,0.3,10000.0,77.0,0.4442136238018672
920,1.0,20.0,10.0,0.5,0.0,71.0,0.5034379065036774
921,1.0,20.0,10.0,0.5,10.0,92.0,0.4671318878730138
922,1.0,20.0,10.0,0.5,100.0,91.0,0.4442578007777532
923,1.0,20.0,10.0,0.5,1000.0,94.0,0.48663713534673053
924,1.0,20.0,10.0,0.5,10000.0,102.0,0.4675084849198659
925,1.0,20.0,10.0,0.7,0.0,79.0,0.5187919437885284
926,1.0,20.0,10.0,0.7,10.0,90.0,0.6052679419517517
927,1.0,20.0,10.0,0.7,100.0,87.0,0.5247959693272909
928,1.0,20.0,10.0,0.7,1000.0,69.0,0.5591297646363577
929,1.0,20.0,10.0,0.7,10000.0,60.0,0.5653213957945505
930,1.0,20.0,15.0,0.3,0.0,80.0,0.4257045388221741
931,1.0,20.0,15.0,0.3,10.0,118.0,0.4182593772808711
932,1.0,20.0,15.0,0.3,100.0,75.0,0.44111185272534686
933,1.0,20.0,15.0,0.3,1000.0,89.0,0.418208047747612
934,1.0,20.0,15.0,0.3,10000.0,84.0,0.447640061378479
935,1.0,20.0,15.0,0.5,0.0,66.0,0.4825487583875656
936,1.0,20.0,15.0,0.5,10.0,119.0,0.46272046367327374
937,1.0,20.0,15.0,0.5,100.0,91.0,0.4489023685455322
938,1.0,20.0,15.0,0.5,1000.0,72.0,0.4595651974280675
939,1.0,20.0,15.0,0.5,10000.0,70.0,0.46111268798510235
940,1.0,20.0,15.0,0.7,0.0,89.0,0.527539441982905
941,1.0,20.0,15.0,0.7,10.0,94.0,0.5240002572536469
942,1.0,20.0,15.0,0.7,100.0,112.0,0.48154541850090027
943,1.0,20.0,15.0,0.7,1000.0,11.0,0.97540815671285
944,1.0,20.0,15.0,0.7,10000.0,71.0,0.4926702280839284
945,1.0,20.0,20.0,0.3,0.0,66.0,0.47752290964126587
946,1.0,20.0,20.0,0.3,10.0,45.0,0.4470131794611613
947,1.0,20.0,20.0,0.3,100.0,93.0,0.39198094606399536
948,1.0,20.0,20.0,0.3,1000.0,94.0,0.4414859563112259
949,1.0,20.0,20.0,0.3,10000.0,78.0,0.4342205723126729
950,1.0,20.0,20.0,0.5,0.0,66.0,0.4431002239386241
951,1.0,20.0,20.0,0.5,10.0,51.0,0.4651749034722646
952,1.0,20.0,20.0,0.5,100.0,91.0,0.4119815578063329
953,1.0,20.0,20.0,0.5,1000.0,94.0,0.47284827133019763
954,1.0,20.0,20.0,0.5,10000.0,11.0,0.9844042460123698
955,1.0,20.0,20.0,0.7,0.0,77.0,0.5087849795818329
956,1.0,20.0,20.0,0.7,10.0,94.0,0.4844739039738973
957,1.0,20.0,20.0,0.7,100.0,12.0,0.9696455597877502
958,1.0,20.0,20.0,0.7,1000.0,43.0,0.5845031142234802
959,1.0,20.0,20.0,0.7,10000.0,11.0,0.991348663965861
960,1.0,20.0,25.0,0.3,0.0,85.0,0.4185958057641983
961,1.0,20.0,25.0,0.3,10.0,83.0,0.4259466081857681
962,1.0,20.0,25.0,0.3,100.0,84.0,0.45893681049346924
963,1.0,20.0,25.0,0.3,1000.0,48.0,0.44029158850510913
964,1.0,20.0,25.0,0.3,10000.0,54.0,0.46149447560310364
965,1.0,20.0,25.0,0.5,0.0,71.0,0.4186673512061437
966,1.0,20.0,25.0,0.5,10.0,75.0,0.46052741010983783
967,1.0,20.0,25.0,0.5,100.0,43.0,0.5543758571147919
968,1.0,20.0,25.0,0.5,1000.0,62.0,0.4463128050168355
969,1.0,20.0,25.0,0.5,10000.0,54.0,0.4650024076302846
970,1.0,20.0,25.0,0.7,0.0,83.0,0.47061999638875324
971,1.0,20.0,25.0,0.7,10.0,79.0,0.5007177491982778
972,1.0,20.0,25.0,0.7,100.0,56.0,0.5943038364251455
973,1.0,20.0,25.0,0.7,1000.0,11.0,0.9744957884152731
974,1.0,20.0,25.0,0.7,10000.0,58.0,0.5009841024875641
975,1.0,20.0,30.0,0.3,0.0,82.0,0.4395958483219147
976,1.0,20.0,30.0,0.3,10.0,66.0,0.45303553839524585
977,1.0,20.0,30.0,0.3,100.0,64.0,0.40919239819049835
978,1.0,20.0,30.0,0.3,1000.0,93.0,0.44157030681769055
979,1.0,20.0,30.0,0.3,10000.0,92.0,0.44801657895247143
980,1.0,20.0,30.0,0.5,0.0,81.0,0.47138338287671405
981,1.0,20.0,30.0,0.5,10.0,80.0,0.43500136335690814
982,1.0,20.0,30.0,0.5,100.0,81.0,0.42151761054992676
983,1.0,20.0,30.0,0.5,1000.0,105.0,0.42760151624679565
984,1.0,20.0,30.0,0.5,10000.0,84.0,0.44720794757207233
985,1.0,20.0,30.0,0.7,0.0,118.0,0.45209504663944244
986,1.0,20.0,30.0,0.7,10.0,11.0,0.9729355971018473
987,1.0,20.0,30.0,0.7,100.0,50.0,0.5923493007818857
988,1.0,20.0,30.0,0.7,1000.0,11.0,0.9680256446202596
989,1.0,20.0,30.0,0.7,10000.0,82.0,0.47577910621960956
990,1.0,20.0,35.0,0.3,0.0,77.0,0.3948393414417903
991,1.0,20.0,35.0,0.3,10.0,77.0,0.45785491665204364
992,1.0,20.0,35.0,0.3,100.0,125.0,0.3900965650876363
993,1.0,20.0,35.0,0.3,1000.0,59.0,0.42678344746430713
994,1.0,20.0,35.0,0.3,10000.0,59.0,0.47760212421417236
995,1.0,20.0,35.0,0.5,0.0,84.0,0.41737721860408783
996,1.0,20.0,35.0,0.5,10.0,81.0,0.462757666905721
997,1.0,20.0,35.0,0.5,100.0,11.0,0.9738822976748148
998,1.0,20.0,35.0,0.5,1000.0,76.0,0.4403278777996699
999,1.0,20.0,35.0,0.5,10000.0,87.0,0.46354488531748456
1000,1.0,20.0,35.0,0.7,0.0,11.0,0.9598836302757263
1001,1.0,20.0,35.0,0.7,10.0,101.0,0.45435021817684174
1002,1.0,20.0,35.0,0.7,100.0,11.0,0.97919100522995
1003,1.0,20.0,35.0,0.7,1000.0,11.0,0.97613658507665
1004,1.0,20.0,35.0,0.7,10000.0,48.0,0.5143601695696512
1005,1.0,20.0,40.0,0.3,0.0,67.0,0.4027075966199239
1006,1.0,20.0,40.0,0.3,10.0,63.0,0.4283958276112874
1007,1.0,20.0,40.0,0.3,100.0,95.0,0.40213852127393085
1008,1.0,20.0,40.0,0.3,1000.0,78.0,0.42800383766492206
1009,1.0,20.0,40.0,0.3,10000.0,64.0,0.44887763758500415
1010,1.0,20.0,40.0,0.5,0.0,83.0,0.4418355276187261
1011,1.0,20.0,40.0,0.5,10.0,94.0,0.4344061215718587
1012,1.0,20.0,40.0,0.5,100.0,11.0,0.9701847235361735
1013,1.0,20.0,40.0,0.5,1000.0,70.0,0.46336953341960907
1014,1.0,20.0,40.0,0.5,10000.0,72.0,0.4353888928890228
1015,1.0,20.0,40.0,0.7,0.0,73.0,0.46752163767814636
1016,1.0,20.0,40.0,0.7,10.0,63.0,0.49347123503685
1017,1.0,20.0,40.0,0.7,100.0,11.0,0.9794185161590576
1018,1.0,20.0,40.0,0.7,1000.0,78.0,0.47774996360143024
1019,1.0,20.0,40.0,0.7,10000.0,83.0,0.47377751270929974
1020,1.0,20.0,45.0,0.3,0.0,73.0,0.42041629552841187
1021,1.0,20.0,45.0,0.3,10.0,75.0,0.4711575110753377
1022,1.0,20.0,45.0,0.3,100.0,96.0,0.4129706124464671
1023,1.0,20.0,45.0,0.3,1000.0,61.0,0.43775660296281177
1024,1.0,20.0,45.0,0.3,10000.0,61.0,0.4182503968477249
1025,1.0,20.0,45.0,0.5,0.0,72.0,0.44983476400375366
1026,1.0,20.0,45.0,0.5,10.0,87.0,0.4258144994576772
1027,1.0,20.0,45.0,0.5,100.0,75.0,0.43378003935019177
1028,1.0,20.0,45.0,0.5,1000.0,77.0,0.4454119751850764
1029,1.0,20.0,45.0,0.5,10000.0,59.0,0.4592033525307973
1030,1.0,20.0,45.0,0.7,0.0,63.0,0.4786835163831711
1031,1.0,20.0,45.0,0.7,10.0,57.0,0.48245127002398175
1032,1.0,20.0,45.0,0.7,100.0,105.0,0.4799619217713674
1033,1.0,20.0,45.0,0.7,1000.0,77.0,0.4738970249891281
1034,1.0,20.0,45.0,0.7,10000.0,72.0,0.484336256980896
1035,1.0,20.0,50.0,0.3,0.0,71.0,0.4149813900391261
1036,1.0,20.0,50.0,0.3,10.0,68.0,0.4371330589056015
1037,1.0,20.0,50.0,0.3,100.0,96.0,0.40464840829372406
1038,1.0,20.0,50.0,0.3,1000.0,56.0,0.4280969152847926
1039,1.0,20.0,50.0,0.3,10000.0,74.0,0.43987175822257996
1040,1.0,20.0,50.0,0.5,0.0,77.0,0.41364223261674243
1041,1.0,20.0,50.0,0.5,10.0,68.0,0.4537133624156316
1042,1.0,20.0,50.0,0.5,100.0,96.0,0.423495148619016
1043,1.0,20.0,50.0,0.5,1000.0,52.0,0.44838207463423413
1044,1.0,20.0,50.0,0.5,10000.0,66.0,0.45218488574028015
1045,1.0,20.0,50.0,0.7,0.0,11.0,0.977527379989624
1046,1.0,20.0,50.0,0.7,10.0,90.0,0.4566362549861272
1047,1.0,20.0,50.0,0.7,100.0,11.0,0.9745406111081442
1048,1.0,20.0,50.0,0.7,1000.0,94.0,0.47316055993239087
1049,1.0,20.0,50.0,0.7,10000.0,11.0,0.982576052347819
1050,2.0,20.0,5.0,0.3,0.0,88.0,0.47783732414245605
1051,2.0,20.0,5.0,0.3,10.0,74.0,0.43445561329523724
1052,2.0,20.0,5.0,0.3,100.0,139.0,0.6052337189515432
1053,2.0,20.0,5.0,0.3,1000.0,98.0,0.47392793496449787
1054,2.0,20.0,5.0,0.3,10000.0,73.0,0.4751170476277669
1055,2.0,20.0,5.0,0.5,0.0,68.0,0.5036497712135315
1056,2.0,20.0,5.0,0.5,10.0,77.0,0.4919876754283905
1057,2.0,20.0,5.0,0.5,100.0,174.0,0.6326409081617991
1058,2.0,20.0,5.0,0.5,1000.0,84.0,0.4393064429362615
1059,2.0,20.0,5.0,0.5,10000.0,107.0,0.4817570646603902
1060,2.0,20.0,5.0,0.7,0.0,95.0,0.5479166408379873
1061,2.0,20.0,5.0,0.7,10.0,97.0,0.5475167731444041
1062,2.0,20.0,5.0,0.7,100.0,146.0,0.7642989754676819
1063,2.0,20.0,5.0,0.7,1000.0,73.0,0.5561625361442566
1064,2.0,20.0,5.0,0.7,10000.0,71.0,0.5971839725971222
1065,2.0,20.0,10.0,0.3,0.0,95.0,0.4528109629948934
1066,2.0,20.0,10.0,0.3,10.0,57.0,0.42885787785053253
1067,2.0,20.0,10.0,0.3,100.0,91.0,0.4083479742209117
1068,2.0,20.0,10.0,0.3,1000.0,86.0,0.4313020408153534
1069,2.0,20.0,10.0,0.3,10000.0,116.0,0.4327358106772105
1070,2.0,20.0,10.0,0.5,0.0,83.0,0.47702011466026306
1071,2.0,20.0,10.0,0.5,10.0,63.0,0.45064052442709607
1072,2.0,20.0,10.0,0.5,100.0,88.0,0.4217948913574219
1073,2.0,20.0,10.0,0.5,1000.0,112.0,0.46127261718114215
1074,2.0,20.0,10.0,0.5,10000.0,102.0,0.46238768100738525
1075,2.0,20.0,10.0,0.7,0.0,62.0,0.5187360246976217
1076,2.0,20.0,10.0,0.7,10.0,57.0,0.526374876499176
1077,2.0,20.0,10.0,0.7,100.0,126.0,0.44641704857349396
1078,2.0,20.0,10.0,0.7,1000.0,94.0,0.49961428840955097
1079,2.0,20.0,10.0,0.7,10000.0,102.0,0.4759330153465271
1080,2.0,20.0,15.0,0.3,0.0,64.0,0.4530836492776871
1081,2.0,20.0,15.0,0.3,10.0,69.0,0.4608752429485321
1082,2.0,20.0,15.0,0.3,100.0,47.0,0.4931496779123942
1083,2.0,20.0,15.0,0.3,1000.0,55.0,0.4369252224763234
1084,2.0,20.0,15.0,0.3,10000.0,58.0,0.45427051683266956
1085,2.0,20.0,15.0,0.5,0.0,52.0,0.4745648105939229
1086,2.0,20.0,15.0,0.5,10.0,104.0,0.43423288067181903
1087,2.0,20.0,15.0,0.5,100.0,76.0,0.4760996500651042
1088,2.0,20.0,15.0,0.5,1000.0,62.0,0.44536487261454266
1089,2.0,20.0,15.0,0.5,10000.0,94.0,0.4415221760670344
1090,2.0,20.0,15.0,0.7,0.0,63.0,0.5467841029167175
1091,2.0,20.0,15.0,0.7,10.0,86.0,0.45381926993529004
1092,2.0,20.0,15.0,0.7,100.0,91.0,0.48482546210289
1093,2.0,20.0,15.0,0.7,1000.0,66.0,0.500218540430069
1094,2.0,20.0,15.0,0.7,10000.0,116.0,0.49177514513333637
1095,2.0,20.0,20.0,0.3,0.0,140.0,0.40121419231096905
1096,2.0,20.0,20.0,0.3,10.0,103.0,0.46632049481074017
1097,2.0,20.0,20.0,0.3,100.0,78.0,0.3911641190449397
1098,2.0,20.0,20.0,0.3,1000.0,75.0,0.45849648118019104
1099,2.0,20.0,20.0,0.3,10000.0,44.0,0.538938840230306
1100,2.0,20.0,20.0,0.5,0.0,103.0,0.41070975363254547
1101,2.0,20.0,20.0,0.5,10.0,109.0,0.42523909111817676
1102,2.0,20.0,20.0,0.5,100.0,95.0,0.4486321310202281
1103,2.0,20.0,20.0,0.5,1000.0,87.0,0.46765636404355365
1104,2.0,20.0,20.0,0.5,10000.0,45.0,0.5227040350437164
1105,2.0,20.0,20.0,0.7,0.0,156.0,0.48373550673325855
1106,2.0,20.0,20.0,0.7,10.0,103.0,0.4345345397790273
1107,2.0,20.0,20.0,0.7,100.0,80.0,0.46333977580070496
1108,2.0,20.0,20.0,0.7,1000.0,74.0,0.4798279305299123
1109,2.0,20.0,20.0,0.7,10000.0,97.0,0.47374941408634186
1110,2.0,20.0,25.0,0.3,0.0,92.0,0.42514491081237793
1111,2.0,20.0,25.0,0.3,10.0,103.0,0.44085218012332916
1112,2.0,20.0,25.0,0.3,100.0,94.0,0.43900086482365924
1113,2.0,20.0,25.0,0.3,1000.0,56.0,0.4601992567380269
1114,2.0,20.0,25.0,0.3,10000.0,108.0,0.43188870946566266
1115,2.0,20.0,25.0,0.5,0.0,122.0,0.41847919424374896
1116,2.0,20.0,25.0,0.5,10.0,75.0,0.44520585735638935
1117,2.0,20.0,25.0,0.5,100.0,115.0,0.40936095515886944
1118,2.0,20.0,25.0,0.5,1000.0,75.0,0.4617126186688741
1119,2.0,20.0,25.0,0.5,10000.0,105.0,0.4354322552680969
1120,2.0,20.0,25.0,0.7,0.0,135.0,0.44858716428279877
1121,2.0,20.0,25.0,0.7,10.0,124.0,0.4349774271249771
1122,2.0,20.0,25.0,0.7,100.0,111.0,0.4510786334673564
1123,2.0,20.0,25.0,0.7,1000.0,54.0,0.4862595597902934
1124,2.0,20.0,25.0,0.7,10000.0,106.0,0.4074644496043523
1125,2.0,20.0,30.0,0.3,0.0,89.0,0.4286036938428879
1126,2.0,20.0,30.0,0.3,10.0,88.0,0.4572640160719554
1127,2.0,20.0,30.0,0.3,100.0,41.0,0.5566920936107635
1128,2.0,20.0,30.0,0.3,1000.0,55.0,0.4386415282885234
1129,2.0,20.0,30.0,0.3,10000.0,61.0,0.4484107792377472
1130,2.0,20.0,30.0,0.5,0.0,83.0,0.4661930153767268
1131,2.0,20.0,30.0,0.5,10.0,82.0,0.42177268862724304
1132,2.0,20.0,30.0,0.5,100.0,105.0,0.41784756382306415
1133,2.0,20.0,30.0,0.5,1000.0,55.0,0.4544736345609029
1134,2.0,20.0,30.0,0.5,10000.0,89.0,0.44167983531951904
1135,2.0,20.0,30.0,0.7,0.0,69.0,0.49296674132347107
1136,2.0,20.0,30.0,0.7,10.0,91.0,0.42243074377377826
1137,2.0,20.0,30.0,0.7,100.0,86.0,0.448835551738739
1138,2.0,20.0,30.0,0.7,1000.0,66.0,0.4750800629456838
1139,2.0,20.0,30.0,0.7,10000.0,77.0,0.4576750099658966
1140,2.0,20.0,35.0,0.3,0.0,66.0,0.4582834144433339
1141,2.0,20.0,35.0,0.3,10.0,76.0,0.41657494008541107
1142,2.0,20.0,35.0,0.3,100.0,56.0,0.4677448372046153
1143,2.0,20.0,35.0,0.3,1000.0,64.0,0.4572471082210541
1144,2.0,20.0,35.0,0.3,10000.0,70.0,0.43291351199150085
1145,2.0,20.0,35.0,0.5,0.0,89.0,0.43426866332689923
1146,2.0,20.0,35.0,0.5,10.0,91.0,0.42374687890211743
1147,2.0,20.0,35.0,0.5,100.0,56.0,0.4797792037328084
1148,2.0,20.0,35.0,0.5,1000.0,79.0,0.45242573817571
1149,2.0,20.0,35.0,0.5,10000.0,79.0,0.44061662753423053
1150,2.0,20.0,35.0,0.7,0.0,84.0,0.45939695835113525
1151,2.0,20.0,35.0,0.7,10.0,87.0,0.439891239007314
1152,2.0,20.0,35.0,0.7,100.0,68.0,0.48086977005004883
1153,2.0,20.0,35.0,0.7,1000.0,52.0,0.48071162899335224
1154,2.0,20.0,35.0,0.7,10000.0,101.0,0.42696601649125415
1155,2.0,20.0,40.0,0.3,0.0,67.0,0.5036578079064687
1156,2.0,20.0,40.0,0.3,10.0,50.0,0.4785956343015035
1157,2.0,20.0,40.0,0.3,100.0,60.0,0.47206543882687885
1158,2.0,20.0,40.0,0.3,1000.0,70.0,0.427066445350647
1159,2.0,20.0,40.0,0.3,10000.0,87.0,0.37738927205403644
1160,2.0,20.0,40.0,0.5,0.0,120.0,0.4247189213832219
1161,2.0,20.0,40.0,0.5,10.0,63.0,0.46301640073458356
1162,2.0,20.0,40.0,0.5,100.0,87.0,0.4744747181733449
1163,2.0,20.0,40.0,0.5,1000.0,51.0,0.4450301726659139
1164,2.0,20.0,40.0,0.5,10000.0,87.0,0.4204440414905548
1165,2.0,20.0,40.0,0.7,0.0,123.0,0.4259972671667735
1166,2.0,20.0,40.0,0.7,10.0,79.0,0.46749622623125714
1167,2.0,20.0,40.0,0.7,100.0,75.0,0.48756688833236694
1168,2.0,20.0,40.0,0.7,1000.0,70.0,0.47906742493311566
1169,2.0,20.0,40.0,0.7,10000.0,102.0,0.4507826765378316
1170,2.0,20.0,45.0,0.3,0.0,96.0,0.4403560360272725
1171,2.0,20.0,45.0,0.3,10.0,47.0,0.48082168896993
1172,2.0,20.0,45.0,0.3,100.0,45.0,0.4984133044878642
1173,2.0,20.0,45.0,0.3,1000.0,62.0,0.4395279884338379
1174,2.0,20.0,45.0,0.3,10000.0,75.0,0.4134685695171356
1175,2.0,20.0,45.0,0.5,0.0,117.0,0.39864776531855267
1176,2.0,20.0,45.0,0.5,10.0,91.0,0.4512687722841899
1177,2.0,20.0,45.0,0.5,100.0,56.0,0.4719841778278351
1178,2.0,20.0,45.0,0.5,1000.0,62.0,0.44198229908943176
1179,2.0,20.0,45.0,0.5,10000.0,84.0,0.4214958647886912
1180,2.0,20.0,45.0,0.7,0.0,94.0,0.43307821949323017
1181,2.0,20.0,45.0,0.7,10.0,85.0,0.4753621617952983
1182,2.0,20.0,45.0,0.7,100.0,91.0,0.4726924995581309
1183,2.0,20.0,45.0,0.7,1000.0,74.0,0.45874398946762085
1184,2.0,20.0,45.0,0.7,10000.0,65.0,0.43438490231831867
1185,2.0,20.0,50.0,0.3,0.0,77.0,0.4501990129550298
1186,2.0,20.0,50.0,0.3,10.0,75.0,0.43359870711962384
1187,2.0,20.0,50.0,0.3,100.0,112.0,0.3936305145422618
1188,2.0,20.0,50.0,0.3,1000.0,75.0,0.4533565143744151
1189,2.0,20.0,50.0,0.3,10000.0,63.0,0.4355437954266866
1190,2.0,20.0,50.0,0.5,0.0,63.0,0.49343472719192505
1191,2.0,20.0,50.0,0.5,10.0,86.0,0.42086488008499146
1192,2.0,20.0,50.0,0.5,100.0,97.0,0.4158070385456085
1193,2.0,20.0,50.0,0.5,1000.0,81.0,0.4417084753513336
1194,2.0,20.0,50.0,0.5,10000.0,71.0,0.44359857340653736
1195,2.0,20.0,50.0,0.7,0.0,76.0,0.4646527171134949
1196,2.0,20.0,50.0,0.7,10.0,87.0,0.4634539286295573
1197,2.0,20.0,50.0,0.7,100.0,108.0,0.40243906279404956
1198,2.0,20.0,50.0,0.7,1000.0,87.0,0.45482204357783
1199,2.0,20.0,50.0,0.7,10000.0,102.0,0.3932383209466934
1200,1.0,25.0,5.0,0.3,0.0,85.0,0.4489003320535024
1201,1.0,25.0,5.0,0.3,10.0,114.0,0.4447752833366394
1202,1.0,25.0,5.0,0.3,100.0,11.0,0.9720375339190165
1203,1.0,25.0,5.0,0.3,1000.0,81.0,0.49382123351097107
1204,1.0,25.0,5.0,0.3,10000.0,73.0,0.4596780488888423
1205,1.0,25.0,5.0,0.5,0.0,71.0,0.49635933836301166
1206,1.0,25.0,5.0,0.5,10.0,98.0,0.487824410200119
1207,1.0,25.0,5.0,0.5,100.0,87.0,0.5408786336580912
1208,1.0,25.0,5.0,0.5,1000.0,76.0,0.5348727901776632
1209,1.0,25.0,5.0,0.5,10000.0,11.0,0.9647302230199178
1210,1.0,25.0,5.0,0.7,0.0,66.0,0.6079432169596354
1211,1.0,25.0,5.0,0.7,10.0,67.0,0.6181818246841431
1212,1.0,25.0,5.0,0.7,100.0,11.0,0.9638214111328125
1213,1.0,25.0,5.0,0.7,1000.0,81.0,0.6302214761575063
1214,1.0,25.0,5.0,0.7,10000.0,11.0,0.9670740763346354
1215,1.0,25.0,10.0,0.3,0.0,69.0,0.4379403491814931
1216,1.0,25.0,10.0,0.3,10.0,79.0,0.4318520426750183
1217,1.0,25.0,10.0,0.3,100.0,47.0,0.4871690074602763
1218,1.0,25.0,10.0,0.3,1000.0,74.0,0.5090729345877966
1219,1.0,25.0,10.0,0.3,10000.0,59.0,0.4347524493932724
1220,1.0,25.0,10.0,0.5,0.0,113.0,0.4606728156407674
1221,1.0,25.0,10.0,0.5,10.0,82.0,0.4342811306317647
1222,1.0,25.0,10.0,0.5,100.0,60.0,0.5009173254172007
1223,1.0,25.0,10.0,0.5,1000.0,70.0,0.5225999553998312
1224,1.0,25.0,10.0,0.5,10000.0,11.0,0.968701442082723
1225,1.0,25.0,10.0,0.7,0.0,89.0,0.5376433730125427
1226,1.0,25.0,10.0,0.7,10.0,68.0,0.544544130563736
1227,1.0,25.0,10.0,0.7,100.0,59.0,0.5403003096580505
1228,1.0,25.0,10.0,0.7,1000.0,43.0,0.6039496958255768
1229,1.0,25.0,10.0,0.7,10000.0,11.0,0.9718799392382304
1230,1.0,25.0,15.0,0.3,0.0,93.0,0.4286225537459056
1231,1.0,25.0,15.0,0.3,10.0,38.0,0.5428359806537628
1232,1.0,25.0,15.0,0.3,100.0,49.0,0.4641085664431254
1233,1.0,25.0,15.0,0.3,1000.0,94.0,0.42919838428497314
1234,1.0,25.0,15.0,0.3,10000.0,82.0,0.44020910064379376
1235,1.0,25.0,15.0,0.5,0.0,59.0,0.4744605173667272
1236,1.0,25.0,15.0,0.5,10.0,38.0,0.5815862913926443
1237,1.0,25.0,15.0,0.5,100.0,54.0,0.46945058306058246
1238,1.0,25.0,15.0,0.5,1000.0,64.0,0.47137218217055005
1239,1.0,25.0,15.0,0.5,10000.0,90.0,0.44714294373989105
1240,1.0,25.0,15.0,0.7,0.0,59.0,0.5185493528842926
1241,1.0,25.0,15.0,0.7,10.0,93.0,0.4830684959888458
1242,1.0,25.0,15.0,0.7,100.0,85.0,0.5028477211793264
1243,1.0,25.0,15.0,0.7,1000.0,81.0,0.4979107578595479
1244,1.0,25.0,15.0,0.7,10000.0,93.0,0.5316220919291178
1245,1.0,25.0,20.0,0.3,0.0,44.0,0.4568742016951243
1246,1.0,25.0,20.0,0.3,10.0,93.0,0.47171566883722943
1247,1.0,25.0,20.0,0.3,100.0,84.0,0.42264318466186523
1248,1.0,25.0,20.0,0.3,1000.0,75.0,0.45619698365529376
1249,1.0,25.0,20.0,0.3,10000.0,44.0,0.4629691541194916
1250,1.0,25.0,20.0,0.5,0.0,103.0,0.39463664094607037
1251,1.0,25.0,20.0,0.5,10.0,112.0,0.4387075752019882
1252,1.0,25.0,20.0,0.5,100.0,116.0,0.4255479524532954
1253,1.0,25.0,20.0,0.5,1000.0,94.0,0.4650888741016388
1254,1.0,25.0,20.0,0.5,10000.0,58.0,0.48258839050928753
1255,1.0,25.0,20.0,0.7,0.0,66.0,0.4921571612358093
1256,1.0,25.0,20.0,0.7,10.0,100.0,0.4824082950750987
1257,1.0,25.0,20.0,0.7,100.0,109.0,0.4410436401764552
1258,1.0,25.0,20.0,0.7,1000.0,72.0,0.4921512007713318
1259,1.0,25.0,20.0,0.7,10000.0,92.0,0.4898732602596283
1260,1.0,25.0,25.0,0.3,0.0,81.0,0.4466620882352193
1261,1.0,25.0,25.0,0.3,10.0,136.0,0.3992974857489268
1262,1.0,25.0,25.0,0.3,100.0,85.0,0.4389340877532959
1263,1.0,25.0,25.0,0.3,1000.0,56.0,0.4531824787457784
1264,1.0,25.0,25.0,0.3,10000.0,83.0,0.492893119653066
1265,1.0,25.0,25.0,0.5,0.0,73.0,0.4527899424235026
1266,1.0,25.0,25.0,0.5,10.0,64.0,0.43852683405081433
1267,1.0,25.0,25.0,0.5,100.0,57.0,0.45690389970938367
1268,1.0,25.0,25.0,0.5,1000.0,55.0,0.4567116250594457
1269,1.0,25.0,25.0,0.5,10000.0,98.0,0.46224091450373334
1270,1.0,25.0,25.0,0.7,0.0,79.0,0.5516184469064077
1271,1.0,25.0,25.0,0.7,10.0,62.0,0.49494045972824097
1272,1.0,25.0,25.0,0.7,100.0,11.0,0.9749911824862162
1273,1.0,25.0,25.0,0.7,1000.0,110.0,0.4942528307437897
1274,1.0,25.0,25.0,0.7,10000.0,11.0,0.9741824865341187
1275,1.0,25.0,30.0,0.3,0.0,73.0,0.4272344708442688
1276,1.0,25.0,30.0,0.3,10.0,61.0,0.41970451672871906
1277,1.0,25.0,30.0,0.3,100.0,52.0,0.40722379585107166
1278,1.0,25.0,30.0,0.3,1000.0,77.0,0.43517014384269714
1279,1.0,25.0,30.0,0.3,10000.0,82.0,0.4139847656091054
1280,1.0,25.0,30.0,0.5,0.0,48.0,0.466020201643308
1281,1.0,25.0,30.0,0.5,10.0,57.0,0.4444676736990611
1282,1.0,25.0,30.0,0.5,100.0,75.0,0.42288615306218463
1283,1.0,25.0,30.0,0.5,1000.0,57.0,0.45910075803597766
1284,1.0,25.0,30.0,0.5,10000.0,57.0,0.45160889128843945
1285,1.0,25.0,30.0,0.7,0.0,71.0,0.4837912619113922
1286,1.0,25.0,30.0,0.7,10.0,11.0,0.9750323096911112
1287,1.0,25.0,30.0,0.7,100.0,51.0,0.4835689713557561
1288,1.0,25.0,30.0,0.7,1000.0,59.0,0.4943723777929942
1289,1.0,25.0,30.0,0.7,10000.0,11.0,0.9735219677289327
1290,1.0,25.0,35.0,0.3,0.0,57.0,0.4145547350247701
1291,1.0,25.0,35.0,0.3,10.0,36.0,0.46225010355313617
1292,1.0,25.0,35.0,0.3,100.0,58.0,0.41738129655520123
1293,1.0,25.0,35.0,0.3,1000.0,58.0,0.4815717687209447
1294,1.0,25.0,35.0,0.3,10000.0,73.0,0.4174174964427948
1295,1.0,25.0,35.0,0.5,0.0,58.0,0.48639694849650067
1296,1.0,25.0,35.0,0.5,10.0,103.0,0.4248937666416168
1297,1.0,25.0,35.0,0.5,100.0,63.0,0.4665771424770355
1298,1.0,25.0,35.0,0.5,1000.0,53.0,0.47173164784908295
1299,1.0,25.0,35.0,0.5,10000.0,109.0,0.41555234293142956
1300,1.0,25.0,35.0,0.7,0.0,54.0,0.4723617931207021
1301,1.0,25.0,35.0,0.7,10.0,72.0,0.45402344067891437
1302,1.0,25.0,35.0,0.7,100.0,56.0,0.48305663963158924
1303,1.0,25.0,35.0,0.7,1000.0,59.0,0.4928550223509471
1304,1.0,25.0,35.0,0.7,10000.0,77.0,0.4566110173861186
1305,1.0,25.0,40.0,0.3,0.0,60.0,0.4334508826335271
1306,1.0,25.0,40.0,0.3,10.0,74.0,0.4459388107061386
1307,1.0,25.0,40.0,0.3,100.0,58.0,0.42043593525886536
1308,1.0,25.0,40.0,0.3,1000.0,48.0,0.45338167746861774
1309,1.0,25.0,40.0,0.3,10000.0,39.0,0.4384954671065013
1310,1.0,25.0,40.0,0.5,0.0,71.0,0.43746285140514374
1311,1.0,25.0,40.0,0.5,10.0,48.0,0.4840388596057892
1312,1.0,25.0,40.0,0.5,100.0,96.0,0.4212384720643361
1313,1.0,25.0,40.0,0.5,1000.0,70.0,0.46559535960356396
1314,1.0,25.0,40.0,0.5,10000.0,56.0,0.4597235272328059
1315,1.0,25.0,40.0,0.7,0.0,90.0,0.47436652580897015
1316,1.0,25.0,40.0,0.7,10.0,80.0,0.46937557061513263
1317,1.0,25.0,40.0,0.7,100.0,11.0,0.982340673605601
1318,1.0,25.0,40.0,0.7,1000.0,69.0,0.46885251998901367
1319,1.0,25.0,40.0,0.7,10000.0,69.0,0.4911905626455943
1320,1.0,25.0,45.0,0.3,0.0,46.0,0.42988984783490497
1321,1.0,25.0,45.0,0.3,10.0,66.0,0.4315415521462758
1322,1.0,25.0,45.0,0.3,100.0,70.0,0.4356776525576909
1323,1.0,25.0,45.0,0.3,1000.0,67.0,0.46804354588190716
1324,1.0,25.0,45.0,0.3,10000.0,67.0,0.38811399539311725
1325,1.0,25.0,45.0,0.5,0.0,60.0,0.4264526019493739
1326,1.0,25.0,45.0,0.5,10.0,52.0,0.428380290667216
1327,1.0,25.0,45.0,0.5,100.0,128.0,0.378071869413058
1328,1.0,25.0,45.0,0.5,1000.0,55.0,0.45621631542841595
1329,1.0,25.0,45.0,0.5,10000.0,60.0,0.42818475266297656
1330,1.0,25.0,45.0,0.7,0.0,67.0,0.4557054291168849
1331,1.0,25.0,45.0,0.7,10.0,55.0,0.4669408897558848
1332,1.0,25.0,45.0,0.7,100.0,101.0,0.45800985892613727
1333,1.0,25.0,45.0,0.7,1000.0,58.0,0.49422437449296314
1334,1.0,25.0,45.0,0.7,10000.0,93.0,0.4866856237252553
1335,1.0,25.0,50.0,0.3,0.0,48.0,0.4461476703484853
1336,1.0,25.0,50.0,0.3,10.0,39.0,0.49080629150072735
1337,1.0,25.0,50.0,0.3,100.0,64.0,0.4404836694399516
1338,1.0,25.0,50.0,0.3,1000.0,70.0,0.4652741551399231
1339,1.0,25.0,50.0,0.3,10000.0,114.0,0.3835681229829788
1340,1.0,25.0,50.0,0.5,0.0,52.0,0.4889964660008748
1341,1.0,25.0,50.0,0.5,10.0,73.0,0.4465717176596324
1342,1.0,25.0,50.0,0.5,100.0,71.0,0.43337806065877277
1343,1.0,25.0,50.0,0.5,1000.0,62.0,0.43508336941401166
1344,1.0,25.0,50.0,0.5,10000.0,86.0,0.3958171357711156
1345,1.0,25.0,50.0,0.7,0.0,60.0,0.4930289338032405
1346,1.0,25.0,50.0,0.7,10.0,70.0,0.4750820994377136
1347,1.0,25.0,50.0,0.7,100.0,56.0,0.4566902319590251
1348,1.0,25.0,50.0,0.7,1000.0,69.0,0.43279702464739483
1349,1.0,25.0,50.0,0.7,10000.0,75.0,0.45075202484925586
1350,2.0,25.0,5.0,0.3,0.0,37.0,0.5553347071011862
1351,2.0,25.0,5.0,0.3,10.0,123.0,0.4437868297100067
1352,2.0,25.0,5.0,0.3,100.0,67.0,0.454121728738149
1353,2.0,25.0,5.0,0.3,1000.0,82.0,0.5215959548950195
1354,2.0,25.0,5.0,0.3,10000.0,82.0,0.4845115939776103
1355,2.0,25.0,5.0,0.5,0.0,81.0,0.504831482966741
1356,2.0,25.0,5.0,0.5,10.0,65.0,0.4987817207972209
1357,2.0,25.0,5.0,0.5,100.0,86.0,0.5301380753517151
1358,2.0,25.0,5.0,0.5,1000.0,69.0,0.5017915765444437
1359,2.0,25.0,5.0,0.5,10000.0,90.0,0.487446129322052
1360,2.0,25.0,5.0,0.7,0.0,74.0,0.5688031514485677
1361,2.0,25.0,5.0,0.7,10.0,55.0,0.5975433886051178
1362,2.0,25.0,5.0,0.7,100.0,49.0,0.5941506723562876
1363,2.0,25.0,5.0,0.7,1000.0,69.0,0.5712055265903473
1364,2.0,25.0,5.0,0.7,10000.0,58.0,0.6461933553218842
1365,2.0,25.0,10.0,0.3,0.0,77.0,0.4381163368622462
1366,2.0,25.0,10.0,0.3,10.0,95.0,0.42039016385873157
1367,2.0,25.0,10.0,0.3,100.0,78.0,0.4029478579759598
1368,2.0,25.0,10.0,0.3,1000.0,73.0,0.4677929679552714
1369,2.0,25.0,10.0,0.3,10000.0,52.0,0.49864474932352704
1370,2.0,25.0,10.0,0.5,0.0,74.0,0.45289117097854614
1371,2.0,25.0,10.0,0.5,10.0,85.0,0.4108585963646571
1372,2.0,25.0,10.0,0.5,100.0,84.0,0.417578786611557
1373,2.0,25.0,10.0,0.5,1000.0,78.0,0.4682319164276123
1374,2.0,25.0,10.0,0.5,10000.0,47.0,0.5357967019081116
1375,2.0,25.0,10.0,0.7,0.0,53.0,0.5013132492701212
1376,2.0,25.0,10.0,0.7,10.0,91.0,0.5190958281358083
1377,2.0,25.0,10.0,0.7,100.0,60.0,0.5053641200065613
1378,2.0,25.0,10.0,0.7,1000.0,113.0,0.47969627877076465
1379,2.0,25.0,10.0,0.7,10000.0,56.0,0.5105505883693695
1380,2.0,25.0,15.0,0.3,0.0,64.0,0.4551265637079875
1381,2.0,25.0,15.0,0.3,10.0,68.0,0.4355238179365794
1382,2.0,25.0,15.0,0.3,100.0,81.0,0.4100417246421178
1383,2.0,25.0,15.0,0.3,1000.0,66.0,0.4122167279322942
1384,2.0,25.0,15.0,0.3,10000.0,55.0,0.4276343683401744
1385,2.0,25.0,15.0,0.5,0.0,80.0,0.4642137388388316
1386,2.0,25.0,15.0,0.5,10.0,80.0,0.43478978673617047
1387,2.0,25.0,15.0,0.5,100.0,72.0,0.40150943398475647
1388,2.0,25.0,15.0,0.5,1000.0,46.0,0.4699523647626241
1389,2.0,25.0,15.0,0.5,10000.0,63.0,0.41931841770807904
1390,2.0,25.0,15.0,0.7,0.0,82.0,0.5076060444116592
1391,2.0,25.0,15.0,0.7,10.0,83.0,0.48062320550282794
1392,2.0,25.0,15.0,0.7,100.0,101.0,0.4688776930173238
1393,2.0,25.0,15.0,0.7,1000.0,77.0,0.505047470331192
1394,2.0,25.0,15.0,0.7,10000.0,70.0,0.5274880429108938
1395,2.0,25.0,20.0,0.3,0.0,66.0,0.43692609667778015
1396,2.0,25.0,20.0,0.3,10.0,73.0,0.44154683748881024
1397,2.0,25.0,20.0,0.3,100.0,90.0,0.39636799693107605
1398,2.0,25.0,20.0,0.3,1000.0,55.0,0.4552564223607381
1399,2.0,25.0,20.0,0.3,10000.0,75.0,0.4152447779973348
1400,2.0,25.0,20.0,0.5,0.0,68.0,0.4613017986218135
1401,2.0,25.0,20.0,0.5,10.0,65.0,0.4563780476649602
1402,2.0,25.0,20.0,0.5,100.0,83.0,0.4385558068752289
1403,2.0,25.0,20.0,0.5,1000.0,53.0,0.46446752548217773
1404,2.0,25.0,20.0,0.5,10000.0,87.0,0.4250182608763377
1405,2.0,25.0,20.0,0.7,0.0,71.0,0.4737262676159541
1406,2.0,25.0,20.0,0.7,10.0,80.0,0.4802910586198171
1407,2.0,25.0,20.0,0.7,100.0,80.0,0.4588776230812073
1408,2.0,25.0,20.0,0.7,1000.0,49.0,0.4894539813200633
1409,2.0,25.0,20.0,0.7,10000.0,102.0,0.4215459922949473
1410,2.0,25.0,25.0,0.3,0.0,76.0,0.47409869233767193
1411,2.0,25.0,25.0,0.3,10.0,60.0,0.43553654352823895
1412,2.0,25.0,25.0,0.3,100.0,99.0,0.4154852827390035
1413,2.0,25.0,25.0,0.3,1000.0,75.0,0.4415622452894847
1414,2.0,25.0,25.0,0.3,10000.0,88.0,0.4688051442305247
1415,2.0,25.0,25.0,0.5,0.0,56.0,0.5132895211378733
1416,2.0,25.0,25.0,0.5,10.0,70.0,0.4466805507739385
1417,2.0,25.0,25.0,0.5,100.0,125.0,0.40796083708604175
1418,2.0,25.0,25.0,0.5,1000.0,58.0,0.48741262157758075
1419,2.0,25.0,25.0,0.5,10000.0,89.0,0.4517587125301361
1420,2.0,25.0,25.0,0.7,0.0,50.0,0.5307111342748007
1421,2.0,25.0,25.0,0.7,10.0,81.0,0.5064474691947302
1422,2.0,25.0,25.0,0.7,100.0,54.0,0.4783196250597636
1423,2.0,25.0,25.0,0.7,1000.0,52.0,0.48679397503534955
1424,2.0,25.0,25.0,0.7,10000.0,76.0,0.48340248068173725
1425,2.0,25.0,30.0,0.3,0.0,64.0,0.4837629199028015
1426,2.0,25.0,30.0,0.3,10.0,68.0,0.4433504442373912
1427,2.0,25.0,30.0,0.3,100.0,97.0,0.3901941180229187
1428,2.0,25.0,30.0,0.3,1000.0,69.0,0.5248760680357615
1429,2.0,25.0,30.0,0.3,10000.0,59.0,0.5011531213919321
1430,2.0,25.0,30.0,0.5,0.0,57.0,0.45133527119954425
1431,2.0,25.0,30.0,0.5,10.0,76.0,0.43856745461622876
1432,2.0,25.0,30.0,0.5,100.0,105.0,0.42071091135342914
1433,2.0,25.0,30.0,0.5,1000.0,81.0,0.45892031987508136
1434,2.0,25.0,30.0,0.5,10000.0,56.0,0.5160867671171824
1435,2.0,25.0,30.0,0.7,0.0,43.0,0.4891250729560852
1436,2.0,25.0,30.0,0.7,10.0,71.0,0.46410047511259717
1437,2.0,25.0,30.0,0.7,100.0,102.0,0.41924301783243817
1438,2.0,25.0,30.0,0.7,1000.0,71.0,0.4687664955854416
1439,2.0,25.0,30.0,0.7,10000.0,63.0,0.44948647419611615
1440,2.0,25.0,35.0,0.3,0.0,68.0,0.49295151233673096
1441,2.0,25.0,35.0,0.3,10.0,74.0,0.4326355854670207
1442,2.0,25.0,35.0,0.3,100.0,81.0,0.4428817927837372
1443,2.0,25.0,35.0,0.3,1000.0,77.0,0.4539620081583659
1444,2.0,25.0,35.0,0.3,10000.0,60.0,0.4769341051578522
1445,2.0,25.0,35.0,0.5,0.0,69.0,0.45075256129105884
1446,2.0,25.0,35.0,0.5,10.0,56.0,0.4602692474921544
1447,2.0,25.0,35.0,0.5,100.0,82.0,0.4310530920823415
1448,2.0,25.0,35.0,0.5,1000.0,55.0,0.4500364661216736
1449,2.0,25.0,35.0,0.5,10000.0,106.0,0.46164122223854065
1450,2.0,25.0,35.0,0.7,0.0,56.0,0.49839338660240173
1451,2.0,25.0,35.0,0.7,10.0,64.0,0.45776092012723285
1452,2.0,25.0,35.0,0.7,100.0,87.0,0.44791150093078613
1453,2.0,25.0,35.0,0.7,1000.0,99.0,0.448002556959788
1454,2.0,25.0,35.0,0.7,10000.0,103.0,0.4545448571443558
1455,2.0,25.0,40.0,0.3,0.0,67.0,0.5178751746813456
1456,2.0,25.0,40.0,0.3,10.0,40.0,0.4583798249562581
1457,2.0,25.0,40.0,0.3,100.0,87.0,0.44617676734924316
1458,2.0,25.0,40.0,0.3,1000.0,56.0,0.4692257841428121
1459,2.0,25.0,40.0,0.3,10000.0,71.0,0.4542914479970932
1460,2.0,25.0,40.0,0.5,0.0,85.0,0.4555066575606664
1461,2.0,25.0,40.0,0.5,10.0,55.0,0.4817820092042287
1462,2.0,25.0,40.0,0.5,100.0,90.0,0.4366980344057083
1463,2.0,25.0,40.0,0.5,1000.0,64.0,0.47047645847002667
1464,2.0,25.0,40.0,0.5,10000.0,104.0,0.42864006261030835
1465,2.0,25.0,40.0,0.7,0.0,52.0,0.4853175977865855
1466,2.0,25.0,40.0,0.7,10.0,98.0,0.4815639754136403
1467,2.0,25.0,40.0,0.7,100.0,71.0,0.4400741457939148
1468,2.0,25.0,40.0,0.7,1000.0,78.0,0.44647298256556195
1469,2.0,25.0,40.0,0.7,10000.0,81.0,0.4637930194536845
1470,2.0,25.0,45.0,0.3,0.0,70.0,0.4673616091410319
1471,2.0,25.0,45.0,0.3,10.0,62.0,0.42386629184087116
1472,2.0,25.0,45.0,0.3,100.0,83.0,0.4284059902032216
1473,2.0,25.0,45.0,0.3,1000.0,58.0,0.4754921495914459
1474,2.0,25.0,45.0,0.3,10000.0,72.0,0.4374968409538269
1475,2.0,25.0,45.0,0.5,0.0,80.0,0.43938657144705456
1476,2.0,25.0,45.0,0.5,10.0,91.0,0.407306507229805
1477,2.0,25.0,45.0,0.5,100.0,67.0,0.4315096040566762
1478,2.0,25.0,45.0,0.5,1000.0,83.0,0.46230395634969074
1479,2.0,25.0,45.0,0.5,10000.0,60.0,0.46527454257011414
1480,2.0,25.0,45.0,0.7,0.0,48.0,0.4679444928963979
1481,2.0,25.0,45.0,0.7,10.0,105.0,0.4391891409953435
1482,2.0,25.0,45.0,0.7,100.0,82.0,0.45642505089441937
1483,2.0,25.0,45.0,0.7,1000.0,72.0,0.4380694677432378
1484,2.0,25.0,45.0,0.7,10000.0,70.0,0.4618881940841675
1485,2.0,25.0,50.0,0.3,0.0,59.0,0.42167207101980847
1486,2.0,25.0,50.0,0.3,10.0,74.0,0.3916973719994227
1487,2.0,25.0,50.0,0.3,100.0,93.0,0.47184497117996216
1488,2.0,25.0,50.0,0.3,1000.0,36.0,0.467477152744929
1489,2.0,25.0,50.0,0.3,10000.0,60.0,0.44118863840897876
1490,2.0,25.0,50.0,0.5,0.0,74.0,0.4295553167661031
1491,2.0,25.0,50.0,0.5,10.0,71.0,0.4126676917076111
1492,2.0,25.0,50.0,0.5,100.0,81.0,0.41180985669294995
1493,2.0,25.0,50.0,0.5,1000.0,60.0,0.4728405972321828
1494,2.0,25.0,50.0,0.5,10000.0,92.0,0.40474700927734375
1495,2.0,25.0,50.0,0.7,0.0,79.0,0.4404802719751994
1496,2.0,25.0,50.0,0.7,10.0,67.0,0.44246095418930054
1497,2.0,25.0,50.0,0.7,100.0,99.0,0.4003733495871226
1498,2.0,25.0,50.0,0.7,1000.0,82.0,0.4443855881690979
1499,2.0,25.0,50.0,0.7,10000.0,84.0,0.43994035323460895
1500,1.0,30.0,5.0,0.3,0.0,112.0,0.4773273766040802
1501,1.0,30.0,5.0,0.3,10.0,108.0,0.4395958135525386
1502,1.0,30.0,5.0,0.3,100.0,87.0,0.454773207505544
1503,1.0,30.0,5.0,0.3,1000.0,64.0,0.5296757022539774
1504,1.0,30.0,5.0,0.3,10000.0,77.0,0.47145528097947437
1505,1.0,30.0,5.0,0.5,0.0,56.0,0.5503296256065369
1506,1.0,30.0,5.0,0.5,10.0,74.0,0.49765471120675403
1507,1.0,30.0,5.0,0.5,100.0,80.0,0.5270313223203024
1508,1.0,30.0,5.0,0.5,1000.0,70.0,0.5563553074995676
1509,1.0,30.0,5.0,0.5,10000.0,62.0,0.5010314186414083
1510,1.0,30.0,5.0,0.7,0.0,48.0,0.697788784901301
1511,1.0,30.0,5.0,0.7,10.0,52.0,0.613808254400889
1512,1.0,30.0,5.0,0.7,100.0,82.0,0.6678723494211832
1513,1.0,30.0,5.0,0.7,1000.0,79.0,0.6552973886330923
1514,1.0,30.0,5.0,0.7,10000.0,77.0,0.5967353483041128
1515,1.0,30.0,10.0,0.3,0.0,69.0,0.44584380090236664
1516,1.0,30.0,10.0,0.3,10.0,58.0,0.4497009913126628
1517,1.0,30.0,10.0,0.3,100.0,73.0,0.4312855899333954
1518,1.0,30.0,10.0,0.3,1000.0,57.0,0.4651813507080078
1519,1.0,30.0,10.0,0.3,10000.0,72.0,0.45122546950976056
1520,1.0,30.0,10.0,0.5,0.0,73.0,0.48434766630331677
1521,1.0,30.0,10.0,0.5,10.0,63.0,0.4644292891025543
1522,1.0,30.0,10.0,0.5,100.0,49.0,0.5209026535352071
1523,1.0,30.0,10.0,0.5,1000.0,65.0,0.49807805319627124
1524,1.0,30.0,10.0,0.5,10000.0,62.0,0.45548556248346966
1525,1.0,30.0,10.0,0.7,0.0,58.0,0.5355111360549927
1526,1.0,30.0,10.0,0.7,10.0,77.0,0.5067980190118154
1527,1.0,30.0,10.0,0.7,100.0,84.0,0.49212126930554706
1528,1.0,30.0,10.0,0.7,1000.0,66.0,0.5511644383271536
1529,1.0,30.0,10.0,0.7,10000.0,75.0,0.5342753330866495
1530,1.0,30.0,15.0,0.3,0.0,66.0,0.4781596561272939
1531,1.0,30.0,15.0,0.3,10.0,84.0,0.5086383124192556
1532,1.0,30.0,15.0,0.3,100.0,65.0,0.44113415479660034
1533,1.0,30.0,15.0,0.3,1000.0,51.0,0.4425005813439687
1534,1.0,30.0,15.0,0.3,10000.0,87.0,0.411733016371727
1535,1.0,30.0,15.0,0.5,0.0,83.0,0.44458986818790436
1536,1.0,30.0,15.0,0.5,10.0,75.0,0.44161741932233173
1537,1.0,30.0,15.0,0.5,100.0,60.0,0.46553858121236164
1538,1.0,30.0,15.0,0.5,1000.0,47.0,0.4582880735397339
1539,1.0,30.0,15.0,0.5,10000.0,69.0,0.43931065996487934
1540,1.0,30.0,15.0,0.7,0.0,60.0,0.5326036016146342
1541,1.0,30.0,15.0,0.7,10.0,68.0,0.5214008490244547
1542,1.0,30.0,15.0,0.7,100.0,39.0,0.5559088091055552
1543,1.0,30.0,15.0,0.7,1000.0,69.0,0.48722952604293823
1544,1.0,30.0,15.0,0.7,10000.0,42.0,0.5368021527926127
1545,1.0,30.0,20.0,0.3,0.0,73.0,0.4430645704269409
1546,1.0,30.0,20.0,0.3,10.0,66.0,0.4730003575483958
1547,1.0,30.0,20.0,0.3,100.0,67.0,0.44308049480120343
1548,1.0,30.0,20.0,0.3,1000.0,74.0,0.44696439305941266
1549,1.0,30.0,20.0,0.3,10000.0,62.0,0.4358107050259908
1550,1.0,30.0,20.0,0.5,0.0,54.0,0.4676494101683299
1551,1.0,30.0,20.0,0.5,10.0,58.0,0.46743205189704895
1552,1.0,30.0,20.0,0.5,100.0,50.0,0.45819119612375897
1553,1.0,30.0,20.0,0.5,1000.0,70.0,0.42837728559970856
1554,1.0,30.0,20.0,0.5,10000.0,45.0,0.4854810933272044
1555,1.0,30.0,20.0,0.7,0.0,61.0,0.49777353803316754
1556,1.0,30.0,20.0,0.7,10.0,60.0,0.4884769916534424
1557,1.0,30.0,20.0,0.7,100.0,145.0,0.42800753315289813
1558,1.0,30.0,20.0,0.7,1000.0,70.0,0.47801490624745685
1559,1.0,30.0,20.0,0.7,10000.0,77.0,0.48160188893477124
1560,1.0,30.0,25.0,0.3,0.0,42.0,0.4353012144565582
1561,1.0,30.0,25.0,0.3,10.0,66.0,0.43680505951245624
1562,1.0,30.0,25.0,0.3,100.0,63.0,0.4772964417934418
1563,1.0,30.0,25.0,0.3,1000.0,55.0,0.44564753770828247
1564,1.0,30.0,25.0,0.3,10000.0,88.0,0.4198475182056427
1565,1.0,30.0,25.0,0.5,0.0,68.0,0.46666256090005237
1566,1.0,30.0,25.0,0.5,10.0,81.0,0.44071879982948303
1567,1.0,30.0,25.0,0.5,100.0,60.0,0.4986116786797841
1568,1.0,30.0,25.0,0.5,1000.0,76.0,0.4394616683324178
1569,1.0,30.0,25.0,0.5,10000.0,69.0,0.4592158794403076
1570,1.0,30.0,25.0,0.7,0.0,65.0,0.465202733874321
1571,1.0,30.0,25.0,0.7,10.0,66.0,0.49857287605603534
1572,1.0,30.0,25.0,0.7,100.0,61.0,0.5089954237143198
1573,1.0,30.0,25.0,0.7,1000.0,66.0,0.475268691778183
1574,1.0,30.0,25.0,0.7,10000.0,76.0,0.46313421924908954
1575,1.0,30.0,30.0,0.3,0.0,57.0,0.45906023184458417
1576,1.0,30.0,30.0,0.3,10.0,51.0,0.43743595977624256
1577,1.0,30.0,30.0,0.3,100.0,48.0,0.45058169464270276
1578,1.0,30.0,30.0,0.3,1000.0,63.0,0.4579246441523234
1579,1.0,30.0,30.0,0.3,10000.0,72.0,0.4311307470003764
1580,1.0,30.0,30.0,0.5,0.0,69.0,0.4508187572161357
1581,1.0,30.0,30.0,0.5,10.0,99.0,0.4304559926191966
1582,1.0,30.0,30.0,0.5,100.0,130.0,0.3840579291184743
1583,1.0,30.0,30.0,0.5,1000.0,38.0,0.46889499326546985
1584,1.0,30.0,30.0,0.5,10000.0,86.0,0.425914799173673
1585,1.0,30.0,30.0,0.7,0.0,59.0,0.49285387992858887
1586,1.0,30.0,30.0,0.7,10.0,51.0,0.47007321814695996
1587,1.0,30.0,30.0,0.7,100.0,78.0,0.4452590097983678
1588,1.0,30.0,30.0,0.7,1000.0,65.0,0.4661172777414322
1589,1.0,30.0,30.0,0.7,10000.0,120.0,0.4414874811967214
1590,1.0,30.0,35.0,0.3,0.0,64.0,0.4440631916125615
1591,1.0,30.0,35.0,0.3,10.0,64.0,0.4289848307768504
1592,1.0,30.0,35.0,0.3,100.0,55.0,0.43491090337435406
1593,1.0,30.0,35.0,0.3,1000.0,44.0,0.4329993724822998
1594,1.0,30.0,35.0,0.3,10000.0,56.0,0.42363575597604114
1595,1.0,30.0,35.0,0.5,0.0,54.0,0.43733303745587665
1596,1.0,30.0,35.0,0.5,10.0,54.0,0.4452095031738281
1597,1.0,30.0,35.0,0.5,100.0,106.0,0.4278044104576111
1598,1.0,30.0,35.0,0.5,1000.0,56.0,0.4780106743176778
1599,1.0,30.0,35.0,0.5,10000.0,56.0,0.44504550099372864
1600,1.0,30.0,35.0,0.7,0.0,66.0,0.4701332151889801
1601,1.0,30.0,35.0,0.7,10.0,61.0,0.4671168227990468
1602,1.0,30.0,35.0,0.7,100.0,61.0,0.484962522983551
1603,1.0,30.0,35.0,0.7,1000.0,60.0,0.4640495628118515
1604,1.0,30.0,35.0,0.7,10000.0,56.0,0.49383676548798877
1605,1.0,30.0,40.0,0.3,0.0,71.0,0.45277143518129986
1606,1.0,30.0,40.0,0.3,10.0,53.0,0.43222351372241974
1607,1.0,30.0,40.0,0.3,100.0,74.0,0.4134559432665507
1608,1.0,30.0,40.0,0.3,1000.0,58.0,0.4254781703154246
1609,1.0,30.0,40.0,0.3,10000.0,58.0,0.4300559014081955
1610,1.0,30.0,40.0,0.5,0.0,80.0,0.434552197655042
1611,1.0,30.0,40.0,0.5,10.0,53.0,0.4767143627007802
1612,1.0,30.0,40.0,0.5,100.0,61.0,0.441132386525472
1613,1.0,30.0,40.0,0.5,1000.0,65.0,0.43027206261952716
1614,1.0,30.0,40.0,0.5,10000.0,76.0,0.4892793496449788
1615,1.0,30.0,40.0,0.7,0.0,55.0,0.4722435176372528
1616,1.0,30.0,40.0,0.7,10.0,62.0,0.5056405166784922
1617,1.0,30.0,40.0,0.7,100.0,57.0,0.47873127460479736
1618,1.0,30.0,40.0,0.7,1000.0,76.0,0.4568991462389628
1619,1.0,30.0,40.0,0.7,10000.0,79.0,0.455767959356308
1620,1.0,30.0,45.0,0.3,0.0,54.0,0.44632237652937573
1621,1.0,30.0,45.0,0.3,10.0,76.0,0.42123379309972125
1622,1.0,30.0,45.0,0.3,100.0,37.0,0.45656489332516986
1623,1.0,30.0,45.0,0.3,1000.0,70.0,0.44459623595078784
1624,1.0,30.0,45.0,0.3,10000.0,60.0,0.4207802414894104
1625,1.0,30.0,45.0,0.5,0.0,48.0,0.44736242294311523
1626,1.0,30.0,45.0,0.5,10.0,72.0,0.4267788877089818
1627,1.0,30.0,45.0,0.5,100.0,61.0,0.42233553528785706
1628,1.0,30.0,45.0,0.5,1000.0,53.0,0.44929807384808856
1629,1.0,30.0,45.0,0.5,10000.0,76.0,0.43415359159310657
1630,1.0,30.0,45.0,0.7,0.0,58.0,0.4496091703573863
1631,1.0,30.0,45.0,0.7,10.0,62.0,0.4864395409822464
1632,1.0,30.0,45.0,0.7,100.0,52.0,0.4913073132435481
1633,1.0,30.0,45.0,0.7,1000.0,52.0,0.4726983606815338
1634,1.0,30.0,45.0,0.7,10000.0,86.0,0.4503662586212158
1635,1.0,30.0,50.0,0.3,0.0,73.0,0.6352830231189728
1636,1.0,30.0,50.0,0.3,10.0,70.0,0.4321010808149974
1637,1.0,30.0,50.0,0.3,100.0,57.0,0.4523068368434906
1638,1.0,30.0,50.0,0.3,1000.0,49.0,0.4342925002177556
1639,1.0,30.0,50.0,0.3,10000.0,73.0,0.4040278842051824
1640,1.0,30.0,50.0,0.5,0.0,44.0,0.439940278728803
1641,1.0,30.0,50.0,0.5,10.0,67.0,0.4164777547121048
1642,1.0,30.0,50.0,0.5,100.0,75.0,0.418992022673289
1643,1.0,30.0,50.0,0.5,1000.0,50.0,0.465181161959966
1644,1.0,30.0,50.0,0.5,10000.0,100.0,0.4037426908810933
1645,1.0,30.0,50.0,0.7,0.0,54.0,0.46480663617451984
1646,1.0,30.0,50.0,0.7,10.0,88.0,0.4558577338854472
1647,1.0,30.0,50.0,0.7,100.0,55.0,0.4626050641139348
1648,1.0,30.0,50.0,0.7,1000.0,55.0,0.4656790494918823
1649,1.0,30.0,50.0,0.7,10000.0,66.0,0.47191378970940906
1650,2.0,30.0,5.0,0.3,0.0,56.0,0.4503679573535919
1651,2.0,30.0,5.0,0.3,10.0,47.0,0.4818398157755534
1652,2.0,30.0,5.0,0.3,100.0,55.0,0.4471623698870341
1653,2.0,30.0,5.0,0.3,1000.0,63.0,0.467201292514801
1654,2.0,30.0,5.0,0.3,10000.0,116.0,0.4439290016889572
1655,2.0,30.0,5.0,0.5,0.0,67.0,0.4522546927134196
1656,2.0,30.0,5.0,0.5,10.0,55.0,0.4652065932750702
1657,2.0,30.0,5.0,0.5,100.0,89.0,0.47587326169013977
1658,2.0,30.0,5.0,0.5,1000.0,60.0,0.4661450783411662
1659,2.0,30.0,5.0,0.5,10000.0,98.0,0.5077769656976064
1660,2.0,30.0,5.0,0.7,0.0,71.0,0.5627639989058176
1661,2.0,30.0,5.0,0.7,10.0,40.0,0.5575832426548004
1662,2.0,30.0,5.0,0.7,100.0,69.0,0.5727230111757914
1663,2.0,30.0,5.0,0.7,1000.0,58.0,0.5804668366909027
1664,2.0,30.0,5.0,0.7,10000.0,61.0,0.6470159490903219
1665,2.0,30.0,10.0,0.3,0.0,62.0,0.4882458249727885
1666,2.0,30.0,10.0,0.3,10.0,79.0,0.4203002452850342
1667,2.0,30.0,10.0,0.3,100.0,67.0,0.4247966061035792
1668,2.0,30.0,10.0,0.3,1000.0,44.0,0.4751411974430084
1669,2.0,30.0,10.0,0.3,10000.0,75.0,0.4363965193430583
1670,2.0,30.0,10.0,0.5,0.0,65.0,0.4918663601080577
1671,2.0,30.0,10.0,0.5,10.0,79.0,0.4344434042771657
1672,2.0,30.0,10.0,0.5,100.0,90.0,0.4346269518136978
1673,2.0,30.0,10.0,0.5,1000.0,66.0,0.49138010541598004
1674,2.0,30.0,10.0,0.5,10000.0,69.0,0.46952660878499347
1675,2.0,30.0,10.0,0.7,0.0,53.0,0.5354739328225454
1676,2.0,30.0,10.0,0.7,10.0,73.0,0.46685917178789776
1677,2.0,30.0,10.0,0.7,100.0,55.0,0.5420223375161489
1678,2.0,30.0,10.0,0.7,1000.0,57.0,0.5273610254128774
1679,2.0,30.0,10.0,0.7,10000.0,103.0,0.45153475801150006
1680,2.0,30.0,15.0,0.3,0.0,99.0,0.4566256453593572
1681,2.0,30.0,15.0,0.3,10.0,49.0,0.4787911077340444
1682,2.0,30.0,15.0,0.3,100.0,81.0,0.39722125232219696
1683,2.0,30.0,15.0,0.3,1000.0,56.0,0.5145450631777445
1684,2.0,30.0,15.0,0.3,10000.0,71.0,0.4630843351284663
1685,2.0,30.0,15.0,0.5,0.0,102.0,0.4495466897885005
1686,2.0,30.0,15.0,0.5,10.0,58.0,0.4459581673145294
1687,2.0,30.0,15.0,0.5,100.0,78.0,0.40297865867614746
1688,2.0,30.0,15.0,0.5,1000.0,55.0,0.4445890088876088
1689,2.0,30.0,15.0,0.5,10000.0,70.0,0.42966127395629883
1690,2.0,30.0,15.0,0.7,0.0,31.0,0.6508530775705973
1691,2.0,30.0,15.0,0.7,10.0,62.0,0.487829049428304
1692,2.0,30.0,15.0,0.7,100.0,116.0,0.43837138017018634
1693,2.0,30.0,15.0,0.7,1000.0,57.0,0.4609946360190709
1694,2.0,30.0,15.0,0.7,10000.0,43.0,0.5397046506404877
1695,2.0,30.0,20.0,0.3,0.0,61.0,0.4592862178881963
1696,2.0,30.0,20.0,0.3,10.0,63.0,0.5065415302912394
1697,2.0,30.0,20.0,0.3,100.0,56.0,0.4722436269124349
1698,2.0,30.0,20.0,0.3,1000.0,68.0,0.40542073051134747
1699,2.0,30.0,20.0,0.3,10000.0,65.0,0.45738305648167926
1700,2.0,30.0,20.0,0.5,0.0,64.0,0.4515645702679952
1701,2.0,30.0,20.0,0.5,10.0,58.0,0.47593821088473004
1702,2.0,30.0,20.0,0.5,100.0,67.0,0.5099044839541117
1703,2.0,30.0,20.0,0.5,1000.0,69.0,0.3929234792788823
1704,2.0,30.0,20.0,0.5,10000.0,65.0,0.4702749351660411
1705,2.0,30.0,20.0,0.7,0.0,109.0,0.4769718249638875
1706,2.0,30.0,20.0,0.7,10.0,68.0,0.4805542826652527
1707,2.0,30.0,20.0,0.7,100.0,65.0,0.4412925988435745
1708,2.0,30.0,20.0,0.7,1000.0,64.0,0.4715883831183116
1709,2.0,30.0,20.0,0.7,10000.0,60.0,0.4752359886964162
1710,2.0,30.0,25.0,0.3,0.0,63.0,0.4134955008824666
1711,2.0,30.0,25.0,0.3,10.0,60.0,0.4883320828278859
1712,2.0,30.0,25.0,0.3,100.0,74.0,0.4696107705434163
1713,2.0,30.0,25.0,0.3,1000.0,69.0,0.41951271891593933
1714,2.0,30.0,25.0,0.3,10000.0,58.0,0.48432570695877075
1715,2.0,30.0,25.0,0.5,0.0,77.0,0.46605728069941205
1716,2.0,30.0,25.0,0.5,10.0,93.0,0.4549268384774526
1717,2.0,30.0,25.0,0.5,100.0,66.0,0.4787328640619914
1718,2.0,30.0,25.0,0.5,1000.0,77.0,0.4042578140894572
1719,2.0,30.0,25.0,0.5,10000.0,71.0,0.4884442985057831
1720,2.0,30.0,25.0,0.7,0.0,87.0,0.473227600256602
1721,2.0,30.0,25.0,0.7,10.0,109.0,0.4029257446527481
1722,2.0,30.0,25.0,0.7,100.0,61.0,0.45607099930445355
1723,2.0,30.0,25.0,0.7,1000.0,89.0,0.4136854906876882
1724,2.0,30.0,25.0,0.7,10000.0,124.0,0.4645187159379323
1725,2.0,30.0,30.0,0.3,0.0,65.0,0.4220041384299596
1726,2.0,30.0,30.0,0.3,10.0,60.0,0.4534335235754649
1727,2.0,30.0,30.0,0.3,100.0,65.0,0.44421080748240155
1728,2.0,30.0,30.0,0.3,1000.0,58.0,0.4422859450181325
1729,2.0,30.0,30.0,0.3,10000.0,52.0,0.46264293789863586
1730,2.0,30.0,30.0,0.5,0.0,56.0,0.4542423486709595
1731,2.0,30.0,30.0,0.5,10.0,63.0,0.4427925944328308
1732,2.0,30.0,30.0,0.5,100.0,67.0,0.47192508975664776
1733,2.0,30.0,30.0,0.5,1000.0,63.0,0.4485149184862773
1734,2.0,30.0,30.0,0.5,10000.0,86.0,0.49366621176401776
1735,2.0,30.0,30.0,0.7,0.0,69.0,0.4160093168417613
1736,2.0,30.0,30.0,0.7,10.0,98.0,0.4644129276275635
1737,2.0,30.0,30.0,0.7,100.0,73.0,0.46546952923138935
1738,2.0,30.0,30.0,0.7,1000.0,52.0,0.46383729577064514
1739,2.0,30.0,30.0,0.7,10000.0,51.0,0.4879842847585678
1740,2.0,30.0,35.0,0.3,0.0,54.0,0.4808038870493571
1741,2.0,30.0,35.0,0.3,10.0,60.0,0.44549604256947833
1742,2.0,30.0,35.0,0.3,100.0,61.0,0.46931352217992145
1743,2.0,30.0,35.0,0.3,1000.0,62.0,0.4600696216026942
1744,2.0,30.0,35.0,0.3,10000.0,76.0,0.45993509888648987
1745,2.0,30.0,35.0,0.5,0.0,57.0,0.4580580045779546
1746,2.0,30.0,35.0,0.5,10.0,50.0,0.4573666950066884
1747,2.0,30.0,35.0,0.5,100.0,51.0,0.4675880968570709
1748,2.0,30.0,35.0,0.5,1000.0,36.0,0.5005058844884237
1749,2.0,30.0,35.0,0.5,10000.0,62.0,0.4557953377564748
1750,2.0,30.0,35.0,0.7,0.0,57.0,0.4802475521961848
1751,2.0,30.0,35.0,0.7,10.0,52.0,0.43587689101696014
1752,2.0,30.0,35.0,0.7,100.0,85.0,0.49211809039115906
1753,2.0,30.0,35.0,0.7,1000.0,71.0,0.4402194023132324
1754,2.0,30.0,35.0,0.7,10000.0,103.0,0.43888533612092334
1755,2.0,30.0,40.0,0.3,0.0,75.0,0.45863162477811176
1756,2.0,30.0,40.0,0.3,10.0,41.0,0.46862633029619855
1757,2.0,30.0,40.0,0.3,100.0,60.0,0.4753636221090953
1758,2.0,30.0,40.0,0.3,1000.0,52.0,0.4430912385384242
1759,2.0,30.0,40.0,0.3,10000.0,60.0,0.4951229492823283
1760,2.0,30.0,40.0,0.5,0.0,57.0,0.4424135635296504
1761,2.0,30.0,40.0,0.5,10.0,51.0,0.4654003481070201
1762,2.0,30.0,40.0,0.5,100.0,57.0,0.493693083524704
1763,2.0,30.0,40.0,0.5,1000.0,63.0,0.45140276352564496
1764,2.0,30.0,40.0,0.5,10000.0,50.0,0.4779469470183055
1765,2.0,30.0,40.0,0.7,0.0,86.0,0.4675292670726776
1766,2.0,30.0,40.0,0.7,10.0,51.0,0.4803041915098826
1767,2.0,30.0,40.0,0.7,100.0,61.0,0.46922528743743896
1768,2.0,30.0,40.0,0.7,1000.0,65.0,0.4505850573380788
1769,2.0,30.0,40.0,0.7,10000.0,53.0,0.48822615544001263
1770,2.0,30.0,45.0,0.3,0.0,66.0,0.4349154432614644
1771,2.0,30.0,45.0,0.3,10.0,65.0,0.4957974354426066
1772,2.0,30.0,45.0,0.3,100.0,61.0,0.4814254740873973
1773,2.0,30.0,45.0,0.3,1000.0,71.0,0.44958876570065814
1774,2.0,30.0,45.0,0.3,10000.0,63.0,0.4483347584803899
1775,2.0,30.0,45.0,0.5,0.0,98.0,0.4296913544336955
1776,2.0,30.0,45.0,0.5,10.0,85.0,0.46602461735407513
1777,2.0,30.0,45.0,0.5,100.0,90.0,0.43879614273707074
1778,2.0,30.0,45.0,0.5,1000.0,73.0,0.45510528484980267
1779,2.0,30.0,45.0,0.5,10000.0,76.0,0.43250661094983417
1780,2.0,30.0,45.0,0.7,0.0,88.0,0.4639443556467692
1781,2.0,30.0,45.0,0.7,10.0,82.0,0.426178644100825
1782,2.0,30.0,45.0,0.7,100.0,68.0,0.4513617753982544
1783,2.0,30.0,45.0,0.7,1000.0,103.0,0.3738725384076436
1784,2.0,30.0,45.0,0.7,10000.0,64.0,0.459815392891566
1785,2.0,30.0,50.0,0.3,0.0,83.0,0.5135921736558279
1786,2.0,30.0,50.0,0.3,10.0,41.0,0.4533769687016805
1787,2.0,30.0,50.0,0.3,100.0,56.0,0.5029380222161611
1788,2.0,30.0,50.0,0.3,1000.0,54.0,0.44775397578875226
1789,2.0,30.0,50.0,0.3,10000.0,64.0,0.47176488240559894
1790,2.0,30.0,50.0,0.5,0.0,90.0,0.42428818345069885
1791,2.0,30.0,50.0,0.5,10.0,60.0,0.4912426471710205
1792,2.0,30.0,50.0,0.5,100.0,84.0,0.4463734080394109
1793,2.0,30.0,50.0,0.5,1000.0,102.0,0.4080413629611333
1794,2.0,30.0,50.0,0.5,10000.0,71.0,0.4381580650806427
1795,2.0,30.0,50.0,0.7,0.0,79.0,0.48659780621528625
1796,2.0,30.0,50.0,0.7,10.0,78.0,0.45101731022198993
1797,2.0,30.0,50.0,0.7,100.0,61.0,0.5087986886501312
1798,2.0,30.0,50.0,0.7,1000.0,52.0,0.49326440691947937
1799,2.0,30.0,50.0,0.7,10000.0,69.0,0.46705162525177
1800,1.0,35.0,5.0,0.3,0.0,105.0,0.618297795454661
1801,1.0,35.0,5.0,0.3,10.0,52.0,0.4659943679968516
1802,1.0,35.0,5.0,0.3,100.0,76.0,0.4553439070781072
1803,1.0,35.0,5.0,0.3,1000.0,234.0,0.563459724187851
1804,1.0,35.0,5.0,0.3,10000.0,114.0,0.6226068834463755
1805,1.0,35.0,5.0,0.5,0.0,78.0,0.7269293566544851
1806,1.0,35.0,5.0,0.5,10.0,57.0,0.4970150291919708
1807,1.0,35.0,5.0,0.5,100.0,22.0,0.9826650023460388
1808,1.0,35.0,5.0,0.5,1000.0,223.0,0.6313899060090383
1809,1.0,35.0,5.0,0.5,10000.0,100.0,0.7193573613961538
1810,1.0,35.0,5.0,0.7,0.0,38.0,0.7864258289337158
1811,1.0,35.0,5.0,0.7,10.0,86.0,0.5794840653737386
1812,1.0,35.0,5.0,0.7,100.0,60.0,0.5476357936859131
1813,1.0,35.0,5.0,0.7,1000.0,204.0,0.7519366244475046
1814,1.0,35.0,5.0,0.7,10000.0,163.0,0.7606557210286459
1815,1.0,35.0,10.0,0.3,0.0,101.0,0.4428970168034236
1816,1.0,35.0,10.0,0.3,10.0,81.0,0.4457688182592392
1817,1.0,35.0,10.0,0.3,100.0,53.0,0.44293281932671863
1818,1.0,35.0,10.0,0.3,1000.0,57.0,0.5355333586533865
1819,1.0,35.0,10.0,0.3,10000.0,80.0,0.4481794983148575
1820,1.0,35.0,10.0,0.5,0.0,83.0,0.45893680055936176
1821,1.0,35.0,10.0,0.5,10.0,89.0,0.44120488067468006
1822,1.0,35.0,10.0,0.5,100.0,42.0,0.4818892975648244
1823,1.0,35.0,10.0,0.5,1000.0,82.0,0.4898640016714732
1824,1.0,35.0,10.0,0.5,10000.0,78.0,0.45924492677052814
1825,1.0,35.0,10.0,0.7,0.0,83.0,0.5454480548699697
1826,1.0,35.0,10.0,0.7,10.0,67.0,0.5389209588368734
1827,1.0,35.0,10.0,0.7,100.0,61.0,0.5210074186325073
1828,1.0,35.0,10.0,0.7,1000.0,101.0,0.5391169587771097
1829,1.0,35.0,10.0,0.7,10000.0,58.0,0.5093651016553243
1830,1.0,35.0,15.0,0.3,0.0,84.0,0.4059072236220042
1831,1.0,35.0,15.0,0.3,10.0,87.0,0.44156527022520703
1832,1.0,35.0,15.0,0.3,100.0,42.0,0.46345341702302295
1833,1.0,35.0,15.0,0.3,1000.0,73.0,0.41987942159175873
1834,1.0,35.0,15.0,0.3,10000.0,78.0,0.45586081842581433
1835,1.0,35.0,15.0,0.5,0.0,66.0,0.43717028200626373
1836,1.0,35.0,15.0,0.5,10.0,75.0,0.45086340606212616
1837,1.0,35.0,15.0,0.5,100.0,70.0,0.47064729531606037
1838,1.0,35.0,15.0,0.5,1000.0,86.0,0.4101131359736125
1839,1.0,35.0,15.0,0.5,10000.0,44.0,0.495343675216039
1840,1.0,35.0,15.0,0.7,0.0,89.0,0.4804213047027588
1841,1.0,35.0,15.0,0.7,10.0,86.0,0.5133177836736044
1842,1.0,35.0,15.0,0.7,100.0,61.0,0.500293085972468
1843,1.0,35.0,15.0,0.7,1000.0,67.0,0.46892549097537994
1844,1.0,35.0,15.0,0.7,10000.0,68.0,0.5373111665248871
1845,1.0,35.0,20.0,0.3,0.0,50.0,0.44308877487977344
1846,1.0,35.0,20.0,0.3,10.0,61.0,0.48466039697329205
1847,1.0,35.0,20.0,0.3,100.0,48.0,0.487953116496404
1848,1.0,35.0,20.0,0.3,1000.0,63.0,0.49572734038035077
1849,1.0,35.0,20.0,0.3,10000.0,57.0,0.450424720843633
1850,1.0,35.0,20.0,0.5,0.0,63.0,0.46253931025664013
1851,1.0,35.0,20.0,0.5,10.0,58.0,0.4980919162432353
1852,1.0,35.0,20.0,0.5,100.0,63.0,0.4573402553796768
1853,1.0,35.0,20.0,0.5,1000.0,87.0,0.4584932178258896
1854,1.0,35.0,20.0,0.5,10000.0,84.0,0.45923059185345966
1855,1.0,35.0,20.0,0.7,0.0,120.0,0.48296619455019635
1856,1.0,35.0,20.0,0.7,10.0,45.0,0.5065115590890249
1857,1.0,35.0,20.0,0.7,100.0,60.0,0.49226709206899005
1858,1.0,35.0,20.0,0.7,1000.0,87.0,0.4435764153798421
1859,1.0,35.0,20.0,0.7,10000.0,76.0,0.4948038657506307
1860,1.0,35.0,25.0,0.3,0.0,80.0,0.4662350614865621
1861,1.0,35.0,25.0,0.3,10.0,62.0,0.4454898238182068
1862,1.0,35.0,25.0,0.3,100.0,68.0,0.40881076951821643
1863,1.0,35.0,25.0,0.3,1000.0,55.0,0.4315720945596695
1864,1.0,35.0,25.0,0.3,10000.0,67.0,0.45724302530288696
1865,1.0,35.0,25.0,0.5,0.0,53.0,0.47078876694043476
1866,1.0,35.0,25.0,0.5,10.0,80.0,0.457215537627538
1867,1.0,35.0,25.0,0.5,100.0,63.0,0.45295119285583496
1868,1.0,35.0,25.0,0.5,1000.0,55.0,0.49345337847868603
1869,1.0,35.0,25.0,0.5,10000.0,84.0,0.43865146736303967
1870,1.0,35.0,25.0,0.7,0.0,59.0,0.4750293443600337
1871,1.0,35.0,25.0,0.7,10.0,62.0,0.48695164918899536
1872,1.0,35.0,25.0,0.7,100.0,133.0,0.4305745263894399
1873,1.0,35.0,25.0,0.7,1000.0,55.0,0.5082239458958308
1874,1.0,35.0,25.0,0.7,10000.0,66.0,0.48164216180642444
1875,1.0,35.0,30.0,0.3,0.0,59.0,0.43817301094532013
1876,1.0,35.0,30.0,0.3,10.0,62.0,0.442728395263354
1877,1.0,35.0,30.0,0.3,100.0,60.0,0.4148566524187724
1878,1.0,35.0,30.0,0.3,1000.0,92.0,0.4168503334124883
1879,1.0,35.0,30.0,0.3,10000.0,52.0,0.46472570300102234
1880,1.0,35.0,30.0,0.5,0.0,61.0,0.45178726812203723
1881,1.0,35.0,30.0,0.5,10.0,49.0,0.4624742964903514
1882,1.0,35.0,30.0,0.5,100.0,70.0,0.4270080973704656
1883,1.0,35.0,30.0,0.5,1000.0,64.0,0.41879767676194507
1884,1.0,35.0,30.0,0.5,10000.0,100.0,0.4273889660835266
1885,1.0,35.0,30.0,0.7,0.0,91.0,0.4633591373761495
1886,1.0,35.0,30.0,0.7,10.0,61.0,0.4715861976146698
1887,1.0,35.0,30.0,0.7,100.0,85.0,0.47964073717594147
1888,1.0,35.0,30.0,0.7,1000.0,63.0,0.4601866503556569
1889,1.0,35.0,30.0,0.7,10000.0,87.0,0.492018923163414
1890,1.0,35.0,35.0,0.3,0.0,64.0,0.416546106338501
1891,1.0,35.0,35.0,0.3,10.0,83.0,0.4520718256632487
1892,1.0,35.0,35.0,0.3,100.0,61.0,0.48142218093077344
1893,1.0,35.0,35.0,0.3,1000.0,67.0,0.4333573778470357
1894,1.0,35.0,35.0,0.3,10000.0,47.0,0.47899553676446277
1895,1.0,35.0,35.0,0.5,0.0,60.0,0.4503128379583359
1896,1.0,35.0,35.0,0.5,10.0,64.0,0.46045492589473724
1897,1.0,35.0,35.0,0.5,100.0,70.0,0.4114096760749817
1898,1.0,35.0,35.0,0.5,1000.0,56.0,0.47084831198056537
1899,1.0,35.0,35.0,0.5,10000.0,48.0,0.44308480620384216
1900,1.0,35.0,35.0,0.7,0.0,21.0,0.9097445408503214
1901,1.0,35.0,35.0,0.7,10.0,80.0,0.467435489098231
1902,1.0,35.0,35.0,0.7,100.0,62.0,0.46008946001529694
1903,1.0,35.0,35.0,0.7,1000.0,98.0,0.4367836614449819
1904,1.0,35.0,35.0,0.7,10000.0,59.0,0.48891983429590863
1905,1.0,35.0,40.0,0.3,0.0,54.0,0.47235224147637683
1906,1.0,35.0,40.0,0.3,10.0,75.0,0.44854119420051575
1907,1.0,35.0,40.0,0.3,100.0,62.0,0.4722103476524353
1908,1.0,35.0,40.0,0.3,1000.0,57.0,0.46738297243913013
1909,1.0,35.0,40.0,0.3,10000.0,56.0,0.48494642972946167
1910,1.0,35.0,40.0,0.5,0.0,65.0,0.4547024617592494
1911,1.0,35.0,40.0,0.5,10.0,88.0,0.42586175600687665
1912,1.0,35.0,40.0,0.5,100.0,66.0,0.4312630792458852
1913,1.0,35.0,40.0,0.5,1000.0,57.0,0.4521225740512212
1914,1.0,35.0,40.0,0.5,10000.0,59.0,0.46434293190638226
1915,1.0,35.0,40.0,0.7,0.0,79.0,0.43497957785924274
1916,1.0,35.0,40.0,0.7,10.0,44.0,0.47485606869061786
1917,1.0,35.0,40.0,0.7,100.0,48.0,0.48160385092099506
1918,1.0,35.0,40.0,0.7,1000.0,35.0,0.5550282200177511
1919,1.0,35.0,40.0,0.7,10000.0,49.0,0.49275662501653034
1920,1.0,35.0,45.0,0.3,0.0,39.0,0.45723984638849896
1921,1.0,35.0,45.0,0.3,10.0,32.0,0.47594677408536273
1922,1.0,35.0,45.0,0.3,100.0,81.0,0.4507177770137787
1923,1.0,35.0,45.0,0.3,1000.0,69.0,0.41724830369154614
1924,1.0,35.0,45.0,0.3,10000.0,84.0,0.4345038831233978
1925,1.0,35.0,45.0,0.5,0.0,63.0,0.46542831261952716
1926,1.0,35.0,45.0,0.5,10.0,84.0,0.4298869917790095
1927,1.0,35.0,45.0,0.5,100.0,81.0,0.44549089670181274
1928,1.0,35.0,45.0,0.5,1000.0,60.0,0.4259400467077891
1929,1.0,35.0,45.0,0.5,10000.0,91.0,0.4141030013561249
1930,1.0,35.0,45.0,0.7,0.0,48.0,0.4664911925792694
1931,1.0,35.0,45.0,0.7,10.0,65.0,0.4653308739264806
1932,1.0,35.0,45.0,0.7,100.0,107.0,0.47604698439439136
1933,1.0,35.0,45.0,0.7,1000.0,96.0,0.4319155365228653
1934,1.0,35.0,45.0,0.7,10000.0,50.0,0.48723191519578296
1935,1.0,35.0,50.0,0.3,0.0,78.0,0.4283992449442546
1936,1.0,35.0,50.0,0.3,10.0,79.0,0.4480582575003306
1937,1.0,35.0,50.0,0.3,100.0,56.0,0.4286188433567683
1938,1.0,35.0,50.0,0.3,1000.0,51.0,0.4304776390393575
1939,1.0,35.0,50.0,0.3,10000.0,66.0,0.41816124816735584
1940,1.0,35.0,50.0,0.5,0.0,49.0,0.4572951098283132
1941,1.0,35.0,50.0,0.5,10.0,75.0,0.45481617748737335
1942,1.0,35.0,50.0,0.5,100.0,52.0,0.4629681209723155
1943,1.0,35.0,50.0,0.5,1000.0,70.0,0.444600244363149
1944,1.0,35.0,50.0,0.5,10000.0,46.0,0.44307302435239154
1945,1.0,35.0,50.0,0.7,0.0,45.0,0.4885094612836838
1946,1.0,35.0,50.0,0.7,10.0,39.0,0.4766611357529958
1947,1.0,35.0,50.0,0.7,100.0,78.0,0.4438551565011342
1948,1.0,35.0,50.0,0.7,1000.0,76.0,0.4718771129846573
1949,1.0,35.0,50.0,0.7,10000.0,47.0,0.4839069644610087
1950,2.0,35.0,5.0,0.3,0.0,39.0,0.4790172179539998
1951,2.0,35.0,5.0,0.3,10.0,86.0,0.41153474648793537
1952,2.0,35.0,5.0,0.3,100.0,62.0,0.43521133561929065
1953,2.0,35.0,5.0,0.3,1000.0,74.0,0.4654873212178548
1954,2.0,35.0,5.0,0.3,10000.0,74.0,0.46297528346379596
1955,2.0,35.0,5.0,0.5,0.0,54.0,0.48511213064193726
1956,2.0,35.0,5.0,0.5,10.0,96.0,0.4470106065273285
1957,2.0,35.0,5.0,0.5,100.0,61.0,0.49065545698006946
1958,2.0,35.0,5.0,0.5,1000.0,60.0,0.48689595858256024
1959,2.0,35.0,5.0,0.5,10000.0,58.0,0.4802717963854472
1960,2.0,35.0,5.0,0.7,0.0,57.0,0.5653016865253448
1961,2.0,35.0,5.0,0.7,10.0,40.0,0.5770498812198639
1962,2.0,35.0,5.0,0.7,100.0,59.0,0.5805150270462036
1963,2.0,35.0,5.0,0.7,1000.0,41.0,0.602812796831131
1964,2.0,35.0,5.0,0.7,10000.0,77.0,0.5640551845232645
1965,2.0,35.0,10.0,0.3,0.0,88.0,0.4107552766799927
1966,2.0,35.0,10.0,0.3,10.0,76.0,0.4262059231599172
1967,2.0,35.0,10.0,0.3,100.0,71.0,0.4661422669887543
1968,2.0,35.0,10.0,0.3,1000.0,68.0,0.4629632830619812
1969,2.0,35.0,10.0,0.3,10000.0,56.0,0.47123459974924725
1970,2.0,35.0,10.0,0.5,0.0,108.0,0.4169720560312271
1971,2.0,35.0,10.0,0.5,10.0,73.0,0.4360547165075938
1972,2.0,35.0,10.0,0.5,100.0,59.0,0.47841017444928485
1973,2.0,35.0,10.0,0.5,1000.0,57.0,0.4790607690811157
1974,2.0,35.0,10.0,0.5,10000.0,55.0,0.483571062485377
1975,2.0,35.0,10.0,0.7,0.0,81.0,0.5137326717376709
1976,2.0,35.0,10.0,0.7,10.0,66.0,0.47263219952583313
1977,2.0,35.0,10.0,0.7,100.0,42.0,0.5961810350418091
1978,2.0,35.0,10.0,0.7,1000.0,91.0,0.472981721162796
1979,2.0,35.0,10.0,0.7,10000.0,54.0,0.5121653378009796
1980,2.0,35.0,15.0,0.3,0.0,70.0,0.4401123623053233
1981,2.0,35.0,15.0,0.3,10.0,72.0,0.46938806772232056
1982,2.0,35.0,15.0,0.3,100.0,72.0,0.433640996615092
1983,2.0,35.0,15.0,0.3,1000.0,91.0,0.44382960100968677
1984,2.0,35.0,15.0,0.3,10000.0,58.0,0.44834042092164356
1985,2.0,35.0,15.0,0.5,0.0,78.0,0.4766109585762024
1986,2.0,35.0,15.0,0.5,10.0,78.0,0.4767835835615794
1987,2.0,35.0,15.0,0.5,100.0,75.0,0.4493629535039266
1988,2.0,35.0,15.0,0.5,1000.0,89.0,0.4114280343055725
1989,2.0,35.0,15.0,0.5,10000.0,60.0,0.44726158181826275
1990,2.0,35.0,15.0,0.7,0.0,95.0,0.5008282860120138
1991,2.0,35.0,15.0,0.7,10.0,85.0,0.4857770999272664
1992,2.0,35.0,15.0,0.7,100.0,78.0,0.4345645308494568
1993,2.0,35.0,15.0,0.7,1000.0,64.0,0.4895698030789693
1994,2.0,35.0,15.0,0.7,10000.0,53.0,0.4850776543219884
1995,2.0,35.0,20.0,0.3,0.0,59.0,0.45900896191596985
1996,2.0,35.0,20.0,0.3,10.0,61.0,0.47245710094769794
1997,2.0,35.0,20.0,0.3,100.0,47.0,0.4524244467417399
1998,2.0,35.0,20.0,0.3,1000.0,81.0,0.41918468475341797
1999,2.0,35.0,20.0,0.3,10000.0,51.0,0.5192863841851553
2000,2.0,35.0,20.0,0.5,0.0,60.0,0.4477226436138153
2001,2.0,35.0,20.0,0.5,10.0,63.0,0.4870275656382243
2002,2.0,35.0,20.0,0.5,100.0,55.0,0.4616237183411916
2003,2.0,35.0,20.0,0.5,1000.0,41.0,0.5088145534197489
2004,2.0,35.0,20.0,0.5,10000.0,68.0,0.46506574749946594
2005,2.0,35.0,20.0,0.7,0.0,68.0,0.46450066566467285
2006,2.0,35.0,20.0,0.7,10.0,41.0,0.5352332592010498
2007,2.0,35.0,20.0,0.7,100.0,62.0,0.5279251933097839
2008,2.0,35.0,20.0,0.7,1000.0,77.0,0.43540773292382556
2009,2.0,35.0,20.0,0.7,10000.0,71.0,0.44849000374476117
2010,2.0,35.0,25.0,0.3,0.0,52.0,0.46413079897562665
2011,2.0,35.0,25.0,0.3,10.0,56.0,0.4974958797295888
2012,2.0,35.0,25.0,0.3,100.0,56.0,0.46586743493874866
2013,2.0,35.0,25.0,0.3,1000.0,51.0,0.4557239015897115
2014,2.0,35.0,25.0,0.3,10000.0,55.0,0.4438065787156423
2015,2.0,35.0,25.0,0.5,0.0,51.0,0.45028874774773914
2016,2.0,35.0,25.0,0.5,10.0,59.0,0.4564558068911235
2017,2.0,35.0,25.0,0.5,100.0,68.0,0.4731616626183192
2018,2.0,35.0,25.0,0.5,1000.0,57.0,0.45291048288345337
2019,2.0,35.0,25.0,0.5,10000.0,69.0,0.46808406710624695
2020,2.0,35.0,25.0,0.7,0.0,58.0,0.47534128030141193
2021,2.0,35.0,25.0,0.7,10.0,81.0,0.425445889433225
2022,2.0,35.0,25.0,0.7,100.0,46.0,0.525203138589859
2023,2.0,35.0,25.0,0.7,1000.0,86.0,0.5099166830380758
2024,2.0,35.0,25.0,0.7,10000.0,80.0,0.4594292143980662
2025,2.0,35.0,30.0,0.3,0.0,46.0,0.48875362674395245
2026,2.0,35.0,30.0,0.3,10.0,67.0,0.4186928371588389
2027,2.0,35.0,30.0,0.3,100.0,71.0,0.475125918785731
2028,2.0,35.0,30.0,0.3,1000.0,57.0,0.4394217828909556
2029,2.0,35.0,30.0,0.3,10000.0,64.0,0.44971267382303876
2030,2.0,35.0,30.0,0.5,0.0,66.0,0.47394489248593646
2031,2.0,35.0,30.0,0.5,10.0,67.0,0.43071181575457257
2032,2.0,35.0,30.0,0.5,100.0,56.0,0.47490552067756653
2033,2.0,35.0,30.0,0.5,1000.0,55.0,0.47024353345235187
2034,2.0,35.0,30.0,0.5,10000.0,46.0,0.48679186900456745
2035,2.0,35.0,30.0,0.7,0.0,71.0,0.47884459296862286
2036,2.0,35.0,30.0,0.7,10.0,85.0,0.4418428639570872
2037,2.0,35.0,30.0,0.7,100.0,62.0,0.4865127205848694
2038,2.0,35.0,30.0,0.7,1000.0,61.0,0.4732132653395335
2039,2.0,35.0,30.0,0.7,10000.0,73.0,0.46575087308883667
2040,2.0,35.0,35.0,0.3,0.0,57.0,0.46336363752683
2041,2.0,35.0,35.0,0.3,10.0,27.0,0.545424352089564
2042,2.0,35.0,35.0,0.3,100.0,68.0,0.49005187551180523
2043,2.0,35.0,35.0,0.3,1000.0,47.0,0.4587489267190297
2044,2.0,35.0,35.0,0.3,10000.0,79.0,0.4215172628561656
2045,2.0,35.0,35.0,0.5,0.0,61.0,0.4832298258940379
2046,2.0,35.0,35.0,0.5,10.0,66.0,0.42741134762763977
2047,2.0,35.0,35.0,0.5,100.0,52.0,0.4516298125187556
2048,2.0,35.0,35.0,0.5,1000.0,47.0,0.45705869297186535
2049,2.0,35.0,35.0,0.5,10000.0,73.0,0.44699930648008984
2050,2.0,35.0,35.0,0.7,0.0,74.0,0.4479292382796605
2051,2.0,35.0,35.0,0.7,10.0,94.0,0.43820783495903015
2052,2.0,35.0,35.0,0.7,100.0,56.0,0.4778674244880676
2053,2.0,35.0,35.0,0.7,1000.0,45.0,0.471241553624471
2054,2.0,35.0,35.0,0.7,10000.0,73.0,0.46552638212839764
2055,2.0,35.0,40.0,0.3,0.0,65.0,0.43739454448223114
2056,2.0,35.0,40.0,0.3,10.0,61.0,0.4832796553770701
2057,2.0,35.0,40.0,0.3,100.0,63.0,0.4208680788675944
2058,2.0,35.0,40.0,0.3,1000.0,56.0,0.4734506507714589
2059,2.0,35.0,40.0,0.3,10000.0,79.0,0.43962440888086957
2060,2.0,35.0,40.0,0.5,0.0,71.0,0.4504217902819316
2061,2.0,35.0,40.0,0.5,10.0,65.0,0.4297519276539485
2062,2.0,35.0,40.0,0.5,100.0,87.0,0.46936975916226703
2063,2.0,35.0,40.0,0.5,1000.0,52.0,0.4823310573895772
2064,2.0,35.0,40.0,0.5,10000.0,63.0,0.41406988104184467
2065,2.0,35.0,40.0,0.7,0.0,63.0,0.45409920811653137
2066,2.0,35.0,40.0,0.7,10.0,85.0,0.4402785549561183
2067,2.0,35.0,40.0,0.7,100.0,71.0,0.4521799385547638
2068,2.0,35.0,40.0,0.7,1000.0,47.0,0.492981880903244
2069,2.0,35.0,40.0,0.7,10000.0,86.0,0.4302285661300023
2070,2.0,35.0,45.0,0.3,0.0,85.0,0.482763409614563
2071,2.0,35.0,45.0,0.3,10.0,70.0,0.42679154872894287
2072,2.0,35.0,45.0,0.3,100.0,63.0,0.46419712404410046
2073,2.0,35.0,45.0,0.3,1000.0,54.0,0.5360596080621084
2074,2.0,35.0,45.0,0.3,10000.0,75.0,0.4394368529319763
2075,2.0,35.0,45.0,0.5,0.0,62.0,0.4735210140546163
2076,2.0,35.0,45.0,0.5,10.0,71.0,0.4233468969662984
2077,2.0,35.0,45.0,0.5,100.0,69.0,0.4180400222539902
2078,2.0,35.0,45.0,0.5,1000.0,59.0,0.4785589377085368
2079,2.0,35.0,45.0,0.5,10000.0,74.0,0.4159074127674103
2080,2.0,35.0,45.0,0.7,0.0,55.0,0.46531378229459125
2081,2.0,35.0,45.0,0.7,10.0,51.0,0.4684991141160329
2082,2.0,35.0,45.0,0.7,100.0,42.0,0.5149398148059845
2083,2.0,35.0,45.0,0.7,1000.0,49.0,0.4885559032360713
2084,2.0,35.0,45.0,0.7,10000.0,58.0,0.4426106760899226
2085,2.0,35.0,50.0,0.3,0.0,97.0,0.5081250766913096
2086,2.0,35.0,50.0,0.3,10.0,56.0,0.44937196870644885
2087,2.0,35.0,50.0,0.3,100.0,31.0,0.5158829092979431
2088,2.0,35.0,50.0,0.3,1000.0,49.0,0.4572746256987254
2089,2.0,35.0,50.0,0.3,10000.0,66.0,0.5114759008089701
2090,2.0,35.0,50.0,0.5,0.0,54.0,0.4907025992870331
2091,2.0,35.0,50.0,0.5,10.0,76.0,0.4797416428724925
2092,2.0,35.0,50.0,0.5,100.0,57.0,0.46798770626386005
2093,2.0,35.0,50.0,0.5,1000.0,45.0,0.49726460377375287
2094,2.0,35.0,50.0,0.5,10000.0,63.0,0.4659363925457001
2095,2.0,35.0,50.0,0.7,0.0,66.0,0.4710185130437215
2096,2.0,35.0,50.0,0.7,10.0,65.0,0.4703076829512914
2097,2.0,35.0,50.0,0.7,100.0,90.0,0.514221062262853
2098,2.0,35.0,50.0,0.7,1000.0,55.0,0.47327056527137756
2099,2.0,35.0,50.0,0.7,10000.0,57.0,0.448030948638916
2100,1.0,40.0,5.0,0.3,0.0,81.0,0.45451582471529645
2101,1.0,40.0,5.0,0.3,10.0,57.0,0.42567574481169385
2102,1.0,40.0,5.0,0.3,100.0,67.0,0.46557605763276416
2103,1.0,40.0,5.0,0.3,1000.0,68.0,0.44342397153377533
2104,1.0,40.0,5.0,0.3,10000.0,66.0,0.6034509042898814
2105,1.0,40.0,5.0,0.5,0.0,61.0,0.49429651101430255
2106,1.0,40.0,5.0,0.5,10.0,46.0,0.48334356645743054
2107,1.0,40.0,5.0,0.5,100.0,85.0,0.5406074821949005
2108,1.0,40.0,5.0,0.5,1000.0,63.0,0.47404662768046063
2109,1.0,40.0,5.0,0.5,10000.0,54.0,0.9661604960759481
2110,1.0,40.0,5.0,0.7,0.0,74.0,0.6352121233940125
2111,1.0,40.0,5.0,0.7,10.0,40.0,0.6012813349564871
2112,1.0,40.0,5.0,0.7,100.0,63.0,0.5391839643319448
2113,1.0,40.0,5.0,0.7,1000.0,66.0,0.5889363686243693
2114,1.0,40.0,5.0,0.7,10000.0,80.0,0.618647297223409
2115,1.0,40.0,10.0,0.3,0.0,52.0,0.42330625156561535
2116,1.0,40.0,10.0,0.3,10.0,78.0,0.45044654111067456
2117,1.0,40.0,10.0,0.3,100.0,67.0,0.45512620111306507
2118,1.0,40.0,10.0,0.3,1000.0,50.0,0.4902774393558502
2119,1.0,40.0,10.0,0.3,10000.0,48.0,0.45756274461746216
2120,1.0,40.0,10.0,0.5,0.0,67.0,0.4467433989048004
2121,1.0,40.0,10.0,0.5,10.0,58.0,0.4805130461851756
2122,1.0,40.0,10.0,0.5,100.0,68.0,0.47457622985045117
2123,1.0,40.0,10.0,0.5,1000.0,62.0,0.47221992413202923
2124,1.0,40.0,10.0,0.5,10000.0,49.0,0.5231054325898489
2125,1.0,40.0,10.0,0.7,0.0,118.0,0.4961490035057068
2126,1.0,40.0,10.0,0.7,10.0,79.0,0.5114732583363851
2127,1.0,40.0,10.0,0.7,100.0,54.0,0.5266418953736623
2128,1.0,40.0,10.0,0.7,1000.0,45.0,0.5275233288606008
2129,1.0,40.0,10.0,0.7,10000.0,60.0,0.513567179441452
2130,1.0,40.0,15.0,0.3,0.0,64.0,0.44844654699166614
2131,1.0,40.0,15.0,0.3,10.0,49.0,0.483246386051178
2132,1.0,40.0,15.0,0.3,100.0,51.0,0.44791501263777417
2133,1.0,40.0,15.0,0.3,1000.0,61.0,0.4523046612739563
2134,1.0,40.0,15.0,0.3,10000.0,45.0,0.4974452654520671
2135,1.0,40.0,15.0,0.5,0.0,80.0,0.43985041479269665
2136,1.0,40.0,15.0,0.5,10.0,59.0,0.4752788046995799
2137,1.0,40.0,15.0,0.5,100.0,54.0,0.46090257664521533
2138,1.0,40.0,15.0,0.5,1000.0,74.0,0.45413414140542346
2139,1.0,40.0,15.0,0.5,10000.0,97.0,0.4283524503310521
2140,1.0,40.0,15.0,0.7,0.0,72.0,0.4996041754881541
2141,1.0,40.0,15.0,0.7,10.0,58.0,0.4961196879545848
2142,1.0,40.0,15.0,0.7,100.0,61.0,0.5047147770722707
2143,1.0,40.0,15.0,0.7,1000.0,89.0,0.4814654290676117
2144,1.0,40.0,15.0,0.7,10000.0,70.0,0.4920634776353836
2145,1.0,40.0,20.0,0.3,0.0,53.0,0.4955916255712509
2146,1.0,40.0,20.0,0.3,10.0,73.0,0.4419128547112147
2147,1.0,40.0,20.0,0.3,100.0,112.0,0.40227116644382477
2148,1.0,40.0,20.0,0.3,1000.0,78.0,0.4685543676217397
2149,1.0,40.0,20.0,0.3,10000.0,92.0,0.4120042671759923
2150,1.0,40.0,20.0,0.5,0.0,113.0,0.4268716524044673
2151,1.0,40.0,20.0,0.5,10.0,52.0,0.44924475252628326
2152,1.0,40.0,20.0,0.5,100.0,52.0,0.4646237989266713
2153,1.0,40.0,20.0,0.5,1000.0,40.0,0.4838543236255646
2154,1.0,40.0,20.0,0.5,10000.0,59.0,0.4307612081368764
2155,1.0,40.0,20.0,0.7,0.0,62.0,0.5268396139144897
2156,1.0,40.0,20.0,0.7,10.0,52.0,0.487162783741951
2157,1.0,40.0,20.0,0.7,100.0,72.0,0.49159420530001324
2158,1.0,40.0,20.0,0.7,1000.0,63.0,0.4988817473252614
2159,1.0,40.0,20.0,0.7,10000.0,55.0,0.4733591129382451
2160,1.0,40.0,25.0,0.3,0.0,46.0,0.437728817264239
2161,1.0,40.0,25.0,0.3,10.0,52.0,0.436506986618042
2162,1.0,40.0,25.0,0.3,100.0,44.0,0.4587853054205577
2163,1.0,40.0,25.0,0.3,1000.0,43.0,0.4686007897059123
2164,1.0,40.0,25.0,0.3,10000.0,89.0,0.4405233959356944
2165,1.0,40.0,25.0,0.5,0.0,73.0,0.4294650803009669
2166,1.0,40.0,25.0,0.5,10.0,50.0,0.4330575515826543
2167,1.0,40.0,25.0,0.5,100.0,65.0,0.4427495350440343
2168,1.0,40.0,25.0,0.5,1000.0,56.0,0.45967767635981244
2169,1.0,40.0,25.0,0.5,10000.0,58.0,0.4635833402474721
2170,1.0,40.0,25.0,0.7,0.0,44.0,0.5099467138449351
2171,1.0,40.0,25.0,0.7,10.0,47.0,0.49185433487097424
2172,1.0,40.0,25.0,0.7,100.0,58.0,0.47460006674130756
2173,1.0,40.0,25.0,0.7,1000.0,58.0,0.5070491135120392
2174,1.0,40.0,25.0,0.7,10000.0,89.0,0.4727764129638672
2175,1.0,40.0,30.0,0.3,0.0,34.0,0.45549707611401874
2176,1.0,40.0,30.0,0.3,10.0,59.0,0.44829365611076355
2177,1.0,40.0,30.0,0.3,100.0,75.0,0.42034546037515
2178,1.0,40.0,30.0,0.3,1000.0,57.0,0.422389954328537
2179,1.0,40.0,30.0,0.3,10000.0,86.0,0.43415703376134235
2180,1.0,40.0,30.0,0.5,0.0,57.0,0.41639986634254456
2181,1.0,40.0,30.0,0.5,10.0,75.0,0.4722679555416107
2182,1.0,40.0,30.0,0.5,100.0,81.0,0.43006833891073865
2183,1.0,40.0,30.0,0.5,1000.0,75.0,0.4622746755679448
2184,1.0,40.0,30.0,0.5,10000.0,80.0,0.42604788144429523
2185,1.0,40.0,30.0,0.7,0.0,72.0,0.43438539405663806
2186,1.0,40.0,30.0,0.7,10.0,69.0,0.4890651653210322
2187,1.0,40.0,30.0,0.7,100.0,54.0,0.46591682235399884
2188,1.0,40.0,30.0,0.7,1000.0,46.0,0.46989932656288147
2189,1.0,40.0,30.0,0.7,10000.0,63.0,0.48747242490450543
2190,1.0,40.0,35.0,0.3,0.0,58.0,0.4911055366198222
2191,1.0,40.0,35.0,0.3,10.0,60.0,0.4666757782300313
2192,1.0,40.0,35.0,0.3,100.0,68.0,0.40813080469767254
2193,1.0,40.0,35.0,0.3,1000.0,53.0,0.43678093949953717
2194,1.0,40.0,35.0,0.3,10000.0,60.0,0.4160510450601578
2195,1.0,40.0,35.0,0.5,0.0,57.0,0.4464188466469447
2196,1.0,40.0,35.0,0.5,10.0,77.0,0.4698472370704015
2197,1.0,40.0,35.0,0.5,100.0,51.0,0.43759282926718396
2198,1.0,40.0,35.0,0.5,1000.0,64.0,0.441937580704689
2199,1.0,40.0,35.0,0.5,10000.0,50.0,0.41195960839589435
2200,1.0,40.0,35.0,0.7,0.0,82.0,0.4622781127691269
2201,1.0,40.0,35.0,0.7,10.0,88.0,0.4708193391561508
2202,1.0,40.0,35.0,0.7,100.0,45.0,0.46562162041664124
2203,1.0,40.0,35.0,0.7,1000.0,58.0,0.4745580504337947
2204,1.0,40.0,35.0,0.7,10000.0,63.0,0.4334801137447357
2205,1.0,40.0,40.0,0.3,0.0,79.0,0.40385565161705017
2206,1.0,40.0,40.0,0.3,10.0,72.0,0.47910116116205853
2207,1.0,40.0,40.0,0.3,100.0,42.0,0.4628707965215047
2208,1.0,40.0,40.0,0.3,1000.0,34.0,0.484111746152242
2209,1.0,40.0,40.0,0.3,10000.0,63.0,0.42752179006735486
2210,1.0,40.0,40.0,0.5,0.0,47.0,0.4583914776643117
2211,1.0,40.0,40.0,0.5,10.0,52.0,0.522513339916865
2212,1.0,40.0,40.0,0.5,100.0,57.0,0.4666569133599599
2213,1.0,40.0,40.0,0.5,1000.0,69.0,0.4466177572806676
2214,1.0,40.0,40.0,0.5,10000.0,63.0,0.44237663845221203
2215,1.0,40.0,40.0,0.7,0.0,76.0,0.4641311119000117
2216,1.0,40.0,40.0,0.7,10.0,57.0,0.4751551498969396
2217,1.0,40.0,40.0,0.7,100.0,71.0,0.4567604710658391
2218,1.0,40.0,40.0,0.7,1000.0,100.0,0.42885928849379223
2219,1.0,40.0,40.0,0.7,10000.0,84.0,0.5011684546868006
2220,1.0,40.0,45.0,0.3,0.0,73.0,0.4664460172255834
2221,1.0,40.0,45.0,0.3,10.0,53.0,0.5262228349844614
2222,1.0,40.0,45.0,0.3,100.0,61.0,0.45644159615039825
2223,1.0,40.0,45.0,0.3,1000.0,57.0,0.4502885689338048
2224,1.0,40.0,45.0,0.3,10000.0,55.0,0.4461490909258525
2225,1.0,40.0,45.0,0.5,0.0,60.0,0.4620296210050583
2226,1.0,40.0,45.0,0.5,10.0,61.0,0.49272207419077557
2227,1.0,40.0,45.0,0.5,100.0,39.0,0.4570239186286926
2228,1.0,40.0,45.0,0.5,1000.0,56.0,0.4439012408256531
2229,1.0,40.0,45.0,0.5,10000.0,64.0,0.4421800176302592
2230,1.0,40.0,45.0,0.7,0.0,60.0,0.5050591429074606
2231,1.0,40.0,45.0,0.7,10.0,58.0,0.47683479885260266
2232,1.0,40.0,45.0,0.7,100.0,62.0,0.466713825861613
2233,1.0,40.0,45.0,0.7,1000.0,61.0,0.48863843580087024
2234,1.0,40.0,45.0,0.7,10000.0,79.0,0.4669425388177236
2235,1.0,40.0,50.0,0.3,0.0,84.0,0.430192694067955
2236,1.0,40.0,50.0,0.3,10.0,77.0,0.4227117747068405
2237,1.0,40.0,50.0,0.3,100.0,55.0,0.4847995738188426
2238,1.0,40.0,50.0,0.3,1000.0,78.0,0.5042956918478012
2239,1.0,40.0,50.0,0.3,10000.0,63.0,0.478711058696111
2240,1.0,40.0,50.0,0.5,0.0,60.0,0.45044592022895813
2241,1.0,40.0,50.0,0.5,10.0,53.0,0.4395540803670883
2242,1.0,40.0,50.0,0.5,100.0,52.0,0.4632267852624257
2243,1.0,40.0,50.0,0.5,1000.0,36.0,0.46091364820798236
2244,1.0,40.0,50.0,0.5,10000.0,41.0,0.4568907568852107
2245,1.0,40.0,50.0,0.7,0.0,59.0,0.4437362303336461
2246,1.0,40.0,50.0,0.7,10.0,56.0,0.4631178130706151
2247,1.0,40.0,50.0,0.7,100.0,43.0,0.4701988051335017
2248,1.0,40.0,50.0,0.7,1000.0,76.0,0.4329410096009572
2249,1.0,40.0,50.0,0.7,10000.0,55.0,0.4954447348912557
2250,2.0,40.0,5.0,0.3,0.0,57.0,0.4812796364227931
2251,2.0,40.0,5.0,0.3,10.0,71.0,0.4546876947085063
2252,2.0,40.0,5.0,0.3,100.0,81.0,0.4330192357301712
2253,2.0,40.0,5.0,0.3,1000.0,63.0,0.46439866224924725
2254,2.0,40.0,5.0,0.3,10000.0,81.0,0.4903241495291392
2255,2.0,40.0,5.0,0.5,0.0,55.0,0.4857710599899292
2256,2.0,40.0,5.0,0.5,10.0,70.0,0.5211776991685232
2257,2.0,40.0,5.0,0.5,100.0,87.0,0.4928512175877889
2258,2.0,40.0,5.0,0.5,1000.0,69.0,0.49579328298568726
2259,2.0,40.0,5.0,0.5,10000.0,32.0,0.5649045705795288
2260,2.0,40.0,5.0,0.7,0.0,49.0,0.5492930809656779
2261,2.0,40.0,5.0,0.7,10.0,47.0,0.6227829356988271
2262,2.0,40.0,5.0,0.7,100.0,67.0,0.5998780826727549
2263,2.0,40.0,5.0,0.7,1000.0,53.0,0.5944284200668335
2264,2.0,40.0,5.0,0.7,10000.0,68.0,0.5813304384549459
2265,2.0,40.0,10.0,0.3,0.0,60.0,0.4732963442802429
2266,2.0,40.0,10.0,0.3,10.0,54.0,0.45436280965805054
2267,2.0,40.0,10.0,0.3,100.0,77.0,0.45581958691279095
2268,2.0,40.0,10.0,0.3,1000.0,58.0,0.4734038511912028
2269,2.0,40.0,10.0,0.3,10000.0,67.0,0.46801577011744183
2270,2.0,40.0,10.0,0.5,0.0,49.0,0.47391534845034283
2271,2.0,40.0,10.0,0.5,10.0,53.0,0.5038356482982635
2272,2.0,40.0,10.0,0.5,100.0,72.0,0.43872518837451935
2273,2.0,40.0,10.0,0.5,1000.0,46.0,0.49405760566393536
2274,2.0,40.0,10.0,0.5,10000.0,93.0,0.4390021761258443
2275,2.0,40.0,10.0,0.7,0.0,93.0,0.48971373836199444
2276,2.0,40.0,10.0,0.7,10.0,44.0,0.582143098115921
2277,2.0,40.0,10.0,0.7,100.0,72.0,0.589197059472402
2278,2.0,40.0,10.0,0.7,1000.0,113.0,0.5346204241116842
2279,2.0,40.0,10.0,0.7,10000.0,64.0,0.4848323365052541
2280,2.0,40.0,15.0,0.3,0.0,44.0,0.454058438539505
2281,2.0,40.0,15.0,0.3,10.0,62.0,0.45947468280792236
2282,2.0,40.0,15.0,0.3,100.0,52.0,0.47625988721847534
2283,2.0,40.0,15.0,0.3,1000.0,53.0,0.46593791246414185
2284,2.0,40.0,15.0,0.3,10000.0,67.0,0.4654012819131215
2285,2.0,40.0,15.0,0.5,0.0,62.0,0.4715651174386342
2286,2.0,40.0,15.0,0.5,10.0,73.0,0.4511866917212804
2287,2.0,40.0,15.0,0.5,100.0,72.0,0.42505690455436707
2288,2.0,40.0,15.0,0.5,1000.0,51.0,0.4635116656621297
2289,2.0,40.0,15.0,0.5,10000.0,45.0,0.507664680480957
2290,2.0,40.0,15.0,0.7,0.0,59.0,0.4722807953755061
2291,2.0,40.0,15.0,0.7,10.0,75.0,0.47980116804440814
2292,2.0,40.0,15.0,0.7,100.0,49.0,0.486312468846639
2293,2.0,40.0,15.0,0.7,1000.0,48.0,0.4876893262068431
2294,2.0,40.0,15.0,0.7,10000.0,69.0,0.5318806767463684
2295,2.0,40.0,20.0,0.3,0.0,40.0,0.5226934750874838
2296,2.0,40.0,20.0,0.3,10.0,57.0,0.461110919713974
2297,2.0,40.0,20.0,0.3,100.0,49.0,0.4644371469815572
2298,2.0,40.0,20.0,0.3,1000.0,77.0,0.4188043127457301
2299,2.0,40.0,20.0,0.3,10000.0,59.0,0.420163169503212
2300,2.0,40.0,20.0,0.5,0.0,49.0,0.4693743785222371
2301,2.0,40.0,20.0,0.5,10.0,53.0,0.45883119106292725
2302,2.0,40.0,20.0,0.5,100.0,52.0,0.4445708841085434
2303,2.0,40.0,20.0,0.5,1000.0,75.0,0.43490852415561676
2304,2.0,40.0,20.0,0.5,10000.0,62.0,0.4814005196094513
2305,2.0,40.0,20.0,0.7,0.0,52.0,0.45079531768957776
2306,2.0,40.0,20.0,0.7,10.0,44.0,0.48337694505850476
2307,2.0,40.0,20.0,0.7,100.0,67.0,0.46150052547454834
2308,2.0,40.0,20.0,0.7,1000.0,57.0,0.5292317966620127
2309,2.0,40.0,20.0,0.7,10000.0,45.0,0.48352570831775665
2310,2.0,40.0,25.0,0.3,0.0,61.0,0.4274272173643112
2311,2.0,40.0,25.0,0.3,10.0,60.0,0.4319451202948888
2312,2.0,40.0,25.0,0.3,100.0,49.0,0.46589647233486176
2313,2.0,40.0,25.0,0.3,1000.0,53.0,0.44071337083975476
2314,2.0,40.0,25.0,0.3,10000.0,56.0,0.47925616304079693
2315,2.0,40.0,25.0,0.5,0.0,74.0,0.4524367054303487
2316,2.0,40.0,25.0,0.5,10.0,65.0,0.4887581368287404
2317,2.0,40.0,25.0,0.5,100.0,49.0,0.44907856980959576
2318,2.0,40.0,25.0,0.5,1000.0,84.0,0.4453960657119751
2319,2.0,40.0,25.0,0.5,10000.0,69.0,0.46097301443417865
2320,2.0,40.0,25.0,0.7,0.0,96.0,0.4463808536529541
2321,2.0,40.0,25.0,0.7,10.0,58.0,0.4572436014811198
2322,2.0,40.0,25.0,0.7,100.0,65.0,0.46009236574172974
2323,2.0,40.0,25.0,0.7,1000.0,47.0,0.4815601408481598
2324,2.0,40.0,25.0,0.7,10000.0,71.0,0.4983211159706116
2325,2.0,40.0,30.0,0.3,0.0,39.0,0.4588388502597809
2326,2.0,40.0,30.0,0.3,10.0,61.0,0.44491352637608844
2327,2.0,40.0,30.0,0.3,100.0,47.0,0.4956639011700948
2328,2.0,40.0,30.0,0.3,1000.0,55.0,0.5045809845129648
2329,2.0,40.0,30.0,0.3,10000.0,49.0,0.4704752067724864
2330,2.0,40.0,30.0,0.5,0.0,50.0,0.4661838561296463
2331,2.0,40.0,30.0,0.5,10.0,65.0,0.4523215542236964
2332,2.0,40.0,30.0,0.5,100.0,57.0,0.4848353366057078
2333,2.0,40.0,30.0,0.5,1000.0,56.0,0.46149571736653644
2334,2.0,40.0,30.0,0.5,10000.0,45.0,0.4549587666988373
2335,2.0,40.0,30.0,0.7,0.0,72.0,0.44912681976954144
2336,2.0,40.0,30.0,0.7,10.0,60.0,0.4553605169057846
2337,2.0,40.0,30.0,0.7,100.0,70.0,0.44463904698689777
2338,2.0,40.0,30.0,0.7,1000.0,51.0,0.4507182240486145
2339,2.0,40.0,30.0,0.7,10000.0,60.0,0.4750491976737976
2340,2.0,40.0,35.0,0.3,0.0,55.0,0.4730987350145976
2341,2.0,40.0,35.0,0.3,10.0,83.0,0.42156541844209033
2342,2.0,40.0,35.0,0.3,100.0,62.0,0.47230390707651776
2343,2.0,40.0,35.0,0.3,1000.0,49.0,0.5170245965321859
2344,2.0,40.0,35.0,0.3,10000.0,48.0,0.5327861110369364
2345,2.0,40.0,35.0,0.5,0.0,46.0,0.4355056881904602
2346,2.0,40.0,35.0,0.5,10.0,50.0,0.43525034189224243
2347,2.0,40.0,35.0,0.5,100.0,56.0,0.47783757249514264
2348,2.0,40.0,35.0,0.5,1000.0,39.0,0.48342082897822064
2349,2.0,40.0,35.0,0.5,10000.0,55.0,0.483042448759079
2350,2.0,40.0,35.0,0.7,0.0,51.0,0.45184770226478577
2351,2.0,40.0,35.0,0.7,10.0,63.0,0.44182996948560077
2352,2.0,40.0,35.0,0.7,100.0,43.0,0.4706750015417735
2353,2.0,40.0,35.0,0.7,1000.0,49.0,0.4583791345357895
2354,2.0,40.0,35.0,0.7,10000.0,57.0,0.5134082138538361
2355,2.0,40.0,40.0,0.3,0.0,54.0,0.4507807989915212
2356,2.0,40.0,40.0,0.3,10.0,64.0,0.41816726326942444
2357,2.0,40.0,40.0,0.3,100.0,68.0,0.41183018187681836
2358,2.0,40.0,40.0,0.3,1000.0,66.0,0.4484185576438904
2359,2.0,40.0,40.0,0.3,10000.0,64.0,0.46401940782864887
2360,2.0,40.0,40.0,0.5,0.0,56.0,0.4317885935306549
2361,2.0,40.0,40.0,0.5,10.0,43.0,0.45051078498363495
2362,2.0,40.0,40.0,0.5,100.0,84.0,0.44819386800130206
2363,2.0,40.0,40.0,0.5,1000.0,57.0,0.5125253697236379
2364,2.0,40.0,40.0,0.5,10000.0,59.0,0.48165659109751385
2365,2.0,40.0,40.0,0.7,0.0,64.0,0.45008231699466705
2366,2.0,40.0,40.0,0.7,10.0,53.0,0.45175469915072125
2367,2.0,40.0,40.0,0.7,100.0,70.0,0.4556351900100708
2368,2.0,40.0,40.0,0.7,1000.0,54.0,0.484311838944753
2369,2.0,40.0,40.0,0.7,10000.0,59.0,0.4475463032722473
2370,2.0,40.0,45.0,0.3,0.0,57.0,0.5001328190167745
2371,2.0,40.0,45.0,0.3,10.0,70.0,0.46851622064908344
2372,2.0,40.0,45.0,0.3,100.0,49.0,0.468736136953036
2373,2.0,40.0,45.0,0.3,1000.0,54.0,0.4450235466162364
2374,2.0,40.0,45.0,0.3,10000.0,51.0,0.48903657992680866
2375,2.0,40.0,45.0,0.5,0.0,55.0,0.48024308681488037
2376,2.0,40.0,45.0,0.5,10.0,58.0,0.4522438943386078
2377,2.0,40.0,45.0,0.5,100.0,65.0,0.4443448881308238
2378,2.0,40.0,45.0,0.5,1000.0,51.0,0.4714745283126831
2379,2.0,40.0,45.0,0.5,10000.0,54.0,0.48019110163052875
2380,2.0,40.0,45.0,0.7,0.0,55.0,0.45806780954202014
2381,2.0,40.0,45.0,0.7,10.0,75.0,0.5210645993550619
2382,2.0,40.0,45.0,0.7,100.0,52.0,0.45438192288080853
2383,2.0,40.0,45.0,0.7,1000.0,61.0,0.47152088085810345
2384,2.0,40.0,45.0,0.7,10000.0,54.0,0.48080316185951233
2385,2.0,40.0,50.0,0.3,0.0,62.0,0.4557906736930211
2386,2.0,40.0,50.0,0.3,10.0,60.0,0.4273967444896698
2387,2.0,40.0,50.0,0.3,100.0,69.0,0.40050942202409107
2388,2.0,40.0,50.0,0.3,1000.0,49.0,0.4825652738412221
2389,2.0,40.0,50.0,0.3,10000.0,56.0,0.5040710965792338
2390,2.0,40.0,50.0,0.5,0.0,60.0,0.461677685379982
2391,2.0,40.0,50.0,0.5,10.0,65.0,0.43500882387161255
2392,2.0,40.0,50.0,0.5,100.0,55.0,0.42526372770468396
2393,2.0,40.0,50.0,0.5,1000.0,42.0,0.4584774275620778
2394,2.0,40.0,50.0,0.5,10000.0,63.0,0.44531215230623883
2395,2.0,40.0,50.0,0.7,0.0,65.0,0.46777455508708954
2396,2.0,40.0,50.0,0.7,10.0,47.0,0.45705758531888324
2397,2.0,40.0,50.0,0.7,100.0,52.0,0.4726914167404175
2398,2.0,40.0,50.0,0.7,1000.0,46.0,0.4612767696380615
2399,2.0,40.0,50.0,0.7,10000.0,62.0,0.4765063126881917
2400,1.0,45.0,5.0,0.3,0.0,78.0,0.4424762974182765
2401,1.0,45.0,5.0,0.3,10.0,72.0,0.4636315604050954
2402,1.0,45.0,5.0,0.3,100.0,120.0,0.619928777217865
2403,1.0,45.0,5.0,0.3,1000.0,77.0,0.4738091627756755
2404,1.0,45.0,5.0,0.3,10000.0,73.0,0.47449012100696564
2405,1.0,45.0,5.0,0.5,0.0,86.0,0.47876155376434326
2406,1.0,45.0,5.0,0.5,10.0,63.0,0.5644885003566742
2407,1.0,45.0,5.0,0.5,100.0,154.0,0.648536761601766
2408,1.0,45.0,5.0,0.5,1000.0,107.0,0.48133449753125507
2409,1.0,45.0,5.0,0.5,10000.0,76.0,0.4772404531637828
2410,1.0,45.0,5.0,0.7,0.0,65.0,0.6048384706179301
2411,1.0,45.0,5.0,0.7,10.0,38.0,0.620269368092219
2412,1.0,45.0,5.0,0.7,100.0,59.0,0.7902268568674723
2413,1.0,45.0,5.0,0.7,1000.0,73.0,0.5578153828779856
2414,1.0,45.0,5.0,0.7,10000.0,55.0,0.5739991962909698
2415,1.0,45.0,10.0,0.3,0.0,92.0,0.44819917778174084
2416,1.0,45.0,10.0,0.3,10.0,53.0,0.45886817077795666
2417,1.0,45.0,10.0,0.3,100.0,54.0,0.47297878563404083
2418,1.0,45.0,10.0,0.3,1000.0,59.0,0.5191254715124766
2419,1.0,45.0,10.0,0.3,10000.0,61.0,0.471886545419693
2420,1.0,45.0,10.0,0.5,0.0,65.0,0.478908509016037
2421,1.0,45.0,10.0,0.5,10.0,46.0,0.475472758213679
2422,1.0,45.0,10.0,0.5,100.0,60.0,0.4632357060909271
2423,1.0,45.0,10.0,0.5,1000.0,47.0,0.5269287625948588
2424,1.0,45.0,10.0,0.5,10000.0,63.0,0.4750417172908783
2425,1.0,45.0,10.0,0.7,0.0,51.0,0.6006653010845184
2426,1.0,45.0,10.0,0.7,10.0,66.0,0.5492493609587351
2427,1.0,45.0,10.0,0.7,100.0,59.0,0.5161539713541666
2428,1.0,45.0,10.0,0.7,1000.0,80.0,0.505033403635025
2429,1.0,45.0,10.0,0.7,10000.0,64.0,0.5152701437473297
2430,1.0,45.0,15.0,0.3,0.0,85.0,0.4479641765356064
2431,1.0,45.0,15.0,0.3,10.0,50.0,0.5150258044401804
2432,1.0,45.0,15.0,0.3,100.0,56.0,0.44476505120595294
2433,1.0,45.0,15.0,0.3,1000.0,45.0,0.46030759314695996
2434,1.0,45.0,15.0,0.3,10000.0,68.0,0.4296509971221288
2435,1.0,45.0,15.0,0.5,0.0,88.0,0.4487495223681132
2436,1.0,45.0,15.0,0.5,10.0,68.0,0.48752857744693756
2437,1.0,45.0,15.0,0.5,100.0,82.0,0.4334795872370402
2438,1.0,45.0,15.0,0.5,1000.0,59.0,0.43352924784024555
2439,1.0,45.0,15.0,0.5,10000.0,81.0,0.46458062529563904
2440,1.0,45.0,15.0,0.7,0.0,66.0,0.4895513703425725
2441,1.0,45.0,15.0,0.7,10.0,50.0,0.5083786646525065
2442,1.0,45.0,15.0,0.7,100.0,50.0,0.5011794169743856
2443,1.0,45.0,15.0,0.7,1000.0,75.0,0.4994466652472814
2444,1.0,45.0,15.0,0.7,10000.0,45.0,0.49579756955305737
2445,1.0,45.0,20.0,0.3,0.0,51.0,0.44649146497249603
2446,1.0,45.0,20.0,0.3,10.0,30.0,0.9505693515141805
2447,1.0,45.0,20.0,0.3,100.0,65.0,0.4220574001471202
2448,1.0,45.0,20.0,0.3,1000.0,69.0,0.4436345597108205
2449,1.0,45.0,20.0,0.3,10000.0,48.0,0.44341586033503216
2450,1.0,45.0,20.0,0.5,0.0,76.0,0.42892397940158844
2451,1.0,45.0,20.0,0.5,10.0,47.0,0.48122818271319073
2452,1.0,45.0,20.0,0.5,100.0,81.0,0.4530888795852661
2453,1.0,45.0,20.0,0.5,1000.0,72.0,0.45271919171015423
2454,1.0,45.0,20.0,0.5,10000.0,61.0,0.4645697424809138
2455,1.0,45.0,20.0,0.7,0.0,61.0,0.49081119894981384
2456,1.0,45.0,20.0,0.7,10.0,59.0,0.5052176415920258
2457,1.0,45.0,20.0,0.7,100.0,60.0,0.5351819694042206
2458,1.0,45.0,20.0,0.7,1000.0,46.0,0.5162874460220337
2459,1.0,45.0,20.0,0.7,10000.0,66.0,0.4785677641630173
2460,1.0,45.0,25.0,0.3,0.0,45.0,0.4780698964993159
2461,1.0,45.0,25.0,0.3,10.0,49.0,0.45442136625448865
2462,1.0,45.0,25.0,0.3,100.0,50.0,0.43723831077416736
2463,1.0,45.0,25.0,0.3,1000.0,54.0,0.47219960391521454
2464,1.0,45.0,25.0,0.3,10000.0,44.0,0.45180397232373554
2465,1.0,45.0,25.0,0.5,0.0,52.0,0.45583636065324146
2466,1.0,45.0,25.0,0.5,10.0,80.0,0.4523317317167918
2467,1.0,45.0,25.0,0.5,100.0,61.0,0.4636789957682292
2468,1.0,45.0,25.0,0.5,1000.0,78.0,0.4514433890581131
2469,1.0,45.0,25.0,0.5,10000.0,60.0,0.466998149951299
2470,1.0,45.0,25.0,0.7,0.0,59.0,0.453292449315389
2471,1.0,45.0,25.0,0.7,10.0,52.0,0.49520183602968854
2472,1.0,45.0,25.0,0.7,100.0,47.0,0.5257751246293386
2473,1.0,45.0,25.0,0.7,1000.0,61.0,0.4783012270927429
2474,1.0,45.0,25.0,0.7,10000.0,68.0,0.4736830145120621
2475,1.0,45.0,30.0,0.3,0.0,68.0,0.5207910885413488
2476,1.0,45.0,30.0,0.3,10.0,58.0,0.466221163670222
2477,1.0,45.0,30.0,0.3,100.0,51.0,0.4727690517902374
2478,1.0,45.0,30.0,0.3,1000.0,41.0,0.4673730134963989
2479,1.0,45.0,30.0,0.3,10000.0,59.0,0.4327297508716583
2480,1.0,45.0,30.0,0.5,0.0,47.0,0.48695098360379535
2481,1.0,45.0,30.0,0.5,10.0,39.0,0.4766959846019745
2482,1.0,45.0,30.0,0.5,100.0,63.0,0.4355756839116414
2483,1.0,45.0,30.0,0.5,1000.0,47.0,0.4420451521873474
2484,1.0,45.0,30.0,0.5,10000.0,51.0,0.4539464016755422
2485,1.0,45.0,30.0,0.7,0.0,52.0,0.5298342903455099
2486,1.0,45.0,30.0,0.7,10.0,50.0,0.4869840741157532
2487,1.0,45.0,30.0,0.7,100.0,50.0,0.462281455596288
2488,1.0,45.0,30.0,0.7,1000.0,67.0,0.4907315770785014
2489,1.0,45.0,30.0,0.7,10000.0,46.0,0.46241385738054913
2490,1.0,45.0,35.0,0.3,0.0,72.0,0.4200945297876994
2491,1.0,45.0,35.0,0.3,10.0,45.0,0.48351940512657166
2492,1.0,45.0,35.0,0.3,100.0,63.0,0.4208095322052638
2493,1.0,45.0,35.0,0.3,1000.0,58.0,0.43939973413944244
2494,1.0,45.0,35.0,0.3,10000.0,35.0,0.4956923723220825
2495,1.0,45.0,35.0,0.5,0.0,71.0,0.4502461701631546
2496,1.0,45.0,35.0,0.5,10.0,47.0,0.44744418064753216
2497,1.0,45.0,35.0,0.5,100.0,38.0,0.5032811860243479
2498,1.0,45.0,35.0,0.5,1000.0,62.0,0.4506739030281703
2499,1.0,45.0,35.0,0.5,10000.0,61.0,0.45436493555704754
2500,1.0,45.0,35.0,0.7,0.0,71.0,0.46988417704900104
2501,1.0,45.0,35.0,0.7,10.0,47.0,0.47716128329435986
2502,1.0,45.0,35.0,0.7,100.0,62.0,0.4878934423128764
2503,1.0,45.0,35.0,0.7,1000.0,61.0,0.474301482240359
2504,1.0,45.0,35.0,0.7,10000.0,89.0,0.4389493018388748
2505,1.0,45.0,40.0,0.3,0.0,51.0,0.4243326038122177
2506,1.0,45.0,40.0,0.3,10.0,69.0,0.432146097222964
2507,1.0,45.0,40.0,0.3,100.0,47.0,0.4614537904659907
2508,1.0,45.0,40.0,0.3,1000.0,58.0,0.48241550227006275
2509,1.0,45.0,40.0,0.3,10000.0,60.0,0.47508010764916736
2510,1.0,45.0,40.0,0.5,0.0,90.0,0.3853369901577632
2511,1.0,45.0,40.0,0.5,10.0,49.0,0.4745579759279887
2512,1.0,45.0,40.0,0.5,100.0,66.0,0.44282946983973187
2513,1.0,45.0,40.0,0.5,1000.0,50.0,0.43615108728408813
2514,1.0,45.0,40.0,0.5,10000.0,71.0,0.4406304707129796
2515,1.0,45.0,40.0,0.7,0.0,113.0,0.44331727425257367
2516,1.0,45.0,40.0,0.7,10.0,19.0,0.9465980331103007
2517,1.0,45.0,40.0,0.7,100.0,84.0,0.4527471860249837
2518,1.0,45.0,40.0,0.7,1000.0,38.0,0.4641735702753067
2519,1.0,45.0,40.0,0.7,10000.0,42.0,0.47531752785046893
2520,1.0,45.0,45.0,0.3,0.0,61.0,0.48594027757644653
2521,1.0,45.0,45.0,0.3,10.0,48.0,0.46918128430843353
2522,1.0,45.0,45.0,0.3,100.0,62.0,0.42550215621789295
2523,1.0,45.0,45.0,0.3,1000.0,73.0,0.4217570374409358
2524,1.0,45.0,45.0,0.3,10000.0,56.0,0.4583576023578644
2525,1.0,45.0,45.0,0.5,0.0,58.0,0.43189096450805664
2526,1.0,45.0,45.0,0.5,10.0,41.0,0.47997669378916424
2527,1.0,45.0,45.0,0.5,100.0,42.0,0.45129557450612384
2528,1.0,45.0,45.0,0.5,1000.0,38.0,0.4389052391052246
2529,1.0,45.0,45.0,0.5,10000.0,58.0,0.4490640660127004
2530,1.0,45.0,45.0,0.7,0.0,75.0,0.4599411537249883
2531,1.0,45.0,45.0,0.7,10.0,57.0,0.46865590910116833
2532,1.0,45.0,45.0,0.7,100.0,61.0,0.46945247054100037
2533,1.0,45.0,45.0,0.7,1000.0,55.0,0.46415887773036957
2534,1.0,45.0,45.0,0.7,10000.0,50.0,0.4903043508529663
2535,1.0,45.0,50.0,0.3,0.0,57.0,0.44050920009613037
2536,1.0,45.0,50.0,0.3,10.0,48.0,0.45361538231372833
2537,1.0,45.0,50.0,0.3,100.0,54.0,0.4343865066766739
2538,1.0,45.0,50.0,0.3,1000.0,76.0,0.42404888570308685
2539,1.0,45.0,50.0,0.3,10000.0,68.0,0.45263704160849255
2540,1.0,45.0,50.0,0.5,0.0,63.0,0.4354865700006485
2541,1.0,45.0,50.0,0.5,10.0,55.0,0.4427756617466609
2542,1.0,45.0,50.0,0.5,100.0,44.0,0.46572337051232654
2543,1.0,45.0,50.0,0.5,1000.0,41.0,0.4466158151626587
2544,1.0,45.0,50.0,0.5,10000.0,79.0,0.4286757508913676
2545,1.0,45.0,50.0,0.7,0.0,56.0,0.4680172801017761
2546,1.0,45.0,50.0,0.7,10.0,75.0,0.45255031685034436
2547,1.0,45.0,50.0,0.7,100.0,45.0,0.46242567400137585
2548,1.0,45.0,50.0,0.7,1000.0,81.0,0.46118104954560596
2549,1.0,45.0,50.0,0.7,10000.0,72.0,0.47157133122285205
2550,2.0,45.0,5.0,0.3,0.0,78.0,0.4489860435326894
2551,2.0,45.0,5.0,0.3,10.0,51.0,0.46445149183273315
2552,2.0,45.0,5.0,0.3,100.0,46.0,0.47550028562545776
2553,2.0,45.0,5.0,0.3,1000.0,72.0,0.5021552443504333
2554,2.0,45.0,5.0,0.3,10000.0,50.0,0.5061168273289999
2555,2.0,45.0,5.0,0.5,0.0,76.0,0.45125346382459003
2556,2.0,45.0,5.0,0.5,10.0,61.0,0.46196246643861133
2557,2.0,45.0,5.0,0.5,100.0,47.0,0.4798715611298879
2558,2.0,45.0,5.0,0.5,1000.0,86.0,0.48560455441474915
2559,2.0,45.0,5.0,0.5,10000.0,69.0,0.5168028175830841
2560,2.0,45.0,5.0,0.7,0.0,62.0,0.5701137185096741
2561,2.0,45.0,5.0,0.7,10.0,46.0,0.5823459327220917
2562,2.0,45.0,5.0,0.7,100.0,44.0,0.543233315149943
2563,2.0,45.0,5.0,0.7,1000.0,60.0,0.5705735385417938
2564,2.0,45.0,5.0,0.7,10000.0,45.0,0.6573072870572408
2565,2.0,45.0,10.0,0.3,0.0,82.0,0.4039712647596995
2566,2.0,45.0,10.0,0.3,10.0,85.0,0.45077301065127057
2567,2.0,45.0,10.0,0.3,100.0,44.0,0.5117512245972952
2568,2.0,45.0,10.0,0.3,1000.0,47.0,0.5006416738033295
2569,2.0,45.0,10.0,0.3,10000.0,54.0,0.46590947608153027
2570,2.0,45.0,10.0,0.5,0.0,68.0,0.42242200175921124
2571,2.0,45.0,10.0,0.5,10.0,80.0,0.44808391729990643
2572,2.0,45.0,10.0,0.5,100.0,62.0,0.44805723428726196
2573,2.0,45.0,10.0,0.5,1000.0,60.0,0.45017250378926593
2574,2.0,45.0,10.0,0.5,10000.0,54.0,0.5165437857309977
2575,2.0,45.0,10.0,0.7,0.0,36.0,0.5117536087830862
2576,2.0,45.0,10.0,0.7,10.0,85.0,0.5061358908812205
2577,2.0,45.0,10.0,0.7,100.0,47.0,0.5109438598155975
2578,2.0,45.0,10.0,0.7,1000.0,44.0,0.5062499046325684
2579,2.0,45.0,10.0,0.7,10000.0,45.0,0.5352530380090078
2580,2.0,45.0,15.0,0.3,0.0,61.0,0.4619948963324229
2581,2.0,45.0,15.0,0.3,10.0,75.0,0.4410295983155568
2582,2.0,45.0,15.0,0.3,100.0,32.0,0.5225898722807566
2583,2.0,45.0,15.0,0.3,1000.0,61.0,0.4484465221563975
2584,2.0,45.0,15.0,0.3,10000.0,56.0,0.5417957603931427
2585,2.0,45.0,15.0,0.5,0.0,81.0,0.4224427342414856
2586,2.0,45.0,15.0,0.5,10.0,49.0,0.4569802184899648
2587,2.0,45.0,15.0,0.5,100.0,78.0,0.42920241753260296
2588,2.0,45.0,15.0,0.5,1000.0,33.0,0.5276552041371664
2589,2.0,45.0,15.0,0.5,10000.0,56.0,0.5094955464204153
2590,2.0,45.0,15.0,0.7,0.0,73.0,0.45739908516407013
2591,2.0,45.0,15.0,0.7,10.0,41.0,0.5122553606828054
2592,2.0,45.0,15.0,0.7,100.0,80.0,0.5049011210600535
2593,2.0,45.0,15.0,0.7,1000.0,41.0,0.4973071614901225
2594,2.0,45.0,15.0,0.7,10000.0,63.0,0.5058705508708954
2595,2.0,45.0,20.0,0.3,0.0,44.0,0.4867475430170695
2596,2.0,45.0,20.0,0.3,10.0,45.0,0.46180569132169086
2597,2.0,45.0,20.0,0.3,100.0,62.0,0.4852132697900136
2598,2.0,45.0,20.0,0.3,1000.0,61.0,0.4437926808993022
2599,2.0,45.0,20.0,0.3,10000.0,45.0,0.4851442575454712
2600,2.0,45.0,20.0,0.5,0.0,45.0,0.4457101821899414
2601,2.0,45.0,20.0,0.5,10.0,67.0,0.4582771857579549
2602,2.0,45.0,20.0,0.5,100.0,55.0,0.43843857447306317
2603,2.0,45.0,20.0,0.5,1000.0,57.0,0.4538842091957728
2604,2.0,45.0,20.0,0.5,10000.0,63.0,0.4899491270383199
2605,2.0,45.0,20.0,0.7,0.0,55.0,0.4432142525911331
2606,2.0,45.0,20.0,0.7,10.0,60.0,0.4695598979791005
2607,2.0,45.0,20.0,0.7,100.0,63.0,0.4692796965440114
2608,2.0,45.0,20.0,0.7,1000.0,71.0,0.4918571213881175
2609,2.0,45.0,20.0,0.7,10000.0,46.0,0.504858007033666
2610,2.0,45.0,25.0,0.3,0.0,41.0,0.44944580396016437
2611,2.0,45.0,25.0,0.3,10.0,79.0,0.4061472664276759
2612,2.0,45.0,25.0,0.3,100.0,58.0,0.5062431792418162
2613,2.0,45.0,25.0,0.3,1000.0,61.0,0.4742462436358134
2614,2.0,45.0,25.0,0.3,10000.0,66.0,0.44170182943344116
2615,2.0,45.0,25.0,0.5,0.0,41.0,0.46593110760052997
2616,2.0,45.0,25.0,0.5,10.0,56.0,0.46606698632240295
2617,2.0,45.0,25.0,0.5,100.0,62.0,0.4544050991535187
2618,2.0,45.0,25.0,0.5,1000.0,40.0,0.4692965050538381
2619,2.0,45.0,25.0,0.5,10000.0,52.0,0.49250131845474243
2620,2.0,45.0,25.0,0.7,0.0,73.0,0.5119466483592987
2621,2.0,45.0,25.0,0.7,10.0,47.0,0.47518518567085266
2622,2.0,45.0,25.0,0.7,100.0,50.0,0.4745129595200221
2623,2.0,45.0,25.0,0.7,1000.0,65.0,0.5199094712734222
2624,2.0,45.0,25.0,0.7,10000.0,42.0,0.5005677541097006
2625,2.0,45.0,30.0,0.3,0.0,26.0,0.532843808333079
2626,2.0,45.0,30.0,0.3,10.0,56.0,0.4472907980283101
2627,2.0,45.0,30.0,0.3,100.0,76.0,0.42351550857226056
2628,2.0,45.0,30.0,0.3,1000.0,51.0,0.42675744990507763
2629,2.0,45.0,30.0,0.3,10000.0,43.0,0.4538108358780543
2630,2.0,45.0,30.0,0.5,0.0,67.0,0.4170365184545517
2631,2.0,45.0,30.0,0.5,10.0,50.0,0.47501686215400696
2632,2.0,45.0,30.0,0.5,100.0,67.0,0.4360901415348053
2633,2.0,45.0,30.0,0.5,1000.0,51.0,0.4287309894959132
2634,2.0,45.0,30.0,0.5,10000.0,51.0,0.47104217608769733
2635,2.0,45.0,30.0,0.7,0.0,48.0,0.46956148743629456
2636,2.0,45.0,30.0,0.7,10.0,51.0,0.4463345756133397
2637,2.0,45.0,30.0,0.7,100.0,49.0,0.48279299835364026
2638,2.0,45.0,30.0,0.7,1000.0,44.0,0.4838933398326238
2639,2.0,45.0,30.0,0.7,10000.0,60.0,0.4841769238313039
2640,2.0,45.0,35.0,0.3,0.0,50.0,0.4439982573191325
2641,2.0,45.0,35.0,0.3,10.0,51.0,0.46522291501363117
2642,2.0,45.0,35.0,0.3,100.0,60.0,0.4779769281546275
2643,2.0,45.0,35.0,0.3,1000.0,67.0,0.45700350403785706
2644,2.0,45.0,35.0,0.3,10000.0,35.0,0.4950856665770213
2645,2.0,45.0,35.0,0.5,0.0,58.0,0.4890412390232086
2646,2.0,45.0,35.0,0.5,10.0,53.0,0.4439372072617213
2647,2.0,45.0,35.0,0.5,100.0,52.0,0.4291498412688573
2648,2.0,45.0,35.0,0.5,1000.0,53.0,0.47909810145696
2649,2.0,45.0,35.0,0.5,10000.0,43.0,0.4607569972674052
2650,2.0,45.0,35.0,0.7,0.0,55.0,0.5117031335830688
2651,2.0,45.0,35.0,0.7,10.0,47.0,0.45795953770478565
2652,2.0,45.0,35.0,0.7,100.0,47.0,0.4750628670056661
2653,2.0,45.0,35.0,0.7,1000.0,51.0,0.49680082003275555
2654,2.0,45.0,35.0,0.7,10000.0,50.0,0.46521944801012677
2655,2.0,45.0,40.0,0.3,0.0,47.0,0.4283593048652013
2656,2.0,45.0,40.0,0.3,10.0,53.0,0.4269385039806366
2657,2.0,45.0,40.0,0.3,100.0,47.0,0.4563008149464925
2658,2.0,45.0,40.0,0.3,1000.0,63.0,0.47043532133102417
2659,2.0,45.0,40.0,0.3,10000.0,45.0,0.4838651617368062
2660,2.0,45.0,40.0,0.5,0.0,64.0,0.45273123184839886
2661,2.0,45.0,40.0,0.5,10.0,51.0,0.45353004336357117
2662,2.0,45.0,40.0,0.5,100.0,50.0,0.5049382547537485
2663,2.0,45.0,40.0,0.5,1000.0,71.0,0.43228887518246967
2664,2.0,45.0,40.0,0.5,10000.0,53.0,0.46601953605810803
2665,2.0,45.0,40.0,0.7,0.0,58.0,0.46396204829216003
2666,2.0,45.0,40.0,0.7,10.0,64.0,0.4451818565527598
2667,2.0,45.0,40.0,0.7,100.0,43.0,0.4830755790074666
2668,2.0,45.0,40.0,0.7,1000.0,50.0,0.4755726357301076
2669,2.0,45.0,40.0,0.7,10000.0,62.0,0.48373104135195416
2670,2.0,45.0,45.0,0.3,0.0,57.0,0.46910203496615094
2671,2.0,45.0,45.0,0.3,10.0,55.0,0.44335147738456726
2672,2.0,45.0,45.0,0.3,100.0,45.0,0.47304025292396545
2673,2.0,45.0,45.0,0.3,1000.0,51.0,0.4354773114124934
2674,2.0,45.0,45.0,0.3,10000.0,53.0,0.5213629901409149
2675,2.0,45.0,45.0,0.5,0.0,54.0,0.45575477679570514
2676,2.0,45.0,45.0,0.5,10.0,56.0,0.488150954246521
2677,2.0,45.0,45.0,0.5,100.0,52.0,0.4629797140757243
2678,2.0,45.0,45.0,0.5,1000.0,60.0,0.4584210515022278
2679,2.0,45.0,45.0,0.5,10000.0,47.0,0.50136931737264
2680,2.0,45.0,45.0,0.7,0.0,55.0,0.4640725354353587
2681,2.0,45.0,45.0,0.7,10.0,58.0,0.43704773982365924
2682,2.0,45.0,45.0,0.7,100.0,56.0,0.4758911331494649
2683,2.0,45.0,45.0,0.7,1000.0,53.0,0.4677306612332662
2684,2.0,45.0,45.0,0.7,10000.0,52.0,0.46599404017130536
2685,2.0,45.0,50.0,0.3,0.0,43.0,0.5042855640252432
2686,2.0,45.0,50.0,0.3,10.0,56.0,0.4711662530899048
2687,2.0,45.0,50.0,0.3,100.0,53.0,0.4830738802750905
2688,2.0,45.0,50.0,0.3,1000.0,60.0,0.43316403528054553
2689,2.0,45.0,50.0,0.3,10000.0,48.0,0.45771457751592
2690,2.0,45.0,50.0,0.5,0.0,55.0,0.4669213593006134
2691,2.0,45.0,50.0,0.5,10.0,53.0,0.45605119069417316
2692,2.0,45.0,50.0,0.5,100.0,46.0,0.4771353801091512
2693,2.0,45.0,50.0,0.5,1000.0,86.0,0.4492873748143514
2694,2.0,45.0,50.0,0.5,10000.0,47.0,0.4469205190738042
2695,2.0,45.0,50.0,0.7,0.0,56.0,0.4347066779931386
2696,2.0,45.0,50.0,0.7,10.0,43.0,0.44343481957912445
2697,2.0,45.0,50.0,0.7,100.0,75.0,0.45684188107649487
2698,2.0,45.0,50.0,0.7,1000.0,80.0,0.4193391303221385
2699,2.0,45.0,50.0,0.7,10000.0,67.0,0.42454252143700916
2700,1.0,50.0,5.0,0.3,0.0,105.0,0.40625156958897907
2701,1.0,50.0,5.0,0.3,10.0,64.0,0.4687308470408122
2702,1.0,50.0,5.0,0.3,100.0,103.0,0.45897139112154645
2703,1.0,50.0,5.0,0.3,1000.0,51.0,0.5029672185579935
2704,1.0,50.0,5.0,0.3,10000.0,48.0,0.48424234986305237
2705,1.0,50.0,5.0,0.5,0.0,54.0,0.5391369263331095
2706,1.0,50.0,5.0,0.5,10.0,65.0,0.5070094764232635
2707,1.0,50.0,5.0,0.5,100.0,68.0,0.5089619557062784
2708,1.0,50.0,5.0,0.5,1000.0,54.0,0.5611513257026672
2709,1.0,50.0,5.0,0.5,10000.0,81.0,0.4952857345342636
2710,1.0,50.0,5.0,0.7,0.0,46.0,0.6181389093399048
2711,1.0,50.0,5.0,0.7,10.0,43.0,0.593885064125061
2712,1.0,50.0,5.0,0.7,100.0,53.0,0.5818323095639547
2713,1.0,50.0,5.0,0.7,1000.0,66.0,0.6719645261764526
2714,1.0,50.0,5.0,0.7,10000.0,62.0,0.5918092032273611
2715,1.0,50.0,10.0,0.3,0.0,73.0,0.43604510029157
2716,1.0,50.0,10.0,0.3,10.0,58.0,0.4935844341913859
2717,1.0,50.0,10.0,0.3,100.0,242.0,0.5105601449807485
2718,1.0,50.0,10.0,0.3,1000.0,52.0,0.45727527638276416
2719,1.0,50.0,10.0,0.3,10000.0,74.0,0.4641065299510956
2720,1.0,50.0,10.0,0.5,0.0,59.0,0.449632465839386
2721,1.0,50.0,10.0,0.5,10.0,86.0,0.6057124237219492
2722,1.0,50.0,10.0,0.5,100.0,183.0,0.6043113271395365
2723,1.0,50.0,10.0,0.5,1000.0,65.0,0.4690116097529729
2724,1.0,50.0,10.0,0.5,10000.0,60.0,0.46883196632067364
2725,1.0,50.0,10.0,0.7,0.0,65.0,0.5243217845757803
2726,1.0,50.0,10.0,0.7,10.0,66.0,0.5067229270935059
2727,1.0,50.0,10.0,0.7,100.0,113.0,0.6152507066726685
2728,1.0,50.0,10.0,0.7,1000.0,69.0,0.5246364176273346
2729,1.0,50.0,10.0,0.7,10000.0,48.0,0.5227275987466177
2730,1.0,50.0,15.0,0.3,0.0,59.0,0.4881819436947505
2731,1.0,50.0,15.0,0.3,10.0,52.0,0.493770569562912
2732,1.0,50.0,15.0,0.3,100.0,33.0,0.4526940882205963
2733,1.0,50.0,15.0,0.3,1000.0,58.0,0.48204349478085834
2734,1.0,50.0,15.0,0.3,10000.0,62.0,0.4625905255476634
2735,1.0,50.0,15.0,0.5,0.0,49.0,0.46517616013685864
2736,1.0,50.0,15.0,0.5,10.0,50.0,0.4850482741991679
2737,1.0,50.0,15.0,0.5,100.0,53.0,0.4690404136975606
2738,1.0,50.0,15.0,0.5,1000.0,52.0,0.46180231869220734
2739,1.0,50.0,15.0,0.5,10000.0,101.0,0.459657887617747
2740,1.0,50.0,15.0,0.7,0.0,69.0,0.47283018628756207
2741,1.0,50.0,15.0,0.7,10.0,55.0,0.5218015809853872
2742,1.0,50.0,15.0,0.7,100.0,50.0,0.4884917040665944
2743,1.0,50.0,15.0,0.7,1000.0,50.0,0.5142978727817535
2744,1.0,50.0,15.0,0.7,10000.0,72.0,0.4793289452791214
2745,1.0,50.0,20.0,0.3,0.0,52.0,0.4710235248009364
2746,1.0,50.0,20.0,0.3,10.0,73.0,0.47328100105126697
2747,1.0,50.0,20.0,0.3,100.0,54.0,0.46147281924883526
2748,1.0,50.0,20.0,0.3,1000.0,55.0,0.4517901688814163
2749,1.0,50.0,20.0,0.3,10000.0,50.0,0.4336428890625636
2750,1.0,50.0,20.0,0.5,0.0,45.0,0.47234655419985455
2751,1.0,50.0,20.0,0.5,10.0,46.0,0.4601666331291199
2752,1.0,50.0,20.0,0.5,100.0,84.0,0.43407544990380603
2753,1.0,50.0,20.0,0.5,1000.0,18.0,0.716021458307902
2754,1.0,50.0,20.0,0.5,10000.0,56.0,0.43443575998147327
2755,1.0,50.0,20.0,0.7,0.0,58.0,0.46373617152373
2756,1.0,50.0,20.0,0.7,10.0,53.0,0.47771290441354114
2757,1.0,50.0,20.0,0.7,100.0,86.0,0.47675564885139465
2758,1.0,50.0,20.0,0.7,1000.0,106.0,0.4511596808830897
2759,1.0,50.0,20.0,0.7,10000.0,49.0,0.4871680438518524
2760,1.0,50.0,25.0,0.3,0.0,30.0,0.5209167500336965
2761,1.0,50.0,25.0,0.3,10.0,54.0,0.4525458812713623
2762,1.0,50.0,25.0,0.3,100.0,53.0,0.4655588815609614
2763,1.0,50.0,25.0,0.3,1000.0,43.0,0.4562511742115021
2764,1.0,50.0,25.0,0.3,10000.0,26.0,0.4937391479810079
2765,1.0,50.0,25.0,0.5,0.0,64.0,0.4693276385466258
2766,1.0,50.0,25.0,0.5,10.0,74.0,0.4586431235074997
2767,1.0,50.0,25.0,0.5,100.0,54.0,0.4539218693971634
2768,1.0,50.0,25.0,0.5,1000.0,54.0,0.45497862497965497
2769,1.0,50.0,25.0,0.5,10000.0,60.0,0.44435163338979083
2770,1.0,50.0,25.0,0.7,0.0,55.0,0.4770124802986781
2771,1.0,50.0,25.0,0.7,10.0,57.0,0.46584628025690716
2772,1.0,50.0,25.0,0.7,100.0,47.0,0.4841298808654149
2773,1.0,50.0,25.0,0.7,1000.0,43.0,0.4726984401543935
2774,1.0,50.0,25.0,0.7,10000.0,48.0,0.4977141221364339
2775,1.0,50.0,30.0,0.3,0.0,75.0,0.43293287853399914
2776,1.0,50.0,30.0,0.3,10.0,59.0,0.5191083053747813
2777,1.0,50.0,30.0,0.3,100.0,73.0,0.4297719746828079
2778,1.0,50.0,30.0,0.3,1000.0,75.0,0.48179324467976886
2779,1.0,50.0,30.0,0.3,10000.0,63.0,0.44831863045692444
2780,1.0,50.0,30.0,0.5,0.0,70.0,0.507575253645579
2781,1.0,50.0,30.0,0.5,10.0,75.0,0.43502051134904224
2782,1.0,50.0,30.0,0.5,100.0,43.0,0.45902912815411884
2783,1.0,50.0,30.0,0.5,1000.0,58.0,0.495878666639328
2784,1.0,50.0,30.0,0.5,10000.0,60.0,0.5133367876211802
2785,1.0,50.0,30.0,0.7,0.0,64.0,0.4740882118542989
2786,1.0,50.0,30.0,0.7,10.0,50.0,0.4766954531272252
2787,1.0,50.0,30.0,0.7,100.0,48.0,0.4823173036177953
2788,1.0,50.0,30.0,0.7,1000.0,46.0,0.45867082476615906
2789,1.0,50.0,30.0,0.7,10000.0,60.0,0.4745035966237386
2790,1.0,50.0,35.0,0.3,0.0,67.0,0.5436121126015981
2791,1.0,50.0,35.0,0.3,10.0,58.0,0.5016660491625468
2792,1.0,50.0,35.0,0.3,100.0,61.0,0.48848936955134076
2793,1.0,50.0,35.0,0.3,1000.0,46.0,0.4416646659374237
2794,1.0,50.0,35.0,0.3,10000.0,71.0,0.4712854524453481
2795,1.0,50.0,35.0,0.5,0.0,55.0,0.4888813296953837
2796,1.0,50.0,35.0,0.5,10.0,42.0,0.465287908911705
2797,1.0,50.0,35.0,0.5,100.0,62.0,0.4429292728503545
2798,1.0,50.0,35.0,0.5,1000.0,55.0,0.46167007088661194
2799,1.0,50.0,35.0,0.5,10000.0,47.0,0.49015545348326367
2800,1.0,50.0,35.0,0.7,0.0,41.0,0.47482381761074066
2801,1.0,50.0,35.0,0.7,10.0,56.0,0.4856686939795812
2802,1.0,50.0,35.0,0.7,100.0,84.0,0.468503475189209
2803,1.0,50.0,35.0,0.7,1000.0,55.0,0.4815708150466283
2804,1.0,50.0,35.0,0.7,10000.0,45.0,0.48094068467617035
2805,1.0,50.0,40.0,0.3,0.0,62.0,0.47047536571820575
2806,1.0,50.0,40.0,0.3,10.0,68.0,0.47291257480780285
2807,1.0,50.0,40.0,0.3,100.0,44.0,0.46267937620480853
2808,1.0,50.0,40.0,0.3,1000.0,44.0,0.46222609281539917
2809,1.0,50.0,40.0,0.3,10000.0,51.0,0.4876963595549266
2810,1.0,50.0,40.0,0.5,0.0,42.0,0.4597168018420537
2811,1.0,50.0,40.0,0.5,10.0,53.0,0.445769061644872
2812,1.0,50.0,40.0,0.5,100.0,50.0,0.4616906096537908
2813,1.0,50.0,40.0,0.5,1000.0,58.0,0.5128757556279501
2814,1.0,50.0,40.0,0.5,10000.0,50.0,0.4981701374053955
2815,1.0,50.0,40.0,0.7,0.0,45.0,0.48155054450035095
2816,1.0,50.0,40.0,0.7,10.0,60.0,0.5055058648188909
2817,1.0,50.0,40.0,0.7,100.0,69.0,0.48194174468517303
2818,1.0,50.0,40.0,0.7,1000.0,70.0,0.4874492933352788
2819,1.0,50.0,40.0,0.7,10000.0,59.0,0.4964754482110341
2820,1.0,50.0,45.0,0.3,0.0,61.0,0.447671577334404
2821,1.0,50.0,45.0,0.3,10.0,51.0,0.498256395260493
2822,1.0,50.0,45.0,0.3,100.0,58.0,0.45181289315223694
2823,1.0,50.0,45.0,0.3,1000.0,34.0,0.45893093943595886
2824,1.0,50.0,45.0,0.3,10000.0,64.0,0.44076629479726154
2825,1.0,50.0,45.0,0.5,0.0,60.0,0.46318671603997547
2826,1.0,50.0,45.0,0.5,10.0,54.0,0.4513350377480189
2827,1.0,50.0,45.0,0.5,100.0,68.0,0.45808591445287067
2828,1.0,50.0,45.0,0.5,1000.0,46.0,0.45770644148190814
2829,1.0,50.0,45.0,0.5,10000.0,59.0,0.4250305990378062
2830,1.0,50.0,45.0,0.7,0.0,50.0,0.4734310805797577
2831,1.0,50.0,45.0,0.7,10.0,56.0,0.454632431268692
2832,1.0,50.0,45.0,0.7,100.0,55.0,0.4826217442750931
2833,1.0,50.0,45.0,0.7,1000.0,42.0,0.4981849143902461
2834,1.0,50.0,45.0,0.7,10000.0,77.0,0.45016446709632874
2835,1.0,50.0,50.0,0.3,0.0,70.0,0.44097920258839923
2836,1.0,50.0,50.0,0.3,10.0,52.0,0.45265990992387134
2837,1.0,50.0,50.0,0.3,100.0,66.0,0.4588664472103119
2838,1.0,50.0,50.0,0.3,1000.0,48.0,0.4565950681765874
2839,1.0,50.0,50.0,0.3,10000.0,58.0,0.43344884117444354
2840,1.0,50.0,50.0,0.5,0.0,85.0,0.48064640661080676
2841,1.0,50.0,50.0,0.5,10.0,36.0,0.4619608074426651
2842,1.0,50.0,50.0,0.5,100.0,56.0,0.45171400407950085
2843,1.0,50.0,50.0,0.5,1000.0,44.0,0.4530911197264989
2844,1.0,50.0,50.0,0.5,10000.0,57.0,0.4946875274181366
2845,1.0,50.0,50.0,0.7,0.0,59.0,0.46923523644606274
2846,1.0,50.0,50.0,0.7,10.0,48.0,0.49250561992327374
2847,1.0,50.0,50.0,0.7,100.0,64.0,0.4659538120031357
2848,1.0,50.0,50.0,0.7,1000.0,38.0,0.4709961960713069
2849,1.0,50.0,50.0,0.7,10000.0,80.0,0.4524882237116496
2850,2.0,50.0,5.0,0.3,0.0,13.0,0.9633876085281372
2851,2.0,50.0,5.0,0.3,10.0,42.0,0.47057617207368213
2852,2.0,50.0,5.0,0.3,100.0,69.0,0.4302126169204712
2853,2.0,50.0,5.0,0.3,1000.0,71.0,0.44544581572214764
2854,2.0,50.0,5.0,0.3,10000.0,51.0,0.48982107639312744
2855,2.0,50.0,5.0,0.5,0.0,65.0,0.4755735198656718
2856,2.0,50.0,5.0,0.5,10.0,45.0,0.5051664113998413
2857,2.0,50.0,5.0,0.5,100.0,60.0,0.48658593495686847
2858,2.0,50.0,5.0,0.5,1000.0,53.0,0.5060461362202963
2859,2.0,50.0,5.0,0.5,10000.0,46.0,0.5017464756965637
2860,2.0,50.0,5.0,0.7,0.0,50.0,0.5566866795221964
2861,2.0,50.0,5.0,0.7,10.0,45.0,0.6055129965146383
2862,2.0,50.0,5.0,0.7,100.0,67.0,0.5664342840512594
2863,2.0,50.0,5.0,0.7,1000.0,41.0,0.6096396744251251
2864,2.0,50.0,5.0,0.7,10000.0,44.0,0.567105789979299
2865,2.0,50.0,10.0,0.3,0.0,69.0,0.4664841691652934
2866,2.0,50.0,10.0,0.3,10.0,62.0,0.4878755907217662
2867,2.0,50.0,10.0,0.3,100.0,68.0,0.4476005285978317
2868,2.0,50.0,10.0,0.3,1000.0,44.0,0.4853434960047404
2869,2.0,50.0,10.0,0.3,10000.0,67.0,0.39976345499356586
2870,2.0,50.0,10.0,0.5,0.0,46.0,0.4685704857110977
2871,2.0,50.0,10.0,0.5,10.0,62.0,0.4541846960783005
2872,2.0,50.0,10.0,0.5,100.0,57.0,0.5106830795605978
2873,2.0,50.0,10.0,0.5,1000.0,52.0,0.48552749554316205
2874,2.0,50.0,10.0,0.5,10000.0,50.0,0.46661828955014545
2875,2.0,50.0,10.0,0.7,0.0,50.0,0.5164218048254648
2876,2.0,50.0,10.0,0.7,10.0,41.0,0.5235055387020111
2877,2.0,50.0,10.0,0.7,100.0,60.0,0.5098889370759329
2878,2.0,50.0,10.0,0.7,1000.0,40.0,0.5051200191179911
2879,2.0,50.0,10.0,0.7,10000.0,53.0,0.4977747400601705
2880,2.0,50.0,15.0,0.3,0.0,49.0,0.4978177050749461
2881,2.0,50.0,15.0,0.3,10.0,43.0,0.5154000520706177
2882,2.0,50.0,15.0,0.3,100.0,59.0,0.44080470005671185
2883,2.0,50.0,15.0,0.3,1000.0,62.0,0.44836769501368207
2884,2.0,50.0,15.0,0.3,10000.0,48.0,0.48367544015248615
2885,2.0,50.0,15.0,0.5,0.0,52.0,0.48440813024838764
2886,2.0,50.0,15.0,0.5,10.0,46.0,0.46106046934922534
2887,2.0,50.0,15.0,0.5,100.0,81.0,0.5294419527053833
2888,2.0,50.0,15.0,0.5,1000.0,52.0,0.45227865874767303
2889,2.0,50.0,15.0,0.5,10000.0,49.0,0.47061675786972046
2890,2.0,50.0,15.0,0.7,0.0,49.0,0.49477699398994446
2891,2.0,50.0,15.0,0.7,10.0,78.0,0.4830053448677063
2892,2.0,50.0,15.0,0.7,100.0,51.0,0.4745441476504008
2893,2.0,50.0,15.0,0.7,1000.0,55.0,0.49072888493537903
2894,2.0,50.0,15.0,0.7,10000.0,61.0,0.49493394295374554
2895,2.0,50.0,20.0,0.3,0.0,63.0,0.4687524338563283
2896,2.0,50.0,20.0,0.3,10.0,42.0,0.47995541493097943
2897,2.0,50.0,20.0,0.3,100.0,49.0,0.499921182791392
2898,2.0,50.0,20.0,0.3,1000.0,48.0,0.4981505175431569
2899,2.0,50.0,20.0,0.3,10000.0,39.0,0.48696236809094745
2900,2.0,50.0,20.0,0.5,0.0,56.0,0.46506962180137634
2901,2.0,50.0,20.0,0.5,10.0,42.0,0.4693215986092885
2902,2.0,50.0,20.0,0.5,100.0,46.0,0.45685914158821106
2903,2.0,50.0,20.0,0.5,1000.0,52.0,0.4807755450407664
2904,2.0,50.0,20.0,0.5,10000.0,59.0,0.48058392604192096
2905,2.0,50.0,20.0,0.7,0.0,61.0,0.5076359113057455
2906,2.0,50.0,20.0,0.7,10.0,39.0,0.5036167601744334
2907,2.0,50.0,20.0,0.7,100.0,53.0,0.5227825740973154
2908,2.0,50.0,20.0,0.7,1000.0,51.0,0.4921022454897563
2909,2.0,50.0,20.0,0.7,10000.0,54.0,0.46610259016354877
2910,2.0,50.0,25.0,0.3,0.0,47.0,0.45604732632637024
2911,2.0,50.0,25.0,0.3,10.0,42.0,0.4742068946361542
2912,2.0,50.0,25.0,0.3,100.0,49.0,0.4888707896073659
2913,2.0,50.0,25.0,0.3,1000.0,68.0,0.4184234489997228
2914,2.0,50.0,25.0,0.3,10000.0,49.0,0.5113417605559031
2915,2.0,50.0,25.0,0.5,0.0,58.0,0.4777607321739197
2916,2.0,50.0,25.0,0.5,10.0,42.0,0.5026861429214478
2917,2.0,50.0,25.0,0.5,100.0,45.0,0.47079678376515705
2918,2.0,50.0,25.0,0.5,1000.0,67.0,0.4824899931748708
2919,2.0,50.0,25.0,0.5,10000.0,43.0,0.4754686603943507
2920,2.0,50.0,25.0,0.7,0.0,52.0,0.48795368274052936
2921,2.0,50.0,25.0,0.7,10.0,43.0,0.5103038052717844
2922,2.0,50.0,25.0,0.7,100.0,41.0,0.46728206674257916
2923,2.0,50.0,25.0,0.7,1000.0,43.0,0.4775286316871643
2924,2.0,50.0,25.0,0.7,10000.0,61.0,0.45514334738254547
2925,2.0,50.0,30.0,0.3,0.0,44.0,0.512395054101944
2926,2.0,50.0,30.0,0.3,10.0,54.0,0.4823777973651886
2927,2.0,50.0,30.0,0.3,100.0,42.0,0.5168842077255249
2928,2.0,50.0,30.0,0.3,1000.0,45.0,0.4758496731519699
2929,2.0,50.0,30.0,0.3,10000.0,43.0,0.46138162910938263
2930,2.0,50.0,30.0,0.5,0.0,52.0,0.4948093791802724
2931,2.0,50.0,30.0,0.5,10.0,45.0,0.4847770631313324
2932,2.0,50.0,30.0,0.5,100.0,39.0,0.49145176510016125
2933,2.0,50.0,30.0,0.5,1000.0,50.0,0.49121840794881183
2934,2.0,50.0,30.0,0.5,10000.0,43.0,0.4325827360153198
2935,2.0,50.0,30.0,0.7,0.0,62.0,0.4729756712913513
2936,2.0,50.0,30.0,0.7,10.0,49.0,0.5026811162630717
2937,2.0,50.0,30.0,0.7,100.0,37.0,0.4982488652070363
2938,2.0,50.0,30.0,0.7,1000.0,57.0,0.517400473356247
2939,2.0,50.0,30.0,0.7,10000.0,58.0,0.5353028575579325
2940,2.0,50.0,35.0,0.3,0.0,45.0,0.4854062149922053
2941,2.0,50.0,35.0,0.3,10.0,40.0,0.5081394612789154
2942,2.0,50.0,35.0,0.3,100.0,52.0,0.46707282463709515
2943,2.0,50.0,35.0,0.3,1000.0,45.0,0.48143133521080017
2944,2.0,50.0,35.0,0.3,10000.0,54.0,0.5074675232172012
2945,2.0,50.0,35.0,0.5,0.0,37.0,0.49187233050664264
2946,2.0,50.0,35.0,0.5,10.0,38.0,0.46771010259787243
2947,2.0,50.0,35.0,0.5,100.0,66.0,0.42474401493867237
2948,2.0,50.0,35.0,0.5,1000.0,44.0,0.47891465822855633
2949,2.0,50.0,35.0,0.5,10000.0,49.0,0.4758327404658
2950,2.0,50.0,35.0,0.7,0.0,52.0,0.46861831347147626
2951,2.0,50.0,35.0,0.7,10.0,43.0,0.46598799029986065
2952,2.0,50.0,35.0,0.7,100.0,75.0,0.434046338001887
2953,2.0,50.0,35.0,0.7,1000.0,45.0,0.4991207222143809
2954,2.0,50.0,35.0,0.7,10000.0,46.0,0.5177760223547617
2955,2.0,50.0,40.0,0.3,0.0,54.0,0.46813472112019855
2956,2.0,50.0,40.0,0.3,10.0,51.0,0.4815971354643504
2957,2.0,50.0,40.0,0.3,100.0,43.0,0.44857996702194214
2958,2.0,50.0,40.0,0.3,1000.0,61.0,0.48607298731803894
2959,2.0,50.0,40.0,0.3,10000.0,43.0,0.4768908719221751
2960,2.0,50.0,40.0,0.5,0.0,63.0,0.4645940860112508
2961,2.0,50.0,40.0,0.5,10.0,52.0,0.4993952214717865
2962,2.0,50.0,40.0,0.5,100.0,56.0,0.44568383196989697
2963,2.0,50.0,40.0,0.5,1000.0,70.0,0.4531768560409546
2964,2.0,50.0,40.0,0.5,10000.0,41.0,0.48192399243513745
2965,2.0,50.0,40.0,0.7,0.0,63.0,0.5102310081322988
2966,2.0,50.0,40.0,0.7,10.0,43.0,0.5055334170659384
2967,2.0,50.0,40.0,0.7,100.0,44.0,0.46145789821942645
2968,2.0,50.0,40.0,0.7,1000.0,57.0,0.4449364294608434
2969,2.0,50.0,40.0,0.7,10000.0,60.0,0.4710339258114497
2970,2.0,50.0,45.0,0.3,0.0,49.0,0.5545391241709391
2971,2.0,50.0,45.0,0.3,10.0,46.0,0.48710107803344727
2972,2.0,50.0,45.0,0.3,100.0,45.0,0.45523316661516827
2973,2.0,50.0,45.0,0.3,1000.0,59.0,0.49318727850914
2974,2.0,50.0,45.0,0.3,10000.0,47.0,0.5198360085487366
2975,2.0,50.0,45.0,0.5,0.0,45.0,0.5248219072818756
2976,2.0,50.0,45.0,0.5,10.0,51.0,0.48844929536183673
2977,2.0,50.0,45.0,0.5,100.0,50.0,0.4365882873535156
2978,2.0,50.0,45.0,0.5,1000.0,45.0,0.48736006021499634
2979,2.0,50.0,45.0,0.5,10000.0,54.0,0.502513587474823
2980,2.0,50.0,45.0,0.7,0.0,45.0,0.4569180756807327
2981,2.0,50.0,45.0,0.7,10.0,62.0,0.46154895921548206
2982,2.0,50.0,45.0,0.7,100.0,51.0,0.484219491481781
2983,2.0,50.0,45.0,0.7,1000.0,54.0,0.48910123109817505
2984,2.0,50.0,45.0,0.7,10000.0,27.0,0.5113952159881592
2985,2.0,50.0,50.0,0.3,0.0,50.0,0.482113649447759
2986,2.0,50.0,50.0,0.3,10.0,56.0,0.4497196276982625
2987,2.0,50.0,50.0,0.3,100.0,50.0,0.47547056277592975
2988,2.0,50.0,50.0,0.3,1000.0,38.0,0.4909738302230835
2989,2.0,50.0,50.0,0.3,10000.0,52.0,0.5019260346889496
2990,2.0,50.0,50.0,0.5,0.0,49.0,0.47212739785512287
2991,2.0,50.0,50.0,0.5,10.0,44.0,0.48082631826400757
2992,2.0,50.0,50.0,0.5,100.0,38.0,0.43000223239262897
2993,2.0,50.0,50.0,0.5,1000.0,59.0,0.4879611035188039
2994,2.0,50.0,50.0,0.5,10000.0,49.0,0.4961393674214681
2995,2.0,50.0,50.0,0.7,0.0,52.0,0.49556907018025714
2996,2.0,50.0,50.0,0.7,10.0,44.0,0.48856473962465924
2997,2.0,50.0,50.0,0.7,100.0,44.0,0.45163482924302417
2998,2.0,50.0,50.0,0.7,1000.0,57.0,0.5030415058135986
2999,2.0,50.0,50.0,0.7,10000.0,70.0,0.49471141894658405
