,num_layers,hidden1,hidden2,dropout,random_seed,epochs_trained,val_error
0,1.0,5.0,5.0,0.3,0.0,167.0,0.18789386749267578
1,1.0,5.0,5.0,0.3,10.0,96.0,0.19711901247501373
2,1.0,5.0,5.0,0.3,100.0,106.0,0.1916504204273224
3,1.0,5.0,5.0,0.3,1000.0,266.0,0.22729003926118216
4,1.0,5.0,5.0,0.3,10000.0,94.0,0.1964464783668518
5,1.0,5.0,5.0,0.5,0.0,90.0,0.24185977379480997
6,1.0,5.0,5.0,0.5,10.0,75.0,0.2433707316716512
7,1.0,5.0,5.0,0.5,100.0,107.0,0.21609477202097574
8,1.0,5.0,5.0,0.5,1000.0,201.0,0.27535376449426013
9,1.0,5.0,5.0,0.5,10000.0,132.0,0.24659631152947745
10,1.0,5.0,5.0,0.7,0.0,88.0,0.3120305836200714
11,1.0,5.0,5.0,0.7,10.0,108.0,0.3023798664410909
12,1.0,5.0,5.0,0.7,100.0,122.0,0.2902624507745107
13,1.0,5.0,5.0,0.7,1000.0,163.0,0.34133021036783856
14,1.0,5.0,5.0,0.7,10000.0,109.0,0.28178145984808606
15,1.0,5.0,10.0,0.3,0.0,141.0,0.19244907796382904
16,1.0,5.0,10.0,0.3,10.0,169.0,0.17877276738484701
17,1.0,5.0,10.0,0.3,100.0,181.0,0.18575191497802734
18,1.0,5.0,10.0,0.3,1000.0,144.0,0.17692501842975616
19,1.0,5.0,10.0,0.3,10000.0,103.0,0.17598819235960642
20,1.0,5.0,10.0,0.5,0.0,143.0,0.2051378736893336
21,1.0,5.0,10.0,0.5,10.0,135.0,0.20394393801689148
22,1.0,5.0,10.0,0.5,100.0,163.0,0.20520774026711783
23,1.0,5.0,10.0,0.5,1000.0,96.0,0.2099111924568812
24,1.0,5.0,10.0,0.5,10000.0,78.0,0.19851288199424744
25,1.0,5.0,10.0,0.7,0.0,89.0,0.2579953074455261
26,1.0,5.0,10.0,0.7,10.0,87.0,0.25911808013916016
27,1.0,5.0,10.0,0.7,100.0,112.0,0.2846791595220566
28,1.0,5.0,10.0,0.7,1000.0,97.0,0.2589380145072937
29,1.0,5.0,10.0,0.7,10000.0,112.0,0.2415879269440969
30,1.0,5.0,15.0,0.3,0.0,179.0,0.18619651099046072
31,1.0,5.0,15.0,0.3,10.0,142.0,0.18460460503896078
32,1.0,5.0,15.0,0.3,100.0,120.0,0.18117407957712808
33,1.0,5.0,15.0,0.3,1000.0,192.0,0.17574011782805124
34,1.0,5.0,15.0,0.3,10000.0,97.0,0.17686051627000174
35,1.0,5.0,15.0,0.5,0.0,142.0,0.2086635877688726
36,1.0,5.0,15.0,0.5,10.0,96.0,0.21265211204687753
37,1.0,5.0,15.0,0.5,100.0,102.0,0.20765678584575653
38,1.0,5.0,15.0,0.5,1000.0,130.0,0.19251133998235068
39,1.0,5.0,15.0,0.5,10000.0,100.0,0.1922082155942917
40,1.0,5.0,15.0,0.7,0.0,186.0,0.24149912099043527
41,1.0,5.0,15.0,0.7,10.0,121.0,0.24359448750813803
42,1.0,5.0,15.0,0.7,100.0,118.0,0.26023680965105694
43,1.0,5.0,15.0,0.7,1000.0,120.0,0.23290188113848367
44,1.0,5.0,15.0,0.7,10000.0,83.0,0.24857218066851297
45,1.0,5.0,20.0,0.3,0.0,103.0,0.1824096441268921
46,1.0,5.0,20.0,0.3,10.0,150.0,0.17785853147506714
47,1.0,5.0,20.0,0.3,100.0,164.0,0.17257374028364816
48,1.0,5.0,20.0,0.3,1000.0,168.0,0.17203497886657715
49,1.0,5.0,20.0,0.3,10000.0,116.0,0.17213665942351022
50,1.0,5.0,20.0,0.5,0.0,103.0,0.1944346030553182
51,1.0,5.0,20.0,0.5,10.0,135.0,0.18970914681752524
52,1.0,5.0,20.0,0.5,100.0,86.0,0.20674562950929007
53,1.0,5.0,20.0,0.5,1000.0,119.0,0.18793648481369019
54,1.0,5.0,20.0,0.5,10000.0,122.0,0.18866375088691711
55,1.0,5.0,20.0,0.7,0.0,71.0,0.2522313594818115
56,1.0,5.0,20.0,0.7,10.0,125.0,0.23915955424308777
57,1.0,5.0,20.0,0.7,100.0,61.0,0.26592737932999927
58,1.0,5.0,20.0,0.7,1000.0,113.0,0.228884885708491
59,1.0,5.0,20.0,0.7,10000.0,112.0,0.22340862452983856
60,1.0,5.0,25.0,0.3,0.0,136.0,0.17688793440659842
61,1.0,5.0,25.0,0.3,10.0,142.0,0.17985326051712036
62,1.0,5.0,25.0,0.3,100.0,125.0,0.18265864749749502
63,1.0,5.0,25.0,0.3,1000.0,149.0,0.17987806598345438
64,1.0,5.0,25.0,0.3,10000.0,115.0,0.1731885919968287
65,1.0,5.0,25.0,0.5,0.0,123.0,0.19159026443958282
66,1.0,5.0,25.0,0.5,10.0,132.0,0.19746572772661844
67,1.0,5.0,25.0,0.5,100.0,102.0,0.19857064386208853
68,1.0,5.0,25.0,0.5,1000.0,100.0,0.19698606431484222
69,1.0,5.0,25.0,0.5,10000.0,100.0,0.18689185877641043
70,1.0,5.0,25.0,0.7,0.0,75.0,0.23524512350559235
71,1.0,5.0,25.0,0.7,10.0,89.0,0.23907717068990073
72,1.0,5.0,25.0,0.7,100.0,125.0,0.23747377594312033
73,1.0,5.0,25.0,0.7,1000.0,131.0,0.2266051173210144
74,1.0,5.0,25.0,0.7,10000.0,59.0,0.25285740196704865
75,1.0,5.0,30.0,0.3,0.0,129.0,0.1887700061003367
76,1.0,5.0,30.0,0.3,10.0,38.0,0.2160019725561142
77,1.0,5.0,30.0,0.3,100.0,120.0,0.178453395764033
78,1.0,5.0,30.0,0.3,1000.0,182.0,0.17262113094329834
79,1.0,5.0,30.0,0.3,10000.0,89.0,0.1752303143342336
80,1.0,5.0,30.0,0.5,0.0,126.0,0.1985236406326294
81,1.0,5.0,30.0,0.5,10.0,142.0,0.1942582776149114
82,1.0,5.0,30.0,0.5,100.0,124.0,0.19756428400675455
83,1.0,5.0,30.0,0.5,1000.0,130.0,0.19288491209348044
84,1.0,5.0,30.0,0.5,10000.0,112.0,0.1912250965833664
85,1.0,5.0,30.0,0.7,0.0,125.0,0.2237247278292974
86,1.0,5.0,30.0,0.7,10.0,120.0,0.23602209985256195
87,1.0,5.0,30.0,0.7,100.0,112.0,0.2419182856877645
88,1.0,5.0,30.0,0.7,1000.0,87.0,0.2390502542257309
89,1.0,5.0,30.0,0.7,10000.0,83.0,0.22856432696183523
90,1.0,5.0,35.0,0.3,0.0,177.0,0.19336986541748047
91,1.0,5.0,35.0,0.3,10.0,36.0,0.20978636542956033
92,1.0,5.0,35.0,0.3,100.0,171.0,0.17248326043287912
93,1.0,5.0,35.0,0.3,1000.0,144.0,0.17730975647767386
94,1.0,5.0,35.0,0.3,10000.0,125.0,0.1728485325972239
95,1.0,5.0,35.0,0.5,0.0,121.0,0.205829123655955
96,1.0,5.0,35.0,0.5,10.0,38.0,0.22545108199119568
97,1.0,5.0,35.0,0.5,100.0,112.0,0.19763940076033273
98,1.0,5.0,35.0,0.5,1000.0,89.0,0.1964063843091329
99,1.0,5.0,35.0,0.5,10000.0,93.0,0.1826227605342865
100,1.0,5.0,35.0,0.7,0.0,116.0,0.23091488083203635
101,1.0,5.0,35.0,0.7,10.0,77.0,0.26401127378145856
102,1.0,5.0,35.0,0.7,100.0,90.0,0.24399705727895102
103,1.0,5.0,35.0,0.7,1000.0,96.0,0.2287485251824061
104,1.0,5.0,35.0,0.7,10000.0,90.0,0.23095990220705667
105,1.0,5.0,40.0,0.3,0.0,101.0,0.17690292994181314
106,1.0,5.0,40.0,0.3,10.0,44.0,0.21895009775956473
107,1.0,5.0,40.0,0.3,100.0,110.0,0.18502590556939444
108,1.0,5.0,40.0,0.3,1000.0,125.0,0.17876385152339935
109,1.0,5.0,40.0,0.3,10000.0,94.0,0.17971245447794595
110,1.0,5.0,40.0,0.5,0.0,84.0,0.20014390846093497
111,1.0,5.0,40.0,0.5,10.0,148.0,0.20276371637980142
112,1.0,5.0,40.0,0.5,100.0,90.0,0.2245399554570516
113,1.0,5.0,40.0,0.5,1000.0,100.0,0.19186000525951385
114,1.0,5.0,40.0,0.5,10000.0,78.0,0.19236593941847482
115,1.0,5.0,40.0,0.7,0.0,115.0,0.22363242010275522
116,1.0,5.0,40.0,0.7,10.0,127.0,0.2519889672597249
117,1.0,5.0,40.0,0.7,100.0,91.0,0.26998137931029004
118,1.0,5.0,40.0,0.7,1000.0,47.0,0.25667808949947357
119,1.0,5.0,40.0,0.7,10000.0,78.0,0.24810740848382315
120,1.0,5.0,45.0,0.3,0.0,122.0,0.1805273493131002
121,1.0,5.0,45.0,0.3,10.0,168.0,0.18042520185311636
122,1.0,5.0,45.0,0.3,100.0,105.0,0.18701878686745962
123,1.0,5.0,45.0,0.3,1000.0,129.0,0.1815801610549291
124,1.0,5.0,45.0,0.3,10000.0,120.0,0.17367152869701385
125,1.0,5.0,45.0,0.5,0.0,65.0,0.20671636859575906
126,1.0,5.0,45.0,0.5,10.0,42.0,0.23337735732396445
127,1.0,5.0,45.0,0.5,100.0,86.0,0.20581413308779398
128,1.0,5.0,45.0,0.5,1000.0,101.0,0.19290911157925925
129,1.0,5.0,45.0,0.5,10000.0,100.0,0.19032756984233856
130,1.0,5.0,45.0,0.7,0.0,74.0,0.2434218575557073
131,1.0,5.0,45.0,0.7,10.0,100.0,0.2415771484375
132,1.0,5.0,45.0,0.7,100.0,112.0,0.2269125779469808
133,1.0,5.0,45.0,0.7,1000.0,67.0,0.22868875662485758
134,1.0,5.0,45.0,0.7,10000.0,106.0,0.22478836278120676
135,1.0,5.0,50.0,0.3,0.0,112.0,0.17857931554317474
136,1.0,5.0,50.0,0.3,10.0,119.0,0.18426711360613504
137,1.0,5.0,50.0,0.3,100.0,100.0,0.1824191759030024
138,1.0,5.0,50.0,0.3,1000.0,125.0,0.17804491023222604
139,1.0,5.0,50.0,0.3,10000.0,77.0,0.17751723527908325
140,1.0,5.0,50.0,0.5,0.0,112.0,0.19299990932146707
141,1.0,5.0,50.0,0.5,10.0,56.0,0.2327011227607727
142,1.0,5.0,50.0,0.5,100.0,87.0,0.2019642541805903
143,1.0,5.0,50.0,0.5,1000.0,101.0,0.19216681520144144
144,1.0,5.0,50.0,0.5,10000.0,90.0,0.19249375661214194
145,1.0,5.0,50.0,0.7,0.0,67.0,0.23797217508157095
146,1.0,5.0,50.0,0.7,10.0,113.0,0.26725835104783374
147,1.0,5.0,50.0,0.7,100.0,91.0,0.23860251903533936
148,1.0,5.0,50.0,0.7,1000.0,91.0,0.22012509405612946
149,1.0,5.0,50.0,0.7,10000.0,89.0,0.23191891113917032
150,2.0,5.0,5.0,0.3,0.0,112.0,0.2081042379140854
151,2.0,5.0,5.0,0.3,10.0,268.0,0.22387643158435822
152,2.0,5.0,5.0,0.3,100.0,106.0,0.19385015467802683
153,2.0,5.0,5.0,0.3,1000.0,87.0,0.20004833738009134
154,2.0,5.0,5.0,0.3,10000.0,111.0,0.19092833499113718
155,2.0,5.0,5.0,0.5,0.0,122.0,0.2285841852426529
156,2.0,5.0,5.0,0.5,10.0,205.0,0.26756427188714343
157,2.0,5.0,5.0,0.5,100.0,91.0,0.2338156203428904
158,2.0,5.0,5.0,0.5,1000.0,83.0,0.2436418185631434
159,2.0,5.0,5.0,0.5,10000.0,101.0,0.22180969019730887
160,2.0,5.0,5.0,0.7,0.0,98.0,0.3081657389799754
161,2.0,5.0,5.0,0.7,10.0,211.0,0.33458828926086426
162,2.0,5.0,5.0,0.7,100.0,91.0,0.3099430402119954
163,2.0,5.0,5.0,0.7,1000.0,98.0,0.29469650983810425
164,2.0,5.0,5.0,0.7,10000.0,82.0,0.29443476100762683
165,2.0,5.0,10.0,0.3,0.0,112.0,0.18709427615006766
166,2.0,5.0,10.0,0.3,10.0,94.0,0.18745472530523935
167,2.0,5.0,10.0,0.3,100.0,104.0,0.1958428422609965
168,2.0,5.0,10.0,0.3,1000.0,83.0,0.18788534899552664
169,2.0,5.0,10.0,0.3,10000.0,76.0,0.18681321541468301
170,2.0,5.0,10.0,0.5,0.0,65.0,0.21934767564137778
171,2.0,5.0,10.0,0.5,10.0,85.0,0.2105177640914917
172,2.0,5.0,10.0,0.5,100.0,134.0,0.21071230868498483
173,2.0,5.0,10.0,0.5,1000.0,83.0,0.20851564407348633
174,2.0,5.0,10.0,0.5,10000.0,78.0,0.20530800024668375
175,2.0,5.0,10.0,0.7,0.0,124.0,0.2520272433757782
176,2.0,5.0,10.0,0.7,10.0,98.0,0.24637214839458466
177,2.0,5.0,10.0,0.7,100.0,77.0,0.2706662019093831
178,2.0,5.0,10.0,0.7,1000.0,83.0,0.2665402889251709
179,2.0,5.0,10.0,0.7,10000.0,85.0,0.263302817940712
180,2.0,5.0,15.0,0.3,0.0,136.0,0.1893579214811325
181,2.0,5.0,15.0,0.3,10.0,94.0,0.18387360870838165
182,2.0,5.0,15.0,0.3,100.0,171.0,0.17293607195218405
183,2.0,5.0,15.0,0.3,1000.0,109.0,0.18421914676825205
184,2.0,5.0,15.0,0.3,10000.0,104.0,0.17870910465717316
185,2.0,5.0,15.0,0.5,0.0,103.0,0.20560980836550394
186,2.0,5.0,15.0,0.5,10.0,100.0,0.19776277740796408
187,2.0,5.0,15.0,0.5,100.0,138.0,0.18947573999563852
188,2.0,5.0,15.0,0.5,1000.0,105.0,0.1989836941162745
189,2.0,5.0,15.0,0.5,10000.0,77.0,0.20272034406661987
190,2.0,5.0,15.0,0.7,0.0,107.0,0.2392257551352183
191,2.0,5.0,15.0,0.7,10.0,101.0,0.23710782329241434
192,2.0,5.0,15.0,0.7,100.0,102.0,0.24293200174967447
193,2.0,5.0,15.0,0.7,1000.0,98.0,0.23884212970733643
194,2.0,5.0,15.0,0.7,10000.0,82.0,0.24870883921782175
195,2.0,5.0,20.0,0.3,0.0,97.0,0.19147780537605286
196,2.0,5.0,20.0,0.3,10.0,134.0,0.17196442683537802
197,2.0,5.0,20.0,0.3,100.0,180.0,0.17855244874954224
198,2.0,5.0,20.0,0.3,1000.0,138.0,0.17811021208763123
199,2.0,5.0,20.0,0.3,10000.0,119.0,0.17728995780150095
200,2.0,5.0,20.0,0.5,0.0,70.0,0.20692370335261026
201,2.0,5.0,20.0,0.5,10.0,119.0,0.18747414151827493
202,2.0,5.0,20.0,0.5,100.0,98.0,0.2112730791171392
203,2.0,5.0,20.0,0.5,1000.0,83.0,0.20206531385580698
204,2.0,5.0,20.0,0.5,10000.0,118.0,0.18546795348326364
205,2.0,5.0,20.0,0.7,0.0,70.0,0.2642098317543666
206,2.0,5.0,20.0,0.7,10.0,81.0,0.2377952535947164
207,2.0,5.0,20.0,0.7,100.0,60.0,0.25491656363010406
208,2.0,5.0,20.0,0.7,1000.0,90.0,0.23469558854897818
209,2.0,5.0,20.0,0.7,10000.0,74.0,0.23204567035039267
210,2.0,5.0,25.0,0.3,0.0,136.0,0.20331904788812002
211,2.0,5.0,25.0,0.3,10.0,139.0,0.17305021981398264
212,2.0,5.0,25.0,0.3,100.0,160.0,0.18261294066905975
213,2.0,5.0,25.0,0.3,1000.0,107.0,0.18506565690040588
214,2.0,5.0,25.0,0.3,10000.0,134.0,0.17353114982446036
215,2.0,5.0,25.0,0.5,0.0,105.0,0.20761731266975403
216,2.0,5.0,25.0,0.5,10.0,97.0,0.20118471483389536
217,2.0,5.0,25.0,0.5,100.0,93.0,0.21314726769924164
218,2.0,5.0,25.0,0.5,1000.0,83.0,0.19397775828838348
219,2.0,5.0,25.0,0.5,10000.0,79.0,0.18859308461348215
220,2.0,5.0,25.0,0.7,0.0,74.0,0.24419358869393668
221,2.0,5.0,25.0,0.7,10.0,56.0,0.27007987598578137
222,2.0,5.0,25.0,0.7,100.0,118.0,0.25884520014127094
223,2.0,5.0,25.0,0.7,1000.0,83.0,0.2349650263786316
224,2.0,5.0,25.0,0.7,10000.0,78.0,0.2324420710404714
225,2.0,5.0,30.0,0.3,0.0,93.0,0.18548869589964548
226,2.0,5.0,30.0,0.3,10.0,193.0,0.1670003980398178
227,2.0,5.0,30.0,0.3,100.0,90.0,0.18379958470662436
228,2.0,5.0,30.0,0.3,1000.0,160.0,0.1726535807053248
229,2.0,5.0,30.0,0.3,10000.0,106.0,0.1752914090951284
230,2.0,5.0,30.0,0.5,0.0,103.0,0.2034178376197815
231,2.0,5.0,30.0,0.5,10.0,100.0,0.1912988026936849
232,2.0,5.0,30.0,0.5,100.0,90.0,0.1984559247891108
233,2.0,5.0,30.0,0.5,1000.0,88.0,0.19542252520720163
234,2.0,5.0,30.0,0.5,10000.0,74.0,0.19413275520006815
235,2.0,5.0,30.0,0.7,0.0,131.0,0.23760106166203818
236,2.0,5.0,30.0,0.7,10.0,87.0,0.22556264698505402
237,2.0,5.0,30.0,0.7,100.0,77.0,0.23441646496454874
238,2.0,5.0,30.0,0.7,1000.0,85.0,0.2325406571229299
239,2.0,5.0,30.0,0.7,10000.0,78.0,0.23992694914340973
240,2.0,5.0,35.0,0.3,0.0,67.0,0.1960939516623815
241,2.0,5.0,35.0,0.3,10.0,128.0,0.1763260414203008
242,2.0,5.0,35.0,0.3,100.0,103.0,0.1877100020647049
243,2.0,5.0,35.0,0.3,1000.0,72.0,0.18473717073599497
244,2.0,5.0,35.0,0.3,10000.0,106.0,0.17694608867168427
245,2.0,5.0,35.0,0.5,0.0,161.0,0.18737481534481049
246,2.0,5.0,35.0,0.5,10.0,97.0,0.19883979856967926
247,2.0,5.0,35.0,0.5,100.0,82.0,0.20420479277769724
248,2.0,5.0,35.0,0.5,1000.0,54.0,0.20364156862099966
249,2.0,5.0,35.0,0.5,10000.0,90.0,0.18782083690166473
250,2.0,5.0,35.0,0.7,0.0,70.0,0.24525046348571777
251,2.0,5.0,35.0,0.7,10.0,126.0,0.23897299667199454
252,2.0,5.0,35.0,0.7,100.0,77.0,0.24021131296952566
253,2.0,5.0,35.0,0.7,1000.0,54.0,0.24116680026054382
254,2.0,5.0,35.0,0.7,10000.0,74.0,0.2285862664381663
255,2.0,5.0,40.0,0.3,0.0,112.0,0.1794686218102773
256,2.0,5.0,40.0,0.3,10.0,111.0,0.1715471496184667
257,2.0,5.0,40.0,0.3,100.0,82.0,0.18712048729260763
258,2.0,5.0,40.0,0.3,1000.0,68.0,0.2017370561758677
259,2.0,5.0,40.0,0.3,10000.0,118.0,0.1828775256872177
260,2.0,5.0,40.0,0.5,0.0,103.0,0.19766151905059814
261,2.0,5.0,40.0,0.5,10.0,96.0,0.18994090954462686
262,2.0,5.0,40.0,0.5,100.0,54.0,0.20263242224852243
263,2.0,5.0,40.0,0.5,1000.0,175.0,0.19000711043675741
264,2.0,5.0,40.0,0.5,10000.0,58.0,0.21013125280539194
265,2.0,5.0,40.0,0.7,0.0,88.0,0.2490630696217219
266,2.0,5.0,40.0,0.7,10.0,59.0,0.24921809136867523
267,2.0,5.0,40.0,0.7,100.0,90.0,0.23914476235707602
268,2.0,5.0,40.0,0.7,1000.0,85.0,0.2243094195922216
269,2.0,5.0,40.0,0.7,10000.0,58.0,0.28244998057683307
270,2.0,5.0,45.0,0.3,0.0,137.0,0.1830816517273585
271,2.0,5.0,45.0,0.3,10.0,149.0,0.17584467927614847
272,2.0,5.0,45.0,0.3,100.0,60.0,0.19083479543526968
273,2.0,5.0,45.0,0.3,1000.0,70.0,0.18717336157957712
274,2.0,5.0,45.0,0.3,10000.0,93.0,0.17433168987433115
275,2.0,5.0,45.0,0.5,0.0,103.0,0.19975399474302927
276,2.0,5.0,45.0,0.5,10.0,132.0,0.18827476104100546
277,2.0,5.0,45.0,0.5,100.0,57.0,0.2065284252166748
278,2.0,5.0,45.0,0.5,1000.0,70.0,0.20450365543365479
279,2.0,5.0,45.0,0.5,10000.0,81.0,0.18584773441155752
280,2.0,5.0,45.0,0.7,0.0,70.0,0.2388765811920166
281,2.0,5.0,45.0,0.7,10.0,88.0,0.23103765149911246
282,2.0,5.0,45.0,0.7,100.0,85.0,0.2427188903093338
283,2.0,5.0,45.0,0.7,1000.0,90.0,0.23884772260983786
284,2.0,5.0,45.0,0.7,10000.0,67.0,0.2294191966454188
285,2.0,5.0,50.0,0.3,0.0,197.0,0.1742380311091741
286,2.0,5.0,50.0,0.3,10.0,128.0,0.17657381296157837
287,2.0,5.0,50.0,0.3,100.0,101.0,0.1959939251343409
288,2.0,5.0,50.0,0.3,1000.0,90.0,0.18942423661549887
289,2.0,5.0,50.0,0.3,10000.0,78.0,0.1958539585272471
290,2.0,5.0,50.0,0.5,0.0,123.0,0.19832520186901093
291,2.0,5.0,50.0,0.5,10.0,112.0,0.19537361959616342
292,2.0,5.0,50.0,0.5,100.0,101.0,0.21494771043459573
293,2.0,5.0,50.0,0.5,1000.0,90.0,0.2068017969528834
294,2.0,5.0,50.0,0.5,10000.0,76.0,0.2110467404127121
295,2.0,5.0,50.0,0.7,0.0,67.0,0.24128035207589468
296,2.0,5.0,50.0,0.7,10.0,49.0,0.2438360055287679
297,2.0,5.0,50.0,0.7,100.0,70.0,0.24374864995479584
298,2.0,5.0,50.0,0.7,1000.0,79.0,0.2443814973036448
299,2.0,5.0,50.0,0.7,10000.0,65.0,0.2572280863920848
300,1.0,10.0,5.0,0.3,0.0,90.0,0.18927882611751556
301,1.0,10.0,5.0,0.3,10.0,95.0,0.1807901213566462
302,1.0,10.0,5.0,0.3,100.0,164.0,0.17092831432819366
303,1.0,10.0,5.0,0.3,1000.0,119.0,0.18148513634999594
304,1.0,10.0,5.0,0.3,10000.0,94.0,0.17953958610693613
305,1.0,10.0,5.0,0.5,0.0,91.0,0.20789616306622824
306,1.0,10.0,5.0,0.5,10.0,63.0,0.2113612492879232
307,1.0,10.0,5.0,0.5,100.0,93.0,0.20128735403219858
308,1.0,10.0,5.0,0.5,1000.0,70.0,0.20703591406345367
309,1.0,10.0,5.0,0.5,10000.0,58.0,0.20740385353565216
310,1.0,10.0,5.0,0.7,0.0,87.0,0.2527894973754883
311,1.0,10.0,5.0,0.7,10.0,81.0,0.26188748081525165
312,1.0,10.0,5.0,0.7,100.0,82.0,0.26186536749204
313,1.0,10.0,5.0,0.7,1000.0,52.0,0.2643686830997467
314,1.0,10.0,5.0,0.7,10000.0,65.0,0.25954965750376385
315,1.0,10.0,10.0,0.3,0.0,149.0,0.1753966510295868
316,1.0,10.0,10.0,0.3,10.0,94.0,0.17852323253949484
317,1.0,10.0,10.0,0.3,100.0,105.0,0.18268020451068878
318,1.0,10.0,10.0,0.3,1000.0,143.0,0.17393610378106436
319,1.0,10.0,10.0,0.3,10000.0,120.0,0.16897352039813995
320,1.0,10.0,10.0,0.5,0.0,89.0,0.19573190808296204
321,1.0,10.0,10.0,0.5,10.0,91.0,0.19164774815241495
322,1.0,10.0,10.0,0.5,100.0,93.0,0.2013472616672516
323,1.0,10.0,10.0,0.5,1000.0,100.0,0.19516372680664062
324,1.0,10.0,10.0,0.5,10000.0,94.0,0.18633976578712463
325,1.0,10.0,10.0,0.7,0.0,87.0,0.23745974898338318
326,1.0,10.0,10.0,0.7,10.0,79.0,0.23435630897680917
327,1.0,10.0,10.0,0.7,100.0,73.0,0.238753671447436
328,1.0,10.0,10.0,0.7,1000.0,85.0,0.2299067030350367
329,1.0,10.0,10.0,0.7,10000.0,78.0,0.23681433002154031
330,1.0,10.0,15.0,0.3,0.0,70.0,0.18473328153292337
331,1.0,10.0,15.0,0.3,10.0,97.0,0.17187113066514334
332,1.0,10.0,15.0,0.3,100.0,104.0,0.17905774215857187
333,1.0,10.0,15.0,0.3,1000.0,130.0,0.17131639023621878
334,1.0,10.0,15.0,0.3,10000.0,117.0,0.1732383668422699
335,1.0,10.0,15.0,0.5,0.0,70.0,0.1973433792591095
336,1.0,10.0,15.0,0.5,10.0,76.0,0.18458052972952524
337,1.0,10.0,15.0,0.5,100.0,90.0,0.18633904059727988
338,1.0,10.0,15.0,0.5,1000.0,86.0,0.18612214922904968
339,1.0,10.0,15.0,0.5,10000.0,89.0,0.1856118639310201
340,1.0,10.0,15.0,0.7,0.0,106.0,0.2219040940205256
341,1.0,10.0,15.0,0.7,10.0,84.0,0.21222037076950073
342,1.0,10.0,15.0,0.7,100.0,87.0,0.21117699642976126
343,1.0,10.0,15.0,0.7,1000.0,96.0,0.21468999981880188
344,1.0,10.0,15.0,0.7,10000.0,92.0,0.21839075287183127
345,1.0,10.0,20.0,0.3,0.0,101.0,0.1756118287642797
346,1.0,10.0,20.0,0.3,10.0,95.0,0.17642775674661001
347,1.0,10.0,20.0,0.3,100.0,212.0,0.16969303290049234
348,1.0,10.0,20.0,0.3,1000.0,98.0,0.17785309751828512
349,1.0,10.0,20.0,0.3,10000.0,77.0,0.17415453493595123
350,1.0,10.0,20.0,0.5,0.0,127.0,0.18383283416430155
351,1.0,10.0,20.0,0.5,10.0,64.0,0.18535267810026804
352,1.0,10.0,20.0,0.5,100.0,82.0,0.1889572242895762
353,1.0,10.0,20.0,0.5,1000.0,100.0,0.18758990367253622
354,1.0,10.0,20.0,0.5,10000.0,77.0,0.18291922907034555
355,1.0,10.0,20.0,0.7,0.0,89.0,0.21085034310817719
356,1.0,10.0,20.0,0.7,10.0,78.0,0.20916139086087546
357,1.0,10.0,20.0,0.7,100.0,89.0,0.21322589119275412
358,1.0,10.0,20.0,0.7,1000.0,85.0,0.210480198264122
359,1.0,10.0,20.0,0.7,10000.0,74.0,0.2126613805691401
360,1.0,10.0,25.0,0.3,0.0,74.0,0.18413401146729788
361,1.0,10.0,25.0,0.3,10.0,97.0,0.17173565924167633
362,1.0,10.0,25.0,0.3,100.0,87.0,0.17920328676700592
363,1.0,10.0,25.0,0.3,1000.0,104.0,0.1770785947640737
364,1.0,10.0,25.0,0.3,10000.0,120.0,0.16853633522987366
365,1.0,10.0,25.0,0.5,0.0,97.0,0.18672395249207815
366,1.0,10.0,25.0,0.5,10.0,78.0,0.18234476943810782
367,1.0,10.0,25.0,0.5,100.0,90.0,0.18982969224452972
368,1.0,10.0,25.0,0.5,1000.0,79.0,0.18313603103160858
369,1.0,10.0,25.0,0.5,10000.0,77.0,0.18043075998624167
370,1.0,10.0,25.0,0.7,0.0,94.0,0.21013007561365762
371,1.0,10.0,25.0,0.7,10.0,79.0,0.2043020079533259
372,1.0,10.0,25.0,0.7,100.0,81.0,0.20456192890803018
373,1.0,10.0,25.0,0.7,1000.0,100.0,0.20482370754082999
374,1.0,10.0,25.0,0.7,10000.0,86.0,0.2042467991511027
375,1.0,10.0,30.0,0.3,0.0,87.0,0.17952172954877219
376,1.0,10.0,30.0,0.3,10.0,142.0,0.16539359589417776
377,1.0,10.0,30.0,0.3,100.0,86.0,0.18049227197964987
378,1.0,10.0,30.0,0.3,1000.0,144.0,0.16979696353276572
379,1.0,10.0,30.0,0.3,10000.0,94.0,0.1726865073045095
380,1.0,10.0,30.0,0.5,0.0,87.0,0.18787512183189392
381,1.0,10.0,30.0,0.5,10.0,83.0,0.18264640867710114
382,1.0,10.0,30.0,0.5,100.0,94.0,0.18660558263460794
383,1.0,10.0,30.0,0.5,1000.0,130.0,0.1874685933192571
384,1.0,10.0,30.0,0.5,10000.0,85.0,0.17896175384521484
385,1.0,10.0,30.0,0.7,0.0,109.0,0.20735265811284384
386,1.0,10.0,30.0,0.7,10.0,80.0,0.20550105969111124
387,1.0,10.0,30.0,0.7,100.0,100.0,0.19654704133669534
388,1.0,10.0,30.0,0.7,1000.0,76.0,0.20820977787176767
389,1.0,10.0,30.0,0.7,10000.0,93.0,0.19548636178175607
390,1.0,10.0,35.0,0.3,0.0,122.0,0.17478451629479727
391,1.0,10.0,35.0,0.3,10.0,94.0,0.1744207739830017
392,1.0,10.0,35.0,0.3,100.0,110.0,0.17864448328812918
393,1.0,10.0,35.0,0.3,1000.0,158.0,0.16864892840385437
394,1.0,10.0,35.0,0.3,10000.0,142.0,0.1687981685002645
395,1.0,10.0,35.0,0.5,0.0,93.0,0.1846296787261963
396,1.0,10.0,35.0,0.5,10.0,73.0,0.18263975779215494
397,1.0,10.0,35.0,0.5,100.0,84.0,0.1855806310971578
398,1.0,10.0,35.0,0.5,1000.0,89.0,0.18430693944295248
399,1.0,10.0,35.0,0.5,10000.0,97.0,0.1783785472313563
400,1.0,10.0,35.0,0.7,0.0,59.0,0.21030128995577493
401,1.0,10.0,35.0,0.7,10.0,59.0,0.2099291185537974
402,1.0,10.0,35.0,0.7,100.0,76.0,0.2020246833562851
403,1.0,10.0,35.0,0.7,1000.0,89.0,0.1982178340355555
404,1.0,10.0,35.0,0.7,10000.0,56.0,0.20125339925289154
405,1.0,10.0,40.0,0.3,0.0,167.0,0.1679846147696177
406,1.0,10.0,40.0,0.3,10.0,169.0,0.1563133050998052
407,1.0,10.0,40.0,0.3,100.0,105.0,0.17816168566544852
408,1.0,10.0,40.0,0.3,1000.0,109.0,0.16638804972171783
409,1.0,10.0,40.0,0.3,10000.0,76.0,0.17428970336914062
410,1.0,10.0,40.0,0.5,0.0,101.0,0.18396017452081045
411,1.0,10.0,40.0,0.5,10.0,96.0,0.1779769758383433
412,1.0,10.0,40.0,0.5,100.0,92.0,0.18581094344456991
413,1.0,10.0,40.0,0.5,1000.0,87.0,0.18315298358599344
414,1.0,10.0,40.0,0.5,10000.0,78.0,0.17973719537258148
415,1.0,10.0,40.0,0.7,0.0,93.0,0.1985156089067459
416,1.0,10.0,40.0,0.7,10.0,128.0,0.19204717377821603
417,1.0,10.0,40.0,0.7,100.0,94.0,0.2027264485756556
418,1.0,10.0,40.0,0.7,1000.0,89.0,0.2124199022849401
419,1.0,10.0,40.0,0.7,10000.0,119.0,0.1984615276257197
420,1.0,10.0,45.0,0.3,0.0,73.0,0.18126123150189719
421,1.0,10.0,45.0,0.3,10.0,95.0,0.17320452630519867
422,1.0,10.0,45.0,0.3,100.0,83.0,0.1794832944869995
423,1.0,10.0,45.0,0.3,1000.0,300.0,0.1595174471537272
424,1.0,10.0,45.0,0.3,10000.0,93.0,0.1667076696952184
425,1.0,10.0,45.0,0.5,0.0,87.0,0.1867733746767044
426,1.0,10.0,45.0,0.5,10.0,77.0,0.18292133510112762
427,1.0,10.0,45.0,0.5,100.0,83.0,0.18530742327372232
428,1.0,10.0,45.0,0.5,1000.0,99.0,0.18586582938830057
429,1.0,10.0,45.0,0.5,10000.0,77.0,0.17564435303211212
430,1.0,10.0,45.0,0.7,0.0,74.0,0.20290687183539072
431,1.0,10.0,45.0,0.7,10.0,78.0,0.20259625713030496
432,1.0,10.0,45.0,0.7,100.0,81.0,0.2028549611568451
433,1.0,10.0,45.0,0.7,1000.0,77.0,0.20502265294392905
434,1.0,10.0,45.0,0.7,10000.0,79.0,0.1963225652774175
435,1.0,10.0,50.0,0.3,0.0,163.0,0.1635520706574122
436,1.0,10.0,50.0,0.3,10.0,86.0,0.172821174065272
437,1.0,10.0,50.0,0.3,100.0,229.0,0.16092655062675476
438,1.0,10.0,50.0,0.3,1000.0,106.0,0.17551771799723306
439,1.0,10.0,50.0,0.3,10000.0,76.0,0.17384122808774313
440,1.0,10.0,50.0,0.5,0.0,101.0,0.18676868081092834
441,1.0,10.0,50.0,0.5,10.0,59.0,0.18318714698155722
442,1.0,10.0,50.0,0.5,100.0,84.0,0.18407568335533142
443,1.0,10.0,50.0,0.5,1000.0,100.0,0.1863715648651123
444,1.0,10.0,50.0,0.5,10000.0,60.0,0.1823833485444387
445,1.0,10.0,50.0,0.7,0.0,74.0,0.21559311946233115
446,1.0,10.0,50.0,0.7,10.0,78.0,0.1974234531323115
447,1.0,10.0,50.0,0.7,100.0,93.0,0.2015534540017446
448,1.0,10.0,50.0,0.7,1000.0,62.0,0.20963745812575021
449,1.0,10.0,50.0,0.7,10000.0,77.0,0.19975007077058157
450,2.0,10.0,5.0,0.3,0.0,69.0,0.18679736057917276
451,2.0,10.0,5.0,0.3,10.0,101.0,0.1791235158840815
452,2.0,10.0,5.0,0.3,100.0,112.0,0.17728700240453085
453,2.0,10.0,5.0,0.3,1000.0,98.0,0.19442143042882284
454,2.0,10.0,5.0,0.3,10000.0,143.0,0.1724219967921575
455,2.0,10.0,5.0,0.5,0.0,70.0,0.20647754768530527
456,2.0,10.0,5.0,0.5,10.0,104.0,0.20814376572767893
457,2.0,10.0,5.0,0.5,100.0,60.0,0.21523634095986685
458,2.0,10.0,5.0,0.5,1000.0,55.0,0.24404590328534445
459,2.0,10.0,5.0,0.5,10000.0,76.0,0.2064401755730311
460,2.0,10.0,5.0,0.7,0.0,67.0,0.2753644784291585
461,2.0,10.0,5.0,0.7,10.0,57.0,0.2936054468154907
462,2.0,10.0,5.0,0.7,100.0,82.0,0.2575114667415619
463,2.0,10.0,5.0,0.7,1000.0,89.0,0.29276955127716064
464,2.0,10.0,5.0,0.7,10000.0,65.0,0.26642365753650665
465,2.0,10.0,10.0,0.3,0.0,175.0,0.16501251856486002
466,2.0,10.0,10.0,0.3,10.0,118.0,0.15754666924476624
467,2.0,10.0,10.0,0.3,100.0,117.0,0.16992137332757315
468,2.0,10.0,10.0,0.3,1000.0,137.0,0.16398432354132333
469,2.0,10.0,10.0,0.3,10000.0,118.0,0.16918392479419708
470,2.0,10.0,10.0,0.5,0.0,89.0,0.19388675689697266
471,2.0,10.0,10.0,0.5,10.0,59.0,0.19464485347270966
472,2.0,10.0,10.0,0.5,100.0,82.0,0.19296027223269144
473,2.0,10.0,10.0,0.5,1000.0,70.0,0.19247675935427347
474,2.0,10.0,10.0,0.5,10000.0,59.0,0.20025225977102915
475,2.0,10.0,10.0,0.7,0.0,58.0,0.23708646992842355
476,2.0,10.0,10.0,0.7,10.0,57.0,0.232398455341657
477,2.0,10.0,10.0,0.7,100.0,85.0,0.23294403652350107
478,2.0,10.0,10.0,0.7,1000.0,80.0,0.23267600437005362
479,2.0,10.0,10.0,0.7,10000.0,57.0,0.23795423408349356
480,2.0,10.0,15.0,0.3,0.0,87.0,0.1696538825829824
481,2.0,10.0,15.0,0.3,10.0,125.0,0.1606764296690623
482,2.0,10.0,15.0,0.3,100.0,89.0,0.1810672531525294
483,2.0,10.0,15.0,0.3,1000.0,160.0,0.16129447519779205
484,2.0,10.0,15.0,0.3,10000.0,98.0,0.17407518128554025
485,2.0,10.0,15.0,0.5,0.0,67.0,0.18716555833816528
486,2.0,10.0,15.0,0.5,10.0,82.0,0.17852135499318442
487,2.0,10.0,15.0,0.5,100.0,63.0,0.1975994904836019
488,2.0,10.0,15.0,0.5,1000.0,87.0,0.18469731012980142
489,2.0,10.0,15.0,0.5,10000.0,58.0,0.19091000656286874
490,2.0,10.0,15.0,0.7,0.0,70.0,0.22420773406823477
491,2.0,10.0,15.0,0.7,10.0,64.0,0.21179386476675668
492,2.0,10.0,15.0,0.7,100.0,64.0,0.22582149505615234
493,2.0,10.0,15.0,0.7,1000.0,51.0,0.22884840766588846
494,2.0,10.0,15.0,0.7,10000.0,90.0,0.20600705842177072
495,2.0,10.0,20.0,0.3,0.0,100.0,0.16047718624273935
496,2.0,10.0,20.0,0.3,10.0,150.0,0.1610466738541921
497,2.0,10.0,20.0,0.3,100.0,157.0,0.16710899770259857
498,2.0,10.0,20.0,0.3,1000.0,104.0,0.16382345060507456
499,2.0,10.0,20.0,0.3,10000.0,196.0,0.16010202964146933
500,2.0,10.0,20.0,0.5,0.0,88.0,0.1765896032253901
501,2.0,10.0,20.0,0.5,10.0,85.0,0.18187174697717032
502,2.0,10.0,20.0,0.5,100.0,137.0,0.17737852533658346
503,2.0,10.0,20.0,0.5,1000.0,116.0,0.1754455268383026
504,2.0,10.0,20.0,0.5,10000.0,100.0,0.17678898572921753
505,2.0,10.0,20.0,0.7,0.0,89.0,0.20371677974859873
506,2.0,10.0,20.0,0.7,10.0,81.0,0.20219912628332773
507,2.0,10.0,20.0,0.7,100.0,71.0,0.21284668147563934
508,2.0,10.0,20.0,0.7,1000.0,69.0,0.21359090010325113
509,2.0,10.0,20.0,0.7,10000.0,74.0,0.20868286987145743
510,2.0,10.0,25.0,0.3,0.0,121.0,0.16782200833161673
511,2.0,10.0,25.0,0.3,10.0,96.0,0.1614923725525538
512,2.0,10.0,25.0,0.3,100.0,86.0,0.1753253440062205
513,2.0,10.0,25.0,0.3,1000.0,159.0,0.161997119585673
514,2.0,10.0,25.0,0.3,10000.0,145.0,0.1609428475300471
515,2.0,10.0,25.0,0.5,0.0,127.0,0.16860231260458627
516,2.0,10.0,25.0,0.5,10.0,136.0,0.15833846231301626
517,2.0,10.0,25.0,0.5,100.0,103.0,0.17883466184139252
518,2.0,10.0,25.0,0.5,1000.0,89.0,0.17266745865345
519,2.0,10.0,25.0,0.5,10000.0,145.0,0.1676756093899409
520,2.0,10.0,25.0,0.7,0.0,96.0,0.19998676081498465
521,2.0,10.0,25.0,0.7,10.0,111.0,0.1890503466129303
522,2.0,10.0,25.0,0.7,100.0,77.0,0.20930318037668863
523,2.0,10.0,25.0,0.7,1000.0,76.0,0.19512021044890085
524,2.0,10.0,25.0,0.7,10000.0,131.0,0.19121281305948892
525,2.0,10.0,30.0,0.3,0.0,210.0,0.15966585278511047
526,2.0,10.0,30.0,0.3,10.0,180.0,0.1530205657084783
527,2.0,10.0,30.0,0.3,100.0,116.0,0.16512562334537506
528,2.0,10.0,30.0,0.3,1000.0,158.0,0.15668423970540366
529,2.0,10.0,30.0,0.3,10000.0,161.0,0.15784459809462228
530,2.0,10.0,30.0,0.5,0.0,164.0,0.16806152959664664
531,2.0,10.0,30.0,0.5,10.0,140.0,0.1679419924815496
532,2.0,10.0,30.0,0.5,100.0,99.0,0.17618482808272043
533,2.0,10.0,30.0,0.5,1000.0,91.0,0.18094087143739065
534,2.0,10.0,30.0,0.5,10000.0,91.0,0.17554742594559988
535,2.0,10.0,30.0,0.7,0.0,161.0,0.18566379944483438
536,2.0,10.0,30.0,0.7,10.0,80.0,0.20967242121696472
537,2.0,10.0,30.0,0.7,100.0,106.0,0.19466014703114828
538,2.0,10.0,30.0,0.7,1000.0,62.0,0.20576776067415872
539,2.0,10.0,30.0,0.7,10000.0,85.0,0.19620696206887564
540,2.0,10.0,35.0,0.3,0.0,148.0,0.16158833603064218
541,2.0,10.0,35.0,0.3,10.0,139.0,0.15379745016495386
542,2.0,10.0,35.0,0.3,100.0,151.0,0.16442394256591797
543,2.0,10.0,35.0,0.3,1000.0,186.0,0.15565953652064005
544,2.0,10.0,35.0,0.3,10000.0,78.0,0.16999306778113046
545,2.0,10.0,35.0,0.5,0.0,135.0,0.16860331594944
546,2.0,10.0,35.0,0.5,10.0,139.0,0.16051052014033
547,2.0,10.0,35.0,0.5,100.0,82.0,0.1847467323144277
548,2.0,10.0,35.0,0.5,1000.0,90.0,0.1707766056060791
549,2.0,10.0,35.0,0.5,10000.0,125.0,0.17548017700513205
550,2.0,10.0,35.0,0.7,0.0,93.0,0.19551150997479758
551,2.0,10.0,35.0,0.7,10.0,82.0,0.19162407517433167
552,2.0,10.0,35.0,0.7,100.0,104.0,0.20145431657632193
553,2.0,10.0,35.0,0.7,1000.0,111.0,0.18471966683864594
554,2.0,10.0,35.0,0.7,10000.0,44.0,0.2192261815071106
555,2.0,10.0,40.0,0.3,0.0,199.0,0.1625736802816391
556,2.0,10.0,40.0,0.3,10.0,257.0,0.14923344800869623
557,2.0,10.0,40.0,0.3,100.0,167.0,0.1617262860139211
558,2.0,10.0,40.0,0.3,1000.0,191.0,0.16066682835419974
559,2.0,10.0,40.0,0.3,10000.0,138.0,0.1649321069320043
560,2.0,10.0,40.0,0.5,0.0,111.0,0.18140117327372232
561,2.0,10.0,40.0,0.5,10.0,74.0,0.18498678505420685
562,2.0,10.0,40.0,0.5,100.0,90.0,0.18051781753698984
563,2.0,10.0,40.0,0.5,1000.0,127.0,0.17011494934558868
564,2.0,10.0,40.0,0.5,10000.0,120.0,0.1695323387781779
565,2.0,10.0,40.0,0.7,0.0,67.0,0.2078727881113688
566,2.0,10.0,40.0,0.7,10.0,113.0,0.19304141898949942
567,2.0,10.0,40.0,0.7,100.0,81.0,0.19049892822901407
568,2.0,10.0,40.0,0.7,1000.0,90.0,0.1953550229469935
569,2.0,10.0,40.0,0.7,10000.0,75.0,0.1899760365486145
570,2.0,10.0,45.0,0.3,0.0,177.0,0.16426733136177063
571,2.0,10.0,45.0,0.3,10.0,188.0,0.15110610922177634
572,2.0,10.0,45.0,0.3,100.0,153.0,0.1643566240866979
573,2.0,10.0,45.0,0.3,1000.0,105.0,0.16740692655245462
574,2.0,10.0,45.0,0.3,10000.0,142.0,0.15991017719109854
575,2.0,10.0,45.0,0.5,0.0,107.0,0.17539499700069427
576,2.0,10.0,45.0,0.5,10.0,96.0,0.17212734123071036
577,2.0,10.0,45.0,0.5,100.0,136.0,0.17682205637296042
578,2.0,10.0,45.0,0.5,1000.0,105.0,0.17786402503649393
579,2.0,10.0,45.0,0.5,10000.0,120.0,0.1694176842768987
580,2.0,10.0,45.0,0.7,0.0,103.0,0.19824807345867157
581,2.0,10.0,45.0,0.7,10.0,97.0,0.19528288642565408
582,2.0,10.0,45.0,0.7,100.0,53.0,0.21136382222175598
583,2.0,10.0,45.0,0.7,1000.0,89.0,0.19943746427694956
584,2.0,10.0,45.0,0.7,10000.0,78.0,0.2030023733774821
585,2.0,10.0,50.0,0.3,0.0,164.0,0.15584853291511536
586,2.0,10.0,50.0,0.3,10.0,167.0,0.15923597911993662
587,2.0,10.0,50.0,0.3,100.0,118.0,0.16904918352762857
588,2.0,10.0,50.0,0.3,1000.0,172.0,0.16117027898629507
589,2.0,10.0,50.0,0.3,10000.0,94.0,0.16924642026424408
590,2.0,10.0,50.0,0.5,0.0,164.0,0.17725751797358194
591,2.0,10.0,50.0,0.5,10.0,96.0,0.18408599495887756
592,2.0,10.0,50.0,0.5,100.0,117.0,0.17665679256121317
593,2.0,10.0,50.0,0.5,1000.0,157.0,0.16715854406356812
594,2.0,10.0,50.0,0.5,10000.0,78.0,0.17331465582052866
595,2.0,10.0,50.0,0.7,0.0,52.0,0.2130513290564219
596,2.0,10.0,50.0,0.7,10.0,59.0,0.2114649017651876
597,2.0,10.0,50.0,0.7,100.0,55.0,0.20279222230116525
598,2.0,10.0,50.0,0.7,1000.0,89.0,0.19750603040059408
599,2.0,10.0,50.0,0.7,10000.0,65.0,0.19785102705160776
600,1.0,15.0,5.0,0.3,0.0,90.0,0.17456148068110147
601,1.0,15.0,5.0,0.3,10.0,175.0,0.1671436627705892
602,1.0,15.0,5.0,0.3,100.0,112.0,0.17421870430310568
603,1.0,15.0,5.0,0.3,1000.0,95.0,0.18041144808133444
604,1.0,15.0,5.0,0.3,10000.0,143.0,0.16380857427914938
605,1.0,15.0,5.0,0.5,0.0,74.0,0.20175589621067047
606,1.0,15.0,5.0,0.5,10.0,65.0,0.2001618593931198
607,1.0,15.0,5.0,0.5,100.0,111.0,0.20234315097332
608,1.0,15.0,5.0,0.5,1000.0,99.0,0.19744551678498587
609,1.0,15.0,5.0,0.5,10000.0,64.0,0.2105689744154612
610,1.0,15.0,5.0,0.7,0.0,69.0,0.25142810742060345
611,1.0,15.0,5.0,0.7,10.0,76.0,0.2537458191315333
612,1.0,15.0,5.0,0.7,100.0,59.0,0.2699419657389323
613,1.0,15.0,5.0,0.7,1000.0,68.0,0.2510095586379369
614,1.0,15.0,5.0,0.7,10000.0,69.0,0.2655926247437795
615,1.0,15.0,10.0,0.3,0.0,151.0,0.15968456864356995
616,1.0,15.0,10.0,0.3,10.0,156.0,0.16511809329191843
617,1.0,15.0,10.0,0.3,100.0,129.0,0.16432268420855203
618,1.0,15.0,10.0,0.3,1000.0,96.0,0.17699961364269257
619,1.0,15.0,10.0,0.3,10000.0,143.0,0.15564940869808197
620,1.0,15.0,10.0,0.5,0.0,90.0,0.1857630362113317
621,1.0,15.0,10.0,0.5,10.0,63.0,0.1986906478802363
622,1.0,15.0,10.0,0.5,100.0,114.0,0.18481643497943878
623,1.0,15.0,10.0,0.5,1000.0,78.0,0.1878508577744166
624,1.0,15.0,10.0,0.5,10000.0,104.0,0.1821475625038147
625,1.0,15.0,10.0,0.7,0.0,94.0,0.2241659810145696
626,1.0,15.0,10.0,0.7,10.0,63.0,0.23874621589978537
627,1.0,15.0,10.0,0.7,100.0,83.0,0.22095482051372528
628,1.0,15.0,10.0,0.7,1000.0,71.0,0.21877500911553702
629,1.0,15.0,10.0,0.7,10000.0,85.0,0.21617313226064047
630,1.0,15.0,15.0,0.3,0.0,98.0,0.16452619433403015
631,1.0,15.0,15.0,0.3,10.0,122.0,0.16641995310783386
632,1.0,15.0,15.0,0.3,100.0,129.0,0.16596520443757376
633,1.0,15.0,15.0,0.3,1000.0,135.0,0.16983692348003387
634,1.0,15.0,15.0,0.3,10000.0,241.0,0.15958044429620108
635,1.0,15.0,15.0,0.5,0.0,78.0,0.18293381730715433
636,1.0,15.0,15.0,0.5,10.0,84.0,0.18529955546061197
637,1.0,15.0,15.0,0.5,100.0,139.0,0.1798806587855021
638,1.0,15.0,15.0,0.5,1000.0,103.0,0.18391131858030954
639,1.0,15.0,15.0,0.5,10000.0,67.0,0.18593223889668783
640,1.0,15.0,15.0,0.7,0.0,64.0,0.2177780419588089
641,1.0,15.0,15.0,0.7,10.0,57.0,0.21111604571342468
642,1.0,15.0,15.0,0.7,100.0,58.0,0.21530121564865112
643,1.0,15.0,15.0,0.7,1000.0,56.0,0.21424973011016846
644,1.0,15.0,15.0,0.7,10000.0,44.0,0.21383582055568695
645,1.0,15.0,20.0,0.3,0.0,124.0,0.1668760230143865
646,1.0,15.0,20.0,0.3,10.0,177.0,0.15827762087186178
647,1.0,15.0,20.0,0.3,100.0,150.0,0.16510987281799316
648,1.0,15.0,20.0,0.3,1000.0,104.0,0.16884823640187582
649,1.0,15.0,20.0,0.3,10000.0,168.0,0.1533985733985901
650,1.0,15.0,20.0,0.5,0.0,85.0,0.18087729811668396
651,1.0,15.0,20.0,0.5,10.0,64.0,0.1845856010913849
652,1.0,15.0,20.0,0.5,100.0,91.0,0.18374892075856528
653,1.0,15.0,20.0,0.5,1000.0,92.0,0.18096600472927094
654,1.0,15.0,20.0,0.5,10000.0,170.0,0.159539724389712
655,1.0,15.0,20.0,0.7,0.0,64.0,0.20466868579387665
656,1.0,15.0,20.0,0.7,10.0,56.0,0.2056062618891398
657,1.0,15.0,20.0,0.7,100.0,68.0,0.2019603649775187
658,1.0,15.0,20.0,0.7,1000.0,67.0,0.20746543010075888
659,1.0,15.0,20.0,0.7,10000.0,77.0,0.1990827719370524
660,1.0,15.0,25.0,0.3,0.0,135.0,0.16268387933572134
661,1.0,15.0,25.0,0.3,10.0,190.0,0.16299576063950857
662,1.0,15.0,25.0,0.3,100.0,134.0,0.16287679970264435
663,1.0,15.0,25.0,0.3,1000.0,130.0,0.16806146005789438
664,1.0,15.0,25.0,0.3,10000.0,76.0,0.17683856189250946
665,1.0,15.0,25.0,0.5,0.0,55.0,0.19071151812871298
666,1.0,15.0,25.0,0.5,10.0,64.0,0.18147501349449158
667,1.0,15.0,25.0,0.5,100.0,75.0,0.17972912391026816
668,1.0,15.0,25.0,0.5,1000.0,75.0,0.18246478339036307
669,1.0,15.0,25.0,0.5,10000.0,76.0,0.18289185563723245
670,1.0,15.0,25.0,0.7,0.0,93.0,0.19677419463793436
671,1.0,15.0,25.0,0.7,10.0,64.0,0.1995559980471929
672,1.0,15.0,25.0,0.7,100.0,99.0,0.1971276601155599
673,1.0,15.0,25.0,0.7,1000.0,89.0,0.19583396116892496
674,1.0,15.0,25.0,0.7,10000.0,90.0,0.1955917328596115
675,1.0,15.0,30.0,0.3,0.0,122.0,0.1662512719631195
676,1.0,15.0,30.0,0.3,10.0,91.0,0.17499216894308725
677,1.0,15.0,30.0,0.3,100.0,129.0,0.16504026452700296
678,1.0,15.0,30.0,0.3,1000.0,143.0,0.1605131228764852
679,1.0,15.0,30.0,0.3,10000.0,180.0,0.15664824843406677
680,1.0,15.0,30.0,0.5,0.0,75.0,0.1790098249912262
681,1.0,15.0,30.0,0.5,10.0,84.0,0.18025705715020499
682,1.0,15.0,30.0,0.5,100.0,90.0,0.18308261036872864
683,1.0,15.0,30.0,0.5,1000.0,71.0,0.18419561783472696
684,1.0,15.0,30.0,0.5,10000.0,125.0,0.17344249784946442
685,1.0,15.0,30.0,0.7,0.0,51.0,0.20281586050987244
686,1.0,15.0,30.0,0.7,10.0,65.0,0.20129491885503134
687,1.0,15.0,30.0,0.7,100.0,57.0,0.20115244388580322
688,1.0,15.0,30.0,0.7,1000.0,68.0,0.1980879306793213
689,1.0,15.0,30.0,0.7,10000.0,76.0,0.19237281878789267
690,1.0,15.0,35.0,0.3,0.0,173.0,0.1602467397848765
691,1.0,15.0,35.0,0.3,10.0,229.0,0.15634080519278845
692,1.0,15.0,35.0,0.3,100.0,114.0,0.1637758562962214
693,1.0,15.0,35.0,0.3,1000.0,73.0,0.1748291552066803
694,1.0,15.0,35.0,0.3,10000.0,97.0,0.1714166353146235
695,1.0,15.0,35.0,0.5,0.0,95.0,0.17527212699254355
696,1.0,15.0,35.0,0.5,10.0,84.0,0.1813626786073049
697,1.0,15.0,35.0,0.5,100.0,152.0,0.1708406408627828
698,1.0,15.0,35.0,0.5,1000.0,85.0,0.1797948181629181
699,1.0,15.0,35.0,0.5,10000.0,75.0,0.17825470368067423
700,1.0,15.0,35.0,0.7,0.0,101.0,0.18987483779589334
701,1.0,15.0,35.0,0.7,10.0,54.0,0.1987528552611669
702,1.0,15.0,35.0,0.7,100.0,84.0,0.19730817278226218
703,1.0,15.0,35.0,0.7,1000.0,67.0,0.19573289155960083
704,1.0,15.0,35.0,0.7,10000.0,71.0,0.1906703313191732
705,1.0,15.0,40.0,0.3,0.0,166.0,0.1565416008234024
706,1.0,15.0,40.0,0.3,10.0,177.0,0.1624965618054072
707,1.0,15.0,40.0,0.3,100.0,129.0,0.16622630258401236
708,1.0,15.0,40.0,0.3,1000.0,129.0,0.16431513925393423
709,1.0,15.0,40.0,0.3,10000.0,71.0,0.17441975076993307
710,1.0,15.0,40.0,0.5,0.0,101.0,0.17707840104897818
711,1.0,15.0,40.0,0.5,10.0,84.0,0.18199475606282553
712,1.0,15.0,40.0,0.5,100.0,91.0,0.1825795123974482
713,1.0,15.0,40.0,0.5,1000.0,82.0,0.17847007513046265
714,1.0,15.0,40.0,0.5,10000.0,97.0,0.1766117811203003
715,1.0,15.0,40.0,0.7,0.0,78.0,0.19685081640879312
716,1.0,15.0,40.0,0.7,10.0,70.0,0.19643197456995645
717,1.0,15.0,40.0,0.7,100.0,51.0,0.19752841194470724
718,1.0,15.0,40.0,0.7,1000.0,55.0,0.1947810153166453
719,1.0,15.0,40.0,0.7,10000.0,77.0,0.1903629849354426
720,1.0,15.0,45.0,0.3,0.0,105.0,0.16829142471154532
721,1.0,15.0,45.0,0.3,10.0,128.0,0.16539583603541055
722,1.0,15.0,45.0,0.3,100.0,131.0,0.16308940450350443
723,1.0,15.0,45.0,0.3,1000.0,87.0,0.17275486389795938
724,1.0,15.0,45.0,0.3,10000.0,166.0,0.15388709803422293
725,1.0,15.0,45.0,0.5,0.0,116.0,0.17322692275047302
726,1.0,15.0,45.0,0.5,10.0,64.0,0.18008766571680704
727,1.0,15.0,45.0,0.5,100.0,132.0,0.1698532005151113
728,1.0,15.0,45.0,0.5,1000.0,82.0,0.17767107486724854
729,1.0,15.0,45.0,0.5,10000.0,107.0,0.16731765866279602
730,1.0,15.0,45.0,0.7,0.0,87.0,0.19176073372364044
731,1.0,15.0,45.0,0.7,10.0,64.0,0.1940720627705256
732,1.0,15.0,45.0,0.7,100.0,84.0,0.18888084590435028
733,1.0,15.0,45.0,0.7,1000.0,66.0,0.19620037575562796
734,1.0,15.0,45.0,0.7,10000.0,76.0,0.19218659897645315
735,1.0,15.0,50.0,0.3,0.0,89.0,0.17077446977297464
736,1.0,15.0,50.0,0.3,10.0,130.0,0.169402947028478
737,1.0,15.0,50.0,0.3,100.0,111.0,0.1693609058856964
738,1.0,15.0,50.0,0.3,1000.0,82.0,0.17009982963403067
739,1.0,15.0,50.0,0.3,10000.0,121.0,0.17057455082734427
740,1.0,15.0,50.0,0.5,0.0,140.0,0.1745708684126536
741,1.0,15.0,50.0,0.5,10.0,84.0,0.17777391771475473
742,1.0,15.0,50.0,0.5,100.0,24.0,0.2089249591032664
743,1.0,15.0,50.0,0.5,1000.0,75.0,0.17650824785232544
744,1.0,15.0,50.0,0.5,10000.0,96.0,0.17839194337526956
745,1.0,15.0,50.0,0.7,0.0,139.0,0.1885256220897039
746,1.0,15.0,50.0,0.7,10.0,77.0,0.1929985135793686
747,1.0,15.0,50.0,0.7,100.0,112.0,0.19605222841103873
748,1.0,15.0,50.0,0.7,1000.0,91.0,0.19192870457967123
749,1.0,15.0,50.0,0.7,10000.0,65.0,0.19671534995237985
750,2.0,15.0,5.0,0.3,0.0,133.0,0.1731452445189158
751,2.0,15.0,5.0,0.3,10.0,139.0,0.1611718088388443
752,2.0,15.0,5.0,0.3,100.0,71.0,0.19171290596326193
753,2.0,15.0,5.0,0.3,1000.0,73.0,0.1741648018360138
754,2.0,15.0,5.0,0.3,10000.0,132.0,0.16522541642189026
755,2.0,15.0,5.0,0.5,0.0,78.0,0.20686204234759012
756,2.0,15.0,5.0,0.5,10.0,53.0,0.20918079713980356
757,2.0,15.0,5.0,0.5,100.0,75.0,0.20438569287459055
758,2.0,15.0,5.0,0.5,1000.0,58.0,0.2182959963877996
759,2.0,15.0,5.0,0.5,10000.0,76.0,0.19990416367848715
760,2.0,15.0,5.0,0.7,0.0,38.0,0.27089233696460724
761,2.0,15.0,5.0,0.7,10.0,53.0,0.2651575952768326
762,2.0,15.0,5.0,0.7,100.0,83.0,0.26160692671934765
763,2.0,15.0,5.0,0.7,1000.0,67.0,0.2687336653470993
764,2.0,15.0,5.0,0.7,10000.0,70.0,0.2536603460709254
765,2.0,15.0,10.0,0.3,0.0,149.0,0.15668071806430817
766,2.0,15.0,10.0,0.3,10.0,129.0,0.1599968671798706
767,2.0,15.0,10.0,0.3,100.0,179.0,0.15254616737365723
768,2.0,15.0,10.0,0.3,1000.0,152.0,0.16178720196088156
769,2.0,15.0,10.0,0.3,10000.0,115.0,0.15895860393842062
770,2.0,15.0,10.0,0.5,0.0,91.0,0.18028237422307333
771,2.0,15.0,10.0,0.5,10.0,106.0,0.1780088096857071
772,2.0,15.0,10.0,0.5,100.0,119.0,0.16790474454561868
773,2.0,15.0,10.0,0.5,1000.0,103.0,0.18083347380161285
774,2.0,15.0,10.0,0.5,10000.0,52.0,0.19711031516393027
775,2.0,15.0,10.0,0.7,0.0,112.0,0.2001437544822693
776,2.0,15.0,10.0,0.7,10.0,63.0,0.2390876313050588
777,2.0,15.0,10.0,0.7,100.0,61.0,0.22141029437383017
778,2.0,15.0,10.0,0.7,1000.0,72.0,0.23098865648110709
779,2.0,15.0,10.0,0.7,10000.0,64.0,0.22265726824601492
780,2.0,15.0,15.0,0.3,0.0,114.0,0.15602322419484457
781,2.0,15.0,15.0,0.3,10.0,125.0,0.16224797070026398
782,2.0,15.0,15.0,0.3,100.0,90.0,0.1653092304865519
783,2.0,15.0,15.0,0.3,1000.0,92.0,0.16323883831501007
784,2.0,15.0,15.0,0.3,10000.0,147.0,0.15057061612606049
785,2.0,15.0,15.0,0.5,0.0,87.0,0.17484620213508606
786,2.0,15.0,15.0,0.5,10.0,92.0,0.17343891660372415
787,2.0,15.0,15.0,0.5,100.0,87.0,0.17825822035471597
788,2.0,15.0,15.0,0.5,1000.0,109.0,0.1702915479739507
789,2.0,15.0,15.0,0.5,10000.0,189.0,0.15953421592712402
790,2.0,15.0,15.0,0.7,0.0,89.0,0.19946027795473734
791,2.0,15.0,15.0,0.7,10.0,57.0,0.21100599567095438
792,2.0,15.0,15.0,0.7,100.0,57.0,0.2093776116768519
793,2.0,15.0,15.0,0.7,1000.0,94.0,0.19735235969225565
794,2.0,15.0,15.0,0.7,10000.0,76.0,0.20245041946570078
795,2.0,15.0,20.0,0.3,0.0,103.0,0.15890907247861227
796,2.0,15.0,20.0,0.3,10.0,118.0,0.16247814893722534
797,2.0,15.0,20.0,0.3,100.0,160.0,0.1533045843243599
798,2.0,15.0,20.0,0.3,1000.0,140.0,0.1548149287700653
799,2.0,15.0,20.0,0.3,10000.0,137.0,0.14903242389361063
800,2.0,15.0,20.0,0.5,0.0,124.0,0.16393565138181052
801,2.0,15.0,20.0,0.5,10.0,120.0,0.17065833508968353
802,2.0,15.0,20.0,0.5,100.0,114.0,0.16773560146490732
803,2.0,15.0,20.0,0.5,1000.0,103.0,0.16747563083966574
804,2.0,15.0,20.0,0.5,10000.0,132.0,0.15490493178367615
805,2.0,15.0,20.0,0.7,0.0,68.0,0.19170547525087991
806,2.0,15.0,20.0,0.7,10.0,56.0,0.20112291475137076
807,2.0,15.0,20.0,0.7,100.0,83.0,0.19569028417269388
808,2.0,15.0,20.0,0.7,1000.0,120.0,0.18623745441436768
809,2.0,15.0,20.0,0.7,10000.0,104.0,0.1958507001399994
810,2.0,15.0,25.0,0.3,0.0,114.0,0.16096854706605276
811,2.0,15.0,25.0,0.3,10.0,92.0,0.1623114049434662
812,2.0,15.0,25.0,0.3,100.0,111.0,0.1588777800401052
813,2.0,15.0,25.0,0.3,1000.0,74.0,0.16669224202632904
814,2.0,15.0,25.0,0.3,10000.0,143.0,0.15173654009898505
815,2.0,15.0,25.0,0.5,0.0,136.0,0.16647168497244516
816,2.0,15.0,25.0,0.5,10.0,95.0,0.16678494215011597
817,2.0,15.0,25.0,0.5,100.0,106.0,0.16495556632677713
818,2.0,15.0,25.0,0.5,1000.0,91.0,0.1709853063027064
819,2.0,15.0,25.0,0.5,10000.0,132.0,0.1623044808705648
820,2.0,15.0,25.0,0.7,0.0,50.0,0.20676023264726004
821,2.0,15.0,25.0,0.7,10.0,45.0,0.19951135416825613
822,2.0,15.0,25.0,0.7,100.0,58.0,0.19736396769682565
823,2.0,15.0,25.0,0.7,1000.0,67.0,0.1930402865012487
824,2.0,15.0,25.0,0.7,10000.0,123.0,0.1819117913643519
825,2.0,15.0,30.0,0.3,0.0,131.0,0.15706701080004373
826,2.0,15.0,30.0,0.3,10.0,170.0,0.15353084603945413
827,2.0,15.0,30.0,0.3,100.0,148.0,0.14824659874041876
828,2.0,15.0,30.0,0.3,1000.0,121.0,0.15652174254258475
829,2.0,15.0,30.0,0.3,10000.0,125.0,0.15935640533765158
830,2.0,15.0,30.0,0.5,0.0,108.0,0.1627780149380366
831,2.0,15.0,30.0,0.5,10.0,114.0,0.17292569080988565
832,2.0,15.0,30.0,0.5,100.0,134.0,0.15981252988179526
833,2.0,15.0,30.0,0.5,1000.0,143.0,0.15892846882343292
834,2.0,15.0,30.0,0.5,10000.0,103.0,0.16794427235921225
835,2.0,15.0,30.0,0.7,0.0,68.0,0.192075381676356
836,2.0,15.0,30.0,0.7,10.0,54.0,0.1973555088043213
837,2.0,15.0,30.0,0.7,100.0,145.0,0.1727114568154017
838,2.0,15.0,30.0,0.7,1000.0,61.0,0.20073732237021127
839,2.0,15.0,30.0,0.7,10000.0,54.0,0.1940638224283854
840,2.0,15.0,35.0,0.3,0.0,158.0,0.1503251021107038
841,2.0,15.0,35.0,0.3,10.0,175.0,0.14841334770123163
842,2.0,15.0,35.0,0.3,100.0,136.0,0.1473162000377973
843,2.0,15.0,35.0,0.3,1000.0,103.0,0.1643307407697042
844,2.0,15.0,35.0,0.3,10000.0,151.0,0.15531655152638754
845,2.0,15.0,35.0,0.5,0.0,159.0,0.16329445441563925
846,2.0,15.0,35.0,0.5,10.0,204.0,0.1581574728091558
847,2.0,15.0,35.0,0.5,100.0,117.0,0.15656576553980509
848,2.0,15.0,35.0,0.5,1000.0,105.0,0.16707730293273926
849,2.0,15.0,35.0,0.5,10000.0,193.0,0.15908832351366678
850,2.0,15.0,35.0,0.7,0.0,70.0,0.1850438912709554
851,2.0,15.0,35.0,0.7,10.0,84.0,0.18273176749547324
852,2.0,15.0,35.0,0.7,100.0,108.0,0.18062771360079447
853,2.0,15.0,35.0,0.7,1000.0,91.0,0.1929132491350174
854,2.0,15.0,35.0,0.7,10000.0,94.0,0.1869257241487503
855,2.0,15.0,40.0,0.3,0.0,149.0,0.15298115462064743
856,2.0,15.0,40.0,0.3,10.0,110.0,0.16460855305194855
857,2.0,15.0,40.0,0.3,100.0,90.0,0.16461797058582306
858,2.0,15.0,40.0,0.3,1000.0,104.0,0.15350601325432459
859,2.0,15.0,40.0,0.3,10000.0,163.0,0.14808807522058487
860,2.0,15.0,40.0,0.5,0.0,136.0,0.15767554938793182
861,2.0,15.0,40.0,0.5,10.0,90.0,0.17210485537846884
862,2.0,15.0,40.0,0.5,100.0,116.0,0.17056055863698324
863,2.0,15.0,40.0,0.5,1000.0,123.0,0.15763773024082184
864,2.0,15.0,40.0,0.5,10000.0,159.0,0.15149773160616556
865,2.0,15.0,40.0,0.7,0.0,120.0,0.16932907700538635
866,2.0,15.0,40.0,0.7,10.0,89.0,0.18414846062660217
867,2.0,15.0,40.0,0.7,100.0,84.0,0.19614864885807037
868,2.0,15.0,40.0,0.7,1000.0,55.0,0.19288688898086548
869,2.0,15.0,40.0,0.7,10000.0,54.0,0.19309547543525696
870,2.0,15.0,45.0,0.3,0.0,177.0,0.14818750570217767
871,2.0,15.0,45.0,0.3,10.0,142.0,0.15796328087647757
872,2.0,15.0,45.0,0.3,100.0,187.0,0.15713085234165192
873,2.0,15.0,45.0,0.3,1000.0,135.0,0.16016396383444467
874,2.0,15.0,45.0,0.3,10000.0,136.0,0.15630217889944711
875,2.0,15.0,45.0,0.5,0.0,76.0,0.177336518963178
876,2.0,15.0,45.0,0.5,10.0,128.0,0.1611899733543396
877,2.0,15.0,45.0,0.5,100.0,138.0,0.16647707422574362
878,2.0,15.0,45.0,0.5,1000.0,129.0,0.16293110450108847
879,2.0,15.0,45.0,0.5,10000.0,112.0,0.1677105873823166
880,2.0,15.0,45.0,0.7,0.0,102.0,0.17514590919017792
881,2.0,15.0,45.0,0.7,10.0,152.0,0.17320099472999573
882,2.0,15.0,45.0,0.7,100.0,52.0,0.19946162402629852
883,2.0,15.0,45.0,0.7,1000.0,122.0,0.1774819940328598
884,2.0,15.0,45.0,0.7,10000.0,67.0,0.19075723985830942
885,2.0,15.0,50.0,0.3,0.0,188.0,0.1486104279756546
886,2.0,15.0,50.0,0.3,10.0,142.0,0.15335702151060104
887,2.0,15.0,50.0,0.3,100.0,157.0,0.15231955548127493
888,2.0,15.0,50.0,0.3,1000.0,115.0,0.1547149121761322
889,2.0,15.0,50.0,0.3,10000.0,123.0,0.16496838629245758
890,2.0,15.0,50.0,0.5,0.0,85.0,0.17083612581094107
891,2.0,15.0,50.0,0.5,10.0,116.0,0.16020887593428293
892,2.0,15.0,50.0,0.5,100.0,136.0,0.16160869101683298
893,2.0,15.0,50.0,0.5,1000.0,91.0,0.16441985468069711
894,2.0,15.0,50.0,0.5,10000.0,173.0,0.16403025885423025
895,2.0,15.0,50.0,0.7,0.0,68.0,0.18518094718456268
896,2.0,15.0,50.0,0.7,10.0,97.0,0.17957215011119843
897,2.0,15.0,50.0,0.7,100.0,96.0,0.17938328286012015
898,2.0,15.0,50.0,0.7,1000.0,91.0,0.1892778823773066
899,2.0,15.0,50.0,0.7,10000.0,54.0,0.1916150599718094
900,1.0,20.0,5.0,0.3,0.0,122.0,0.1701758752266566
901,1.0,20.0,5.0,0.3,10.0,121.0,0.17113701005776724
902,1.0,20.0,5.0,0.3,100.0,155.0,0.17105700075626373
903,1.0,20.0,5.0,0.3,1000.0,85.0,0.17791063586870828
904,1.0,20.0,5.0,0.3,10000.0,89.0,0.17464247842629751
905,1.0,20.0,5.0,0.5,0.0,72.0,0.2005322277545929
906,1.0,20.0,5.0,0.5,10.0,60.0,0.2093471884727478
907,1.0,20.0,5.0,0.5,100.0,77.0,0.2059386819601059
908,1.0,20.0,5.0,0.5,1000.0,51.0,0.2141970843076706
909,1.0,20.0,5.0,0.5,10000.0,64.0,0.20643875002861023
910,1.0,20.0,5.0,0.7,0.0,67.0,0.2496671030918757
911,1.0,20.0,5.0,0.7,10.0,61.0,0.2608991712331772
912,1.0,20.0,5.0,0.7,100.0,58.0,0.26930930217107135
913,1.0,20.0,5.0,0.7,1000.0,52.0,0.2726709147294362
914,1.0,20.0,5.0,0.7,10000.0,64.0,0.25931577881177265
915,1.0,20.0,10.0,0.3,0.0,175.0,0.16130710144837698
916,1.0,20.0,10.0,0.3,10.0,202.0,0.1523068149884542
917,1.0,20.0,10.0,0.3,100.0,178.0,0.1606004536151886
918,1.0,20.0,10.0,0.3,1000.0,96.0,0.17524180312951407
919,1.0,20.0,10.0,0.3,10000.0,104.0,0.16953291992346445
920,1.0,20.0,10.0,0.5,0.0,82.0,0.1851140409708023
921,1.0,20.0,10.0,0.5,10.0,101.0,0.18835894266764322
922,1.0,20.0,10.0,0.5,100.0,82.0,0.18457914888858795
923,1.0,20.0,10.0,0.5,1000.0,67.0,0.19440151254336038
924,1.0,20.0,10.0,0.5,10000.0,72.0,0.18545525272687277
925,1.0,20.0,10.0,0.7,0.0,38.0,0.23494891822338104
926,1.0,20.0,10.0,0.7,10.0,54.0,0.23793964584668478
927,1.0,20.0,10.0,0.7,100.0,59.0,0.21629236141840616
928,1.0,20.0,10.0,0.7,1000.0,75.0,0.21888942023118338
929,1.0,20.0,10.0,0.7,10000.0,59.0,0.2256884922583898
930,1.0,20.0,15.0,0.3,0.0,131.0,0.16380168000857034
931,1.0,20.0,15.0,0.3,10.0,82.0,0.1746735175450643
932,1.0,20.0,15.0,0.3,100.0,154.0,0.15812309583028158
933,1.0,20.0,15.0,0.3,1000.0,239.0,0.15000873059034348
934,1.0,20.0,15.0,0.3,10000.0,127.0,0.16673961281776428
935,1.0,20.0,15.0,0.5,0.0,110.0,0.17613478501637778
936,1.0,20.0,15.0,0.5,10.0,82.0,0.18094430367151895
937,1.0,20.0,15.0,0.5,100.0,95.0,0.1805698424577713
938,1.0,20.0,15.0,0.5,1000.0,75.0,0.18482570350170135
939,1.0,20.0,15.0,0.5,10000.0,61.0,0.18416597445805868
940,1.0,20.0,15.0,0.7,0.0,61.0,0.20994225641091666
941,1.0,20.0,15.0,0.7,10.0,57.0,0.21316489577293396
942,1.0,20.0,15.0,0.7,100.0,77.0,0.20014366507530212
943,1.0,20.0,15.0,0.7,1000.0,92.0,0.20654926200707754
944,1.0,20.0,15.0,0.7,10000.0,77.0,0.20601997276147208
945,1.0,20.0,20.0,0.3,0.0,165.0,0.16150013109048209
946,1.0,20.0,20.0,0.3,10.0,127.0,0.17024933795134226
947,1.0,20.0,20.0,0.3,100.0,93.0,0.16561088959376016
948,1.0,20.0,20.0,0.3,1000.0,191.0,0.15982405841350555
949,1.0,20.0,20.0,0.3,10000.0,143.0,0.15986852844556174
950,1.0,20.0,20.0,0.5,0.0,62.0,0.18324961264928183
951,1.0,20.0,20.0,0.5,10.0,84.0,0.18258422116438547
952,1.0,20.0,20.0,0.5,100.0,60.0,0.17906102538108826
953,1.0,20.0,20.0,0.5,1000.0,83.0,0.18268329401810965
954,1.0,20.0,20.0,0.5,10000.0,77.0,0.1786241034666697
955,1.0,20.0,20.0,0.7,0.0,65.0,0.2013010730346044
956,1.0,20.0,20.0,0.7,10.0,59.0,0.2033656438191732
957,1.0,20.0,20.0,0.7,100.0,80.0,0.194819246729215
958,1.0,20.0,20.0,0.7,1000.0,119.0,0.19568552573521933
959,1.0,20.0,20.0,0.7,10000.0,74.0,0.1975392351547877
960,1.0,20.0,25.0,0.3,0.0,74.0,0.1692167321840922
961,1.0,20.0,25.0,0.3,10.0,181.0,0.16155548890431723
962,1.0,20.0,25.0,0.3,100.0,161.0,0.1602791448434194
963,1.0,20.0,25.0,0.3,1000.0,174.0,0.15900954604148865
964,1.0,20.0,25.0,0.3,10000.0,130.0,0.16026651362578073
965,1.0,20.0,25.0,0.5,0.0,75.0,0.1750533084074656
966,1.0,20.0,25.0,0.5,10.0,79.0,0.17684719959894815
967,1.0,20.0,25.0,0.5,100.0,72.0,0.17985352873802185
968,1.0,20.0,25.0,0.5,1000.0,99.0,0.17734259366989136
969,1.0,20.0,25.0,0.5,10000.0,90.0,0.17616702119509378
970,1.0,20.0,25.0,0.7,0.0,68.0,0.19091636935869852
971,1.0,20.0,25.0,0.7,10.0,77.0,0.1949573407570521
972,1.0,20.0,25.0,0.7,100.0,61.0,0.19891070822874704
973,1.0,20.0,25.0,0.7,1000.0,90.0,0.19176175693670908
974,1.0,20.0,25.0,0.7,10000.0,93.0,0.18832670648892721
975,1.0,20.0,30.0,0.3,0.0,115.0,0.16372973223527273
976,1.0,20.0,30.0,0.3,10.0,127.0,0.15783993899822235
977,1.0,20.0,30.0,0.3,100.0,148.0,0.16086931029955545
978,1.0,20.0,30.0,0.3,1000.0,77.0,0.16926958660284677
979,1.0,20.0,30.0,0.3,10000.0,265.0,0.15103393544753393
980,1.0,20.0,30.0,0.5,0.0,103.0,0.16977334519227347
981,1.0,20.0,30.0,0.5,10.0,138.0,0.1649614522854487
982,1.0,20.0,30.0,0.5,100.0,182.0,0.16521990299224854
983,1.0,20.0,30.0,0.5,1000.0,90.0,0.17665086189905801
984,1.0,20.0,30.0,0.5,10000.0,72.0,0.17650640507539114
985,1.0,20.0,30.0,0.7,0.0,61.0,0.19526775677998862
986,1.0,20.0,30.0,0.7,10.0,59.0,0.1937846541404724
987,1.0,20.0,30.0,0.7,100.0,58.0,0.1993511120478312
988,1.0,20.0,30.0,0.7,1000.0,90.0,0.19369557996590933
989,1.0,20.0,30.0,0.7,10000.0,76.0,0.18874355653921762
990,1.0,20.0,35.0,0.3,0.0,149.0,0.16138252119223276
991,1.0,20.0,35.0,0.3,10.0,99.0,0.1647245685259501
992,1.0,20.0,35.0,0.3,100.0,169.0,0.1529450168212255
993,1.0,20.0,35.0,0.3,1000.0,125.0,0.16417289276917776
994,1.0,20.0,35.0,0.3,10000.0,117.0,0.16562099754810333
995,1.0,20.0,35.0,0.5,0.0,118.0,0.1710705111424128
996,1.0,20.0,35.0,0.5,10.0,118.0,0.17004119356473288
997,1.0,20.0,35.0,0.5,100.0,112.0,0.17082703113555908
998,1.0,20.0,35.0,0.5,1000.0,116.0,0.17075692613919577
999,1.0,20.0,35.0,0.5,10000.0,95.0,0.17350458602110544
1000,1.0,20.0,35.0,0.7,0.0,70.0,0.1873321831226349
1001,1.0,20.0,35.0,0.7,10.0,69.0,0.19619238873322806
1002,1.0,20.0,35.0,0.7,100.0,76.0,0.18762670954068503
1003,1.0,20.0,35.0,0.7,1000.0,76.0,0.19454504549503326
1004,1.0,20.0,35.0,0.7,10000.0,60.0,0.19158371289571127
1005,1.0,20.0,40.0,0.3,0.0,170.0,0.15980745355288187
1006,1.0,20.0,40.0,0.3,10.0,155.0,0.16319063305854797
1007,1.0,20.0,40.0,0.3,100.0,171.0,0.15731836358706155
1008,1.0,20.0,40.0,0.3,1000.0,97.0,0.17142530779043832
1009,1.0,20.0,40.0,0.3,10000.0,152.0,0.15815383195877075
1010,1.0,20.0,40.0,0.5,0.0,103.0,0.17493736743927002
1011,1.0,20.0,40.0,0.5,10.0,55.0,0.18247719605763754
1012,1.0,20.0,40.0,0.5,100.0,93.0,0.17134498556454977
1013,1.0,20.0,40.0,0.5,1000.0,86.0,0.1774669885635376
1014,1.0,20.0,40.0,0.5,10000.0,91.0,0.17711546023686728
1015,1.0,20.0,40.0,0.7,0.0,61.0,0.19124686221281686
1016,1.0,20.0,40.0,0.7,10.0,58.0,0.19552816450595856
1017,1.0,20.0,40.0,0.7,100.0,94.0,0.18310441573460898
1018,1.0,20.0,40.0,0.7,1000.0,75.0,0.1915773202975591
1019,1.0,20.0,40.0,0.7,10000.0,91.0,0.1887852450211843
1020,1.0,20.0,45.0,0.3,0.0,92.0,0.17609816789627075
1021,1.0,20.0,45.0,0.3,10.0,163.0,0.15877468387285867
1022,1.0,20.0,45.0,0.3,100.0,149.0,0.16432697574297586
1023,1.0,20.0,45.0,0.3,1000.0,137.0,0.160780131816864
1024,1.0,20.0,45.0,0.3,10000.0,91.0,0.1605296184619268
1025,1.0,20.0,45.0,0.5,0.0,106.0,0.17245972653230032
1026,1.0,20.0,45.0,0.5,10.0,128.0,0.16792694727579752
1027,1.0,20.0,45.0,0.5,100.0,97.0,0.1780752787987391
1028,1.0,20.0,45.0,0.5,1000.0,172.0,0.1715632677078247
1029,1.0,20.0,45.0,0.5,10000.0,91.0,0.1700692673524221
1030,1.0,20.0,45.0,0.7,0.0,70.0,0.18967485427856445
1031,1.0,20.0,45.0,0.7,10.0,119.0,0.18148161470890045
1032,1.0,20.0,45.0,0.7,100.0,83.0,0.18753133217493692
1033,1.0,20.0,45.0,0.7,1000.0,61.0,0.19857590893904367
1034,1.0,20.0,45.0,0.7,10000.0,77.0,0.1912773996591568
1035,1.0,20.0,50.0,0.3,0.0,122.0,0.1649703731139501
1036,1.0,20.0,50.0,0.3,10.0,181.0,0.1602593113978704
1037,1.0,20.0,50.0,0.3,100.0,135.0,0.1551035741964976
1038,1.0,20.0,50.0,0.3,1000.0,119.0,0.1646986703077952
1039,1.0,20.0,50.0,0.3,10000.0,142.0,0.16052613655726114
1040,1.0,20.0,50.0,0.5,0.0,61.0,0.1778899828592936
1041,1.0,20.0,50.0,0.5,10.0,104.0,0.17726186911265054
1042,1.0,20.0,50.0,0.5,100.0,97.0,0.16762483616669974
1043,1.0,20.0,50.0,0.5,1000.0,162.0,0.16790041327476501
1044,1.0,20.0,50.0,0.5,10000.0,90.0,0.17555767794450125
1045,1.0,20.0,50.0,0.7,0.0,93.0,0.18218603233496347
1046,1.0,20.0,50.0,0.7,10.0,129.0,0.18051031231880188
1047,1.0,20.0,50.0,0.7,100.0,86.0,0.18131400644779205
1048,1.0,20.0,50.0,0.7,1000.0,97.0,0.18850888311862946
1049,1.0,20.0,50.0,0.7,10000.0,94.0,0.18367320795853934
1050,2.0,20.0,5.0,0.3,0.0,130.0,0.15875828762849173
1051,2.0,20.0,5.0,0.3,10.0,50.0,0.1841553052266439
1052,2.0,20.0,5.0,0.3,100.0,227.0,0.2054803123076757
1053,2.0,20.0,5.0,0.3,1000.0,69.0,0.16900630791982016
1054,2.0,20.0,5.0,0.3,10000.0,37.0,0.19055432081222534
1055,2.0,20.0,5.0,0.5,0.0,87.0,0.19368613262971243
1056,2.0,20.0,5.0,0.5,10.0,77.0,0.19570678969224295
1057,2.0,20.0,5.0,0.5,100.0,153.0,0.25689902404944104
1058,2.0,20.0,5.0,0.5,1000.0,93.0,0.18743599454561868
1059,2.0,20.0,5.0,0.5,10000.0,57.0,0.209654634197553
1060,2.0,20.0,5.0,0.7,0.0,76.0,0.23087423046429953
1061,2.0,20.0,5.0,0.7,10.0,41.0,0.2518361856540044
1062,2.0,20.0,5.0,0.7,100.0,78.0,0.32233379284540814
1063,2.0,20.0,5.0,0.7,1000.0,67.0,0.25465027987957
1064,2.0,20.0,5.0,0.7,10000.0,56.0,0.26663245757420856
1065,2.0,20.0,10.0,0.3,0.0,113.0,0.16308165589968363
1066,2.0,20.0,10.0,0.3,10.0,43.0,0.18592162926991782
1067,2.0,20.0,10.0,0.3,100.0,100.0,0.15729545056819916
1068,2.0,20.0,10.0,0.3,1000.0,74.0,0.16248134771982828
1069,2.0,20.0,10.0,0.3,10000.0,148.0,0.15215248862902322
1070,2.0,20.0,10.0,0.5,0.0,89.0,0.1785541276137034
1071,2.0,20.0,10.0,0.5,10.0,88.0,0.17193439602851868
1072,2.0,20.0,10.0,0.5,100.0,60.0,0.17964194218317667
1073,2.0,20.0,10.0,0.5,1000.0,92.0,0.1773036072651545
1074,2.0,20.0,10.0,0.5,10000.0,90.0,0.17638603349526724
1075,2.0,20.0,10.0,0.7,0.0,39.0,0.22652935485045114
1076,2.0,20.0,10.0,0.7,10.0,107.0,0.20345831414063772
1077,2.0,20.0,10.0,0.7,100.0,58.0,0.2155930002530416
1078,2.0,20.0,10.0,0.7,1000.0,51.0,0.22144502898057303
1079,2.0,20.0,10.0,0.7,10000.0,89.0,0.20333578685919443
1080,2.0,20.0,15.0,0.3,0.0,117.0,0.14518680423498154
1081,2.0,20.0,15.0,0.3,10.0,124.0,0.15701337655385336
1082,2.0,20.0,15.0,0.3,100.0,83.0,0.16324686507383981
1083,2.0,20.0,15.0,0.3,1000.0,93.0,0.16141474743684134
1084,2.0,20.0,15.0,0.3,10000.0,91.0,0.1681555211544037
1085,2.0,20.0,15.0,0.5,0.0,138.0,0.16484679778416952
1086,2.0,20.0,15.0,0.5,10.0,103.0,0.16817990442117056
1087,2.0,20.0,15.0,0.5,100.0,136.0,0.16212072471777597
1088,2.0,20.0,15.0,0.5,1000.0,81.0,0.17564835647741953
1089,2.0,20.0,15.0,0.5,10000.0,45.0,0.19152182837327322
1090,2.0,20.0,15.0,0.7,0.0,101.0,0.19988246262073517
1091,2.0,20.0,15.0,0.7,10.0,54.0,0.2100848158200582
1092,2.0,20.0,15.0,0.7,100.0,75.0,0.2016905148824056
1093,2.0,20.0,15.0,0.7,1000.0,58.0,0.2174869328737259
1094,2.0,20.0,15.0,0.7,10000.0,60.0,0.21035647888978323
1095,2.0,20.0,20.0,0.3,0.0,175.0,0.14484156668186188
1096,2.0,20.0,20.0,0.3,10.0,163.0,0.14802518238623938
1097,2.0,20.0,20.0,0.3,100.0,84.0,0.16489957769711813
1098,2.0,20.0,20.0,0.3,1000.0,151.0,0.15922201921542486
1099,2.0,20.0,20.0,0.3,10000.0,137.0,0.15261719872554144
1100,2.0,20.0,20.0,0.5,0.0,85.0,0.1705342431863149
1101,2.0,20.0,20.0,0.5,10.0,97.0,0.1759413778781891
1102,2.0,20.0,20.0,0.5,100.0,87.0,0.16829401751359305
1103,2.0,20.0,20.0,0.5,1000.0,93.0,0.16702299316724142
1104,2.0,20.0,20.0,0.5,10000.0,134.0,0.16062800586223602
1105,2.0,20.0,20.0,0.7,0.0,52.0,0.20191670457522073
1106,2.0,20.0,20.0,0.7,10.0,54.0,0.2007263402144114
1107,2.0,20.0,20.0,0.7,100.0,101.0,0.18689521153767905
1108,2.0,20.0,20.0,0.7,1000.0,50.0,0.1985694020986557
1109,2.0,20.0,20.0,0.7,10000.0,60.0,0.19389018416404724
1110,2.0,20.0,25.0,0.3,0.0,127.0,0.15797509253025055
1111,2.0,20.0,25.0,0.3,10.0,84.0,0.16402196884155273
1112,2.0,20.0,25.0,0.3,100.0,117.0,0.14929662893215814
1113,2.0,20.0,25.0,0.3,1000.0,118.0,0.15485714872678122
1114,2.0,20.0,25.0,0.3,10000.0,102.0,0.1589130312204361
1115,2.0,20.0,25.0,0.5,0.0,96.0,0.16877683500448862
1116,2.0,20.0,25.0,0.5,10.0,73.0,0.178201491634051
1117,2.0,20.0,25.0,0.5,100.0,117.0,0.15423993269602457
1118,2.0,20.0,25.0,0.5,1000.0,119.0,0.15872557957967123
1119,2.0,20.0,25.0,0.5,10000.0,91.0,0.1652698814868927
1120,2.0,20.0,25.0,0.7,0.0,107.0,0.17879966894785562
1121,2.0,20.0,25.0,0.7,10.0,77.0,0.1916575034459432
1122,2.0,20.0,25.0,0.7,100.0,74.0,0.17975753049055734
1123,2.0,20.0,25.0,0.7,1000.0,97.0,0.18140688041845957
1124,2.0,20.0,25.0,0.7,10000.0,61.0,0.20282631615797678
1125,2.0,20.0,30.0,0.3,0.0,99.0,0.15405988693237305
1126,2.0,20.0,30.0,0.3,10.0,82.0,0.15957515438397726
1127,2.0,20.0,30.0,0.3,100.0,136.0,0.14705261091391245
1128,2.0,20.0,30.0,0.3,1000.0,110.0,0.15428302188714346
1129,2.0,20.0,30.0,0.3,10000.0,178.0,0.14875407020250955
1130,2.0,20.0,30.0,0.5,0.0,100.0,0.15913406014442444
1131,2.0,20.0,30.0,0.5,10.0,69.0,0.16442923247814178
1132,2.0,20.0,30.0,0.5,100.0,115.0,0.15602980305751166
1133,2.0,20.0,30.0,0.5,1000.0,120.0,0.15652731557687125
1134,2.0,20.0,30.0,0.5,10000.0,76.0,0.17990955213705698
1135,2.0,20.0,30.0,0.7,0.0,119.0,0.17214820285638174
1136,2.0,20.0,30.0,0.7,10.0,103.0,0.1733772506316503
1137,2.0,20.0,30.0,0.7,100.0,114.0,0.17319386204083762
1138,2.0,20.0,30.0,0.7,1000.0,91.0,0.1811537891626358
1139,2.0,20.0,30.0,0.7,10000.0,89.0,0.18826591471831003
1140,2.0,20.0,35.0,0.3,0.0,154.0,0.15195894738038382
1141,2.0,20.0,35.0,0.3,10.0,116.0,0.16099798182646433
1142,2.0,20.0,35.0,0.3,100.0,147.0,0.1441984549164772
1143,2.0,20.0,35.0,0.3,1000.0,141.0,0.15164171159267426
1144,2.0,20.0,35.0,0.3,10000.0,138.0,0.15103340645631155
1145,2.0,20.0,35.0,0.5,0.0,92.0,0.1677484760681788
1146,2.0,20.0,35.0,0.5,10.0,100.0,0.16515625516573587
1147,2.0,20.0,35.0,0.5,100.0,132.0,0.1538495123386383
1148,2.0,20.0,35.0,0.5,1000.0,109.0,0.157618780930837
1149,2.0,20.0,35.0,0.5,10000.0,138.0,0.15579597155253092
1150,2.0,20.0,35.0,0.7,0.0,67.0,0.18002297480901083
1151,2.0,20.0,35.0,0.7,10.0,82.0,0.1803350696961085
1152,2.0,20.0,35.0,0.7,100.0,75.0,0.1786052385965983
1153,2.0,20.0,35.0,0.7,1000.0,111.0,0.1674740066130956
1154,2.0,20.0,35.0,0.7,10000.0,60.0,0.18926752110322317
1155,2.0,20.0,40.0,0.3,0.0,73.0,0.16216127574443817
1156,2.0,20.0,40.0,0.3,10.0,123.0,0.15983166793982187
1157,2.0,20.0,40.0,0.3,100.0,105.0,0.1585098405679067
1158,2.0,20.0,40.0,0.3,1000.0,92.0,0.16131013135115305
1159,2.0,20.0,40.0,0.3,10000.0,179.0,0.14381030201911926
1160,2.0,20.0,40.0,0.5,0.0,135.0,0.1648542582988739
1161,2.0,20.0,40.0,0.5,10.0,101.0,0.16475037733713785
1162,2.0,20.0,40.0,0.5,100.0,149.0,0.15943317612012228
1163,2.0,20.0,40.0,0.5,1000.0,86.0,0.16536127030849457
1164,2.0,20.0,40.0,0.5,10000.0,119.0,0.17145932714144388
1165,2.0,20.0,40.0,0.7,0.0,67.0,0.1824268251657486
1166,2.0,20.0,40.0,0.7,10.0,88.0,0.17661633094151816
1167,2.0,20.0,40.0,0.7,100.0,136.0,0.17224588990211487
1168,2.0,20.0,40.0,0.7,1000.0,85.0,0.17371710141499838
1169,2.0,20.0,40.0,0.7,10000.0,46.0,0.1917903572320938
1170,2.0,20.0,45.0,0.3,0.0,73.0,0.1665094792842865
1171,2.0,20.0,45.0,0.3,10.0,114.0,0.16212798655033112
1172,2.0,20.0,45.0,0.3,100.0,122.0,0.1508737156788508
1173,2.0,20.0,45.0,0.3,1000.0,88.0,0.16172162195046744
1174,2.0,20.0,45.0,0.3,10000.0,91.0,0.15729529162247977
1175,2.0,20.0,45.0,0.5,0.0,138.0,0.16221341987450918
1176,2.0,20.0,45.0,0.5,10.0,107.0,0.1645011305809021
1177,2.0,20.0,45.0,0.5,100.0,84.0,0.1657303422689438
1178,2.0,20.0,45.0,0.5,1000.0,127.0,0.16133050123850504
1179,2.0,20.0,45.0,0.5,10000.0,108.0,0.16018323103586832
1180,2.0,20.0,45.0,0.7,0.0,110.0,0.17353514830271402
1181,2.0,20.0,45.0,0.7,10.0,158.0,0.17185800274213156
1182,2.0,20.0,45.0,0.7,100.0,92.0,0.1947013884782791
1183,2.0,20.0,45.0,0.7,1000.0,81.0,0.17966294785340628
1184,2.0,20.0,45.0,0.7,10000.0,112.0,0.1709579179684321
1185,2.0,20.0,50.0,0.3,0.0,124.0,0.16023284196853638
1186,2.0,20.0,50.0,0.3,10.0,99.0,0.16195176541805267
1187,2.0,20.0,50.0,0.3,100.0,109.0,0.15041958540678024
1188,2.0,20.0,50.0,0.3,1000.0,119.0,0.1554408719142278
1189,2.0,20.0,50.0,0.3,10000.0,131.0,0.15269552419583002
1190,2.0,20.0,50.0,0.5,0.0,117.0,0.1598046471675237
1191,2.0,20.0,50.0,0.5,10.0,81.0,0.17006400227546692
1192,2.0,20.0,50.0,0.5,100.0,90.0,0.15735433995723724
1193,2.0,20.0,50.0,0.5,1000.0,112.0,0.16339687506357828
1194,2.0,20.0,50.0,0.5,10000.0,138.0,0.15433560808499655
1195,2.0,20.0,50.0,0.7,0.0,107.0,0.17215650777022043
1196,2.0,20.0,50.0,0.7,10.0,68.0,0.17922665178775787
1197,2.0,20.0,50.0,0.7,100.0,111.0,0.16872126857439676
1198,2.0,20.0,50.0,0.7,1000.0,97.0,0.18388249973456064
1199,2.0,20.0,50.0,0.7,10000.0,131.0,0.16690418124198914
1200,1.0,25.0,5.0,0.3,0.0,94.0,0.16983896990617117
1201,1.0,25.0,5.0,0.3,10.0,91.0,0.1712642858425776
1202,1.0,25.0,5.0,0.3,100.0,58.0,0.19340210656325021
1203,1.0,25.0,5.0,0.3,1000.0,73.0,0.17769069969654083
1204,1.0,25.0,5.0,0.3,10000.0,157.0,0.16370345652103424
1205,1.0,25.0,5.0,0.5,0.0,55.0,0.2085411697626114
1206,1.0,25.0,5.0,0.5,10.0,51.0,0.2050382693608602
1207,1.0,25.0,5.0,0.5,100.0,52.0,0.22929773728052774
1208,1.0,25.0,5.0,0.5,1000.0,79.0,0.2093558410803477
1209,1.0,25.0,5.0,0.5,10000.0,93.0,0.21051492293675741
1210,1.0,25.0,5.0,0.7,0.0,56.0,0.26071494321028393
1211,1.0,25.0,5.0,0.7,10.0,62.0,0.26204555730024975
1212,1.0,25.0,5.0,0.7,100.0,55.0,0.2864270706971486
1213,1.0,25.0,5.0,0.7,1000.0,68.0,0.26145673791567486
1214,1.0,25.0,5.0,0.7,10000.0,41.0,0.2657975455125173
1215,1.0,25.0,10.0,0.3,0.0,150.0,0.16001206636428833
1216,1.0,25.0,10.0,0.3,10.0,169.0,0.15548906226952872
1217,1.0,25.0,10.0,0.3,100.0,86.0,0.1720026582479477
1218,1.0,25.0,10.0,0.3,1000.0,120.0,0.15990138053894043
1219,1.0,25.0,10.0,0.3,10000.0,110.0,0.16188105940818787
1220,1.0,25.0,10.0,0.5,0.0,106.0,0.18030784030755362
1221,1.0,25.0,10.0,0.5,10.0,95.0,0.1860799640417099
1222,1.0,25.0,10.0,0.5,100.0,69.0,0.18378953138987222
1223,1.0,25.0,10.0,0.5,1000.0,67.0,0.18737481534481049
1224,1.0,25.0,10.0,0.5,10000.0,88.0,0.18095381061236063
1225,1.0,25.0,10.0,0.7,0.0,79.0,0.21584413448969522
1226,1.0,25.0,10.0,0.7,10.0,67.0,0.2172666092713674
1227,1.0,25.0,10.0,0.7,100.0,103.0,0.21003082394599915
1228,1.0,25.0,10.0,0.7,1000.0,77.0,0.2218743215004603
1229,1.0,25.0,10.0,0.7,10000.0,72.0,0.20848225553830466
1230,1.0,25.0,15.0,0.3,0.0,108.0,0.16007490952809653
1231,1.0,25.0,15.0,0.3,10.0,121.0,0.1639343003431956
1232,1.0,25.0,15.0,0.3,100.0,147.0,0.15062547971804938
1233,1.0,25.0,15.0,0.3,1000.0,126.0,0.1620555321375529
1234,1.0,25.0,15.0,0.3,10000.0,180.0,0.15644204119841257
1235,1.0,25.0,15.0,0.5,0.0,72.0,0.1817383070786794
1236,1.0,25.0,15.0,0.5,10.0,121.0,0.17451858023802438
1237,1.0,25.0,15.0,0.5,100.0,69.0,0.17785239716370901
1238,1.0,25.0,15.0,0.5,1000.0,73.0,0.18360132475694022
1239,1.0,25.0,15.0,0.5,10000.0,111.0,0.18144399921099344
1240,1.0,25.0,15.0,0.7,0.0,56.0,0.20715422431627908
1241,1.0,25.0,15.0,0.7,10.0,56.0,0.20450478295485178
1242,1.0,25.0,15.0,0.7,100.0,64.0,0.20017704864343008
1243,1.0,25.0,15.0,0.7,1000.0,73.0,0.2036595493555069
1244,1.0,25.0,15.0,0.7,10000.0,70.0,0.20788081487019858
1245,1.0,25.0,20.0,0.3,0.0,101.0,0.16395614047845206
1246,1.0,25.0,20.0,0.3,10.0,95.0,0.1702309399843216
1247,1.0,25.0,20.0,0.3,100.0,68.0,0.17348562677701315
1248,1.0,25.0,20.0,0.3,1000.0,104.0,0.16982750594615936
1249,1.0,25.0,20.0,0.3,10000.0,148.0,0.16091671089331308
1250,1.0,25.0,20.0,0.5,0.0,69.0,0.17704873780409494
1251,1.0,25.0,20.0,0.5,10.0,87.0,0.17766725023587546
1252,1.0,25.0,20.0,0.5,100.0,69.0,0.18853488564491272
1253,1.0,25.0,20.0,0.5,1000.0,104.0,0.17619991799195608
1254,1.0,25.0,20.0,0.5,10000.0,72.0,0.18016961216926575
1255,1.0,25.0,20.0,0.7,0.0,52.0,0.20648905138174692
1256,1.0,25.0,20.0,0.7,10.0,105.0,0.19292698800563812
1257,1.0,25.0,20.0,0.7,100.0,69.0,0.19446715712547302
1258,1.0,25.0,20.0,0.7,1000.0,67.0,0.1977942337592443
1259,1.0,25.0,20.0,0.7,10000.0,72.0,0.19539198279380798
1260,1.0,25.0,25.0,0.3,0.0,125.0,0.1589050590991974
1261,1.0,25.0,25.0,0.3,10.0,165.0,0.15824339787165323
1262,1.0,25.0,25.0,0.3,100.0,134.0,0.15295879542827606
1263,1.0,25.0,25.0,0.3,1000.0,180.0,0.15480449547370276
1264,1.0,25.0,25.0,0.3,10000.0,153.0,0.15753918389479318
1265,1.0,25.0,25.0,0.5,0.0,97.0,0.1663318028052648
1266,1.0,25.0,25.0,0.5,10.0,78.0,0.17340167363484701
1267,1.0,25.0,25.0,0.5,100.0,117.0,0.1716451495885849
1268,1.0,25.0,25.0,0.5,1000.0,119.0,0.17429156104723612
1269,1.0,25.0,25.0,0.5,10000.0,95.0,0.1721758395433426
1270,1.0,25.0,25.0,0.7,0.0,72.0,0.1956523855527242
1271,1.0,25.0,25.0,0.7,10.0,94.0,0.19228583574295044
1272,1.0,25.0,25.0,0.7,100.0,75.0,0.19001545011997223
1273,1.0,25.0,25.0,0.7,1000.0,76.0,0.1941891312599182
1274,1.0,25.0,25.0,0.7,10000.0,66.0,0.19495369990666708
1275,1.0,25.0,30.0,0.3,0.0,116.0,0.1599385937054952
1276,1.0,25.0,30.0,0.3,10.0,88.0,0.16858957211176553
1277,1.0,25.0,30.0,0.3,100.0,192.0,0.14589144537846246
1278,1.0,25.0,30.0,0.3,1000.0,146.0,0.1555567185084025
1279,1.0,25.0,30.0,0.3,10000.0,62.0,0.17335925499598184
1280,1.0,25.0,30.0,0.5,0.0,116.0,0.1731762538353602
1281,1.0,25.0,30.0,0.5,10.0,89.0,0.17431129018465677
1282,1.0,25.0,30.0,0.5,100.0,70.0,0.17614593108495077
1283,1.0,25.0,30.0,0.5,1000.0,79.0,0.17823768655459085
1284,1.0,25.0,30.0,0.5,10000.0,103.0,0.17305517196655273
1285,1.0,25.0,30.0,0.7,0.0,59.0,0.19508440792560577
1286,1.0,25.0,30.0,0.7,10.0,77.0,0.18981875975926718
1287,1.0,25.0,30.0,0.7,100.0,86.0,0.19246936837832132
1288,1.0,25.0,30.0,0.7,1000.0,61.0,0.19416882594426474
1289,1.0,25.0,30.0,0.7,10000.0,73.0,0.18702874084313711
1290,1.0,25.0,35.0,0.3,0.0,156.0,0.15243641783793768
1291,1.0,25.0,35.0,0.3,10.0,178.0,0.15555470188458762
1292,1.0,25.0,35.0,0.3,100.0,161.0,0.14979479213555655
1293,1.0,25.0,35.0,0.3,1000.0,187.0,0.1524473006526629
1294,1.0,25.0,35.0,0.3,10000.0,110.0,0.1596639504035314
1295,1.0,25.0,35.0,0.5,0.0,125.0,0.16836702326933542
1296,1.0,25.0,35.0,0.5,10.0,151.0,0.16715030372142792
1297,1.0,25.0,35.0,0.5,100.0,117.0,0.16863062977790833
1298,1.0,25.0,35.0,0.5,1000.0,73.0,0.17921083668867746
1299,1.0,25.0,35.0,0.5,10000.0,112.0,0.16897092262903848
1300,1.0,25.0,35.0,0.7,0.0,94.0,0.18686532974243164
1301,1.0,25.0,35.0,0.7,10.0,69.0,0.18776949246724448
1302,1.0,25.0,35.0,0.7,100.0,75.0,0.18915566305319467
1303,1.0,25.0,35.0,0.7,1000.0,106.0,0.18376673758029938
1304,1.0,25.0,35.0,0.7,10000.0,41.0,0.19883421063423157
1305,1.0,25.0,40.0,0.3,0.0,72.0,0.16944795350233713
1306,1.0,25.0,40.0,0.3,10.0,94.0,0.16941658159097037
1307,1.0,25.0,40.0,0.3,100.0,143.0,0.15587733685970306
1308,1.0,25.0,40.0,0.3,1000.0,173.0,0.15556239088376364
1309,1.0,25.0,40.0,0.3,10000.0,102.0,0.16163728137811026
1310,1.0,25.0,40.0,0.5,0.0,78.0,0.17475521564483643
1311,1.0,25.0,40.0,0.5,10.0,76.0,0.1765098124742508
1312,1.0,25.0,40.0,0.5,100.0,144.0,0.16452625890572867
1313,1.0,25.0,40.0,0.5,1000.0,76.0,0.17712887128194174
1314,1.0,25.0,40.0,0.5,10000.0,88.0,0.17355397840340933
1315,1.0,25.0,40.0,0.7,0.0,56.0,0.1915966123342514
1316,1.0,25.0,40.0,0.7,10.0,56.0,0.18373272816340128
1317,1.0,25.0,40.0,0.7,100.0,71.0,0.18591314057509103
1318,1.0,25.0,40.0,0.7,1000.0,83.0,0.18581265211105347
1319,1.0,25.0,40.0,0.7,10000.0,68.0,0.18870333830515543
1320,1.0,25.0,45.0,0.3,0.0,185.0,0.1474298263589541
1321,1.0,25.0,45.0,0.3,10.0,134.0,0.15787589053312936
1322,1.0,25.0,45.0,0.3,100.0,69.0,0.1822128047545751
1323,1.0,25.0,45.0,0.3,1000.0,132.0,0.15891783932844797
1324,1.0,25.0,45.0,0.3,10000.0,187.0,0.14260944227377573
1325,1.0,25.0,45.0,0.5,0.0,90.0,0.17219929893811545
1326,1.0,25.0,45.0,0.5,10.0,156.0,0.16498790681362152
1327,1.0,25.0,45.0,0.5,100.0,65.0,0.17917126913865408
1328,1.0,25.0,45.0,0.5,1000.0,79.0,0.177681103348732
1329,1.0,25.0,45.0,0.5,10000.0,68.0,0.17932174106438956
1330,1.0,25.0,45.0,0.7,0.0,47.0,0.1940426081418991
1331,1.0,25.0,45.0,0.7,10.0,106.0,0.17953223486741385
1332,1.0,25.0,45.0,0.7,100.0,69.0,0.1880960911512375
1333,1.0,25.0,45.0,0.7,1000.0,90.0,0.18491998811562857
1334,1.0,25.0,45.0,0.7,10000.0,69.0,0.18901737531026205
1335,1.0,25.0,50.0,0.3,0.0,105.0,0.15647786855697632
1336,1.0,25.0,50.0,0.3,10.0,142.0,0.15835429728031158
1337,1.0,25.0,50.0,0.3,100.0,88.0,0.17800127963225046
1338,1.0,25.0,50.0,0.3,1000.0,126.0,0.14900444447994232
1339,1.0,25.0,50.0,0.3,10000.0,155.0,0.1549848069747289
1340,1.0,25.0,50.0,0.5,0.0,114.0,0.16765626768271127
1341,1.0,25.0,50.0,0.5,10.0,91.0,0.17447291811307272
1342,1.0,25.0,50.0,0.5,100.0,92.0,0.17782425383726755
1343,1.0,25.0,50.0,0.5,1000.0,120.0,0.1617500682671865
1344,1.0,25.0,50.0,0.5,10000.0,136.0,0.16286438206831613
1345,1.0,25.0,50.0,0.7,0.0,88.0,0.18528678516546884
1346,1.0,25.0,50.0,0.7,10.0,62.0,0.18470723430315653
1347,1.0,25.0,50.0,0.7,100.0,58.0,0.18721866110960642
1348,1.0,25.0,50.0,0.7,1000.0,58.0,0.18598054349422455
1349,1.0,25.0,50.0,0.7,10000.0,80.0,0.1870837857325872
1350,2.0,25.0,5.0,0.3,0.0,94.0,0.161161998907725
1351,2.0,25.0,5.0,0.3,10.0,187.0,0.16412484645843506
1352,2.0,25.0,5.0,0.3,100.0,103.0,0.17046660681565604
1353,2.0,25.0,5.0,0.3,1000.0,116.0,0.15840626756350198
1354,2.0,25.0,5.0,0.3,10000.0,86.0,0.1686445822318395
1355,2.0,25.0,5.0,0.5,0.0,55.0,0.1900666207075119
1356,2.0,25.0,5.0,0.5,10.0,120.0,0.18877566854159036
1357,2.0,25.0,5.0,0.5,100.0,55.0,0.20743787288665771
1358,2.0,25.0,5.0,0.5,1000.0,118.0,0.17805227637290955
1359,2.0,25.0,5.0,0.5,10000.0,61.0,0.21130157510439554
1360,2.0,25.0,5.0,0.7,0.0,39.0,0.25653084615866345
1361,2.0,25.0,5.0,0.7,10.0,62.0,0.2657713095347087
1362,2.0,25.0,5.0,0.7,100.0,55.0,0.24969065189361572
1363,2.0,25.0,5.0,0.7,1000.0,67.0,0.23265521228313446
1364,2.0,25.0,5.0,0.7,10000.0,64.0,0.26521772642930347
1365,2.0,25.0,10.0,0.3,0.0,138.0,0.1499175950884819
1366,2.0,25.0,10.0,0.3,10.0,90.0,0.16244432826836905
1367,2.0,25.0,10.0,0.3,100.0,81.0,0.16253377497196198
1368,2.0,25.0,10.0,0.3,1000.0,90.0,0.1553868850072225
1369,2.0,25.0,10.0,0.3,10000.0,87.0,0.1545727550983429
1370,2.0,25.0,10.0,0.5,0.0,129.0,0.16052337984244028
1371,2.0,25.0,10.0,0.5,10.0,78.0,0.17120387156804404
1372,2.0,25.0,10.0,0.5,100.0,112.0,0.16953076918919882
1373,2.0,25.0,10.0,0.5,1000.0,90.0,0.17010491589705148
1374,2.0,25.0,10.0,0.5,10000.0,51.0,0.18225577970345816
1375,2.0,25.0,10.0,0.7,0.0,52.0,0.2152132292588552
1376,2.0,25.0,10.0,0.7,10.0,78.0,0.21030347545941672
1377,2.0,25.0,10.0,0.7,100.0,55.0,0.21997399628162384
1378,2.0,25.0,10.0,0.7,1000.0,77.0,0.2068093220392863
1379,2.0,25.0,10.0,0.7,10000.0,99.0,0.20983096957206726
1380,2.0,25.0,15.0,0.3,0.0,85.0,0.1597776561975479
1381,2.0,25.0,15.0,0.3,10.0,106.0,0.1515211115280787
1382,2.0,25.0,15.0,0.3,100.0,129.0,0.15409948925177255
1383,2.0,25.0,15.0,0.3,1000.0,122.0,0.15493832031885782
1384,2.0,25.0,15.0,0.3,10000.0,88.0,0.15555977821350098
1385,2.0,25.0,15.0,0.5,0.0,109.0,0.16998879114786783
1386,2.0,25.0,15.0,0.5,10.0,82.0,0.16581521928310394
1387,2.0,25.0,15.0,0.5,100.0,120.0,0.16335674623648325
1388,2.0,25.0,15.0,0.5,1000.0,99.0,0.1713265230258306
1389,2.0,25.0,15.0,0.5,10000.0,85.0,0.16724540293216705
1390,2.0,25.0,15.0,0.7,0.0,59.0,0.20722933610280356
1391,2.0,25.0,15.0,0.7,10.0,62.0,0.19613478581110635
1392,2.0,25.0,15.0,0.7,100.0,119.0,0.17889184753100076
1393,2.0,25.0,15.0,0.7,1000.0,100.0,0.19460522135098776
1394,2.0,25.0,15.0,0.7,10000.0,64.0,0.19692410031954447
1395,2.0,25.0,20.0,0.3,0.0,113.0,0.15054171780745187
1396,2.0,25.0,20.0,0.3,10.0,138.0,0.15090718368689218
1397,2.0,25.0,20.0,0.3,100.0,133.0,0.15326322118441263
1398,2.0,25.0,20.0,0.3,1000.0,143.0,0.14647032072146735
1399,2.0,25.0,20.0,0.3,10000.0,144.0,0.14685115963220596
1400,2.0,25.0,20.0,0.5,0.0,86.0,0.168133815129598
1401,2.0,25.0,20.0,0.5,10.0,88.0,0.16930905977884927
1402,2.0,25.0,20.0,0.5,100.0,136.0,0.1614003280798594
1403,2.0,25.0,20.0,0.5,1000.0,106.0,0.1585813214381536
1404,2.0,25.0,20.0,0.5,10000.0,119.0,0.15457900365193686
1405,2.0,25.0,20.0,0.7,0.0,65.0,0.17964821060498556
1406,2.0,25.0,20.0,0.7,10.0,91.0,0.18794046342372894
1407,2.0,25.0,20.0,0.7,100.0,86.0,0.18386333187421164
1408,2.0,25.0,20.0,0.7,1000.0,59.0,0.19314758479595184
1409,2.0,25.0,20.0,0.7,10000.0,94.0,0.18244153757890066
1410,2.0,25.0,25.0,0.3,0.0,96.0,0.15746422111988068
1411,2.0,25.0,25.0,0.3,10.0,103.0,0.15307808419068655
1412,2.0,25.0,25.0,0.3,100.0,96.0,0.15382379293441772
1413,2.0,25.0,25.0,0.3,1000.0,126.0,0.15805106858412424
1414,2.0,25.0,25.0,0.3,10000.0,91.0,0.1529061421751976
1415,2.0,25.0,25.0,0.5,0.0,111.0,0.15802076955636343
1416,2.0,25.0,25.0,0.5,10.0,117.0,0.1624961644411087
1417,2.0,25.0,25.0,0.5,100.0,116.0,0.15634296834468842
1418,2.0,25.0,25.0,0.5,1000.0,119.0,0.15059816340605417
1419,2.0,25.0,25.0,0.5,10000.0,130.0,0.15167135248581567
1420,2.0,25.0,25.0,0.7,0.0,72.0,0.18655396501223245
1421,2.0,25.0,25.0,0.7,10.0,93.0,0.1796361654996872
1422,2.0,25.0,25.0,0.7,100.0,92.0,0.17929444213708243
1423,2.0,25.0,25.0,0.7,1000.0,89.0,0.1676249305407206
1424,2.0,25.0,25.0,0.7,10000.0,88.0,0.17758737007776895
1425,2.0,25.0,30.0,0.3,0.0,93.0,0.15107476462920508
1426,2.0,25.0,30.0,0.3,10.0,121.0,0.15539524455865225
1427,2.0,25.0,30.0,0.3,100.0,82.0,0.15971327324708304
1428,2.0,25.0,30.0,0.3,1000.0,110.0,0.14869776864846548
1429,2.0,25.0,30.0,0.3,10000.0,123.0,0.14695458859205246
1430,2.0,25.0,30.0,0.5,0.0,86.0,0.1581089993317922
1431,2.0,25.0,30.0,0.5,10.0,98.0,0.16313715279102325
1432,2.0,25.0,30.0,0.5,100.0,143.0,0.15584633747736612
1433,2.0,25.0,30.0,0.5,1000.0,120.0,0.15203032890955606
1434,2.0,25.0,30.0,0.5,10000.0,100.0,0.15480257074038187
1435,2.0,25.0,30.0,0.7,0.0,107.0,0.16751502454280853
1436,2.0,25.0,30.0,0.7,10.0,120.0,0.1718593637148539
1437,2.0,25.0,30.0,0.7,100.0,117.0,0.17024360597133636
1438,2.0,25.0,30.0,0.7,1000.0,120.0,0.16643396019935608
1439,2.0,25.0,30.0,0.7,10000.0,101.0,0.1678378532330195
1440,2.0,25.0,35.0,0.3,0.0,135.0,0.14717090129852295
1441,2.0,25.0,35.0,0.3,10.0,82.0,0.15849177539348602
1442,2.0,25.0,35.0,0.3,100.0,105.0,0.15298333764076233
1443,2.0,25.0,35.0,0.3,1000.0,105.0,0.1563914269208908
1444,2.0,25.0,35.0,0.3,10000.0,152.0,0.14418337990840277
1445,2.0,25.0,35.0,0.5,0.0,136.0,0.15324009458223978
1446,2.0,25.0,35.0,0.5,10.0,76.0,0.16946907341480255
1447,2.0,25.0,35.0,0.5,100.0,100.0,0.16134725014368692
1448,2.0,25.0,35.0,0.5,1000.0,117.0,0.16009433070818582
1449,2.0,25.0,35.0,0.5,10000.0,112.0,0.15590404470761618
1450,2.0,25.0,35.0,0.7,0.0,94.0,0.17078167696793875
1451,2.0,25.0,35.0,0.7,10.0,95.0,0.16803201039632162
1452,2.0,25.0,35.0,0.7,100.0,65.0,0.18255084256331125
1453,2.0,25.0,35.0,0.7,1000.0,63.0,0.18442400296529135
1454,2.0,25.0,35.0,0.7,10000.0,93.0,0.1696497599283854
1455,2.0,25.0,40.0,0.3,0.0,106.0,0.14846987277269363
1456,2.0,25.0,40.0,0.3,10.0,135.0,0.15520311892032623
1457,2.0,25.0,40.0,0.3,100.0,121.0,0.14908543229103088
1458,2.0,25.0,40.0,0.3,1000.0,117.0,0.15345614155133566
1459,2.0,25.0,40.0,0.3,10000.0,145.0,0.1460003380974134
1460,2.0,25.0,40.0,0.5,0.0,106.0,0.15274375677108765
1461,2.0,25.0,40.0,0.5,10.0,122.0,0.15869859357674918
1462,2.0,25.0,40.0,0.5,100.0,135.0,0.14997204641501108
1463,2.0,25.0,40.0,0.5,1000.0,80.0,0.16186177730560303
1464,2.0,25.0,40.0,0.5,10000.0,84.0,0.1616964340209961
1465,2.0,25.0,40.0,0.7,0.0,69.0,0.16934891045093536
1466,2.0,25.0,40.0,0.7,10.0,53.0,0.18425210316975912
1467,2.0,25.0,40.0,0.7,100.0,114.0,0.16670836508274078
1468,2.0,25.0,40.0,0.7,1000.0,100.0,0.16456625362237295
1469,2.0,25.0,40.0,0.7,10000.0,99.0,0.1681889146566391
1470,2.0,25.0,45.0,0.3,0.0,70.0,0.15849479039510092
1471,2.0,25.0,45.0,0.3,10.0,99.0,0.15848909815152487
1472,2.0,25.0,45.0,0.3,100.0,102.0,0.15582840144634247
1473,2.0,25.0,45.0,0.3,1000.0,71.0,0.15882286926110586
1474,2.0,25.0,45.0,0.3,10000.0,101.0,0.15695229172706604
1475,2.0,25.0,45.0,0.5,0.0,82.0,0.1611457665761312
1476,2.0,25.0,45.0,0.5,10.0,98.0,0.16334998110930124
1477,2.0,25.0,45.0,0.5,100.0,149.0,0.1562834531068802
1478,2.0,25.0,45.0,0.5,1000.0,84.0,0.15986854334672293
1479,2.0,25.0,45.0,0.5,10000.0,94.0,0.1630270630121231
1480,2.0,25.0,45.0,0.7,0.0,106.0,0.1651653250058492
1481,2.0,25.0,45.0,0.7,10.0,95.0,0.17037921647230783
1482,2.0,25.0,45.0,0.7,100.0,92.0,0.16918558875719705
1483,2.0,25.0,45.0,0.7,1000.0,48.0,0.18976451953252158
1484,2.0,25.0,45.0,0.7,10000.0,104.0,0.1666219780842463
1485,2.0,25.0,50.0,0.3,0.0,123.0,0.14908653994401297
1486,2.0,25.0,50.0,0.3,10.0,150.0,0.15228406339883804
1487,2.0,25.0,50.0,0.3,100.0,101.0,0.154489666223526
1488,2.0,25.0,50.0,0.3,1000.0,114.0,0.1552950938542684
1489,2.0,25.0,50.0,0.3,10000.0,144.0,0.1470279097557068
1490,2.0,25.0,50.0,0.5,0.0,113.0,0.1526326114932696
1491,2.0,25.0,50.0,0.5,10.0,78.0,0.161472017566363
1492,2.0,25.0,50.0,0.5,100.0,156.0,0.1580327401558558
1493,2.0,25.0,50.0,0.5,1000.0,107.0,0.15198065837224325
1494,2.0,25.0,50.0,0.5,10000.0,144.0,0.15545500814914703
1495,2.0,25.0,50.0,0.7,0.0,73.0,0.17384673158327738
1496,2.0,25.0,50.0,0.7,10.0,93.0,0.17004134257634482
1497,2.0,25.0,50.0,0.7,100.0,83.0,0.17381618916988373
1498,2.0,25.0,50.0,0.7,1000.0,106.0,0.15773230294386545
1499,2.0,25.0,50.0,0.7,10000.0,94.0,0.17016094426314035
1500,1.0,30.0,5.0,0.3,0.0,106.0,0.17793235182762146
1501,1.0,30.0,5.0,0.3,10.0,58.0,0.18569567302862802
1502,1.0,30.0,5.0,0.3,100.0,122.0,0.1687287986278534
1503,1.0,30.0,5.0,0.3,1000.0,117.0,0.1797133187452952
1504,1.0,30.0,5.0,0.3,10000.0,76.0,0.1755510171254476
1505,1.0,30.0,5.0,0.5,0.0,78.0,0.2217922161022822
1506,1.0,30.0,5.0,0.5,10.0,47.0,0.2035022427638372
1507,1.0,30.0,5.0,0.5,100.0,61.0,0.2071827749411265
1508,1.0,30.0,5.0,0.5,1000.0,69.0,0.2288346290588379
1509,1.0,30.0,5.0,0.5,10000.0,75.0,0.19505004088083902
1510,1.0,30.0,5.0,0.7,0.0,39.0,0.2947972317536672
1511,1.0,30.0,5.0,0.7,10.0,36.0,0.2619018902381261
1512,1.0,30.0,5.0,0.7,100.0,44.0,0.28235510488351184
1513,1.0,30.0,5.0,0.7,1000.0,70.0,0.2893746693929036
1514,1.0,30.0,5.0,0.7,10000.0,70.0,0.2522532045841217
1515,1.0,30.0,10.0,0.3,0.0,89.0,0.17043169339497885
1516,1.0,30.0,10.0,0.3,10.0,152.0,0.1600319097439448
1517,1.0,30.0,10.0,0.3,100.0,137.0,0.1581310381491979
1518,1.0,30.0,10.0,0.3,1000.0,184.0,0.15668408572673798
1519,1.0,30.0,10.0,0.3,10000.0,115.0,0.16148407757282257
1520,1.0,30.0,10.0,0.5,0.0,91.0,0.18262632687886557
1521,1.0,30.0,10.0,0.5,10.0,64.0,0.1863216757774353
1522,1.0,30.0,10.0,0.5,100.0,93.0,0.18025807539621988
1523,1.0,30.0,10.0,0.5,1000.0,69.0,0.18441689511140189
1524,1.0,30.0,10.0,0.5,10000.0,76.0,0.18720375498135886
1525,1.0,30.0,10.0,0.7,0.0,38.0,0.2283990035454432
1526,1.0,30.0,10.0,0.7,10.0,62.0,0.2147755821545919
1527,1.0,30.0,10.0,0.7,100.0,46.0,0.2212686985731125
1528,1.0,30.0,10.0,0.7,1000.0,94.0,0.2194135139385859
1529,1.0,30.0,10.0,0.7,10000.0,70.0,0.21802930037180582
1530,1.0,30.0,15.0,0.3,0.0,105.0,0.1634131669998169
1531,1.0,30.0,15.0,0.3,10.0,122.0,0.15916565557320914
1532,1.0,30.0,15.0,0.3,100.0,161.0,0.16206321120262146
1533,1.0,30.0,15.0,0.3,1000.0,161.0,0.15951049327850342
1534,1.0,30.0,15.0,0.3,10000.0,100.0,0.16833524902661642
1535,1.0,30.0,15.0,0.5,0.0,75.0,0.1818690448999405
1536,1.0,30.0,15.0,0.5,10.0,123.0,0.16974500815073648
1537,1.0,30.0,15.0,0.5,100.0,85.0,0.18126115699609122
1538,1.0,30.0,15.0,0.5,1000.0,97.0,0.18019039928913116
1539,1.0,30.0,15.0,0.5,10000.0,108.0,0.17399685084819794
1540,1.0,30.0,15.0,0.7,0.0,78.0,0.19985234240690866
1541,1.0,30.0,15.0,0.7,10.0,55.0,0.20518759389718375
1542,1.0,30.0,15.0,0.7,100.0,57.0,0.20599863429864249
1543,1.0,30.0,15.0,0.7,1000.0,47.0,0.20461077491442362
1544,1.0,30.0,15.0,0.7,10000.0,52.0,0.20917156338691711
1545,1.0,30.0,20.0,0.3,0.0,156.0,0.15713959435621896
1546,1.0,30.0,20.0,0.3,10.0,120.0,0.15443403522173563
1547,1.0,30.0,20.0,0.3,100.0,193.0,0.15332370499769846
1548,1.0,30.0,20.0,0.3,1000.0,142.0,0.15789223710695902
1549,1.0,30.0,20.0,0.3,10000.0,94.0,0.1710421840349833
1550,1.0,30.0,20.0,0.5,0.0,78.0,0.18018792569637299
1551,1.0,30.0,20.0,0.5,10.0,84.0,0.17637483278910318
1552,1.0,30.0,20.0,0.5,100.0,66.0,0.18237046897411346
1553,1.0,30.0,20.0,0.5,1000.0,118.0,0.17553339898586273
1554,1.0,30.0,20.0,0.5,10000.0,77.0,0.1796937237183253
1555,1.0,30.0,20.0,0.7,0.0,69.0,0.1954533209403356
1556,1.0,30.0,20.0,0.7,10.0,62.0,0.19470849136511484
1557,1.0,30.0,20.0,0.7,100.0,68.0,0.19981792569160461
1558,1.0,30.0,20.0,0.7,1000.0,70.0,0.19914733370145163
1559,1.0,30.0,20.0,0.7,10000.0,86.0,0.19023665289084116
1560,1.0,30.0,25.0,0.3,0.0,130.0,0.15753758450349173
1561,1.0,30.0,25.0,0.3,10.0,147.0,0.15596371392409006
1562,1.0,30.0,25.0,0.3,100.0,179.0,0.1527796983718872
1563,1.0,30.0,25.0,0.3,1000.0,163.0,0.14904730270306268
1564,1.0,30.0,25.0,0.3,10000.0,73.0,0.1703605850537618
1565,1.0,30.0,25.0,0.5,0.0,105.0,0.1683866629997889
1566,1.0,30.0,25.0,0.5,10.0,93.0,0.172474538286527
1567,1.0,30.0,25.0,0.5,100.0,88.0,0.17625547448794046
1568,1.0,30.0,25.0,0.5,1000.0,118.0,0.17212727665901184
1569,1.0,30.0,25.0,0.5,10000.0,97.0,0.17105277876059213
1570,1.0,30.0,25.0,0.7,0.0,97.0,0.18441061675548553
1571,1.0,30.0,25.0,0.7,10.0,39.0,0.20423457523187002
1572,1.0,30.0,25.0,0.7,100.0,86.0,0.1876076509555181
1573,1.0,30.0,25.0,0.7,1000.0,70.0,0.1946153243382772
1574,1.0,30.0,25.0,0.7,10000.0,78.0,0.18872250119845072
1575,1.0,30.0,30.0,0.3,0.0,126.0,0.1568250209093094
1576,1.0,30.0,30.0,0.3,10.0,212.0,0.15284509460131326
1577,1.0,30.0,30.0,0.3,100.0,193.0,0.15283304701248804
1578,1.0,30.0,30.0,0.3,1000.0,181.0,0.15279279400904974
1579,1.0,30.0,30.0,0.3,10000.0,116.0,0.1683522711197535
1580,1.0,30.0,30.0,0.5,0.0,51.0,0.18119115134080252
1581,1.0,30.0,30.0,0.5,10.0,122.0,0.1731579601764679
1582,1.0,30.0,30.0,0.5,100.0,60.0,0.17967248956362405
1583,1.0,30.0,30.0,0.5,1000.0,195.0,0.16191883385181427
1584,1.0,30.0,30.0,0.5,10000.0,78.0,0.17641874651114145
1585,1.0,30.0,30.0,0.7,0.0,81.0,0.18952917059262595
1586,1.0,30.0,30.0,0.7,10.0,54.0,0.19200670719146729
1587,1.0,30.0,30.0,0.7,100.0,67.0,0.18952827155590057
1588,1.0,30.0,30.0,0.7,1000.0,61.0,0.19191252191861471
1589,1.0,30.0,30.0,0.7,10000.0,52.0,0.1957043707370758
1590,1.0,30.0,35.0,0.3,0.0,145.0,0.1519689510265986
1591,1.0,30.0,35.0,0.3,10.0,178.0,0.15908908347288767
1592,1.0,30.0,35.0,0.3,100.0,157.0,0.1522522841890653
1593,1.0,30.0,35.0,0.3,1000.0,128.0,0.15964722633361816
1594,1.0,30.0,35.0,0.3,10000.0,122.0,0.1587811013062795
1595,1.0,30.0,35.0,0.5,0.0,129.0,0.16324948767820993
1596,1.0,30.0,35.0,0.5,10.0,89.0,0.17523304124673209
1597,1.0,30.0,35.0,0.5,100.0,74.0,0.17689132193724313
1598,1.0,30.0,35.0,0.5,1000.0,143.0,0.1618798573811849
1599,1.0,30.0,35.0,0.5,10000.0,202.0,0.1597508837779363
1600,1.0,30.0,35.0,0.7,0.0,70.0,0.1855787386496862
1601,1.0,30.0,35.0,0.7,10.0,91.0,0.18615655104319254
1602,1.0,30.0,35.0,0.7,100.0,60.0,0.19014024237791696
1603,1.0,30.0,35.0,0.7,1000.0,67.0,0.1878604789574941
1604,1.0,30.0,35.0,0.7,10000.0,76.0,0.1874669591585795
1605,1.0,30.0,40.0,0.3,0.0,224.0,0.1497830847899119
1606,1.0,30.0,40.0,0.3,10.0,89.0,0.16746420661608377
1607,1.0,30.0,40.0,0.3,100.0,177.0,0.1556522399187088
1608,1.0,30.0,40.0,0.3,1000.0,139.0,0.16296619176864624
1609,1.0,30.0,40.0,0.3,10000.0,163.0,0.14657134314378104
1610,1.0,30.0,40.0,0.5,0.0,100.0,0.17135516305764517
1611,1.0,30.0,40.0,0.5,10.0,89.0,0.1730118046204249
1612,1.0,30.0,40.0,0.5,100.0,116.0,0.1721589614947637
1613,1.0,30.0,40.0,0.5,1000.0,53.0,0.18474449714024863
1614,1.0,30.0,40.0,0.5,10000.0,191.0,0.15967259307702383
1615,1.0,30.0,40.0,0.7,0.0,70.0,0.18476508061091104
1616,1.0,30.0,40.0,0.7,10.0,89.0,0.1817723512649536
1617,1.0,30.0,40.0,0.7,100.0,63.0,0.18827497959136963
1618,1.0,30.0,40.0,0.7,1000.0,88.0,0.18760966757933298
1619,1.0,30.0,40.0,0.7,10000.0,164.0,0.17479170858860016
1620,1.0,30.0,45.0,0.3,0.0,157.0,0.15358188251654306
1621,1.0,30.0,45.0,0.3,10.0,108.0,0.16385571658611298
1622,1.0,30.0,45.0,0.3,100.0,152.0,0.15991905331611633
1623,1.0,30.0,45.0,0.3,1000.0,183.0,0.15452288587888083
1624,1.0,30.0,45.0,0.3,10000.0,92.0,0.16428452730178833
1625,1.0,30.0,45.0,0.5,0.0,158.0,0.16300304730733237
1626,1.0,30.0,45.0,0.5,10.0,183.0,0.16161887844403586
1627,1.0,30.0,45.0,0.5,100.0,60.0,0.17890624205271402
1628,1.0,30.0,45.0,0.5,1000.0,53.0,0.18375935157140097
1629,1.0,30.0,45.0,0.5,10000.0,108.0,0.1706248770157496
1630,1.0,30.0,45.0,0.7,0.0,56.0,0.19140763580799103
1631,1.0,30.0,45.0,0.7,10.0,73.0,0.18499346574147543
1632,1.0,30.0,45.0,0.7,100.0,86.0,0.18495421608289084
1633,1.0,30.0,45.0,0.7,1000.0,53.0,0.19194544851779938
1634,1.0,30.0,45.0,0.7,10000.0,66.0,0.18471483886241913
1635,1.0,30.0,50.0,0.3,0.0,205.0,0.15137063215176264
1636,1.0,30.0,50.0,0.3,10.0,137.0,0.15390322605768839
1637,1.0,30.0,50.0,0.3,100.0,183.0,0.15510671585798264
1638,1.0,30.0,50.0,0.3,1000.0,128.0,0.1625885715087255
1639,1.0,30.0,50.0,0.3,10000.0,163.0,0.15218535810709
1640,1.0,30.0,50.0,0.5,0.0,51.0,0.18256507317225137
1641,1.0,30.0,50.0,0.5,10.0,129.0,0.16505699356396994
1642,1.0,30.0,50.0,0.5,100.0,96.0,0.17483903467655182
1643,1.0,30.0,50.0,0.5,1000.0,97.0,0.17742321888605753
1644,1.0,30.0,50.0,0.5,10000.0,96.0,0.17028742035230002
1645,1.0,30.0,50.0,0.7,0.0,107.0,0.18100572625796
1646,1.0,30.0,50.0,0.7,10.0,54.0,0.190362016359965
1647,1.0,30.0,50.0,0.7,100.0,73.0,0.18714144825935364
1648,1.0,30.0,50.0,0.7,1000.0,91.0,0.1850457489490509
1649,1.0,30.0,50.0,0.7,10000.0,64.0,0.18393794695536295
1650,2.0,30.0,5.0,0.3,0.0,95.0,0.160207728544871
1651,2.0,30.0,5.0,0.3,10.0,90.0,0.16695901254812875
1652,2.0,30.0,5.0,0.3,100.0,106.0,0.15837231278419495
1653,2.0,30.0,5.0,0.3,1000.0,100.0,0.1569936772187551
1654,2.0,30.0,5.0,0.3,10000.0,67.0,0.17545891801516214
1655,2.0,30.0,5.0,0.5,0.0,39.0,0.20610384146372476
1656,2.0,30.0,5.0,0.5,10.0,64.0,0.18813791871070862
1657,2.0,30.0,5.0,0.5,100.0,60.0,0.20555969576040903
1658,2.0,30.0,5.0,0.5,1000.0,91.0,0.17120708028475443
1659,2.0,30.0,5.0,0.5,10000.0,75.0,0.2075782517592112
1660,2.0,30.0,5.0,0.7,0.0,39.0,0.25301280121008557
1661,2.0,30.0,5.0,0.7,10.0,31.0,0.25143129130204517
1662,2.0,30.0,5.0,0.7,100.0,61.0,0.24953092634677887
1663,2.0,30.0,5.0,0.7,1000.0,67.0,0.22776075700918832
1664,2.0,30.0,5.0,0.7,10000.0,90.0,0.27054345111052197
1665,2.0,30.0,10.0,0.3,0.0,94.0,0.15254550178845724
1666,2.0,30.0,10.0,0.3,10.0,143.0,0.14821498841047287
1667,2.0,30.0,10.0,0.3,100.0,95.0,0.16518750290075937
1668,2.0,30.0,10.0,0.3,1000.0,164.0,0.14987165480852127
1669,2.0,30.0,10.0,0.3,10000.0,100.0,0.154135063290596
1670,2.0,30.0,10.0,0.5,0.0,91.0,0.17300335069497427
1671,2.0,30.0,10.0,0.5,10.0,110.0,0.16340234875679016
1672,2.0,30.0,10.0,0.5,100.0,104.0,0.1680807818969091
1673,2.0,30.0,10.0,0.5,1000.0,153.0,0.1628128389517466
1674,2.0,30.0,10.0,0.5,10000.0,100.0,0.1654168665409088
1675,2.0,30.0,10.0,0.7,0.0,124.0,0.19596433639526367
1676,2.0,30.0,10.0,0.7,10.0,57.0,0.210612490773201
1677,2.0,30.0,10.0,0.7,100.0,55.0,0.21131224930286407
1678,2.0,30.0,10.0,0.7,1000.0,77.0,0.20986334482828775
1679,2.0,30.0,10.0,0.7,10000.0,40.0,0.22487559914588928
1680,2.0,30.0,15.0,0.3,0.0,105.0,0.15132071822881699
1681,2.0,30.0,15.0,0.3,10.0,85.0,0.15420049925645193
1682,2.0,30.0,15.0,0.3,100.0,89.0,0.16199209789435068
1683,2.0,30.0,15.0,0.3,1000.0,83.0,0.15232359866301218
1684,2.0,30.0,15.0,0.3,10000.0,102.0,0.15573174506425858
1685,2.0,30.0,15.0,0.5,0.0,112.0,0.15554610391457876
1686,2.0,30.0,15.0,0.5,10.0,101.0,0.16442376375198364
1687,2.0,30.0,15.0,0.5,100.0,115.0,0.1658450961112976
1688,2.0,30.0,15.0,0.5,1000.0,102.0,0.1577487736940384
1689,2.0,30.0,15.0,0.5,10000.0,65.0,0.16789228220780691
1690,2.0,30.0,15.0,0.7,0.0,105.0,0.17655909061431885
1691,2.0,30.0,15.0,0.7,10.0,60.0,0.19999662041664124
1692,2.0,30.0,15.0,0.7,100.0,57.0,0.19482263922691345
1693,2.0,30.0,15.0,0.7,1000.0,46.0,0.20175823072592416
1694,2.0,30.0,15.0,0.7,10000.0,72.0,0.20298214753468832
1695,2.0,30.0,20.0,0.3,0.0,73.0,0.16356690227985382
1696,2.0,30.0,20.0,0.3,10.0,103.0,0.14984124153852463
1697,2.0,30.0,20.0,0.3,100.0,106.0,0.15219607949256897
1698,2.0,30.0,20.0,0.3,1000.0,100.0,0.15451509257157645
1699,2.0,30.0,20.0,0.3,10000.0,115.0,0.1517406329512596
1700,2.0,30.0,20.0,0.5,0.0,80.0,0.16780292987823486
1701,2.0,30.0,20.0,0.5,10.0,120.0,0.15822969377040863
1702,2.0,30.0,20.0,0.5,100.0,128.0,0.15391749640305838
1703,2.0,30.0,20.0,0.5,1000.0,100.0,0.16169439752896628
1704,2.0,30.0,20.0,0.5,10000.0,76.0,0.17273717621962228
1705,2.0,30.0,20.0,0.7,0.0,68.0,0.18080277740955353
1706,2.0,30.0,20.0,0.7,10.0,61.0,0.19905921320120493
1707,2.0,30.0,20.0,0.7,100.0,125.0,0.1684069981177648
1708,2.0,30.0,20.0,0.7,1000.0,117.0,0.1717230131228765
1709,2.0,30.0,20.0,0.7,10000.0,52.0,0.19816901783148447
1710,2.0,30.0,25.0,0.3,0.0,95.0,0.15601452688376108
1711,2.0,30.0,25.0,0.3,10.0,149.0,0.14931643505891165
1712,2.0,30.0,25.0,0.3,100.0,98.0,0.1557755172252655
1713,2.0,30.0,25.0,0.3,1000.0,103.0,0.15097575138012567
1714,2.0,30.0,25.0,0.3,10000.0,84.0,0.1616134693225225
1715,2.0,30.0,25.0,0.5,0.0,81.0,0.16404040157794952
1716,2.0,30.0,25.0,0.5,10.0,116.0,0.1625980536142985
1717,2.0,30.0,25.0,0.5,100.0,103.0,0.15895614524682364
1718,2.0,30.0,25.0,0.5,1000.0,125.0,0.15202001482248306
1719,2.0,30.0,25.0,0.5,10000.0,95.0,0.16384480893611908
1720,2.0,30.0,25.0,0.7,0.0,53.0,0.1947054366270701
1721,2.0,30.0,25.0,0.7,10.0,59.0,0.18808524310588837
1722,2.0,30.0,25.0,0.7,100.0,67.0,0.1836574524641037
1723,2.0,30.0,25.0,0.7,1000.0,55.0,0.18899372716744742
1724,2.0,30.0,25.0,0.7,10000.0,88.0,0.1768449991941452
1725,2.0,30.0,30.0,0.3,0.0,81.0,0.15983970959981283
1726,2.0,30.0,30.0,0.3,10.0,129.0,0.15497484803199768
1727,2.0,30.0,30.0,0.3,100.0,157.0,0.14586571604013443
1728,2.0,30.0,30.0,0.3,1000.0,103.0,0.15300583094358444
1729,2.0,30.0,30.0,0.3,10000.0,70.0,0.16057864328225455
1730,2.0,30.0,30.0,0.5,0.0,79.0,0.16146773596604666
1731,2.0,30.0,30.0,0.5,10.0,122.0,0.1602395921945572
1732,2.0,30.0,30.0,0.5,100.0,81.0,0.16562560697396597
1733,2.0,30.0,30.0,0.5,1000.0,135.0,0.15288270513216654
1734,2.0,30.0,30.0,0.5,10000.0,89.0,0.15523167451222739
1735,2.0,30.0,30.0,0.7,0.0,105.0,0.16860491534074148
1736,2.0,30.0,30.0,0.7,10.0,110.0,0.17372126380602518
1737,2.0,30.0,30.0,0.7,100.0,133.0,0.16353467603524527
1738,2.0,30.0,30.0,0.7,1000.0,127.0,0.16422738134860992
1739,2.0,30.0,30.0,0.7,10000.0,70.0,0.17843378086884817
1740,2.0,30.0,35.0,0.3,0.0,98.0,0.1553946336110433
1741,2.0,30.0,35.0,0.3,10.0,96.0,0.1627975950638453
1742,2.0,30.0,35.0,0.3,100.0,93.0,0.15912632644176483
1743,2.0,30.0,35.0,0.3,1000.0,177.0,0.13997398813565573
1744,2.0,30.0,35.0,0.3,10000.0,115.0,0.14190518607695898
1745,2.0,30.0,35.0,0.5,0.0,103.0,0.16097955405712128
1746,2.0,30.0,35.0,0.5,10.0,96.0,0.16018582383791605
1747,2.0,30.0,35.0,0.5,100.0,164.0,0.1556643396615982
1748,2.0,30.0,35.0,0.5,1000.0,103.0,0.153163214524587
1749,2.0,30.0,35.0,0.5,10000.0,84.0,0.15658012529214224
1750,2.0,30.0,35.0,0.7,0.0,127.0,0.16525825361410776
1751,2.0,30.0,35.0,0.7,10.0,103.0,0.1771457940340042
1752,2.0,30.0,35.0,0.7,100.0,110.0,0.17231622835000357
1753,2.0,30.0,35.0,0.7,1000.0,129.0,0.16188404460748038
1754,2.0,30.0,35.0,0.7,10000.0,81.0,0.17821120719114938
1755,2.0,30.0,40.0,0.3,0.0,145.0,0.14828494936227798
1756,2.0,30.0,40.0,0.3,10.0,153.0,0.1447277069091797
1757,2.0,30.0,40.0,0.3,100.0,180.0,0.14447524646917978
1758,2.0,30.0,40.0,0.3,1000.0,133.0,0.14729894449313483
1759,2.0,30.0,40.0,0.3,10000.0,118.0,0.14878965665896735
1760,2.0,30.0,40.0,0.5,0.0,97.0,0.15811132887999216
1761,2.0,30.0,40.0,0.5,10.0,146.0,0.15063811590274176
1762,2.0,30.0,40.0,0.5,100.0,110.0,0.1615711251894633
1763,2.0,30.0,40.0,0.5,1000.0,114.0,0.15063687413930893
1764,2.0,30.0,40.0,0.5,10000.0,110.0,0.15076439082622528
1765,2.0,30.0,40.0,0.7,0.0,80.0,0.1679346263408661
1766,2.0,30.0,40.0,0.7,10.0,102.0,0.16794907550017038
1767,2.0,30.0,40.0,0.7,100.0,111.0,0.17198108633359274
1768,2.0,30.0,40.0,0.7,1000.0,52.0,0.18562876184781393
1769,2.0,30.0,40.0,0.7,10000.0,83.0,0.16859190165996552
1770,2.0,30.0,45.0,0.3,0.0,96.0,0.15932758649190268
1771,2.0,30.0,45.0,0.3,10.0,129.0,0.15202885617812475
1772,2.0,30.0,45.0,0.3,100.0,90.0,0.15590298672517142
1773,2.0,30.0,45.0,0.3,1000.0,130.0,0.14473401755094528
1774,2.0,30.0,45.0,0.3,10000.0,77.0,0.1548338383436203
1775,2.0,30.0,45.0,0.5,0.0,79.0,0.16498106718063354
1776,2.0,30.0,45.0,0.5,10.0,149.0,0.1504953627785047
1777,2.0,30.0,45.0,0.5,100.0,92.0,0.16670129696528116
1778,2.0,30.0,45.0,0.5,1000.0,142.0,0.14714088787635168
1779,2.0,30.0,45.0,0.5,10000.0,77.0,0.15622316797574362
1780,2.0,30.0,45.0,0.7,0.0,85.0,0.17496123909950256
1781,2.0,30.0,45.0,0.7,10.0,137.0,0.16033023595809937
1782,2.0,30.0,45.0,0.7,100.0,111.0,0.1655000845591227
1783,2.0,30.0,45.0,0.7,1000.0,135.0,0.1708112210035324
1784,2.0,30.0,45.0,0.7,10000.0,66.0,0.1749706119298935
1785,2.0,30.0,50.0,0.3,0.0,117.0,0.1529011478026708
1786,2.0,30.0,50.0,0.3,10.0,106.0,0.1585259959101677
1787,2.0,30.0,50.0,0.3,100.0,180.0,0.14997643480698267
1788,2.0,30.0,50.0,0.3,1000.0,183.0,0.14245856553316116
1789,2.0,30.0,50.0,0.3,10000.0,160.0,0.15809655686219534
1790,2.0,30.0,50.0,0.5,0.0,124.0,0.1564271648724874
1791,2.0,30.0,50.0,0.5,10.0,106.0,0.15882421533266702
1792,2.0,30.0,50.0,0.5,100.0,89.0,0.1579409639040629
1793,2.0,30.0,50.0,0.5,1000.0,72.0,0.1640405704577764
1794,2.0,30.0,50.0,0.5,10000.0,96.0,0.15259519716103873
1795,2.0,30.0,50.0,0.7,0.0,129.0,0.16330688695112863
1796,2.0,30.0,50.0,0.7,10.0,53.0,0.18137213587760925
1797,2.0,30.0,50.0,0.7,100.0,92.0,0.165962482492129
1798,2.0,30.0,50.0,0.7,1000.0,117.0,0.15670672059059143
1799,2.0,30.0,50.0,0.7,10000.0,83.0,0.16514073808987936
1800,1.0,35.0,5.0,0.3,0.0,204.0,0.20849305391311646
1801,1.0,35.0,5.0,0.3,10.0,202.0,0.15783987939357758
1802,1.0,35.0,5.0,0.3,100.0,123.0,0.16395648320515951
1803,1.0,35.0,5.0,0.3,1000.0,260.0,0.21943014860153198
1804,1.0,35.0,5.0,0.3,10000.0,164.0,0.2204397072394689
1805,1.0,35.0,5.0,0.5,0.0,133.0,0.26266051828861237
1806,1.0,35.0,5.0,0.5,10.0,124.0,0.1896881659825643
1807,1.0,35.0,5.0,0.5,100.0,60.0,0.19740615288416544
1808,1.0,35.0,5.0,0.5,1000.0,190.0,0.26584184169769287
1809,1.0,35.0,5.0,0.5,10000.0,125.0,0.2621213396390279
1810,1.0,35.0,5.0,0.7,0.0,83.0,0.323854257663091
1811,1.0,35.0,5.0,0.7,10.0,62.0,0.25258802374204
1812,1.0,35.0,5.0,0.7,100.0,70.0,0.24099852641423544
1813,1.0,35.0,5.0,0.7,1000.0,217.0,0.3116854627927144
1814,1.0,35.0,5.0,0.7,10000.0,163.0,0.3143686254819234
1815,1.0,35.0,10.0,0.3,0.0,111.0,0.1587468534708023
1816,1.0,35.0,10.0,0.3,10.0,146.0,0.1561031093200048
1817,1.0,35.0,10.0,0.3,100.0,115.0,0.16179798046747842
1818,1.0,35.0,10.0,0.3,1000.0,143.0,0.15468734006086984
1819,1.0,35.0,10.0,0.3,10000.0,138.0,0.15263787905375162
1820,1.0,35.0,10.0,0.5,0.0,78.0,0.17906406025091806
1821,1.0,35.0,10.0,0.5,10.0,87.0,0.18609080712000528
1822,1.0,35.0,10.0,0.5,100.0,116.0,0.1738187869389852
1823,1.0,35.0,10.0,0.5,1000.0,69.0,0.18948999543984732
1824,1.0,35.0,10.0,0.5,10000.0,88.0,0.18055590987205505
1825,1.0,35.0,10.0,0.7,0.0,36.0,0.21979968746503195
1826,1.0,35.0,10.0,0.7,10.0,62.0,0.2290592392285665
1827,1.0,35.0,10.0,0.7,100.0,66.0,0.2200425217549006
1828,1.0,35.0,10.0,0.7,1000.0,102.0,0.21199800074100494
1829,1.0,35.0,10.0,0.7,10000.0,73.0,0.21353196601072946
1830,1.0,35.0,15.0,0.3,0.0,157.0,0.15624959270159403
1831,1.0,35.0,15.0,0.3,10.0,147.0,0.1643679936726888
1832,1.0,35.0,15.0,0.3,100.0,95.0,0.16524599492549896
1833,1.0,35.0,15.0,0.3,1000.0,166.0,0.15203609317541122
1834,1.0,35.0,15.0,0.3,10000.0,141.0,0.15183033297459284
1835,1.0,35.0,15.0,0.5,0.0,114.0,0.17761811117331186
1836,1.0,35.0,15.0,0.5,10.0,87.0,0.18099885185559592
1837,1.0,35.0,15.0,0.5,100.0,42.0,0.1922509421904882
1838,1.0,35.0,15.0,0.5,1000.0,54.0,0.18588877220948538
1839,1.0,35.0,15.0,0.5,10000.0,113.0,0.17255949974060059
1840,1.0,35.0,15.0,0.7,0.0,88.0,0.20064031581083933
1841,1.0,35.0,15.0,0.7,10.0,62.0,0.21059657136599222
1842,1.0,35.0,15.0,0.7,100.0,42.0,0.22220816214879355
1843,1.0,35.0,15.0,0.7,1000.0,54.0,0.203611488143603
1844,1.0,35.0,15.0,0.7,10000.0,70.0,0.2005227506160736
1845,1.0,35.0,20.0,0.3,0.0,179.0,0.15163955092430115
1846,1.0,35.0,20.0,0.3,10.0,141.0,0.1602302541335424
1847,1.0,35.0,20.0,0.3,100.0,92.0,0.16573681433995566
1848,1.0,35.0,20.0,0.3,1000.0,179.0,0.14684525380531946
1849,1.0,35.0,20.0,0.3,10000.0,104.0,0.16283275187015533
1850,1.0,35.0,20.0,0.5,0.0,174.0,0.16730614503224692
1851,1.0,35.0,20.0,0.5,10.0,147.0,0.16922889153162637
1852,1.0,35.0,20.0,0.5,100.0,60.0,0.1829825540383657
1853,1.0,35.0,20.0,0.5,1000.0,120.0,0.16867205997308096
1854,1.0,35.0,20.0,0.5,10000.0,104.0,0.17086372276147208
1855,1.0,35.0,20.0,0.7,0.0,71.0,0.20749999582767487
1856,1.0,35.0,20.0,0.7,10.0,55.0,0.19961965580781302
1857,1.0,35.0,20.0,0.7,100.0,99.0,0.19199100136756897
1858,1.0,35.0,20.0,0.7,1000.0,66.0,0.1941913366317749
1859,1.0,35.0,20.0,0.7,10000.0,107.0,0.189414252837499
1860,1.0,35.0,25.0,0.3,0.0,124.0,0.1595136970281601
1861,1.0,35.0,25.0,0.3,10.0,137.0,0.14686172207196554
1862,1.0,35.0,25.0,0.3,100.0,132.0,0.1556695650021235
1863,1.0,35.0,25.0,0.3,1000.0,98.0,0.16521006325880686
1864,1.0,35.0,25.0,0.3,10000.0,134.0,0.15164115279912949
1865,1.0,35.0,25.0,0.5,0.0,96.0,0.17242556810379028
1866,1.0,35.0,25.0,0.5,10.0,88.0,0.17766065895557404
1867,1.0,35.0,25.0,0.5,100.0,75.0,0.1733855257431666
1868,1.0,35.0,25.0,0.5,1000.0,138.0,0.16782275835673013
1869,1.0,35.0,25.0,0.5,10000.0,100.0,0.16788287460803986
1870,1.0,35.0,25.0,0.7,0.0,59.0,0.18971996506055197
1871,1.0,35.0,25.0,0.7,10.0,55.0,0.1965253750483195
1872,1.0,35.0,25.0,0.7,100.0,67.0,0.18636871874332428
1873,1.0,35.0,25.0,0.7,1000.0,81.0,0.18861928582191467
1874,1.0,35.0,25.0,0.7,10000.0,89.0,0.1885868658622106
1875,1.0,35.0,30.0,0.3,0.0,131.0,0.15903013944625854
1876,1.0,35.0,30.0,0.3,10.0,85.0,0.1660276005665461
1877,1.0,35.0,30.0,0.3,100.0,180.0,0.1494312882423401
1878,1.0,35.0,30.0,0.3,1000.0,168.0,0.14202427367369333
1879,1.0,35.0,30.0,0.3,10000.0,118.0,0.15950204928716025
1880,1.0,35.0,30.0,0.5,0.0,86.0,0.17037735879421234
1881,1.0,35.0,30.0,0.5,10.0,131.0,0.16401401162147522
1882,1.0,35.0,30.0,0.5,100.0,136.0,0.16238359610239664
1883,1.0,35.0,30.0,0.5,1000.0,115.0,0.16925745209058127
1884,1.0,35.0,30.0,0.5,10000.0,79.0,0.1757365663846334
1885,1.0,35.0,30.0,0.7,0.0,70.0,0.18756930033365884
1886,1.0,35.0,30.0,0.7,10.0,82.0,0.18550226092338562
1887,1.0,35.0,30.0,0.7,100.0,94.0,0.18537911772727966
1888,1.0,35.0,30.0,0.7,1000.0,47.0,0.19569997986157736
1889,1.0,35.0,30.0,0.7,10000.0,91.0,0.1823644240697225
1890,1.0,35.0,35.0,0.3,0.0,142.0,0.15313085168600082
1891,1.0,35.0,35.0,0.3,10.0,132.0,0.16316435734430948
1892,1.0,35.0,35.0,0.3,100.0,134.0,0.15565269937117895
1893,1.0,35.0,35.0,0.3,1000.0,158.0,0.14950084189573923
1894,1.0,35.0,35.0,0.3,10000.0,43.0,0.184744526942571
1895,1.0,35.0,35.0,0.5,0.0,83.0,0.1769316444794337
1896,1.0,35.0,35.0,0.5,10.0,110.0,0.1675829142332077
1897,1.0,35.0,35.0,0.5,100.0,66.0,0.17572754124800363
1898,1.0,35.0,35.0,0.5,1000.0,169.0,0.16087894141674042
1899,1.0,35.0,35.0,0.5,10000.0,41.0,0.18640990058581033
1900,1.0,35.0,35.0,0.7,0.0,69.0,0.18708765506744385
1901,1.0,35.0,35.0,0.7,10.0,48.0,0.19296033680438995
1902,1.0,35.0,35.0,0.7,100.0,68.0,0.18714817861715952
1903,1.0,35.0,35.0,0.7,1000.0,100.0,0.18415718277295431
1904,1.0,35.0,35.0,0.7,10000.0,68.0,0.18861079216003418
1905,1.0,35.0,40.0,0.3,0.0,141.0,0.1479331279794375
1906,1.0,35.0,40.0,0.3,10.0,166.0,0.15805784612894058
1907,1.0,35.0,40.0,0.3,100.0,133.0,0.15691745281219482
1908,1.0,35.0,40.0,0.3,1000.0,158.0,0.14919319997231165
1909,1.0,35.0,40.0,0.3,10000.0,154.0,0.16136075059572855
1910,1.0,35.0,40.0,0.5,0.0,108.0,0.17202667891979218
1911,1.0,35.0,40.0,0.5,10.0,156.0,0.16564280788103738
1912,1.0,35.0,40.0,0.5,100.0,116.0,0.17105148235956827
1913,1.0,35.0,40.0,0.5,1000.0,102.0,0.17305400967597961
1914,1.0,35.0,40.0,0.5,10000.0,131.0,0.16496487458546957
1915,1.0,35.0,40.0,0.7,0.0,111.0,0.1831296980381012
1916,1.0,35.0,40.0,0.7,10.0,88.0,0.18504546582698822
1917,1.0,35.0,40.0,0.7,100.0,104.0,0.1786212076743444
1918,1.0,35.0,40.0,0.7,1000.0,66.0,0.192326749364535
1919,1.0,35.0,40.0,0.7,10000.0,87.0,0.18365266422430673
1920,1.0,35.0,45.0,0.3,0.0,175.0,0.1511150375008583
1921,1.0,35.0,45.0,0.3,10.0,186.0,0.15753745784362158
1922,1.0,35.0,45.0,0.3,100.0,204.0,0.14926361292600632
1923,1.0,35.0,45.0,0.3,1000.0,143.0,0.15226752559343973
1924,1.0,35.0,45.0,0.3,10000.0,112.0,0.15257728844881058
1925,1.0,35.0,45.0,0.5,0.0,70.0,0.17575869957605997
1926,1.0,35.0,45.0,0.5,10.0,122.0,0.1719837635755539
1927,1.0,35.0,45.0,0.5,100.0,177.0,0.1589468369881312
1928,1.0,35.0,45.0,0.5,1000.0,197.0,0.15236379702885947
1929,1.0,35.0,45.0,0.5,10000.0,78.0,0.17456594109535217
1930,1.0,35.0,45.0,0.7,0.0,135.0,0.17319985230763754
1931,1.0,35.0,45.0,0.7,10.0,73.0,0.18446786204973856
1932,1.0,35.0,45.0,0.7,100.0,52.0,0.1857834110657374
1933,1.0,35.0,45.0,0.7,1000.0,68.0,0.18610557913780212
1934,1.0,35.0,45.0,0.7,10000.0,81.0,0.18239493171374002
1935,1.0,35.0,50.0,0.3,0.0,92.0,0.16053939362366995
1936,1.0,35.0,50.0,0.3,10.0,150.0,0.1565623382727305
1937,1.0,35.0,50.0,0.3,100.0,47.0,0.17905664443969727
1938,1.0,35.0,50.0,0.3,1000.0,57.0,0.17903012037277222
1939,1.0,35.0,50.0,0.3,10000.0,69.0,0.1716605325539907
1940,1.0,35.0,50.0,0.5,0.0,136.0,0.16176647444566092
1941,1.0,35.0,50.0,0.5,10.0,137.0,0.1692224989334742
1942,1.0,35.0,50.0,0.5,100.0,53.0,0.18338286876678467
1943,1.0,35.0,50.0,0.5,1000.0,68.0,0.1821408967177073
1944,1.0,35.0,50.0,0.5,10000.0,63.0,0.17788087824980417
1945,1.0,35.0,50.0,0.7,0.0,78.0,0.18002708752950033
1946,1.0,35.0,50.0,0.7,10.0,67.0,0.18888768057028452
1947,1.0,35.0,50.0,0.7,100.0,56.0,0.19044182201226553
1948,1.0,35.0,50.0,0.7,1000.0,75.0,0.1852088322242101
1949,1.0,35.0,50.0,0.7,10000.0,70.0,0.18459570904572806
1950,2.0,35.0,5.0,0.3,0.0,134.0,0.15367400149504343
1951,2.0,35.0,5.0,0.3,10.0,111.0,0.1711131433645884
1952,2.0,35.0,5.0,0.3,100.0,107.0,0.16859360535939535
1953,2.0,35.0,5.0,0.3,1000.0,108.0,0.16109378139177957
1954,2.0,35.0,5.0,0.3,10000.0,76.0,0.1590131918589274
1955,2.0,35.0,5.0,0.5,0.0,65.0,0.19056455790996552
1956,2.0,35.0,5.0,0.5,10.0,103.0,0.17470158636569977
1957,2.0,35.0,5.0,0.5,100.0,60.0,0.210920383532842
1958,2.0,35.0,5.0,0.5,1000.0,89.0,0.18293419480323792
1959,2.0,35.0,5.0,0.5,10000.0,88.0,0.1916735221942266
1960,2.0,35.0,5.0,0.7,0.0,43.0,0.23646652698516846
1961,2.0,35.0,5.0,0.7,10.0,61.0,0.2431647131840388
1962,2.0,35.0,5.0,0.7,100.0,56.0,0.25411950548489887
1963,2.0,35.0,5.0,0.7,1000.0,45.0,0.2450257937113444
1964,2.0,35.0,5.0,0.7,10000.0,118.0,0.21121959884961447
1965,2.0,35.0,10.0,0.3,0.0,105.0,0.15294387439886728
1966,2.0,35.0,10.0,0.3,10.0,70.0,0.16181652744611105
1967,2.0,35.0,10.0,0.3,100.0,99.0,0.15692039330800375
1968,2.0,35.0,10.0,0.3,1000.0,93.0,0.1528024896979332
1969,2.0,35.0,10.0,0.3,10000.0,107.0,0.15622654060522714
1970,2.0,35.0,10.0,0.5,0.0,88.0,0.16427533825238547
1971,2.0,35.0,10.0,0.5,10.0,118.0,0.1608988493680954
1972,2.0,35.0,10.0,0.5,100.0,63.0,0.19175326824188232
1973,2.0,35.0,10.0,0.5,1000.0,89.0,0.17091666162014008
1974,2.0,35.0,10.0,0.5,10000.0,31.0,0.1977612574895223
1975,2.0,35.0,10.0,0.7,0.0,35.0,0.21961091458797455
1976,2.0,35.0,10.0,0.7,10.0,92.0,0.18732748428980509
1977,2.0,35.0,10.0,0.7,100.0,46.0,0.23660684128602347
1978,2.0,35.0,10.0,0.7,1000.0,87.0,0.1980140507221222
1979,2.0,35.0,10.0,0.7,10000.0,55.0,0.2243354320526123
1980,2.0,35.0,15.0,0.3,0.0,102.0,0.14821678648392358
1981,2.0,35.0,15.0,0.3,10.0,89.0,0.1594639172156652
1982,2.0,35.0,15.0,0.3,100.0,67.0,0.15832961102326712
1983,2.0,35.0,15.0,0.3,1000.0,108.0,0.14981952806313834
1984,2.0,35.0,15.0,0.3,10000.0,87.0,0.15207214405139288
1985,2.0,35.0,15.0,0.5,0.0,114.0,0.15872175991535187
1986,2.0,35.0,15.0,0.5,10.0,103.0,0.1650066375732422
1987,2.0,35.0,15.0,0.5,100.0,79.0,0.16543129086494446
1988,2.0,35.0,15.0,0.5,1000.0,125.0,0.15696080774068832
1989,2.0,35.0,15.0,0.5,10000.0,100.0,0.15557506928841272
1990,2.0,35.0,15.0,0.7,0.0,72.0,0.18915759523709616
1991,2.0,35.0,15.0,0.7,10.0,108.0,0.18416690826416016
1992,2.0,35.0,15.0,0.7,100.0,63.0,0.18910498917102814
1993,2.0,35.0,15.0,0.7,1000.0,67.0,0.19492055972417197
1994,2.0,35.0,15.0,0.7,10000.0,52.0,0.19051612416903177
1995,2.0,35.0,20.0,0.3,0.0,90.0,0.14964495847622553
1996,2.0,35.0,20.0,0.3,10.0,89.0,0.15418119728565216
1997,2.0,35.0,20.0,0.3,100.0,115.0,0.15184577802817026
1998,2.0,35.0,20.0,0.3,1000.0,141.0,0.14320543905099234
1999,2.0,35.0,20.0,0.3,10000.0,148.0,0.14738077173630396
2000,2.0,35.0,20.0,0.5,0.0,87.0,0.15729170540968576
2001,2.0,35.0,20.0,0.5,10.0,119.0,0.15822180112202963
2002,2.0,35.0,20.0,0.5,100.0,110.0,0.16267074147860208
2003,2.0,35.0,20.0,0.5,1000.0,98.0,0.15710817277431488
2004,2.0,35.0,20.0,0.5,10000.0,105.0,0.15868675212065378
2005,2.0,35.0,20.0,0.7,0.0,90.0,0.17371323704719543
2006,2.0,35.0,20.0,0.7,10.0,101.0,0.17704505225022635
2007,2.0,35.0,20.0,0.7,100.0,68.0,0.18047819038232168
2008,2.0,35.0,20.0,0.7,1000.0,54.0,0.1947086602449417
2009,2.0,35.0,20.0,0.7,10000.0,86.0,0.183701291680336
2010,2.0,35.0,25.0,0.3,0.0,107.0,0.15019838263591131
2011,2.0,35.0,25.0,0.3,10.0,149.0,0.15695508321126303
2012,2.0,35.0,25.0,0.3,100.0,103.0,0.14636044949293137
2013,2.0,35.0,25.0,0.3,1000.0,111.0,0.1538243517279625
2014,2.0,35.0,25.0,0.3,10000.0,81.0,0.16045682628949484
2015,2.0,35.0,25.0,0.5,0.0,81.0,0.16275965174039206
2016,2.0,35.0,25.0,0.5,10.0,114.0,0.1552438164750735
2017,2.0,35.0,25.0,0.5,100.0,116.0,0.15222700188557306
2018,2.0,35.0,25.0,0.5,1000.0,113.0,0.16221060852209726
2019,2.0,35.0,25.0,0.5,10000.0,81.0,0.16349323093891144
2020,2.0,35.0,25.0,0.7,0.0,94.0,0.168333833416303
2021,2.0,35.0,25.0,0.7,10.0,54.0,0.195539320508639
2022,2.0,35.0,25.0,0.7,100.0,68.0,0.1829572468996048
2023,2.0,35.0,25.0,0.7,1000.0,80.0,0.17876574397087097
2024,2.0,35.0,25.0,0.7,10000.0,106.0,0.17484676837921143
2025,2.0,35.0,30.0,0.3,0.0,114.0,0.14695395777622858
2026,2.0,35.0,30.0,0.3,10.0,151.0,0.14659402271111807
2027,2.0,35.0,30.0,0.3,100.0,94.0,0.1563576857248942
2028,2.0,35.0,30.0,0.3,1000.0,121.0,0.1543295681476593
2029,2.0,35.0,30.0,0.3,10000.0,108.0,0.14969436327616373
2030,2.0,35.0,30.0,0.5,0.0,114.0,0.16077020267645517
2031,2.0,35.0,30.0,0.5,10.0,98.0,0.15816670656204224
2032,2.0,35.0,30.0,0.5,100.0,79.0,0.16462327043215433
2033,2.0,35.0,30.0,0.5,1000.0,92.0,0.16881920397281647
2034,2.0,35.0,30.0,0.5,10000.0,98.0,0.15413514276345572
2035,2.0,35.0,30.0,0.7,0.0,173.0,0.1539481778939565
2036,2.0,35.0,30.0,0.7,10.0,120.0,0.16816610097885132
2037,2.0,35.0,30.0,0.7,100.0,103.0,0.1712757647037506
2038,2.0,35.0,30.0,0.7,1000.0,95.0,0.17613354325294495
2039,2.0,35.0,30.0,0.7,10000.0,107.0,0.16651390492916107
2040,2.0,35.0,35.0,0.3,0.0,121.0,0.1476308653752009
2041,2.0,35.0,35.0,0.3,10.0,101.0,0.15671500066916147
2042,2.0,35.0,35.0,0.3,100.0,92.0,0.15317584574222565
2043,2.0,35.0,35.0,0.3,1000.0,92.0,0.15468787650267282
2044,2.0,35.0,35.0,0.3,10000.0,122.0,0.1478867381811142
2045,2.0,35.0,35.0,0.5,0.0,139.0,0.14986512809991837
2046,2.0,35.0,35.0,0.5,10.0,150.0,0.15257622798283896
2047,2.0,35.0,35.0,0.5,100.0,136.0,0.1523747593164444
2048,2.0,35.0,35.0,0.5,1000.0,76.0,0.15806431571642557
2049,2.0,35.0,35.0,0.5,10000.0,151.0,0.14910855392615
2050,2.0,35.0,35.0,0.7,0.0,127.0,0.16546099384625754
2051,2.0,35.0,35.0,0.7,10.0,101.0,0.17822250723838806
2052,2.0,35.0,35.0,0.7,100.0,74.0,0.1673807700475057
2053,2.0,35.0,35.0,0.7,1000.0,78.0,0.17285911242167154
2054,2.0,35.0,35.0,0.7,10000.0,118.0,0.16617723306020102
2055,2.0,35.0,40.0,0.3,0.0,118.0,0.1493579571445783
2056,2.0,35.0,40.0,0.3,10.0,141.0,0.14609717080990473
2057,2.0,35.0,40.0,0.3,100.0,61.0,0.16522566974163055
2058,2.0,35.0,40.0,0.3,1000.0,85.0,0.15119286626577377
2059,2.0,35.0,40.0,0.3,10000.0,133.0,0.14648967732985815
2060,2.0,35.0,40.0,0.5,0.0,119.0,0.153059591849645
2061,2.0,35.0,40.0,0.5,10.0,116.0,0.15751567234595618
2062,2.0,35.0,40.0,0.5,100.0,102.0,0.16199062764644623
2063,2.0,35.0,40.0,0.5,1000.0,76.0,0.16013526419798532
2064,2.0,35.0,40.0,0.5,10000.0,155.0,0.1505314807097117
2065,2.0,35.0,40.0,0.7,0.0,70.0,0.1734699954589208
2066,2.0,35.0,40.0,0.7,10.0,74.0,0.17292830348014832
2067,2.0,35.0,40.0,0.7,100.0,63.0,0.174998606244723
2068,2.0,35.0,40.0,0.7,1000.0,95.0,0.16766692201296488
2069,2.0,35.0,40.0,0.7,10000.0,114.0,0.16485671202341715
2070,2.0,35.0,45.0,0.3,0.0,131.0,0.1471622735261917
2071,2.0,35.0,45.0,0.3,10.0,87.0,0.15667146692673364
2072,2.0,35.0,45.0,0.3,100.0,149.0,0.14665894955396652
2073,2.0,35.0,45.0,0.3,1000.0,93.0,0.15165656308333078
2074,2.0,35.0,45.0,0.3,10000.0,153.0,0.1446646253267924
2075,2.0,35.0,45.0,0.5,0.0,81.0,0.15919015804926553
2076,2.0,35.0,45.0,0.5,10.0,72.0,0.16631673276424408
2077,2.0,35.0,45.0,0.5,100.0,117.0,0.15138342479864755
2078,2.0,35.0,45.0,0.5,1000.0,131.0,0.15126934150854746
2079,2.0,35.0,45.0,0.5,10000.0,130.0,0.14796378463506699
2080,2.0,35.0,45.0,0.7,0.0,81.0,0.17220622301101685
2081,2.0,35.0,45.0,0.7,10.0,87.0,0.171158899863561
2082,2.0,35.0,45.0,0.7,100.0,134.0,0.1593664288520813
2083,2.0,35.0,45.0,0.7,1000.0,101.0,0.16008980572223663
2084,2.0,35.0,45.0,0.7,10000.0,108.0,0.1589992642402649
2085,2.0,35.0,50.0,0.3,0.0,106.0,0.15380385518074036
2086,2.0,35.0,50.0,0.3,10.0,125.0,0.14776228864987692
2087,2.0,35.0,50.0,0.3,100.0,151.0,0.14281092335780463
2088,2.0,35.0,50.0,0.3,1000.0,124.0,0.14452562729517618
2089,2.0,35.0,50.0,0.3,10000.0,85.0,0.15382001300652823
2090,2.0,35.0,50.0,0.5,0.0,117.0,0.1520348439613978
2091,2.0,35.0,50.0,0.5,10.0,147.0,0.14794339487950006
2092,2.0,35.0,50.0,0.5,100.0,101.0,0.15188931425412497
2093,2.0,35.0,50.0,0.5,1000.0,108.0,0.15830848117669424
2094,2.0,35.0,50.0,0.5,10000.0,122.0,0.15258823335170746
2095,2.0,35.0,50.0,0.7,0.0,168.0,0.15873981515566507
2096,2.0,35.0,50.0,0.7,10.0,85.0,0.17137948671976724
2097,2.0,35.0,50.0,0.7,100.0,108.0,0.15918482343355814
2098,2.0,35.0,50.0,0.7,1000.0,119.0,0.15603581070899963
2099,2.0,35.0,50.0,0.7,10000.0,78.0,0.16708352168401083
2100,1.0,40.0,5.0,0.3,0.0,90.0,0.16905334095160165
2101,1.0,40.0,5.0,0.3,10.0,102.0,0.16221441328525543
2102,1.0,40.0,5.0,0.3,100.0,124.0,0.17087110877037048
2103,1.0,40.0,5.0,0.3,1000.0,145.0,0.16597769657770792
2104,1.0,40.0,5.0,0.3,10000.0,144.0,0.17388556897640228
2105,1.0,40.0,5.0,0.5,0.0,78.0,0.19354883333047232
2106,1.0,40.0,5.0,0.5,10.0,59.0,0.20528565843900046
2107,1.0,40.0,5.0,0.5,100.0,60.0,0.20330103735129038
2108,1.0,40.0,5.0,0.5,1000.0,51.0,0.2045834461847941
2109,1.0,40.0,5.0,0.5,10000.0,144.0,0.18860395749409994
2110,1.0,40.0,5.0,0.7,0.0,40.0,0.2672262688477834
2111,1.0,40.0,5.0,0.7,10.0,60.0,0.24499850968519846
2112,1.0,40.0,5.0,0.7,100.0,33.0,0.24907285968462625
2113,1.0,40.0,5.0,0.7,1000.0,51.0,0.2548816998799642
2114,1.0,40.0,5.0,0.7,10000.0,108.0,0.23438474535942078
2115,1.0,40.0,10.0,0.3,0.0,135.0,0.16076146066188812
2116,1.0,40.0,10.0,0.3,10.0,115.0,0.15621179590622583
2117,1.0,40.0,10.0,0.3,100.0,160.0,0.1567616288860639
2118,1.0,40.0,10.0,0.3,1000.0,119.0,0.15714865426222482
2119,1.0,40.0,10.0,0.3,10000.0,88.0,0.1682984580596288
2120,1.0,40.0,10.0,0.5,0.0,87.0,0.18322519461313883
2121,1.0,40.0,10.0,0.5,10.0,104.0,0.16684511303901672
2122,1.0,40.0,10.0,0.5,100.0,70.0,0.18716933826605478
2123,1.0,40.0,10.0,0.5,1000.0,144.0,0.1731757918993632
2124,1.0,40.0,10.0,0.5,10000.0,144.0,0.17104385793209076
2125,1.0,40.0,10.0,0.7,0.0,55.0,0.2181922992070516
2126,1.0,40.0,10.0,0.7,10.0,55.0,0.2131051023801168
2127,1.0,40.0,10.0,0.7,100.0,53.0,0.2206818163394928
2128,1.0,40.0,10.0,0.7,1000.0,50.0,0.21927090485890707
2129,1.0,40.0,10.0,0.7,10000.0,53.0,0.21757087608178458
2130,1.0,40.0,15.0,0.3,0.0,127.0,0.1556711569428444
2131,1.0,40.0,15.0,0.3,10.0,114.0,0.1504566470781962
2132,1.0,40.0,15.0,0.3,100.0,110.0,0.1586249421040217
2133,1.0,40.0,15.0,0.3,1000.0,105.0,0.15568714837233225
2134,1.0,40.0,15.0,0.3,10000.0,141.0,0.15483650068442026
2135,1.0,40.0,15.0,0.5,0.0,140.0,0.16641424596309662
2136,1.0,40.0,15.0,0.5,10.0,125.0,0.16572488844394684
2137,1.0,40.0,15.0,0.5,100.0,112.0,0.1675031234820684
2138,1.0,40.0,15.0,0.5,1000.0,86.0,0.17628163595994314
2139,1.0,40.0,15.0,0.5,10000.0,57.0,0.18303982416788736
2140,1.0,40.0,15.0,0.7,0.0,89.0,0.1993937442700068
2141,1.0,40.0,15.0,0.7,10.0,65.0,0.20685523251692453
2142,1.0,40.0,15.0,0.7,100.0,96.0,0.19082064926624298
2143,1.0,40.0,15.0,0.7,1000.0,75.0,0.2025617758433024
2144,1.0,40.0,15.0,0.7,10000.0,48.0,0.21089347203572592
2145,1.0,40.0,20.0,0.3,0.0,97.0,0.1547112539410591
2146,1.0,40.0,20.0,0.3,10.0,160.0,0.15260509898265204
2147,1.0,40.0,20.0,0.3,100.0,136.0,0.15674861272176108
2148,1.0,40.0,20.0,0.3,1000.0,100.0,0.1622063914934794
2149,1.0,40.0,20.0,0.3,10000.0,148.0,0.15748843550682068
2150,1.0,40.0,20.0,0.5,0.0,86.0,0.17469345033168793
2151,1.0,40.0,20.0,0.5,10.0,102.0,0.16691659887631735
2152,1.0,40.0,20.0,0.5,100.0,70.0,0.17721306284268698
2153,1.0,40.0,20.0,0.5,1000.0,100.0,0.1710850199063619
2154,1.0,40.0,20.0,0.5,10000.0,57.0,0.1809177945057551
2155,1.0,40.0,20.0,0.7,0.0,68.0,0.19191063940525055
2156,1.0,40.0,20.0,0.7,10.0,70.0,0.19458132982254028
2157,1.0,40.0,20.0,0.7,100.0,60.0,0.19640424847602844
2158,1.0,40.0,20.0,0.7,1000.0,56.0,0.20305796960989633
2159,1.0,40.0,20.0,0.7,10000.0,70.0,0.19162313640117645
2160,1.0,40.0,25.0,0.3,0.0,78.0,0.16961695750554404
2161,1.0,40.0,25.0,0.3,10.0,116.0,0.15443416933218637
2162,1.0,40.0,25.0,0.3,100.0,136.0,0.14437968035538992
2163,1.0,40.0,25.0,0.3,1000.0,117.0,0.1599975178639094
2164,1.0,40.0,25.0,0.3,10000.0,149.0,0.1513922686378161
2165,1.0,40.0,25.0,0.5,0.0,50.0,0.18278061846892038
2166,1.0,40.0,25.0,0.5,10.0,118.0,0.15926036735375723
2167,1.0,40.0,25.0,0.5,100.0,131.0,0.16197202603022257
2168,1.0,40.0,25.0,0.5,1000.0,137.0,0.16537706553936005
2169,1.0,40.0,25.0,0.5,10000.0,90.0,0.1738058179616928
2170,1.0,40.0,25.0,0.7,0.0,57.0,0.1928062935670217
2171,1.0,40.0,25.0,0.7,10.0,58.0,0.19008843104044595
2172,1.0,40.0,25.0,0.7,100.0,53.0,0.18949944277604422
2173,1.0,40.0,25.0,0.7,1000.0,58.0,0.1954460640748342
2174,1.0,40.0,25.0,0.7,10000.0,59.0,0.19434413313865662
2175,1.0,40.0,30.0,0.3,0.0,130.0,0.14994985361893973
2176,1.0,40.0,30.0,0.3,10.0,94.0,0.15222585697968802
2177,1.0,40.0,30.0,0.3,100.0,143.0,0.14887209484974542
2178,1.0,40.0,30.0,0.3,1000.0,182.0,0.14967160671949387
2179,1.0,40.0,30.0,0.3,10000.0,139.0,0.15444670369227728
2180,1.0,40.0,30.0,0.5,0.0,130.0,0.15916818380355835
2181,1.0,40.0,30.0,0.5,10.0,85.0,0.17162752151489258
2182,1.0,40.0,30.0,0.5,100.0,110.0,0.16553234060605368
2183,1.0,40.0,30.0,0.5,1000.0,142.0,0.1619307448466619
2184,1.0,40.0,30.0,0.5,10000.0,96.0,0.17211249967416128
2185,1.0,40.0,30.0,0.7,0.0,103.0,0.1832239329814911
2186,1.0,40.0,30.0,0.7,10.0,55.0,0.19641944766044617
2187,1.0,40.0,30.0,0.7,100.0,83.0,0.18451140820980072
2188,1.0,40.0,30.0,0.7,1000.0,59.0,0.1902478983004888
2189,1.0,40.0,30.0,0.7,10000.0,50.0,0.19413906832536063
2190,1.0,40.0,35.0,0.3,0.0,80.0,0.16612218817075095
2191,1.0,40.0,35.0,0.3,10.0,112.0,0.1501819665233294
2192,1.0,40.0,35.0,0.3,100.0,124.0,0.15444799015919367
2193,1.0,40.0,35.0,0.3,1000.0,115.0,0.15168381234010062
2194,1.0,40.0,35.0,0.3,10000.0,138.0,0.15047980844974518
2195,1.0,40.0,35.0,0.5,0.0,94.0,0.1699377199014028
2196,1.0,40.0,35.0,0.5,10.0,147.0,0.15224186331033707
2197,1.0,40.0,35.0,0.5,100.0,132.0,0.16079314053058624
2198,1.0,40.0,35.0,0.5,1000.0,196.0,0.15340338895718256
2199,1.0,40.0,35.0,0.5,10000.0,111.0,0.1689517100652059
2200,1.0,40.0,35.0,0.7,0.0,89.0,0.18343718846638998
2201,1.0,40.0,35.0,0.7,10.0,77.0,0.18119139969348907
2202,1.0,40.0,35.0,0.7,100.0,75.0,0.18203381697336832
2203,1.0,40.0,35.0,0.7,1000.0,92.0,0.18270283937454224
2204,1.0,40.0,35.0,0.7,10000.0,61.0,0.19278467694918314
2205,1.0,40.0,40.0,0.3,0.0,156.0,0.14889108141263327
2206,1.0,40.0,40.0,0.3,10.0,133.0,0.1580772598584493
2207,1.0,40.0,40.0,0.3,100.0,119.0,0.14867588877677917
2208,1.0,40.0,40.0,0.3,1000.0,108.0,0.15924689173698425
2209,1.0,40.0,40.0,0.3,10000.0,126.0,0.15062556664148966
2210,1.0,40.0,40.0,0.5,0.0,57.0,0.1785657157500585
2211,1.0,40.0,40.0,0.5,10.0,148.0,0.1611263503630956
2212,1.0,40.0,40.0,0.5,100.0,110.0,0.16277793049812317
2213,1.0,40.0,40.0,0.5,1000.0,173.0,0.15697460373242697
2214,1.0,40.0,40.0,0.5,10000.0,141.0,0.15672601759433746
2215,1.0,40.0,40.0,0.7,0.0,95.0,0.18079420427481332
2216,1.0,40.0,40.0,0.7,10.0,82.0,0.18070398767789206
2217,1.0,40.0,40.0,0.7,100.0,82.0,0.18074226876099905
2218,1.0,40.0,40.0,0.7,1000.0,88.0,0.18136180440584818
2219,1.0,40.0,40.0,0.7,10000.0,64.0,0.18810349702835083
2220,1.0,40.0,45.0,0.3,0.0,158.0,0.14996766299009323
2221,1.0,40.0,45.0,0.3,10.0,116.0,0.15090676148732504
2222,1.0,40.0,45.0,0.3,100.0,143.0,0.15327031662066778
2223,1.0,40.0,45.0,0.3,1000.0,111.0,0.15849406520525613
2224,1.0,40.0,45.0,0.3,10000.0,193.0,0.14655904471874237
2225,1.0,40.0,45.0,0.5,0.0,104.0,0.16737645864486694
2226,1.0,40.0,45.0,0.5,10.0,126.0,0.1583443284034729
2227,1.0,40.0,45.0,0.5,100.0,128.0,0.16144447028636932
2228,1.0,40.0,45.0,0.5,1000.0,74.0,0.17533293863137564
2229,1.0,40.0,45.0,0.5,10000.0,69.0,0.17940573394298553
2230,1.0,40.0,45.0,0.7,0.0,118.0,0.17762539784113565
2231,1.0,40.0,45.0,0.7,10.0,97.0,0.18078377346197763
2232,1.0,40.0,45.0,0.7,100.0,84.0,0.17848960061868033
2233,1.0,40.0,45.0,0.7,1000.0,86.0,0.18433509767055511
2234,1.0,40.0,45.0,0.7,10000.0,101.0,0.17757469912370047
2235,1.0,40.0,50.0,0.3,0.0,125.0,0.15389402955770493
2236,1.0,40.0,50.0,0.3,10.0,140.0,0.1492407595117887
2237,1.0,40.0,50.0,0.3,100.0,164.0,0.1461954191327095
2238,1.0,40.0,50.0,0.3,1000.0,183.0,0.15135160585244498
2239,1.0,40.0,50.0,0.3,10000.0,130.0,0.15041194607814154
2240,1.0,40.0,50.0,0.5,0.0,110.0,0.16508632898330688
2241,1.0,40.0,50.0,0.5,10.0,59.0,0.18759529292583466
2242,1.0,40.0,50.0,0.5,100.0,67.0,0.1765779455502828
2243,1.0,40.0,50.0,0.5,1000.0,52.0,0.18080358703931174
2244,1.0,40.0,50.0,0.5,10000.0,157.0,0.1633937656879425
2245,1.0,40.0,50.0,0.7,0.0,73.0,0.18301083644231161
2246,1.0,40.0,50.0,0.7,10.0,82.0,0.18076322476069132
2247,1.0,40.0,50.0,0.7,100.0,53.0,0.18439781665802002
2248,1.0,40.0,50.0,0.7,1000.0,88.0,0.18253585199515024
2249,1.0,40.0,50.0,0.7,10000.0,83.0,0.18461254239082336
2250,2.0,40.0,5.0,0.3,0.0,115.0,0.1555289477109909
2251,2.0,40.0,5.0,0.3,10.0,81.0,0.16578298807144165
2252,2.0,40.0,5.0,0.3,100.0,107.0,0.16563929120699564
2253,2.0,40.0,5.0,0.3,1000.0,72.0,0.16480282445748648
2254,2.0,40.0,5.0,0.3,10000.0,73.0,0.1656832148631414
2255,2.0,40.0,5.0,0.5,0.0,77.0,0.18325873215993246
2256,2.0,40.0,5.0,0.5,10.0,60.0,0.1942266325155894
2257,2.0,40.0,5.0,0.5,100.0,78.0,0.1857211341460546
2258,2.0,40.0,5.0,0.5,1000.0,85.0,0.1809272070725759
2259,2.0,40.0,5.0,0.5,10000.0,89.0,0.1908563474814097
2260,2.0,40.0,5.0,0.7,0.0,39.0,0.25435102979342145
2261,2.0,40.0,5.0,0.7,10.0,69.0,0.2451749046643575
2262,2.0,40.0,5.0,0.7,100.0,91.0,0.2410851369301478
2263,2.0,40.0,5.0,0.7,1000.0,25.0,0.2503603498140971
2264,2.0,40.0,5.0,0.7,10000.0,35.0,0.25613559782505035
2265,2.0,40.0,10.0,0.3,0.0,92.0,0.1596507579088211
2266,2.0,40.0,10.0,0.3,10.0,98.0,0.15151227513949075
2267,2.0,40.0,10.0,0.3,100.0,83.0,0.15809392432371774
2268,2.0,40.0,10.0,0.3,1000.0,28.0,0.1877623995145162
2269,2.0,40.0,10.0,0.3,10000.0,87.0,0.1594155232111613
2270,2.0,40.0,10.0,0.5,0.0,124.0,0.16038917501767477
2271,2.0,40.0,10.0,0.5,10.0,102.0,0.16490679482618967
2272,2.0,40.0,10.0,0.5,100.0,91.0,0.17373194297154745
2273,2.0,40.0,10.0,0.5,1000.0,28.0,0.21069106459617615
2274,2.0,40.0,10.0,0.5,10000.0,75.0,0.16933079560597739
2275,2.0,40.0,10.0,0.7,0.0,36.0,0.2208023021618525
2276,2.0,40.0,10.0,0.7,10.0,99.0,0.18824068705240884
2277,2.0,40.0,10.0,0.7,100.0,56.0,0.216103196144104
2278,2.0,40.0,10.0,0.7,1000.0,31.0,0.25127628942330676
2279,2.0,40.0,10.0,0.7,10000.0,69.0,0.2078657199939092
2280,2.0,40.0,15.0,0.3,0.0,96.0,0.15316146115461984
2281,2.0,40.0,15.0,0.3,10.0,82.0,0.15603727598985037
2282,2.0,40.0,15.0,0.3,100.0,111.0,0.14949638148148855
2283,2.0,40.0,15.0,0.3,1000.0,62.0,0.16303048034509024
2284,2.0,40.0,15.0,0.3,10000.0,103.0,0.15288943300644556
2285,2.0,40.0,15.0,0.5,0.0,98.0,0.15628493328889212
2286,2.0,40.0,15.0,0.5,10.0,77.0,0.1641547679901123
2287,2.0,40.0,15.0,0.5,100.0,105.0,0.15259096523125967
2288,2.0,40.0,15.0,0.5,1000.0,67.0,0.16210285325845084
2289,2.0,40.0,15.0,0.5,10000.0,69.0,0.16694792608420053
2290,2.0,40.0,15.0,0.7,0.0,87.0,0.1873341997464498
2291,2.0,40.0,15.0,0.7,10.0,91.0,0.18273034195105234
2292,2.0,40.0,15.0,0.7,100.0,76.0,0.1843459407488505
2293,2.0,40.0,15.0,0.7,1000.0,91.0,0.1794864982366562
2294,2.0,40.0,15.0,0.7,10000.0,45.0,0.20192636052767435
2295,2.0,40.0,20.0,0.3,0.0,68.0,0.1545539846022924
2296,2.0,40.0,20.0,0.3,10.0,93.0,0.14905707289775214
2297,2.0,40.0,20.0,0.3,100.0,91.0,0.16134808460871378
2298,2.0,40.0,20.0,0.3,1000.0,89.0,0.1541996697584788
2299,2.0,40.0,20.0,0.3,10000.0,87.0,0.158368910352389
2300,2.0,40.0,20.0,0.5,0.0,86.0,0.15627251068751016
2301,2.0,40.0,20.0,0.5,10.0,76.0,0.1565974255402883
2302,2.0,40.0,20.0,0.5,100.0,81.0,0.16410278777281442
2303,2.0,40.0,20.0,0.5,1000.0,99.0,0.15309331069389978
2304,2.0,40.0,20.0,0.5,10000.0,115.0,0.16030733784039816
2305,2.0,40.0,20.0,0.7,0.0,73.0,0.1760795166095098
2306,2.0,40.0,20.0,0.7,10.0,105.0,0.17025363445281982
2307,2.0,40.0,20.0,0.7,100.0,53.0,0.18820135295391083
2308,2.0,40.0,20.0,0.7,1000.0,150.0,0.16030643383661905
2309,2.0,40.0,20.0,0.7,10000.0,104.0,0.1723735829194387
2310,2.0,40.0,25.0,0.3,0.0,86.0,0.15607426563898721
2311,2.0,40.0,25.0,0.3,10.0,83.0,0.15258000791072845
2312,2.0,40.0,25.0,0.3,100.0,128.0,0.14730196446180344
2313,2.0,40.0,25.0,0.3,1000.0,74.0,0.15774409472942352
2314,2.0,40.0,25.0,0.3,10000.0,109.0,0.14956810573736826
2315,2.0,40.0,25.0,0.5,0.0,81.0,0.16364658872286478
2316,2.0,40.0,25.0,0.5,10.0,92.0,0.1536977837483088
2317,2.0,40.0,25.0,0.5,100.0,119.0,0.14809552828470865
2318,2.0,40.0,25.0,0.5,1000.0,73.0,0.16020046174526215
2319,2.0,40.0,25.0,0.5,10000.0,95.0,0.1568662871917089
2320,2.0,40.0,25.0,0.7,0.0,89.0,0.17302481333414713
2321,2.0,40.0,25.0,0.7,10.0,86.0,0.16588137050469717
2322,2.0,40.0,25.0,0.7,100.0,83.0,0.1729323466618856
2323,2.0,40.0,25.0,0.7,1000.0,82.0,0.17302056153615317
2324,2.0,40.0,25.0,0.7,10000.0,81.0,0.17651999493439993
2325,2.0,40.0,30.0,0.3,0.0,85.0,0.14529796689748764
2326,2.0,40.0,30.0,0.3,10.0,133.0,0.14480424424012503
2327,2.0,40.0,30.0,0.3,100.0,105.0,0.15274831652641296
2328,2.0,40.0,30.0,0.3,1000.0,100.0,0.1507564236720403
2329,2.0,40.0,30.0,0.3,10000.0,94.0,0.15061935037374496
2330,2.0,40.0,30.0,0.5,0.0,71.0,0.16220559676488241
2331,2.0,40.0,30.0,0.5,10.0,58.0,0.1648927479982376
2332,2.0,40.0,30.0,0.5,100.0,128.0,0.15309653927882513
2333,2.0,40.0,30.0,0.5,1000.0,118.0,0.15262318154176077
2334,2.0,40.0,30.0,0.5,10000.0,100.0,0.1503093441327413
2335,2.0,40.0,30.0,0.7,0.0,72.0,0.17885308464368185
2336,2.0,40.0,30.0,0.7,10.0,61.0,0.1745970497528712
2337,2.0,40.0,30.0,0.7,100.0,42.0,0.19192368785540262
2338,2.0,40.0,30.0,0.7,1000.0,87.0,0.1724040706952413
2339,2.0,40.0,30.0,0.7,10000.0,100.0,0.17108558118343353
2340,2.0,40.0,35.0,0.3,0.0,105.0,0.14772957811752954
2341,2.0,40.0,35.0,0.3,10.0,99.0,0.1486814965804418
2342,2.0,40.0,35.0,0.3,100.0,103.0,0.1475160246094068
2343,2.0,40.0,35.0,0.3,1000.0,119.0,0.15060274302959442
2344,2.0,40.0,35.0,0.3,10000.0,88.0,0.15858268241087595
2345,2.0,40.0,35.0,0.5,0.0,93.0,0.15246654798587164
2346,2.0,40.0,35.0,0.5,10.0,95.0,0.15429053952296576
2347,2.0,40.0,35.0,0.5,100.0,104.0,0.15111682564020157
2348,2.0,40.0,35.0,0.5,1000.0,115.0,0.1580025553703308
2349,2.0,40.0,35.0,0.5,10000.0,81.0,0.16252165039380392
2350,2.0,40.0,35.0,0.7,0.0,83.0,0.1698655585447947
2351,2.0,40.0,35.0,0.7,10.0,121.0,0.15721944471200308
2352,2.0,40.0,35.0,0.7,100.0,84.0,0.17140069603919983
2353,2.0,40.0,35.0,0.7,1000.0,107.0,0.16406290233135223
2354,2.0,40.0,35.0,0.7,10000.0,109.0,0.17258286476135254
2355,2.0,40.0,40.0,0.3,0.0,97.0,0.14967411508162817
2356,2.0,40.0,40.0,0.3,10.0,88.0,0.1530720442533493
2357,2.0,40.0,40.0,0.3,100.0,113.0,0.14957745869954428
2358,2.0,40.0,40.0,0.3,1000.0,105.0,0.14685177554686865
2359,2.0,40.0,40.0,0.3,10000.0,69.0,0.1588264505068461
2360,2.0,40.0,40.0,0.5,0.0,143.0,0.1425536423921585
2361,2.0,40.0,40.0,0.5,10.0,113.0,0.15138542900482813
2362,2.0,40.0,40.0,0.5,100.0,107.0,0.1473998725414276
2363,2.0,40.0,40.0,0.5,1000.0,99.0,0.152267724275589
2364,2.0,40.0,40.0,0.5,10000.0,129.0,0.15349324295918146
2365,2.0,40.0,40.0,0.7,0.0,112.0,0.16032061477502188
2366,2.0,40.0,40.0,0.7,10.0,103.0,0.16400822500387827
2367,2.0,40.0,40.0,0.7,100.0,101.0,0.1634343316157659
2368,2.0,40.0,40.0,0.7,1000.0,87.0,0.1652425080537796
2369,2.0,40.0,40.0,0.7,10000.0,92.0,0.16555735965569815
2370,2.0,40.0,45.0,0.3,0.0,104.0,0.15048953145742416
2371,2.0,40.0,45.0,0.3,10.0,112.0,0.14586255699396133
2372,2.0,40.0,45.0,0.3,100.0,134.0,0.1433130775888761
2373,2.0,40.0,45.0,0.3,1000.0,116.0,0.14208957056204477
2374,2.0,40.0,45.0,0.3,10000.0,157.0,0.14165396491686502
2375,2.0,40.0,45.0,0.5,0.0,81.0,0.15722436706225076
2376,2.0,40.0,45.0,0.5,10.0,78.0,0.15984764695167542
2377,2.0,40.0,45.0,0.5,100.0,134.0,0.15174906452496847
2378,2.0,40.0,45.0,0.5,1000.0,72.0,0.15900448461373648
2379,2.0,40.0,45.0,0.5,10000.0,104.0,0.15122373898824057
2380,2.0,40.0,45.0,0.7,0.0,105.0,0.1603985627492269
2381,2.0,40.0,45.0,0.7,10.0,74.0,0.16770105063915253
2382,2.0,40.0,45.0,0.7,100.0,127.0,0.1599389612674713
2383,2.0,40.0,45.0,0.7,1000.0,94.0,0.16475593547026315
2384,2.0,40.0,45.0,0.7,10000.0,48.0,0.18414902687072754
2385,2.0,40.0,50.0,0.3,0.0,114.0,0.14701631168524423
2386,2.0,40.0,50.0,0.3,10.0,65.0,0.1553571621576945
2387,2.0,40.0,50.0,0.3,100.0,103.0,0.1520598605275154
2388,2.0,40.0,50.0,0.3,1000.0,118.0,0.14551198979218802
2389,2.0,40.0,50.0,0.3,10000.0,108.0,0.14126457273960114
2390,2.0,40.0,50.0,0.5,0.0,123.0,0.14728172620137533
2391,2.0,40.0,50.0,0.5,10.0,140.0,0.14617103586594263
2392,2.0,40.0,50.0,0.5,100.0,107.0,0.15316646794478098
2393,2.0,40.0,50.0,0.5,1000.0,83.0,0.15540404121081033
2394,2.0,40.0,50.0,0.5,10000.0,144.0,0.1460570047299067
2395,2.0,40.0,50.0,0.7,0.0,89.0,0.16141179700692496
2396,2.0,40.0,50.0,0.7,10.0,81.0,0.15959234038988748
2397,2.0,40.0,50.0,0.7,100.0,84.0,0.17218031485875449
2398,2.0,40.0,50.0,0.7,1000.0,53.0,0.17263550062974295
2399,2.0,40.0,50.0,0.7,10000.0,100.0,0.16193908949693045
2400,1.0,45.0,5.0,0.3,0.0,110.0,0.1602101276318232
2401,1.0,45.0,5.0,0.3,10.0,75.0,0.1715697000424067
2402,1.0,45.0,5.0,0.3,100.0,127.0,0.1667370100816091
2403,1.0,45.0,5.0,0.3,1000.0,69.0,0.1791938841342926
2404,1.0,45.0,5.0,0.3,10000.0,161.0,0.16344658037026724
2405,1.0,45.0,5.0,0.5,0.0,131.0,0.184471661845843
2406,1.0,45.0,5.0,0.5,10.0,84.0,0.19475354750951132
2407,1.0,45.0,5.0,0.5,100.0,46.0,0.22282319267590842
2408,1.0,45.0,5.0,0.5,1000.0,68.0,0.19766456385453543
2409,1.0,45.0,5.0,0.5,10000.0,71.0,0.19549294809500375
2410,1.0,45.0,5.0,0.7,0.0,72.0,0.24698338905970255
2411,1.0,45.0,5.0,0.7,10.0,62.0,0.2354505111773809
2412,1.0,45.0,5.0,0.7,100.0,46.0,0.28154387573401135
2413,1.0,45.0,5.0,0.7,1000.0,26.0,0.25361476838588715
2414,1.0,45.0,5.0,0.7,10000.0,70.0,0.24946032464504242
2415,1.0,45.0,10.0,0.3,0.0,146.0,0.16187367339928946
2416,1.0,45.0,10.0,0.3,10.0,115.0,0.15922935803731283
2417,1.0,45.0,10.0,0.3,100.0,119.0,0.15789231657981873
2418,1.0,45.0,10.0,0.3,1000.0,121.0,0.16322379807631174
2419,1.0,45.0,10.0,0.3,10000.0,94.0,0.16425523658593497
2420,1.0,45.0,10.0,0.5,0.0,69.0,0.19273665050665537
2421,1.0,45.0,10.0,0.5,10.0,84.0,0.18004252513249716
2422,1.0,45.0,10.0,0.5,100.0,47.0,0.19045267005761465
2423,1.0,45.0,10.0,0.5,1000.0,69.0,0.18266387283802032
2424,1.0,45.0,10.0,0.5,10000.0,83.0,0.1796452005704244
2425,1.0,45.0,10.0,0.7,0.0,54.0,0.22706004480520883
2426,1.0,45.0,10.0,0.7,10.0,71.0,0.21321580310662588
2427,1.0,45.0,10.0,0.7,100.0,48.0,0.21684466302394867
2428,1.0,45.0,10.0,0.7,1000.0,66.0,0.21184717118740082
2429,1.0,45.0,10.0,0.7,10000.0,52.0,0.21662905315558115
2430,1.0,45.0,15.0,0.3,0.0,110.0,0.16095596551895142
2431,1.0,45.0,15.0,0.3,10.0,106.0,0.15594624976317087
2432,1.0,45.0,15.0,0.3,100.0,86.0,0.16151423255602518
2433,1.0,45.0,15.0,0.3,1000.0,125.0,0.15128625184297562
2434,1.0,45.0,15.0,0.3,10000.0,178.0,0.14930290977160135
2435,1.0,45.0,15.0,0.5,0.0,105.0,0.17032173772652945
2436,1.0,45.0,15.0,0.5,10.0,120.0,0.1627733608086904
2437,1.0,45.0,15.0,0.5,100.0,131.0,0.15924514830112457
2438,1.0,45.0,15.0,0.5,1000.0,67.0,0.1797261436780294
2439,1.0,45.0,15.0,0.5,10000.0,198.0,0.16023879746596018
2440,1.0,45.0,15.0,0.7,0.0,71.0,0.20624834795792898
2441,1.0,45.0,15.0,0.7,10.0,57.0,0.20421037574609122
2442,1.0,45.0,15.0,0.7,100.0,78.0,0.19561258951822916
2443,1.0,45.0,15.0,0.7,1000.0,102.0,0.19505188862482706
2444,1.0,45.0,15.0,0.7,10000.0,68.0,0.20425457259019217
2445,1.0,45.0,20.0,0.3,0.0,143.0,0.15323539326588312
2446,1.0,45.0,20.0,0.3,10.0,137.0,0.15050355593363443
2447,1.0,45.0,20.0,0.3,100.0,111.0,0.15643194317817688
2448,1.0,45.0,20.0,0.3,1000.0,169.0,0.15966477493445078
2449,1.0,45.0,20.0,0.3,10000.0,136.0,0.1568945770462354
2450,1.0,45.0,20.0,0.5,0.0,143.0,0.16791138549645743
2451,1.0,45.0,20.0,0.5,10.0,128.0,0.15869014958540598
2452,1.0,45.0,20.0,0.5,100.0,112.0,0.1639507214228312
2453,1.0,45.0,20.0,0.5,1000.0,73.0,0.17958947022755942
2454,1.0,45.0,20.0,0.5,10000.0,90.0,0.17257778346538544
2455,1.0,45.0,20.0,0.7,0.0,52.0,0.19917628665765127
2456,1.0,45.0,20.0,0.7,10.0,69.0,0.19113599260648093
2457,1.0,45.0,20.0,0.7,100.0,82.0,0.18716261784235635
2458,1.0,45.0,20.0,0.7,1000.0,54.0,0.1995385487874349
2459,1.0,45.0,20.0,0.7,10000.0,71.0,0.19473094244798025
2460,1.0,45.0,25.0,0.3,0.0,143.0,0.14601382364829382
2461,1.0,45.0,25.0,0.3,10.0,162.0,0.15551216155290604
2462,1.0,45.0,25.0,0.3,100.0,136.0,0.15055142094691595
2463,1.0,45.0,25.0,0.3,1000.0,134.0,0.16388621926307678
2464,1.0,45.0,25.0,0.3,10000.0,158.0,0.15623659392197928
2465,1.0,45.0,25.0,0.5,0.0,74.0,0.17322117586930594
2466,1.0,45.0,25.0,0.5,10.0,181.0,0.1618423213561376
2467,1.0,45.0,25.0,0.5,100.0,73.0,0.1775684803724289
2468,1.0,45.0,25.0,0.5,1000.0,136.0,0.1675804853439331
2469,1.0,45.0,25.0,0.5,10000.0,100.0,0.17503158251444498
2470,1.0,45.0,25.0,0.7,0.0,57.0,0.19210968414942423
2471,1.0,45.0,25.0,0.7,10.0,87.0,0.18650956451892853
2472,1.0,45.0,25.0,0.7,100.0,73.0,0.18512553970019022
2473,1.0,45.0,25.0,0.7,1000.0,68.0,0.18959829211235046
2474,1.0,45.0,25.0,0.7,10000.0,89.0,0.19146689275900522
2475,1.0,45.0,30.0,0.3,0.0,127.0,0.15503237148125967
2476,1.0,45.0,30.0,0.3,10.0,176.0,0.1539048751195272
2477,1.0,45.0,30.0,0.3,100.0,125.0,0.1517961546778679
2478,1.0,45.0,30.0,0.3,1000.0,143.0,0.1585907762249311
2479,1.0,45.0,30.0,0.3,10000.0,129.0,0.15514610956112543
2480,1.0,45.0,30.0,0.5,0.0,153.0,0.15756703913211823
2481,1.0,45.0,30.0,0.5,10.0,106.0,0.1817229837179184
2482,1.0,45.0,30.0,0.5,100.0,157.0,0.14706112692753473
2483,1.0,45.0,30.0,0.5,1000.0,116.0,0.1744605004787445
2484,1.0,45.0,30.0,0.5,10000.0,71.0,0.17377596100171408
2485,1.0,45.0,30.0,0.7,0.0,87.0,0.18891011675198874
2486,1.0,45.0,30.0,0.7,10.0,69.0,0.18977099160353342
2487,1.0,45.0,30.0,0.7,100.0,88.0,0.18340325355529785
2488,1.0,45.0,30.0,0.7,1000.0,91.0,0.18234404424826303
2489,1.0,45.0,30.0,0.7,10000.0,68.0,0.18601296345392862
2490,1.0,45.0,35.0,0.3,0.0,131.0,0.1498358671863874
2491,1.0,45.0,35.0,0.3,10.0,132.0,0.16256777942180634
2492,1.0,45.0,35.0,0.3,100.0,99.0,0.1565568596124649
2493,1.0,45.0,35.0,0.3,1000.0,138.0,0.15906116366386414
2494,1.0,45.0,35.0,0.3,10000.0,98.0,0.1686935822168986
2495,1.0,45.0,35.0,0.5,0.0,93.0,0.16997431218624115
2496,1.0,45.0,35.0,0.5,10.0,128.0,0.16227390865484873
2497,1.0,45.0,35.0,0.5,100.0,85.0,0.17286153634389242
2498,1.0,45.0,35.0,0.5,1000.0,101.0,0.172712375720342
2499,1.0,45.0,35.0,0.5,10000.0,99.0,0.17024209598700205
2500,1.0,45.0,35.0,0.7,0.0,77.0,0.18479411800702414
2501,1.0,45.0,35.0,0.7,10.0,48.0,0.1907009780406952
2502,1.0,45.0,35.0,0.7,100.0,65.0,0.18563857674598694
2503,1.0,45.0,35.0,0.7,1000.0,93.0,0.1835208237171173
2504,1.0,45.0,35.0,0.7,10000.0,89.0,0.18480428059895834
2505,1.0,45.0,40.0,0.3,0.0,115.0,0.15574867029984793
2506,1.0,45.0,40.0,0.3,10.0,109.0,0.16335797309875488
2507,1.0,45.0,40.0,0.3,100.0,128.0,0.15260818103949228
2508,1.0,45.0,40.0,0.3,1000.0,111.0,0.16239375372727713
2509,1.0,45.0,40.0,0.3,10000.0,158.0,0.15467449029286703
2510,1.0,45.0,40.0,0.5,0.0,70.0,0.17484314242998758
2511,1.0,45.0,40.0,0.5,10.0,166.0,0.1611719230810801
2512,1.0,45.0,40.0,0.5,100.0,114.0,0.16452679534753165
2513,1.0,45.0,40.0,0.5,1000.0,175.0,0.1587073653936386
2514,1.0,45.0,40.0,0.5,10000.0,71.0,0.1737703730662664
2515,1.0,45.0,40.0,0.7,0.0,78.0,0.18543227513631186
2516,1.0,45.0,40.0,0.7,10.0,69.0,0.18238655726114908
2517,1.0,45.0,40.0,0.7,100.0,73.0,0.18047643701235452
2518,1.0,45.0,40.0,0.7,1000.0,100.0,0.18221635123093924
2519,1.0,45.0,40.0,0.7,10000.0,72.0,0.18407209714253744
2520,1.0,45.0,45.0,0.3,0.0,115.0,0.15354957928260168
2521,1.0,45.0,45.0,0.3,10.0,129.0,0.15604406843582788
2522,1.0,45.0,45.0,0.3,100.0,149.0,0.15529478838046393
2523,1.0,45.0,45.0,0.3,1000.0,134.0,0.15297904858986536
2524,1.0,45.0,45.0,0.3,10000.0,139.0,0.15733909606933594
2525,1.0,45.0,45.0,0.5,0.0,90.0,0.17347949743270874
2526,1.0,45.0,45.0,0.5,10.0,107.0,0.16453554232915243
2527,1.0,45.0,45.0,0.5,100.0,112.0,0.16795494655768076
2528,1.0,45.0,45.0,0.5,1000.0,103.0,0.16512065629164377
2529,1.0,45.0,45.0,0.5,10000.0,71.0,0.17535928885142008
2530,1.0,45.0,45.0,0.7,0.0,92.0,0.17894846697648367
2531,1.0,45.0,45.0,0.7,10.0,50.0,0.1869798849026362
2532,1.0,45.0,45.0,0.7,100.0,76.0,0.18622403343518576
2533,1.0,45.0,45.0,0.7,1000.0,64.0,0.1848513831694921
2534,1.0,45.0,45.0,0.7,10000.0,113.0,0.1771040161450704
2535,1.0,45.0,50.0,0.3,0.0,106.0,0.16113717357317606
2536,1.0,45.0,50.0,0.3,10.0,110.0,0.15402222176392874
2537,1.0,45.0,50.0,0.3,100.0,169.0,0.1451778089006742
2538,1.0,45.0,50.0,0.3,1000.0,157.0,0.15010224531094232
2539,1.0,45.0,50.0,0.3,10000.0,154.0,0.15820281207561493
2540,1.0,45.0,50.0,0.5,0.0,106.0,0.16569413741429648
2541,1.0,45.0,50.0,0.5,10.0,168.0,0.15479369958241782
2542,1.0,45.0,50.0,0.5,100.0,128.0,0.16472660501797995
2543,1.0,45.0,50.0,0.5,1000.0,136.0,0.16093381742636362
2544,1.0,45.0,50.0,0.5,10000.0,141.0,0.15953902900218964
2545,1.0,45.0,50.0,0.7,0.0,87.0,0.1868213266134262
2546,1.0,45.0,50.0,0.7,10.0,110.0,0.17803109188874564
2547,1.0,45.0,50.0,0.7,100.0,70.0,0.18206780155499777
2548,1.0,45.0,50.0,0.7,1000.0,148.0,0.17370001475016275
2549,1.0,45.0,50.0,0.7,10000.0,71.0,0.18368535737196603
2550,2.0,45.0,5.0,0.3,0.0,65.0,0.17320107420285544
2551,2.0,45.0,5.0,0.3,10.0,50.0,0.17778106530507407
2552,2.0,45.0,5.0,0.3,100.0,97.0,0.16904685397942862
2553,2.0,45.0,5.0,0.3,1000.0,71.0,0.16590298215548197
2554,2.0,45.0,5.0,0.3,10000.0,72.0,0.179790993531545
2555,2.0,45.0,5.0,0.5,0.0,42.0,0.2092684010664622
2556,2.0,45.0,5.0,0.5,10.0,83.0,0.18761173884073892
2557,2.0,45.0,5.0,0.5,100.0,78.0,0.1822808434565862
2558,2.0,45.0,5.0,0.5,1000.0,94.0,0.18341788152853647
2559,2.0,45.0,5.0,0.5,10000.0,29.0,0.22630195319652557
2560,2.0,45.0,5.0,0.7,0.0,39.0,0.26387539505958557
2561,2.0,45.0,5.0,0.7,10.0,57.0,0.25177789231141406
2562,2.0,45.0,5.0,0.7,100.0,69.0,0.21187321841716766
2563,2.0,45.0,5.0,0.7,1000.0,67.0,0.23862392206986746
2564,2.0,45.0,5.0,0.7,10000.0,32.0,0.2877645492553711
2565,2.0,45.0,10.0,0.3,0.0,67.0,0.15311191727717718
2566,2.0,45.0,10.0,0.3,10.0,85.0,0.16099104285240173
2567,2.0,45.0,10.0,0.3,100.0,135.0,0.14885801573594412
2568,2.0,45.0,10.0,0.3,1000.0,131.0,0.15333093206087747
2569,2.0,45.0,10.0,0.3,10000.0,78.0,0.15699726343154907
2570,2.0,45.0,10.0,0.5,0.0,64.0,0.17082307736078897
2571,2.0,45.0,10.0,0.5,10.0,54.0,0.1901600311199824
2572,2.0,45.0,10.0,0.5,100.0,111.0,0.17996969322363535
2573,2.0,45.0,10.0,0.5,1000.0,111.0,0.16671073933442435
2574,2.0,45.0,10.0,0.5,10000.0,70.0,0.16884387532869974
2575,2.0,45.0,10.0,0.7,0.0,39.0,0.2100741664568583
2576,2.0,45.0,10.0,0.7,10.0,57.0,0.23140529791514078
2577,2.0,45.0,10.0,0.7,100.0,105.0,0.18362124264240265
2578,2.0,45.0,10.0,0.7,1000.0,66.0,0.2019143601258596
2579,2.0,45.0,10.0,0.7,10000.0,61.0,0.20556923747062683
2580,2.0,45.0,15.0,0.3,0.0,105.0,0.14549784859021506
2581,2.0,45.0,15.0,0.3,10.0,85.0,0.15295107662677765
2582,2.0,45.0,15.0,0.3,100.0,74.0,0.16469213863213858
2583,2.0,45.0,15.0,0.3,1000.0,117.0,0.15034917990366617
2584,2.0,45.0,15.0,0.3,10000.0,103.0,0.1452004611492157
2585,2.0,45.0,15.0,0.5,0.0,106.0,0.15434067944685617
2586,2.0,45.0,15.0,0.5,10.0,100.0,0.16859548290570578
2587,2.0,45.0,15.0,0.5,100.0,75.0,0.17033288876215616
2588,2.0,45.0,15.0,0.5,1000.0,90.0,0.16330659886201224
2589,2.0,45.0,15.0,0.5,10000.0,100.0,0.16419907410939535
2590,2.0,45.0,15.0,0.7,0.0,78.0,0.1881787826617559
2591,2.0,45.0,15.0,0.7,10.0,102.0,0.18188522259394327
2592,2.0,45.0,15.0,0.7,100.0,44.0,0.2113620787858963
2593,2.0,45.0,15.0,0.7,1000.0,91.0,0.179469496011734
2594,2.0,45.0,15.0,0.7,10000.0,52.0,0.2048366814851761
2595,2.0,45.0,20.0,0.3,0.0,126.0,0.1457199975848198
2596,2.0,45.0,20.0,0.3,10.0,104.0,0.1502719521522522
2597,2.0,45.0,20.0,0.3,100.0,85.0,0.1542052080233892
2598,2.0,45.0,20.0,0.3,1000.0,120.0,0.15112735331058502
2599,2.0,45.0,20.0,0.3,10000.0,98.0,0.15247419476509094
2600,2.0,45.0,20.0,0.5,0.0,78.0,0.1586657166481018
2601,2.0,45.0,20.0,0.5,10.0,93.0,0.1552914579709371
2602,2.0,45.0,20.0,0.5,100.0,142.0,0.14507131775220236
2603,2.0,45.0,20.0,0.5,1000.0,100.0,0.15747481087843576
2604,2.0,45.0,20.0,0.5,10000.0,79.0,0.1531567002336184
2605,2.0,45.0,20.0,0.7,0.0,37.0,0.19615468382835388
2606,2.0,45.0,20.0,0.7,10.0,48.0,0.1911969780921936
2607,2.0,45.0,20.0,0.7,100.0,129.0,0.15722372134526572
2608,2.0,45.0,20.0,0.7,1000.0,100.0,0.17118320862452188
2609,2.0,45.0,20.0,0.7,10000.0,81.0,0.1753749499718348
2610,2.0,45.0,25.0,0.3,0.0,122.0,0.14789059261480966
2611,2.0,45.0,25.0,0.3,10.0,135.0,0.1471243475874265
2612,2.0,45.0,25.0,0.3,100.0,82.0,0.16205289463202158
2613,2.0,45.0,25.0,0.3,1000.0,100.0,0.15256032099326453
2614,2.0,45.0,25.0,0.3,10000.0,89.0,0.15331058700879416
2615,2.0,45.0,25.0,0.5,0.0,77.0,0.16167163848876953
2616,2.0,45.0,25.0,0.5,10.0,75.0,0.15891477962334952
2617,2.0,45.0,25.0,0.5,100.0,91.0,0.16065227488676706
2618,2.0,45.0,25.0,0.5,1000.0,134.0,0.14846055706342062
2619,2.0,45.0,25.0,0.5,10000.0,98.0,0.15592037638028464
2620,2.0,45.0,25.0,0.7,0.0,124.0,0.16516293088595072
2621,2.0,45.0,25.0,0.7,10.0,92.0,0.17186851799488068
2622,2.0,45.0,25.0,0.7,100.0,73.0,0.1763755033413569
2623,2.0,45.0,25.0,0.7,1000.0,136.0,0.1645924299955368
2624,2.0,45.0,25.0,0.7,10000.0,89.0,0.17092371980349222
2625,2.0,45.0,30.0,0.3,0.0,90.0,0.1483085254828135
2626,2.0,45.0,30.0,0.3,10.0,104.0,0.15550229450066885
2627,2.0,45.0,30.0,0.3,100.0,102.0,0.15577774246533713
2628,2.0,45.0,30.0,0.3,1000.0,174.0,0.1527764896551768
2629,2.0,45.0,30.0,0.3,10000.0,133.0,0.1437899818023046
2630,2.0,45.0,30.0,0.5,0.0,64.0,0.16123962899049124
2631,2.0,45.0,30.0,0.5,10.0,111.0,0.15145557125409445
2632,2.0,45.0,30.0,0.5,100.0,84.0,0.16017883022626242
2633,2.0,45.0,30.0,0.5,1000.0,169.0,0.1473942498366038
2634,2.0,45.0,30.0,0.5,10000.0,100.0,0.15770907203356424
2635,2.0,45.0,30.0,0.7,0.0,116.0,0.1690377195676168
2636,2.0,45.0,30.0,0.7,10.0,131.0,0.16230721771717072
2637,2.0,45.0,30.0,0.7,100.0,103.0,0.16454085210959116
2638,2.0,45.0,30.0,0.7,1000.0,79.0,0.18206505477428436
2639,2.0,45.0,30.0,0.7,10000.0,100.0,0.17315792044003805
2640,2.0,45.0,35.0,0.3,0.0,105.0,0.14309080690145493
2641,2.0,45.0,35.0,0.3,10.0,110.0,0.15214009334643683
2642,2.0,45.0,35.0,0.3,100.0,99.0,0.14933408300081888
2643,2.0,45.0,35.0,0.3,1000.0,102.0,0.15111407140890756
2644,2.0,45.0,35.0,0.3,10000.0,109.0,0.14560098201036453
2645,2.0,45.0,35.0,0.5,0.0,115.0,0.15805325905481973
2646,2.0,45.0,35.0,0.5,10.0,142.0,0.15173252671957016
2647,2.0,45.0,35.0,0.5,100.0,116.0,0.1502837340037028
2648,2.0,45.0,35.0,0.5,1000.0,89.0,0.1535001496473948
2649,2.0,45.0,35.0,0.5,10000.0,99.0,0.15214003870884577
2650,2.0,45.0,35.0,0.7,0.0,109.0,0.15755569438139597
2651,2.0,45.0,35.0,0.7,10.0,82.0,0.16941826542218527
2652,2.0,45.0,35.0,0.7,100.0,86.0,0.16718243062496185
2653,2.0,45.0,35.0,0.7,1000.0,65.0,0.17742304503917694
2654,2.0,45.0,35.0,0.7,10000.0,121.0,0.16351379454135895
2655,2.0,45.0,40.0,0.3,0.0,100.0,0.14889058967431387
2656,2.0,45.0,40.0,0.3,10.0,77.0,0.15262205650409064
2657,2.0,45.0,40.0,0.3,100.0,113.0,0.1494631419579188
2658,2.0,45.0,40.0,0.3,1000.0,81.0,0.15436713894208273
2659,2.0,45.0,40.0,0.3,10000.0,136.0,0.1427138422926267
2660,2.0,45.0,40.0,0.5,0.0,77.0,0.15850394467512766
2661,2.0,45.0,40.0,0.5,10.0,77.0,0.16092910865942636
2662,2.0,45.0,40.0,0.5,100.0,136.0,0.14972730726003647
2663,2.0,45.0,40.0,0.5,1000.0,88.0,0.15637106200059256
2664,2.0,45.0,40.0,0.5,10000.0,97.0,0.1530898337562879
2665,2.0,45.0,40.0,0.7,0.0,110.0,0.16230745613574982
2666,2.0,45.0,40.0,0.7,10.0,85.0,0.17226005593935648
2667,2.0,45.0,40.0,0.7,100.0,72.0,0.17305025458335876
2668,2.0,45.0,40.0,0.7,1000.0,104.0,0.16505189736684164
2669,2.0,45.0,40.0,0.7,10000.0,67.0,0.17150726914405823
2670,2.0,45.0,45.0,0.3,0.0,64.0,0.15736685196558634
2671,2.0,45.0,45.0,0.3,10.0,104.0,0.14336126546065012
2672,2.0,45.0,45.0,0.3,100.0,78.0,0.15327300131320953
2673,2.0,45.0,45.0,0.3,1000.0,155.0,0.14290143301089606
2674,2.0,45.0,45.0,0.3,10000.0,116.0,0.14880702396233877
2675,2.0,45.0,45.0,0.5,0.0,121.0,0.14735777924458185
2676,2.0,45.0,45.0,0.5,10.0,98.0,0.15384707848230997
2677,2.0,45.0,45.0,0.5,100.0,79.0,0.15398916602134705
2678,2.0,45.0,45.0,0.5,1000.0,125.0,0.15118924776713052
2679,2.0,45.0,45.0,0.5,10000.0,100.0,0.15802509586016336
2680,2.0,45.0,45.0,0.7,0.0,110.0,0.16016770402590433
2681,2.0,45.0,45.0,0.7,10.0,82.0,0.16265838344891867
2682,2.0,45.0,45.0,0.7,100.0,80.0,0.16332302490870157
2683,2.0,45.0,45.0,0.7,1000.0,72.0,0.17907304565111795
2684,2.0,45.0,45.0,0.7,10000.0,113.0,0.1650908241669337
2685,2.0,45.0,50.0,0.3,0.0,76.0,0.1510363593697548
2686,2.0,45.0,50.0,0.3,10.0,109.0,0.14635419100522995
2687,2.0,45.0,50.0,0.3,100.0,98.0,0.1548005019625028
2688,2.0,45.0,50.0,0.3,1000.0,136.0,0.1565449982881546
2689,2.0,45.0,50.0,0.3,10000.0,89.0,0.1489022026459376
2690,2.0,45.0,50.0,0.5,0.0,89.0,0.15853709975878397
2691,2.0,45.0,50.0,0.5,10.0,142.0,0.1430050954222679
2692,2.0,45.0,50.0,0.5,100.0,97.0,0.15877783298492432
2693,2.0,45.0,50.0,0.5,1000.0,114.0,0.15375381708145142
2694,2.0,45.0,50.0,0.5,10000.0,58.0,0.17679554720719656
2695,2.0,45.0,50.0,0.7,0.0,59.0,0.17271914581457773
2696,2.0,45.0,50.0,0.7,10.0,127.0,0.15689398348331451
2697,2.0,45.0,50.0,0.7,100.0,71.0,0.1704969902833303
2698,2.0,45.0,50.0,0.7,1000.0,113.0,0.16693452994028726
2699,2.0,45.0,50.0,0.7,10000.0,124.0,0.16095503171284994
2700,1.0,50.0,5.0,0.3,0.0,97.0,0.15814468761285147
2701,1.0,50.0,5.0,0.3,10.0,117.0,0.16149760286013284
2702,1.0,50.0,5.0,0.3,100.0,101.0,0.16233345866203308
2703,1.0,50.0,5.0,0.3,1000.0,169.0,0.16465874016284943
2704,1.0,50.0,5.0,0.3,10000.0,100.0,0.1671594182650248
2705,1.0,50.0,5.0,0.5,0.0,68.0,0.18977031608422598
2706,1.0,50.0,5.0,0.5,10.0,64.0,0.2003883421421051
2707,1.0,50.0,5.0,0.5,100.0,53.0,0.19734864930311838
2708,1.0,50.0,5.0,0.5,1000.0,92.0,0.22066804766654968
2709,1.0,50.0,5.0,0.5,10000.0,69.0,0.19713259736696878
2710,1.0,50.0,5.0,0.7,0.0,78.0,0.2406612733999888
2711,1.0,50.0,5.0,0.7,10.0,40.0,0.25460436443487805
2712,1.0,50.0,5.0,0.7,100.0,43.0,0.2432470073302587
2713,1.0,50.0,5.0,0.7,1000.0,70.0,0.2902579108874003
2714,1.0,50.0,5.0,0.7,10000.0,41.0,0.25909124314785004
2715,1.0,50.0,10.0,0.3,0.0,93.0,0.15343998124202093
2716,1.0,50.0,10.0,0.3,10.0,136.0,0.15626594672600427
2717,1.0,50.0,10.0,0.3,100.0,57.0,0.19091445207595825
2718,1.0,50.0,10.0,0.3,1000.0,121.0,0.16011999547481537
2719,1.0,50.0,10.0,0.3,10000.0,116.0,0.16368873914082846
2720,1.0,50.0,10.0,0.5,0.0,131.0,0.16290413836638132
2721,1.0,50.0,10.0,0.5,10.0,168.0,0.16214861472447714
2722,1.0,50.0,10.0,0.5,100.0,101.0,0.2010545035203298
2723,1.0,50.0,10.0,0.5,1000.0,121.0,0.17053002615769705
2724,1.0,50.0,10.0,0.5,10000.0,72.0,0.18066192169984183
2725,1.0,50.0,10.0,0.7,0.0,66.0,0.2061595320701599
2726,1.0,50.0,10.0,0.7,10.0,56.0,0.20676858723163605
2727,1.0,50.0,10.0,0.7,100.0,62.0,0.26911115646362305
2728,1.0,50.0,10.0,0.7,1000.0,77.0,0.21487833062807718
2729,1.0,50.0,10.0,0.7,10000.0,64.0,0.20888311167558035
2730,1.0,50.0,15.0,0.3,0.0,86.0,0.15551803509394327
2731,1.0,50.0,15.0,0.3,10.0,131.0,0.15213699638843536
2732,1.0,50.0,15.0,0.3,100.0,124.0,0.14902104685703912
2733,1.0,50.0,15.0,0.3,1000.0,104.0,0.16038965185483298
2734,1.0,50.0,15.0,0.3,10000.0,104.0,0.15094256152709326
2735,1.0,50.0,15.0,0.5,0.0,135.0,0.15909182031949362
2736,1.0,50.0,15.0,0.5,10.0,104.0,0.17328069110711417
2737,1.0,50.0,15.0,0.5,100.0,120.0,0.16413072248299918
2738,1.0,50.0,15.0,0.5,1000.0,99.0,0.17660226921240488
2739,1.0,50.0,15.0,0.5,10000.0,113.0,0.1624074180920919
2740,1.0,50.0,15.0,0.7,0.0,56.0,0.19881288707256317
2741,1.0,50.0,15.0,0.7,10.0,82.0,0.20019465188185373
2742,1.0,50.0,15.0,0.7,100.0,56.0,0.19959900279839835
2743,1.0,50.0,15.0,0.7,1000.0,99.0,0.19773730635643005
2744,1.0,50.0,15.0,0.7,10000.0,113.0,0.18143032491207123
2745,1.0,50.0,20.0,0.3,0.0,173.0,0.15509446213642755
2746,1.0,50.0,20.0,0.3,10.0,95.0,0.15332426875829697
2747,1.0,50.0,20.0,0.3,100.0,109.0,0.15240960816542307
2748,1.0,50.0,20.0,0.3,1000.0,126.0,0.1495772177974383
2749,1.0,50.0,20.0,0.3,10000.0,119.0,0.15449654310941696
2750,1.0,50.0,20.0,0.5,0.0,69.0,0.17952490349610647
2751,1.0,50.0,20.0,0.5,10.0,118.0,0.1622769981622696
2752,1.0,50.0,20.0,0.5,100.0,92.0,0.16518817842006683
2753,1.0,50.0,20.0,0.5,1000.0,117.0,0.16460026303927103
2754,1.0,50.0,20.0,0.5,10000.0,138.0,0.15585285176833472
2755,1.0,50.0,20.0,0.7,0.0,91.0,0.19128567973772684
2756,1.0,50.0,20.0,0.7,10.0,65.0,0.19253297646840414
2757,1.0,50.0,20.0,0.7,100.0,82.0,0.18419772883256277
2758,1.0,50.0,20.0,0.7,1000.0,77.0,0.1914454996585846
2759,1.0,50.0,20.0,0.7,10000.0,78.0,0.18945478399594626
2760,1.0,50.0,25.0,0.3,0.0,142.0,0.1512057309349378
2761,1.0,50.0,25.0,0.3,10.0,131.0,0.14862256993850073
2762,1.0,50.0,25.0,0.3,100.0,130.0,0.1516449823975563
2763,1.0,50.0,25.0,0.3,1000.0,143.0,0.15182898938655853
2764,1.0,50.0,25.0,0.3,10000.0,159.0,0.15150456130504608
2765,1.0,50.0,25.0,0.5,0.0,57.0,0.1795352300008138
2766,1.0,50.0,25.0,0.5,10.0,175.0,0.15735541780789694
2767,1.0,50.0,25.0,0.5,100.0,86.0,0.16795282562573752
2768,1.0,50.0,25.0,0.5,1000.0,142.0,0.15597601234912872
2769,1.0,50.0,25.0,0.5,10000.0,94.0,0.17211197316646576
2770,1.0,50.0,25.0,0.7,0.0,90.0,0.18561831613381705
2771,1.0,50.0,25.0,0.7,10.0,55.0,0.1928845246632894
2772,1.0,50.0,25.0,0.7,100.0,40.0,0.1954991122086843
2773,1.0,50.0,25.0,0.7,1000.0,76.0,0.18957098325093588
2774,1.0,50.0,25.0,0.7,10000.0,52.0,0.19490872820218405
2775,1.0,50.0,30.0,0.3,0.0,129.0,0.15455267826716104
2776,1.0,50.0,30.0,0.3,10.0,121.0,0.14708721141020456
2777,1.0,50.0,30.0,0.3,100.0,47.0,0.18013650675614676
2778,1.0,50.0,30.0,0.3,1000.0,166.0,0.15522182981173197
2779,1.0,50.0,30.0,0.3,10000.0,129.0,0.14479089776674905
2780,1.0,50.0,30.0,0.5,0.0,103.0,0.16396276156107584
2781,1.0,50.0,30.0,0.5,10.0,185.0,0.15090523908535639
2782,1.0,50.0,30.0,0.5,100.0,47.0,0.18228337665398917
2783,1.0,50.0,30.0,0.5,1000.0,107.0,0.1633236507574717
2784,1.0,50.0,30.0,0.5,10000.0,118.0,0.15195712695519129
2785,1.0,50.0,30.0,0.7,0.0,107.0,0.18219999969005585
2786,1.0,50.0,30.0,0.7,10.0,103.0,0.17970062295595804
2787,1.0,50.0,30.0,0.7,100.0,82.0,0.18300956984361014
2788,1.0,50.0,30.0,0.7,1000.0,61.0,0.18554405371348062
2789,1.0,50.0,30.0,0.7,10000.0,101.0,0.17633083959420523
2790,1.0,50.0,35.0,0.3,0.0,149.0,0.15073352555433908
2791,1.0,50.0,35.0,0.3,10.0,76.0,0.16705041627089182
2792,1.0,50.0,35.0,0.3,100.0,132.0,0.15207560112078986
2793,1.0,50.0,35.0,0.3,1000.0,94.0,0.15622192124525705
2794,1.0,50.0,35.0,0.3,10000.0,147.0,0.14775615682204565
2795,1.0,50.0,35.0,0.5,0.0,157.0,0.1581023633480072
2796,1.0,50.0,35.0,0.5,10.0,125.0,0.16511123379071554
2797,1.0,50.0,35.0,0.5,100.0,47.0,0.18139521777629852
2798,1.0,50.0,35.0,0.5,1000.0,122.0,0.16772831976413727
2799,1.0,50.0,35.0,0.5,10000.0,113.0,0.16374101241429648
2800,1.0,50.0,35.0,0.7,0.0,93.0,0.18129401902357736
2801,1.0,50.0,35.0,0.7,10.0,182.0,0.17049640913804373
2802,1.0,50.0,35.0,0.7,100.0,122.0,0.17545506358146667
2803,1.0,50.0,35.0,0.7,1000.0,61.0,0.18643596768379211
2804,1.0,50.0,35.0,0.7,10000.0,80.0,0.18538978695869446
2805,1.0,50.0,40.0,0.3,0.0,132.0,0.15226015696922937
2806,1.0,50.0,40.0,0.3,10.0,81.0,0.1575466642777125
2807,1.0,50.0,40.0,0.3,100.0,107.0,0.1517940511306127
2808,1.0,50.0,40.0,0.3,1000.0,98.0,0.16093168159325918
2809,1.0,50.0,40.0,0.3,10000.0,114.0,0.1558317889769872
2810,1.0,50.0,40.0,0.5,0.0,130.0,0.15843521555264792
2811,1.0,50.0,40.0,0.5,10.0,123.0,0.16109533111254373
2812,1.0,50.0,40.0,0.5,100.0,35.0,0.18528064092000326
2813,1.0,50.0,40.0,0.5,1000.0,104.0,0.16629809637864432
2814,1.0,50.0,40.0,0.5,10000.0,94.0,0.15812059740225473
2815,1.0,50.0,40.0,0.7,0.0,84.0,0.18275017042954764
2816,1.0,50.0,40.0,0.7,10.0,88.0,0.18297864000002542
2817,1.0,50.0,40.0,0.7,100.0,82.0,0.17834486564000449
2818,1.0,50.0,40.0,0.7,1000.0,75.0,0.18120493491490683
2819,1.0,50.0,40.0,0.7,10000.0,81.0,0.17841838796933493
2820,1.0,50.0,45.0,0.3,0.0,166.0,0.15210572381814322
2821,1.0,50.0,45.0,0.3,10.0,120.0,0.14840871840715408
2822,1.0,50.0,45.0,0.3,100.0,117.0,0.14971685409545898
2823,1.0,50.0,45.0,0.3,1000.0,104.0,0.16041688124338785
2824,1.0,50.0,45.0,0.3,10000.0,115.0,0.1559945046901703
2825,1.0,50.0,45.0,0.5,0.0,101.0,0.16373659173647562
2826,1.0,50.0,45.0,0.5,10.0,120.0,0.1601438671350479
2827,1.0,50.0,45.0,0.5,100.0,107.0,0.15902083615461984
2828,1.0,50.0,45.0,0.5,1000.0,154.0,0.15938685834407806
2829,1.0,50.0,45.0,0.5,10000.0,84.0,0.17135949432849884
2830,1.0,50.0,45.0,0.7,0.0,72.0,0.18238291641076407
2831,1.0,50.0,45.0,0.7,10.0,122.0,0.17342552542686462
2832,1.0,50.0,45.0,0.7,100.0,77.0,0.17771828174591064
2833,1.0,50.0,45.0,0.7,1000.0,60.0,0.18714043498039246
2834,1.0,50.0,45.0,0.7,10000.0,93.0,0.1759011447429657
2835,1.0,50.0,50.0,0.3,0.0,107.0,0.1641729325056076
2836,1.0,50.0,50.0,0.3,10.0,144.0,0.15050469090541205
2837,1.0,50.0,50.0,0.3,100.0,151.0,0.1470782682299614
2838,1.0,50.0,50.0,0.3,1000.0,132.0,0.15139637142419815
2839,1.0,50.0,50.0,0.3,10000.0,110.0,0.1568121463060379
2840,1.0,50.0,50.0,0.5,0.0,160.0,0.16115528841813406
2841,1.0,50.0,50.0,0.5,10.0,92.0,0.17180218795935312
2842,1.0,50.0,50.0,0.5,100.0,72.0,0.1736357311407725
2843,1.0,50.0,50.0,0.5,1000.0,166.0,0.15253347903490067
2844,1.0,50.0,50.0,0.5,10000.0,135.0,0.15593698620796204
2845,1.0,50.0,50.0,0.7,0.0,73.0,0.18142778178056082
2846,1.0,50.0,50.0,0.7,10.0,94.0,0.18086611727873483
2847,1.0,50.0,50.0,0.7,100.0,96.0,0.17907480398813883
2848,1.0,50.0,50.0,0.7,1000.0,100.0,0.17609398066997528
2849,1.0,50.0,50.0,0.7,10000.0,65.0,0.18838214377562204
2850,2.0,50.0,5.0,0.3,0.0,148.0,0.14514628301064172
2851,2.0,50.0,5.0,0.3,10.0,71.0,0.16888506213823953
2852,2.0,50.0,5.0,0.3,100.0,81.0,0.16428261995315552
2853,2.0,50.0,5.0,0.3,1000.0,105.0,0.16107344130674997
2854,2.0,50.0,5.0,0.3,10000.0,66.0,0.16367733478546143
2855,2.0,50.0,5.0,0.5,0.0,88.0,0.17962700128555298
2856,2.0,50.0,5.0,0.5,10.0,64.0,0.18447376787662506
2857,2.0,50.0,5.0,0.5,100.0,66.0,0.18814845383167267
2858,2.0,50.0,5.0,0.5,1000.0,108.0,0.16940811276435852
2859,2.0,50.0,5.0,0.5,10000.0,67.0,0.18803083896636963
2860,2.0,50.0,5.0,0.7,0.0,77.0,0.21825305620829263
2861,2.0,50.0,5.0,0.7,10.0,37.0,0.26292019585768384
2862,2.0,50.0,5.0,0.7,100.0,52.0,0.25070953369140625
2863,2.0,50.0,5.0,0.7,1000.0,54.0,0.23322014013926187
2864,2.0,50.0,5.0,0.7,10000.0,84.0,0.23879191279411316
2865,2.0,50.0,10.0,0.3,0.0,80.0,0.15446364879608154
2866,2.0,50.0,10.0,0.3,10.0,84.0,0.15154564380645752
2867,2.0,50.0,10.0,0.3,100.0,94.0,0.1578907718261083
2868,2.0,50.0,10.0,0.3,1000.0,118.0,0.15536790837844214
2869,2.0,50.0,10.0,0.3,10000.0,74.0,0.15381710728009543
2870,2.0,50.0,10.0,0.5,0.0,87.0,0.16540572543938956
2871,2.0,50.0,10.0,0.5,10.0,84.0,0.16554291546344757
2872,2.0,50.0,10.0,0.5,100.0,78.0,0.16887077689170837
2873,2.0,50.0,10.0,0.5,1000.0,66.0,0.16979231437047324
2874,2.0,50.0,10.0,0.5,10000.0,85.0,0.1709047108888626
2875,2.0,50.0,10.0,0.7,0.0,90.0,0.2002186874548594
2876,2.0,50.0,10.0,0.7,10.0,78.0,0.20886888603369394
2877,2.0,50.0,10.0,0.7,100.0,82.0,0.1967585782210032
2878,2.0,50.0,10.0,0.7,1000.0,69.0,0.18959241112073263
2879,2.0,50.0,10.0,0.7,10000.0,81.0,0.18488962451616922
2880,2.0,50.0,15.0,0.3,0.0,85.0,0.15221252044041952
2881,2.0,50.0,15.0,0.3,10.0,67.0,0.15280268092950186
2882,2.0,50.0,15.0,0.3,100.0,99.0,0.15562976400057474
2883,2.0,50.0,15.0,0.3,1000.0,107.0,0.15303612997134527
2884,2.0,50.0,15.0,0.3,10000.0,55.0,0.15295003354549408
2885,2.0,50.0,15.0,0.5,0.0,90.0,0.1574386457602183
2886,2.0,50.0,15.0,0.5,10.0,114.0,0.16213064889113107
2887,2.0,50.0,15.0,0.5,100.0,68.0,0.16842085619767508
2888,2.0,50.0,15.0,0.5,1000.0,48.0,0.1807118703921636
2889,2.0,50.0,15.0,0.5,10000.0,79.0,0.15524432063102722
2890,2.0,50.0,15.0,0.7,0.0,90.0,0.17738145093123117
2891,2.0,50.0,15.0,0.7,10.0,57.0,0.19008952379226685
2892,2.0,50.0,15.0,0.7,100.0,59.0,0.19577119747797647
2893,2.0,50.0,15.0,0.7,1000.0,92.0,0.17748182018597922
2894,2.0,50.0,15.0,0.7,10000.0,85.0,0.18200574815273285
2895,2.0,50.0,20.0,0.3,0.0,93.0,0.1510106548666954
2896,2.0,50.0,20.0,0.3,10.0,117.0,0.15187333772579828
2897,2.0,50.0,20.0,0.3,100.0,81.0,0.15102401872475943
2898,2.0,50.0,20.0,0.3,1000.0,70.0,0.1593234638373057
2899,2.0,50.0,20.0,0.3,10000.0,79.0,0.1608777642250061
2900,2.0,50.0,20.0,0.5,0.0,85.0,0.15838269889354706
2901,2.0,50.0,20.0,0.5,10.0,103.0,0.15858685473601022
2902,2.0,50.0,20.0,0.5,100.0,87.0,0.15497718254725137
2903,2.0,50.0,20.0,0.5,1000.0,85.0,0.1580710162719091
2904,2.0,50.0,20.0,0.5,10000.0,51.0,0.1772685448328654
2905,2.0,50.0,20.0,0.7,0.0,90.0,0.17325529952843985
2906,2.0,50.0,20.0,0.7,10.0,127.0,0.16709268589814505
2907,2.0,50.0,20.0,0.7,100.0,80.0,0.18527279794216156
2908,2.0,50.0,20.0,0.7,1000.0,77.0,0.18269193172454834
2909,2.0,50.0,20.0,0.7,10000.0,86.0,0.17790464560190836
2910,2.0,50.0,25.0,0.3,0.0,97.0,0.15338574101527533
2911,2.0,50.0,25.0,0.3,10.0,101.0,0.15249019612868628
2912,2.0,50.0,25.0,0.3,100.0,133.0,0.14409936716159186
2913,2.0,50.0,25.0,0.3,1000.0,95.0,0.15307136376698813
2914,2.0,50.0,25.0,0.3,10000.0,119.0,0.14550247291723886
2915,2.0,50.0,25.0,0.5,0.0,57.0,0.1632890154918035
2916,2.0,50.0,25.0,0.5,10.0,90.0,0.1520372504989306
2917,2.0,50.0,25.0,0.5,100.0,117.0,0.15641027192274728
2918,2.0,50.0,25.0,0.5,1000.0,95.0,0.15614382922649384
2919,2.0,50.0,25.0,0.5,10000.0,87.0,0.15945441027482352
2920,2.0,50.0,25.0,0.7,0.0,59.0,0.17695402105649313
2921,2.0,50.0,25.0,0.7,10.0,53.0,0.1814172069231669
2922,2.0,50.0,25.0,0.7,100.0,67.0,0.17452555894851685
2923,2.0,50.0,25.0,0.7,1000.0,106.0,0.17589735488096872
2924,2.0,50.0,25.0,0.7,10000.0,68.0,0.17946313818295798
2925,2.0,50.0,30.0,0.3,0.0,62.0,0.15912961959838867
2926,2.0,50.0,30.0,0.3,10.0,120.0,0.14610256254673004
2927,2.0,50.0,30.0,0.3,100.0,79.0,0.15610421697298685
2928,2.0,50.0,30.0,0.3,1000.0,78.0,0.1539018601179123
2929,2.0,50.0,30.0,0.3,10000.0,119.0,0.14825439204772314
2930,2.0,50.0,30.0,0.5,0.0,74.0,0.15728574991226196
2931,2.0,50.0,30.0,0.5,10.0,85.0,0.15848013758659363
2932,2.0,50.0,30.0,0.5,100.0,116.0,0.1493684450785319
2933,2.0,50.0,30.0,0.5,1000.0,118.0,0.15689935038487116
2934,2.0,50.0,30.0,0.5,10000.0,76.0,0.15683187544345856
2935,2.0,50.0,30.0,0.7,0.0,85.0,0.1702251136302948
2936,2.0,50.0,30.0,0.7,10.0,106.0,0.16660202542940775
2937,2.0,50.0,30.0,0.7,100.0,84.0,0.16571334997812906
2938,2.0,50.0,30.0,0.7,1000.0,146.0,0.16048915684223175
2939,2.0,50.0,30.0,0.7,10000.0,92.0,0.16922110319137573
2940,2.0,50.0,35.0,0.3,0.0,77.0,0.15313924352327982
2941,2.0,50.0,35.0,0.3,10.0,108.0,0.148756576081117
2942,2.0,50.0,35.0,0.3,100.0,88.0,0.14897304773330688
2943,2.0,50.0,35.0,0.3,1000.0,105.0,0.14755179484685263
2944,2.0,50.0,35.0,0.3,10000.0,98.0,0.1462962528069814
2945,2.0,50.0,35.0,0.5,0.0,85.0,0.15764479835828146
2946,2.0,50.0,35.0,0.5,10.0,121.0,0.15152000387509665
2947,2.0,50.0,35.0,0.5,100.0,101.0,0.1529361978173256
2948,2.0,50.0,35.0,0.5,1000.0,101.0,0.15188086281220117
2949,2.0,50.0,35.0,0.5,10000.0,109.0,0.14434888710578284
2950,2.0,50.0,35.0,0.7,0.0,75.0,0.1662932982047399
2951,2.0,50.0,35.0,0.7,10.0,91.0,0.16161913673082987
2952,2.0,50.0,35.0,0.7,100.0,102.0,0.1655628482500712
2953,2.0,50.0,35.0,0.7,1000.0,85.0,0.16555442909399667
2954,2.0,50.0,35.0,0.7,10000.0,91.0,0.16852092246214548
2955,2.0,50.0,40.0,0.3,0.0,99.0,0.14913436522086462
2956,2.0,50.0,40.0,0.3,10.0,104.0,0.15749461452166238
2957,2.0,50.0,40.0,0.3,100.0,107.0,0.14896608392397562
2958,2.0,50.0,40.0,0.3,1000.0,103.0,0.14751162628332773
2959,2.0,50.0,40.0,0.3,10000.0,109.0,0.14785931011041006
2960,2.0,50.0,40.0,0.5,0.0,71.0,0.1569687028725942
2961,2.0,50.0,40.0,0.5,10.0,122.0,0.14770952115456262
2962,2.0,50.0,40.0,0.5,100.0,91.0,0.15675872067610422
2963,2.0,50.0,40.0,0.5,1000.0,66.0,0.16204111278057098
2964,2.0,50.0,40.0,0.5,10000.0,96.0,0.1541118249297142
2965,2.0,50.0,40.0,0.7,0.0,86.0,0.1638844112555186
2966,2.0,50.0,40.0,0.7,10.0,101.0,0.15907462934652963
2967,2.0,50.0,40.0,0.7,100.0,92.0,0.16418805221716562
2968,2.0,50.0,40.0,0.7,1000.0,87.0,0.16814682881037393
2969,2.0,50.0,40.0,0.7,10000.0,80.0,0.16465026140213013
2970,2.0,50.0,45.0,0.3,0.0,76.0,0.15823184450467428
2971,2.0,50.0,45.0,0.3,10.0,104.0,0.16126559674739838
2972,2.0,50.0,45.0,0.3,100.0,132.0,0.1467385838429133
2973,2.0,50.0,45.0,0.3,1000.0,95.0,0.14848138391971588
2974,2.0,50.0,45.0,0.3,10000.0,94.0,0.14656210194031397
2975,2.0,50.0,45.0,0.5,0.0,72.0,0.16090012590090433
2976,2.0,50.0,45.0,0.5,10.0,88.0,0.15449261665344238
2977,2.0,50.0,45.0,0.5,100.0,125.0,0.14783730854590735
2978,2.0,50.0,45.0,0.5,1000.0,140.0,0.15247661620378494
2979,2.0,50.0,45.0,0.5,10000.0,114.0,0.14704203605651855
2980,2.0,50.0,45.0,0.7,0.0,117.0,0.15595723688602448
2981,2.0,50.0,45.0,0.7,10.0,76.0,0.15964174270629883
2982,2.0,50.0,45.0,0.7,100.0,105.0,0.16090441743532816
2983,2.0,50.0,45.0,0.7,1000.0,93.0,0.15977555513381958
2984,2.0,50.0,45.0,0.7,10000.0,67.0,0.17142470180988312
2985,2.0,50.0,50.0,0.3,0.0,112.0,0.14070753256479898
2986,2.0,50.0,50.0,0.3,10.0,98.0,0.1512968068321546
2987,2.0,50.0,50.0,0.3,100.0,114.0,0.14527357866366705
2988,2.0,50.0,50.0,0.3,1000.0,76.0,0.15479817489782968
2989,2.0,50.0,50.0,0.3,10000.0,117.0,0.1483475243051847
2990,2.0,50.0,50.0,0.5,0.0,66.0,0.1542112280925115
2991,2.0,50.0,50.0,0.5,10.0,98.0,0.15631101528803507
2992,2.0,50.0,50.0,0.5,100.0,142.0,0.14179695894320807
2993,2.0,50.0,50.0,0.5,1000.0,128.0,0.14956616858641306
2994,2.0,50.0,50.0,0.5,10000.0,122.0,0.14924142758051553
2995,2.0,50.0,50.0,0.7,0.0,104.0,0.16303717593352
2996,2.0,50.0,50.0,0.7,10.0,91.0,0.16104766726493835
2997,2.0,50.0,50.0,0.7,100.0,162.0,0.14875859767198563
2998,2.0,50.0,50.0,0.7,1000.0,121.0,0.15951302647590637
2999,2.0,50.0,50.0,0.7,10000.0,45.0,0.1853363166252772
