,num_layers,hidden1,hidden2,dropout,random_seed,epochs_trained,val_error
0,1.0,5.0,5.0,0.3,0.0,127.0,0.5884058674176534
1,1.0,5.0,5.0,0.3,10.0,58.0,0.6266378462314606
2,1.0,5.0,5.0,0.3,100.0,72.0,0.5855782429377238
3,1.0,5.0,5.0,0.3,1000.0,84.0,0.7221179107824961
4,1.0,5.0,5.0,0.3,10000.0,57.0,0.6027234494686127
5,1.0,5.0,5.0,0.5,0.0,86.0,0.6978276371955872
6,1.0,5.0,5.0,0.5,10.0,53.0,0.7346478899319967
7,1.0,5.0,5.0,0.5,100.0,69.0,0.7264726758003235
8,1.0,5.0,5.0,0.5,1000.0,85.0,0.7859804828961691
9,1.0,5.0,5.0,0.5,10000.0,54.0,0.7597399353981018
10,1.0,5.0,5.0,0.7,0.0,66.0,0.8412267963091532
11,1.0,5.0,5.0,0.7,10.0,74.0,0.8404595752557119
12,1.0,5.0,5.0,0.7,100.0,88.0,0.824033518632253
13,1.0,5.0,5.0,0.7,1000.0,190.0,0.8455736339092255
14,1.0,5.0,5.0,0.7,10000.0,150.0,0.7520977159341177
15,1.0,5.0,10.0,0.3,0.0,85.0,0.6267920831839243
16,1.0,5.0,10.0,0.3,10.0,56.0,0.5722165902455648
17,1.0,5.0,10.0,0.3,100.0,53.0,0.7025527358055115
18,1.0,5.0,10.0,0.3,1000.0,65.0,0.6610304613908132
19,1.0,5.0,10.0,0.3,10000.0,42.0,0.6606297791004181
20,1.0,5.0,10.0,0.5,0.0,75.0,0.7092230916023254
21,1.0,5.0,10.0,0.5,10.0,53.0,0.6540176669756571
22,1.0,5.0,10.0,0.5,100.0,65.0,0.7080217202504476
23,1.0,5.0,10.0,0.5,1000.0,144.0,0.6054513156414032
24,1.0,5.0,10.0,0.5,10000.0,54.0,0.6883154809474945
25,1.0,5.0,10.0,0.7,0.0,70.0,0.8013623754183451
26,1.0,5.0,10.0,0.7,10.0,88.0,0.7686724861462911
27,1.0,5.0,10.0,0.7,100.0,93.0,0.8550990025202433
28,1.0,5.0,10.0,0.7,1000.0,109.0,0.7574716905752817
29,1.0,5.0,10.0,0.7,10000.0,108.0,0.701679507891337
30,1.0,5.0,15.0,0.3,0.0,71.0,0.6126395761966705
31,1.0,5.0,15.0,0.3,10.0,43.0,0.6569199562072754
32,1.0,5.0,15.0,0.3,100.0,83.0,0.5821030537287394
33,1.0,5.0,15.0,0.3,1000.0,36.0,0.7994766235351562
34,1.0,5.0,15.0,0.3,10000.0,96.0,0.5717737873395284
35,1.0,5.0,15.0,0.5,0.0,136.0,0.6104467213153839
36,1.0,5.0,15.0,0.5,10.0,49.0,0.7261126935482025
37,1.0,5.0,15.0,0.5,100.0,83.0,0.6409001052379608
38,1.0,5.0,15.0,0.5,1000.0,37.0,0.813642164071401
39,1.0,5.0,15.0,0.5,10000.0,61.0,0.63266654809316
40,1.0,5.0,15.0,0.7,0.0,107.0,0.716806024312973
41,1.0,5.0,15.0,0.7,10.0,54.0,0.8241143623987833
42,1.0,5.0,15.0,0.7,100.0,81.0,0.8251239061355591
43,1.0,5.0,15.0,0.7,1000.0,42.0,0.8479942480723063
44,1.0,5.0,15.0,0.7,10000.0,68.0,0.7395113309224447
45,1.0,5.0,20.0,0.3,0.0,46.0,0.659958948691686
46,1.0,5.0,20.0,0.3,10.0,45.0,0.644436776638031
47,1.0,5.0,20.0,0.3,100.0,68.0,0.6017463008562723
48,1.0,5.0,20.0,0.3,1000.0,36.0,0.7668566604455312
49,1.0,5.0,20.0,0.3,10000.0,36.0,0.5754171510537466
50,1.0,5.0,20.0,0.5,0.0,66.0,0.686633954445521
51,1.0,5.0,20.0,0.5,10.0,47.0,0.6922805110613505
52,1.0,5.0,20.0,0.5,100.0,64.0,0.6770209074020386
53,1.0,5.0,20.0,0.5,1000.0,38.0,0.7919086217880249
54,1.0,5.0,20.0,0.5,10000.0,42.0,0.6435915728410085
55,1.0,5.0,20.0,0.7,0.0,60.0,0.7680265605449677
56,1.0,5.0,20.0,0.7,10.0,54.0,0.804034431775411
57,1.0,5.0,20.0,0.7,100.0,71.0,0.7988324960072836
58,1.0,5.0,20.0,0.7,1000.0,41.0,0.8562002778053284
59,1.0,5.0,20.0,0.7,10000.0,51.0,0.7396655281384786
60,1.0,5.0,25.0,0.3,0.0,47.0,0.6354012588659922
61,1.0,5.0,25.0,0.3,10.0,47.0,0.6120798687140147
62,1.0,5.0,25.0,0.3,100.0,54.0,0.6291357179482778
63,1.0,5.0,25.0,0.3,1000.0,38.0,0.7151061693827311
64,1.0,5.0,25.0,0.3,10000.0,47.0,0.6051399906476339
65,1.0,5.0,25.0,0.5,0.0,47.0,0.6951012710730234
66,1.0,5.0,25.0,0.5,10.0,52.0,0.6672164599100748
67,1.0,5.0,25.0,0.5,100.0,52.0,0.6802970270315806
68,1.0,5.0,25.0,0.5,1000.0,40.0,0.7410777807235718
69,1.0,5.0,25.0,0.5,10000.0,54.0,0.6155026058355967
70,1.0,5.0,25.0,0.7,0.0,56.0,0.7377598981062571
71,1.0,5.0,25.0,0.7,10.0,95.0,0.7156769434611002
72,1.0,5.0,25.0,0.7,100.0,61.0,0.7951179842154185
73,1.0,5.0,25.0,0.7,1000.0,42.0,0.8004885117212931
74,1.0,5.0,25.0,0.7,10000.0,70.0,0.7054232358932495
75,1.0,5.0,30.0,0.3,0.0,48.0,0.6304549872875214
76,1.0,5.0,30.0,0.3,10.0,50.0,0.612189789613088
77,1.0,5.0,30.0,0.3,100.0,48.0,0.6885194679101309
78,1.0,5.0,30.0,0.3,1000.0,35.0,0.7358983755111694
79,1.0,5.0,30.0,0.3,10000.0,39.0,0.5867976446946462
80,1.0,5.0,30.0,0.5,0.0,50.0,0.6630730430285136
81,1.0,5.0,30.0,0.5,10.0,50.0,0.6435352166493734
82,1.0,5.0,30.0,0.5,100.0,49.0,0.7189214328924814
83,1.0,5.0,30.0,0.5,1000.0,35.0,0.7582441866397858
84,1.0,5.0,30.0,0.5,10000.0,48.0,0.6177783807118734
85,1.0,5.0,30.0,0.7,0.0,119.0,0.6316692034403483
86,1.0,5.0,30.0,0.7,10.0,54.0,0.7810117801030477
87,1.0,5.0,30.0,0.7,100.0,80.0,0.7595755557219187
88,1.0,5.0,30.0,0.7,1000.0,45.0,0.8424234390258789
89,1.0,5.0,30.0,0.7,10000.0,48.0,0.6989687383174896
90,1.0,5.0,35.0,0.3,0.0,45.0,0.6437355776627859
91,1.0,5.0,35.0,0.3,10.0,51.0,0.6208157440026602
92,1.0,5.0,35.0,0.3,100.0,49.0,0.6282143493493398
93,1.0,5.0,35.0,0.3,1000.0,39.0,0.7587995926539103
94,1.0,5.0,35.0,0.3,10000.0,38.0,0.5863677263259888
95,1.0,5.0,35.0,0.5,0.0,46.0,0.7152653535207113
96,1.0,5.0,35.0,0.5,10.0,50.0,0.649172325929006
97,1.0,5.0,35.0,0.5,100.0,50.0,0.668929656346639
98,1.0,5.0,35.0,0.5,1000.0,42.0,0.7619602282842001
99,1.0,5.0,35.0,0.5,10000.0,52.0,0.6600776215394338
100,1.0,5.0,35.0,0.7,0.0,72.0,0.7574617067972819
101,1.0,5.0,35.0,0.7,10.0,58.0,0.7867459257443746
102,1.0,5.0,35.0,0.7,100.0,53.0,0.7538846731185913
103,1.0,5.0,35.0,0.7,1000.0,48.0,0.7730526924133301
104,1.0,5.0,35.0,0.7,10000.0,54.0,0.6978207230567932
105,1.0,5.0,40.0,0.3,0.0,41.0,0.6970173716545105
106,1.0,5.0,40.0,0.3,10.0,49.0,0.6197906037171682
107,1.0,5.0,40.0,0.3,100.0,50.0,0.6446566780408224
108,1.0,5.0,40.0,0.3,1000.0,42.0,0.672153651714325
109,1.0,5.0,40.0,0.3,10000.0,44.0,0.614688108364741
110,1.0,5.0,40.0,0.5,0.0,45.0,0.7269375920295715
111,1.0,5.0,40.0,0.5,10.0,50.0,0.6972064872582754
112,1.0,5.0,40.0,0.5,100.0,56.0,0.6882895429929098
113,1.0,5.0,40.0,0.5,1000.0,34.0,0.7436258792877197
114,1.0,5.0,40.0,0.5,10000.0,60.0,0.6540141999721527
115,1.0,5.0,40.0,0.7,0.0,79.0,0.7485449910163879
116,1.0,5.0,40.0,0.7,10.0,56.0,0.7860613663991293
117,1.0,5.0,40.0,0.7,100.0,62.0,0.7996396124362946
118,1.0,5.0,40.0,0.7,1000.0,38.0,0.8053163886070251
119,1.0,5.0,40.0,0.7,10000.0,61.0,0.7378265261650085
120,1.0,5.0,45.0,0.3,0.0,43.0,0.6613139708836874
121,1.0,5.0,45.0,0.3,10.0,45.0,0.6609329382578532
122,1.0,5.0,45.0,0.3,100.0,49.0,0.601679931084315
123,1.0,5.0,45.0,0.3,1000.0,37.0,0.767437477906545
124,1.0,5.0,45.0,0.3,10000.0,30.0,0.5980805456638336
125,1.0,5.0,45.0,0.5,0.0,45.0,0.715693990389506
126,1.0,5.0,45.0,0.5,10.0,48.0,0.6913236876328787
127,1.0,5.0,45.0,0.5,100.0,50.0,0.6646669010321299
128,1.0,5.0,45.0,0.5,1000.0,37.0,0.8012577493985494
129,1.0,5.0,45.0,0.5,10000.0,30.0,0.6271689037481943
130,1.0,5.0,45.0,0.7,0.0,57.0,0.7828275263309479
131,1.0,5.0,45.0,0.7,10.0,56.0,0.8069591025511423
132,1.0,5.0,45.0,0.7,100.0,60.0,0.7471112807591757
133,1.0,5.0,45.0,0.7,1000.0,42.0,0.7964995900789896
134,1.0,5.0,45.0,0.7,10000.0,88.0,0.7056353092193604
135,1.0,5.0,50.0,0.3,0.0,45.0,0.66977858543396
136,1.0,5.0,50.0,0.3,10.0,35.0,0.6466485659281412
137,1.0,5.0,50.0,0.3,100.0,54.0,0.6169032156467438
138,1.0,5.0,50.0,0.3,1000.0,38.0,0.686873068412145
139,1.0,5.0,50.0,0.3,10000.0,43.0,0.6144053936004639
140,1.0,5.0,50.0,0.5,0.0,76.0,0.6377038955688477
141,1.0,5.0,50.0,0.5,10.0,37.0,0.7184528708457947
142,1.0,5.0,50.0,0.5,100.0,59.0,0.6682681242624918
143,1.0,5.0,50.0,0.5,1000.0,40.0,0.7178119421005249
144,1.0,5.0,50.0,0.5,10000.0,42.0,0.6212301552295685
145,1.0,5.0,50.0,0.7,0.0,69.0,0.76142484943072
146,1.0,5.0,50.0,0.7,10.0,120.0,0.7124610543251038
147,1.0,5.0,50.0,0.7,100.0,73.0,0.719363937775294
148,1.0,5.0,50.0,0.7,1000.0,46.0,0.8018860419591268
149,1.0,5.0,50.0,0.7,10000.0,57.0,0.7232133249441782
150,2.0,5.0,5.0,0.3,0.0,65.0,0.6096221208572388
151,2.0,5.0,5.0,0.3,10.0,173.0,0.7288978000481924
152,2.0,5.0,5.0,0.3,100.0,78.0,0.598289410273234
153,2.0,5.0,5.0,0.3,1000.0,74.0,0.594362864891688
154,2.0,5.0,5.0,0.3,10000.0,86.0,0.5931388735771179
155,2.0,5.0,5.0,0.5,0.0,77.0,0.6741760472456614
156,2.0,5.0,5.0,0.5,10.0,113.0,0.841689795255661
157,2.0,5.0,5.0,0.5,100.0,81.0,0.6325752139091492
158,2.0,5.0,5.0,0.5,1000.0,107.0,0.6424318452676138
159,2.0,5.0,5.0,0.5,10000.0,75.0,0.6644693911075592
160,2.0,5.0,5.0,0.7,0.0,66.0,0.8353399535020193
161,2.0,5.0,5.0,0.7,10.0,108.0,0.8363207777341207
162,2.0,5.0,5.0,0.7,100.0,100.0,0.7814367711544037
163,2.0,5.0,5.0,0.7,1000.0,122.0,0.7669374545415243
164,2.0,5.0,5.0,0.7,10000.0,91.0,0.8012792865435282
165,2.0,5.0,10.0,0.3,0.0,77.0,0.5745845834414164
166,2.0,5.0,10.0,0.3,10.0,58.0,0.5847392082214355
167,2.0,5.0,10.0,0.3,100.0,83.0,0.5721467037995657
168,2.0,5.0,10.0,0.3,1000.0,51.0,0.6159823934237162
169,2.0,5.0,10.0,0.3,10000.0,70.0,0.5564513802528381
170,2.0,5.0,10.0,0.5,0.0,68.0,0.6450798809528351
171,2.0,5.0,10.0,0.5,10.0,68.0,0.6278377572695414
172,2.0,5.0,10.0,0.5,100.0,47.0,0.6982720096906027
173,2.0,5.0,10.0,0.5,1000.0,73.0,0.623760312795639
174,2.0,5.0,10.0,0.5,10000.0,90.0,0.6217374602953593
175,2.0,5.0,10.0,0.7,0.0,115.0,0.7060677806536356
176,2.0,5.0,10.0,0.7,10.0,73.0,0.6877684593200684
177,2.0,5.0,10.0,0.7,100.0,92.0,0.7360563278198242
178,2.0,5.0,10.0,0.7,1000.0,83.0,0.7188611030578613
179,2.0,5.0,10.0,0.7,10000.0,93.0,0.7261715730031332
180,2.0,5.0,15.0,0.3,0.0,42.0,0.5853272974491119
181,2.0,5.0,15.0,0.3,10.0,40.0,0.6571167608102163
182,2.0,5.0,15.0,0.3,100.0,51.0,0.6195792555809021
183,2.0,5.0,15.0,0.3,1000.0,51.0,0.5940294365088145
184,2.0,5.0,15.0,0.3,10000.0,65.0,0.5405090351899465
185,2.0,5.0,15.0,0.5,0.0,60.0,0.6378610034783682
186,2.0,5.0,15.0,0.5,10.0,45.0,0.6939681768417358
187,2.0,5.0,15.0,0.5,100.0,92.0,0.6027971804141998
188,2.0,5.0,15.0,0.5,1000.0,70.0,0.6387720306714376
189,2.0,5.0,15.0,0.5,10000.0,80.0,0.5911551018555959
190,2.0,5.0,15.0,0.7,0.0,58.0,0.7040922443072001
191,2.0,5.0,15.0,0.7,10.0,36.0,0.7585192124048868
192,2.0,5.0,15.0,0.7,100.0,50.0,0.718662440776825
193,2.0,5.0,15.0,0.7,1000.0,83.0,0.6832104424635569
194,2.0,5.0,15.0,0.7,10000.0,73.0,0.7015011707941691
195,2.0,5.0,20.0,0.3,0.0,60.0,0.5829041302204132
196,2.0,5.0,20.0,0.3,10.0,46.0,0.5837954580783844
197,2.0,5.0,20.0,0.3,100.0,49.0,0.6213439603646597
198,2.0,5.0,20.0,0.3,1000.0,66.0,0.5655725995699564
199,2.0,5.0,20.0,0.3,10000.0,41.0,0.6104859014352163
200,2.0,5.0,20.0,0.5,0.0,42.0,0.7107079724470774
201,2.0,5.0,20.0,0.5,10.0,98.0,0.6098014414310455
202,2.0,5.0,20.0,0.5,100.0,43.0,0.6725315749645233
203,2.0,5.0,20.0,0.5,1000.0,75.0,0.5920427838961283
204,2.0,5.0,20.0,0.5,10000.0,60.0,0.5848905146121979
205,2.0,5.0,20.0,0.7,0.0,66.0,0.7823592722415924
206,2.0,5.0,20.0,0.7,10.0,77.0,0.673879861831665
207,2.0,5.0,20.0,0.7,100.0,94.0,0.6748024821281433
208,2.0,5.0,20.0,0.7,1000.0,95.0,0.6810826162497202
209,2.0,5.0,20.0,0.7,10000.0,72.0,0.6613140602906545
210,2.0,5.0,25.0,0.3,0.0,65.0,0.5865800678730011
211,2.0,5.0,25.0,0.3,10.0,37.0,0.6265120605627695
212,2.0,5.0,25.0,0.3,100.0,37.0,0.6855131685733795
213,2.0,5.0,25.0,0.3,1000.0,77.0,0.5465212961037954
214,2.0,5.0,25.0,0.3,10000.0,45.0,0.5647527972857157
215,2.0,5.0,25.0,0.5,0.0,105.0,0.5980527997016907
216,2.0,5.0,25.0,0.5,10.0,37.0,0.6758082310358683
217,2.0,5.0,25.0,0.5,100.0,50.0,0.6663556595643362
218,2.0,5.0,25.0,0.5,1000.0,92.0,0.5780160427093506
219,2.0,5.0,25.0,0.5,10000.0,61.0,0.5753214259942373
220,2.0,5.0,25.0,0.7,0.0,83.0,0.7028812766075134
221,2.0,5.0,25.0,0.7,10.0,131.0,0.7233454982439677
222,2.0,5.0,25.0,0.7,100.0,102.0,0.7037311295668284
223,2.0,5.0,25.0,0.7,1000.0,118.0,0.630507081747055
224,2.0,5.0,25.0,0.7,10000.0,51.0,0.7100560963153839
225,2.0,5.0,30.0,0.3,0.0,52.0,0.5723939538002014
226,2.0,5.0,30.0,0.3,10.0,29.0,0.5780878265698751
227,2.0,5.0,30.0,0.3,100.0,43.0,0.6086183389027914
228,2.0,5.0,30.0,0.3,1000.0,77.0,0.5759911040465037
229,2.0,5.0,30.0,0.3,10000.0,46.0,0.5423124333222707
230,2.0,5.0,30.0,0.5,0.0,64.0,0.6159694194793701
231,2.0,5.0,30.0,0.5,10.0,29.0,0.5860325992107391
232,2.0,5.0,30.0,0.5,100.0,50.0,0.6296558678150177
233,2.0,5.0,30.0,0.5,1000.0,82.0,0.5971228082974752
234,2.0,5.0,30.0,0.5,10000.0,75.0,0.5853675305843353
235,2.0,5.0,30.0,0.7,0.0,79.0,0.6645589073499044
236,2.0,5.0,30.0,0.7,10.0,49.0,0.65143550435702
237,2.0,5.0,30.0,0.7,100.0,62.0,0.7000171144803365
238,2.0,5.0,30.0,0.7,1000.0,93.0,0.6416305502255758
239,2.0,5.0,30.0,0.7,10000.0,77.0,0.6591231723626455
240,2.0,5.0,35.0,0.3,0.0,40.0,0.5843792160352071
241,2.0,5.0,35.0,0.3,10.0,38.0,0.5996805131435394
242,2.0,5.0,35.0,0.3,100.0,56.0,0.5776213308175405
243,2.0,5.0,35.0,0.3,1000.0,88.0,0.5574113229910532
244,2.0,5.0,35.0,0.3,10000.0,44.0,0.5517872969309489
245,2.0,5.0,35.0,0.5,0.0,54.0,0.5899856686592102
246,2.0,5.0,35.0,0.5,10.0,39.0,0.6426602502663931
247,2.0,5.0,35.0,0.5,100.0,57.0,0.6173893213272095
248,2.0,5.0,35.0,0.5,1000.0,64.0,0.6159978806972504
249,2.0,5.0,35.0,0.5,10000.0,52.0,0.5831713577111562
250,2.0,5.0,35.0,0.7,0.0,66.0,0.6539524098237356
251,2.0,5.0,35.0,0.7,10.0,61.0,0.722264697154363
252,2.0,5.0,35.0,0.7,100.0,55.0,0.7187720437844595
253,2.0,5.0,35.0,0.7,1000.0,80.0,0.6651693880558014
254,2.0,5.0,35.0,0.7,10000.0,83.0,0.6477474570274353
255,2.0,5.0,40.0,0.3,0.0,74.0,0.5758814215660095
256,2.0,5.0,40.0,0.3,10.0,34.0,0.6164345244566599
257,2.0,5.0,40.0,0.3,100.0,47.0,0.5737227896849314
258,2.0,5.0,40.0,0.3,1000.0,72.0,0.5523015360037485
259,2.0,5.0,40.0,0.3,10000.0,77.0,0.525342583656311
260,2.0,5.0,40.0,0.5,0.0,66.0,0.6021428902943929
261,2.0,5.0,40.0,0.5,10.0,35.0,0.6358337799708048
262,2.0,5.0,40.0,0.5,100.0,46.0,0.6277526021003723
263,2.0,5.0,40.0,0.5,1000.0,67.0,0.5880810717741648
264,2.0,5.0,40.0,0.5,10000.0,57.0,0.6046531200408936
265,2.0,5.0,40.0,0.7,0.0,64.0,0.7101598680019379
266,2.0,5.0,40.0,0.7,10.0,77.0,0.6832991341749827
267,2.0,5.0,40.0,0.7,100.0,36.0,0.7169879178206126
268,2.0,5.0,40.0,0.7,1000.0,89.0,0.6550513505935669
269,2.0,5.0,40.0,0.7,10000.0,60.0,0.7353544433911642
270,2.0,5.0,45.0,0.3,0.0,46.0,0.5827137132485708
271,2.0,5.0,45.0,0.3,10.0,29.0,0.626345306634903
272,2.0,5.0,45.0,0.3,100.0,39.0,0.5939492682615916
273,2.0,5.0,45.0,0.3,1000.0,31.0,0.705513079961141
274,2.0,5.0,45.0,0.3,10000.0,56.0,0.5349436402320862
275,2.0,5.0,45.0,0.5,0.0,52.0,0.5905572573343912
276,2.0,5.0,45.0,0.5,10.0,29.0,0.6394929587841034
277,2.0,5.0,45.0,0.5,100.0,67.0,0.5831292172273
278,2.0,5.0,45.0,0.5,1000.0,31.0,0.7324780623118082
279,2.0,5.0,45.0,0.5,10000.0,49.0,0.584555596113205
280,2.0,5.0,45.0,0.7,0.0,69.0,0.6438044011592865
281,2.0,5.0,45.0,0.7,10.0,70.0,0.666736513376236
282,2.0,5.0,45.0,0.7,100.0,63.0,0.6947632928689321
283,2.0,5.0,45.0,0.7,1000.0,85.0,0.6637769142786661
284,2.0,5.0,45.0,0.7,10000.0,91.0,0.6704659759998322
285,2.0,5.0,50.0,0.3,0.0,37.0,0.5845930874347687
286,2.0,5.0,50.0,0.3,10.0,28.0,0.6108400324980418
287,2.0,5.0,50.0,0.3,100.0,47.0,0.6334631244341532
288,2.0,5.0,50.0,0.3,1000.0,29.0,0.7217355370521545
289,2.0,5.0,50.0,0.3,10000.0,59.0,0.5238870879014333
290,2.0,5.0,50.0,0.5,0.0,41.0,0.6216387152671814
291,2.0,5.0,50.0,0.5,10.0,29.0,0.6165924469629923
292,2.0,5.0,50.0,0.5,100.0,50.0,0.6764668524265289
293,2.0,5.0,50.0,0.5,1000.0,31.0,0.7610209683577219
294,2.0,5.0,50.0,0.5,10000.0,71.0,0.607025275627772
295,2.0,5.0,50.0,0.7,0.0,41.0,0.715805729230245
296,2.0,5.0,50.0,0.7,10.0,60.0,0.6535199582576752
297,2.0,5.0,50.0,0.7,100.0,52.0,0.7214242120583853
298,2.0,5.0,50.0,0.7,1000.0,38.0,0.7967624465624491
299,2.0,5.0,50.0,0.7,10000.0,80.0,0.6910692850748698
300,1.0,10.0,5.0,0.3,0.0,27.0,0.6909736394882202
301,1.0,10.0,5.0,0.3,10.0,33.0,0.5801975627740225
302,1.0,10.0,5.0,0.3,100.0,32.0,0.6429558495680491
303,1.0,10.0,5.0,0.3,1000.0,35.0,0.6801210641860962
304,1.0,10.0,5.0,0.3,10000.0,49.0,0.5543182492256165
305,1.0,10.0,5.0,0.5,0.0,75.0,0.6138241489728292
306,1.0,10.0,5.0,0.5,10.0,68.0,0.6097046534220377
307,1.0,10.0,5.0,0.5,100.0,65.0,0.6176810264587402
308,1.0,10.0,5.0,0.5,1000.0,37.0,0.7289513647556305
309,1.0,10.0,5.0,0.5,10000.0,63.0,0.5992690026760101
310,1.0,10.0,5.0,0.7,0.0,66.0,0.7433812816937765
311,1.0,10.0,5.0,0.7,10.0,73.0,0.7239972750345866
312,1.0,10.0,5.0,0.7,100.0,82.0,0.7238148053487142
313,1.0,10.0,5.0,0.7,1000.0,84.0,0.709865520397822
314,1.0,10.0,5.0,0.7,10000.0,54.0,0.7264469861984253
315,1.0,10.0,10.0,0.3,0.0,32.0,0.6010254919528961
316,1.0,10.0,10.0,0.3,10.0,40.0,0.5597028434276581
317,1.0,10.0,10.0,0.3,100.0,43.0,0.5938468476136526
318,1.0,10.0,10.0,0.3,1000.0,35.0,0.6418869992097219
319,1.0,10.0,10.0,0.3,10000.0,30.0,0.5617621839046478
320,1.0,10.0,10.0,0.5,0.0,94.0,0.5835025111834208
321,1.0,10.0,10.0,0.5,10.0,77.0,0.5604372322559357
322,1.0,10.0,10.0,0.5,100.0,29.0,0.7048508326212565
323,1.0,10.0,10.0,0.5,1000.0,80.0,0.5732135574022929
324,1.0,10.0,10.0,0.5,10000.0,31.0,0.5957847932974497
325,1.0,10.0,10.0,0.7,0.0,50.0,0.7044067879517873
326,1.0,10.0,10.0,0.7,10.0,77.0,0.641449640194575
327,1.0,10.0,10.0,0.7,100.0,92.0,0.6439608633518219
328,1.0,10.0,10.0,0.7,1000.0,67.0,0.6669858594735464
329,1.0,10.0,10.0,0.7,10000.0,67.0,0.6526947816212972
330,1.0,10.0,15.0,0.3,0.0,27.0,0.5861560106277466
331,1.0,10.0,15.0,0.3,10.0,48.0,0.5476234058539072
332,1.0,10.0,15.0,0.3,100.0,27.0,0.6426662802696228
333,1.0,10.0,15.0,0.3,1000.0,41.0,0.6208199262619019
334,1.0,10.0,15.0,0.3,10000.0,27.0,0.5591764549414316
335,1.0,10.0,15.0,0.5,0.0,34.0,0.6351306438446045
336,1.0,10.0,15.0,0.5,10.0,31.0,0.5930059552192688
337,1.0,10.0,15.0,0.5,100.0,27.0,0.6535358528296152
338,1.0,10.0,15.0,0.5,1000.0,35.0,0.6103570063908895
339,1.0,10.0,15.0,0.5,10000.0,27.0,0.5948536296685537
340,1.0,10.0,15.0,0.7,0.0,66.0,0.6538338760534922
341,1.0,10.0,15.0,0.7,10.0,62.0,0.6139209270477295
342,1.0,10.0,15.0,0.7,100.0,87.0,0.5938107371330261
343,1.0,10.0,15.0,0.7,1000.0,95.0,0.6157747805118561
344,1.0,10.0,15.0,0.7,10000.0,61.0,0.6247880756855011
345,1.0,10.0,20.0,0.3,0.0,29.0,0.621485968430837
346,1.0,10.0,20.0,0.3,10.0,30.0,0.5464472472667694
347,1.0,10.0,20.0,0.3,100.0,33.0,0.6128836671511332
348,1.0,10.0,20.0,0.3,1000.0,29.0,0.6036815643310547
349,1.0,10.0,20.0,0.3,10000.0,29.0,0.560209184885025
350,1.0,10.0,20.0,0.5,0.0,30.0,0.6236388882001241
351,1.0,10.0,20.0,0.5,10.0,29.0,0.5599907139937083
352,1.0,10.0,20.0,0.5,100.0,33.0,0.6618905166784922
353,1.0,10.0,20.0,0.5,1000.0,31.0,0.6755425333976746
354,1.0,10.0,20.0,0.5,10000.0,29.0,0.5879781941572825
355,1.0,10.0,20.0,0.7,0.0,36.0,0.6943464577198029
356,1.0,10.0,20.0,0.7,10.0,32.0,0.6616101761658987
357,1.0,10.0,20.0,0.7,100.0,85.0,0.6124651034673055
358,1.0,10.0,20.0,0.7,1000.0,58.0,0.6618518630663554
359,1.0,10.0,20.0,0.7,10000.0,65.0,0.5973715682824453
360,1.0,10.0,25.0,0.3,0.0,30.0,0.6279838979244232
361,1.0,10.0,25.0,0.3,10.0,43.0,0.5808136165142059
362,1.0,10.0,25.0,0.3,100.0,29.0,0.5978424747784933
363,1.0,10.0,25.0,0.3,1000.0,30.0,0.5717706282933553
364,1.0,10.0,25.0,0.3,10000.0,32.0,0.5533393820126852
365,1.0,10.0,25.0,0.5,0.0,30.0,0.6397495667139689
366,1.0,10.0,25.0,0.5,10.0,67.0,0.5517740945021311
367,1.0,10.0,25.0,0.5,100.0,31.0,0.6488934357961019
368,1.0,10.0,25.0,0.5,1000.0,32.0,0.6137537658214569
369,1.0,10.0,25.0,0.5,10000.0,31.0,0.5721309085687002
370,1.0,10.0,25.0,0.7,0.0,51.0,0.6299308240413666
371,1.0,10.0,25.0,0.7,10.0,98.0,0.6060539881388346
372,1.0,10.0,25.0,0.7,100.0,33.0,0.6684647897879282
373,1.0,10.0,25.0,0.7,1000.0,60.0,0.6283842623233795
374,1.0,10.0,25.0,0.7,10000.0,68.0,0.6496433516343435
375,1.0,10.0,30.0,0.3,0.0,27.0,0.639797588189443
376,1.0,10.0,30.0,0.3,10.0,28.0,0.5710520148277283
377,1.0,10.0,30.0,0.3,100.0,28.0,0.6381997168064117
378,1.0,10.0,30.0,0.3,1000.0,30.0,0.5615940690040588
379,1.0,10.0,30.0,0.3,10000.0,27.0,0.5373470783233643
380,1.0,10.0,30.0,0.5,0.0,29.0,0.6804834306240082
381,1.0,10.0,30.0,0.5,10.0,28.0,0.5973436733086904
382,1.0,10.0,30.0,0.5,100.0,30.0,0.6450939873854319
383,1.0,10.0,30.0,0.5,1000.0,31.0,0.5959650874137878
384,1.0,10.0,30.0,0.5,10000.0,29.0,0.5665815472602844
385,1.0,10.0,30.0,0.7,0.0,29.0,0.7065434555212656
386,1.0,10.0,30.0,0.7,10.0,30.0,0.6496003468831381
387,1.0,10.0,30.0,0.7,100.0,45.0,0.6564822793006897
388,1.0,10.0,30.0,0.7,1000.0,57.0,0.6168086230754852
389,1.0,10.0,30.0,0.7,10000.0,87.0,0.5877432028452555
390,1.0,10.0,35.0,0.3,0.0,32.0,0.6049923201402029
391,1.0,10.0,35.0,0.3,10.0,29.0,0.5608043074607849
392,1.0,10.0,35.0,0.3,100.0,24.0,0.6387787361939748
393,1.0,10.0,35.0,0.3,1000.0,28.0,0.6068190733591715
394,1.0,10.0,35.0,0.3,10000.0,26.0,0.5754588743050894
395,1.0,10.0,35.0,0.5,0.0,33.0,0.6540452539920807
396,1.0,10.0,35.0,0.5,10.0,31.0,0.5900244414806366
397,1.0,10.0,35.0,0.5,100.0,28.0,0.6544142663478851
398,1.0,10.0,35.0,0.5,1000.0,30.0,0.6068691412607828
399,1.0,10.0,35.0,0.5,10000.0,27.0,0.587794284025828
400,1.0,10.0,35.0,0.7,0.0,72.0,0.6689688066641489
401,1.0,10.0,35.0,0.7,10.0,32.0,0.6700672407944998
402,1.0,10.0,35.0,0.7,100.0,32.0,0.6869847377141317
403,1.0,10.0,35.0,0.7,1000.0,76.0,0.5887891948223114
404,1.0,10.0,35.0,0.7,10000.0,68.0,0.5748825569947561
405,1.0,10.0,40.0,0.3,0.0,28.0,0.623908152182897
406,1.0,10.0,40.0,0.3,10.0,30.0,0.6245210369427999
407,1.0,10.0,40.0,0.3,100.0,30.0,0.6094964444637299
408,1.0,10.0,40.0,0.3,1000.0,32.0,0.6240162551403046
409,1.0,10.0,40.0,0.3,10000.0,26.0,0.5865826904773712
410,1.0,10.0,40.0,0.5,0.0,30.0,0.6709715326627096
411,1.0,10.0,40.0,0.5,10.0,30.0,0.6492975950241089
412,1.0,10.0,40.0,0.5,100.0,30.0,0.6410021285216013
413,1.0,10.0,40.0,0.5,1000.0,33.0,0.6422154605388641
414,1.0,10.0,40.0,0.5,10000.0,26.0,0.6032809515794119
415,1.0,10.0,40.0,0.7,0.0,31.0,0.6921415825684866
416,1.0,10.0,40.0,0.7,10.0,56.0,0.6274351974328359
417,1.0,10.0,40.0,0.7,100.0,31.0,0.6714880168437958
418,1.0,10.0,40.0,0.7,1000.0,75.0,0.6312877337137858
419,1.0,10.0,40.0,0.7,10000.0,26.0,0.6526787678400675
420,1.0,10.0,45.0,0.3,0.0,27.0,0.5868014097213745
421,1.0,10.0,45.0,0.3,10.0,30.0,0.557866245508194
422,1.0,10.0,45.0,0.3,100.0,25.0,0.6080213189125061
423,1.0,10.0,45.0,0.3,1000.0,29.0,0.632113128900528
424,1.0,10.0,45.0,0.3,10000.0,27.0,0.5916141966978709
425,1.0,10.0,45.0,0.5,0.0,29.0,0.5951010684172312
426,1.0,10.0,45.0,0.5,10.0,32.0,0.608353187640508
427,1.0,10.0,45.0,0.5,100.0,26.0,0.6136316855748495
428,1.0,10.0,45.0,0.5,1000.0,30.0,0.6529529790083567
429,1.0,10.0,45.0,0.5,10000.0,28.0,0.6171239415804545
430,1.0,10.0,45.0,0.7,0.0,32.0,0.6428399880727133
431,1.0,10.0,45.0,0.7,10.0,35.0,0.6604387064774832
432,1.0,10.0,45.0,0.7,100.0,28.0,0.6868473390738169
433,1.0,10.0,45.0,0.7,1000.0,33.0,0.6479757229487101
434,1.0,10.0,45.0,0.7,10000.0,54.0,0.634227067232132
435,1.0,10.0,50.0,0.3,0.0,29.0,0.594351460536321
436,1.0,10.0,50.0,0.3,10.0,27.0,0.5624796350797018
437,1.0,10.0,50.0,0.3,100.0,23.0,0.6312025785446167
438,1.0,10.0,50.0,0.3,1000.0,28.0,0.5806672771771749
439,1.0,10.0,50.0,0.3,10000.0,25.0,0.5582707126935323
440,1.0,10.0,50.0,0.5,0.0,30.0,0.6280914048353831
441,1.0,10.0,50.0,0.5,10.0,28.0,0.5877761741479238
442,1.0,10.0,50.0,0.5,100.0,23.0,0.6634964346885681
443,1.0,10.0,50.0,0.5,1000.0,28.0,0.6080102523167928
444,1.0,10.0,50.0,0.5,10000.0,24.0,0.5956846078236898
445,1.0,10.0,50.0,0.7,0.0,64.0,0.6240532100200653
446,1.0,10.0,50.0,0.7,10.0,30.0,0.6528215308984121
447,1.0,10.0,50.0,0.7,100.0,27.0,0.700110008319219
448,1.0,10.0,50.0,0.7,1000.0,32.0,0.6520992517471313
449,1.0,10.0,50.0,0.7,10000.0,27.0,0.6432887117067972
450,2.0,10.0,5.0,0.3,0.0,42.0,0.5901441872119904
451,2.0,10.0,5.0,0.3,10.0,113.0,0.6400520404179891
452,2.0,10.0,5.0,0.3,100.0,41.0,0.6351370513439178
453,2.0,10.0,5.0,0.3,1000.0,63.0,0.5665345589319865
454,2.0,10.0,5.0,0.3,10000.0,54.0,0.5687750776608785
455,2.0,10.0,5.0,0.5,0.0,73.0,0.592905859152476
456,2.0,10.0,5.0,0.5,10.0,83.0,0.6544347902139028
457,2.0,10.0,5.0,0.5,100.0,70.0,0.6993457873662313
458,2.0,10.0,5.0,0.5,1000.0,73.0,0.6496903697649637
459,2.0,10.0,5.0,0.5,10000.0,56.0,0.6148781677087148
460,2.0,10.0,5.0,0.7,0.0,64.0,0.720862865447998
461,2.0,10.0,5.0,0.7,10.0,59.0,0.7898830572764078
462,2.0,10.0,5.0,0.7,100.0,52.0,0.7084903518358866
463,2.0,10.0,5.0,0.7,1000.0,93.0,0.7541218400001526
464,2.0,10.0,5.0,0.7,10000.0,58.0,0.7297685444355011
465,2.0,10.0,10.0,0.3,0.0,41.0,0.5810040334860483
466,2.0,10.0,10.0,0.3,10.0,54.0,0.5483140051364899
467,2.0,10.0,10.0,0.3,100.0,70.0,0.5610634783903757
468,2.0,10.0,10.0,0.3,1000.0,60.0,0.5739932457605997
469,2.0,10.0,10.0,0.3,10000.0,56.0,0.5249776045481364
470,2.0,10.0,10.0,0.5,0.0,66.0,0.555319756269455
471,2.0,10.0,10.0,0.5,10.0,48.0,0.5692911843458811
472,2.0,10.0,10.0,0.5,100.0,47.0,0.6179832915465037
473,2.0,10.0,10.0,0.5,1000.0,60.0,0.5801191329956055
474,2.0,10.0,10.0,0.5,10000.0,28.0,0.6190927426020304
475,2.0,10.0,10.0,0.7,0.0,72.0,0.6959414184093475
476,2.0,10.0,10.0,0.7,10.0,48.0,0.6563994685808817
477,2.0,10.0,10.0,0.7,100.0,62.0,0.6623062292734782
478,2.0,10.0,10.0,0.7,1000.0,67.0,0.6288489500681559
479,2.0,10.0,10.0,0.7,10000.0,47.0,0.6437896490097046
480,2.0,10.0,15.0,0.3,0.0,45.0,0.5923444231351217
481,2.0,10.0,15.0,0.3,10.0,46.0,0.5615567167599996
482,2.0,10.0,15.0,0.3,100.0,57.0,0.5370419919490814
483,2.0,10.0,15.0,0.3,1000.0,46.0,0.5711625814437866
484,2.0,10.0,15.0,0.3,10000.0,58.0,0.534955769777298
485,2.0,10.0,15.0,0.5,0.0,52.0,0.5990679264068604
486,2.0,10.0,15.0,0.5,10.0,65.0,0.5490653415520986
487,2.0,10.0,15.0,0.5,100.0,56.0,0.5202716191609701
488,2.0,10.0,15.0,0.5,1000.0,44.0,0.5749473571777344
489,2.0,10.0,15.0,0.5,10000.0,68.0,0.5411753058433533
490,2.0,10.0,15.0,0.7,0.0,69.0,0.6093890567620596
491,2.0,10.0,15.0,0.7,10.0,68.0,0.6091383894284567
492,2.0,10.0,15.0,0.7,100.0,56.0,0.6488950153191885
493,2.0,10.0,15.0,0.7,1000.0,63.0,0.6036272247632345
494,2.0,10.0,15.0,0.7,10000.0,64.0,0.5952178835868835
495,2.0,10.0,20.0,0.3,0.0,32.0,0.57902792096138
496,2.0,10.0,20.0,0.3,10.0,31.0,0.5931021471818289
497,2.0,10.0,20.0,0.3,100.0,30.0,0.5857284963130951
498,2.0,10.0,20.0,0.3,1000.0,28.0,0.5609793365001678
499,2.0,10.0,20.0,0.3,10000.0,26.0,0.5696223477522532
500,2.0,10.0,20.0,0.5,0.0,32.0,0.6161065200964609
501,2.0,10.0,20.0,0.5,10.0,48.0,0.5684685409069061
502,2.0,10.0,20.0,0.5,100.0,26.0,0.6225016514460245
503,2.0,10.0,20.0,0.5,1000.0,62.0,0.6157310903072357
504,2.0,10.0,20.0,0.5,10000.0,27.0,0.5947557787100474
505,2.0,10.0,20.0,0.7,0.0,56.0,0.6436060766379038
506,2.0,10.0,20.0,0.7,10.0,72.0,0.5825644632180532
507,2.0,10.0,20.0,0.7,100.0,87.0,0.5871826012929281
508,2.0,10.0,20.0,0.7,1000.0,46.0,0.5987608134746552
509,2.0,10.0,20.0,0.7,10000.0,88.0,0.5850920478502909
510,2.0,10.0,25.0,0.3,0.0,26.0,0.6063034733136495
511,2.0,10.0,25.0,0.3,10.0,29.0,0.6022941370805105
512,2.0,10.0,25.0,0.3,100.0,34.0,0.5949422915776571
513,2.0,10.0,25.0,0.3,1000.0,30.0,0.584600696961085
514,2.0,10.0,25.0,0.3,10000.0,31.0,0.5928658644358317
515,2.0,10.0,25.0,0.5,0.0,27.0,0.609541118144989
516,2.0,10.0,25.0,0.5,10.0,60.0,0.6087731818358103
517,2.0,10.0,25.0,0.5,100.0,42.0,0.5699355800946554
518,2.0,10.0,25.0,0.5,1000.0,30.0,0.6124028464158376
519,2.0,10.0,25.0,0.5,10000.0,38.0,0.6166226665178934
520,2.0,10.0,25.0,0.7,0.0,27.0,0.6855324109395345
521,2.0,10.0,25.0,0.7,10.0,55.0,0.6238338549931844
522,2.0,10.0,25.0,0.7,100.0,49.0,0.5900667111078898
523,2.0,10.0,25.0,0.7,1000.0,51.0,0.6249472796916962
524,2.0,10.0,25.0,0.7,10000.0,50.0,0.6030073265234629
525,2.0,10.0,30.0,0.3,0.0,41.0,0.581345945596695
526,2.0,10.0,30.0,0.3,10.0,45.0,0.5374084214369456
527,2.0,10.0,30.0,0.3,100.0,65.0,0.5326789617538452
528,2.0,10.0,30.0,0.3,1000.0,27.0,0.585150400797526
529,2.0,10.0,30.0,0.3,10000.0,27.0,0.5675251881281534
530,2.0,10.0,30.0,0.5,0.0,48.0,0.5496177673339844
531,2.0,10.0,30.0,0.5,10.0,68.0,0.5161946018536886
532,2.0,10.0,30.0,0.5,100.0,33.0,0.6328578889369965
533,2.0,10.0,30.0,0.5,1000.0,27.0,0.6019163429737091
534,2.0,10.0,30.0,0.5,10000.0,61.0,0.576194167137146
535,2.0,10.0,30.0,0.7,0.0,56.0,0.5923583606878916
536,2.0,10.0,30.0,0.7,10.0,46.0,0.6085218191146851
537,2.0,10.0,30.0,0.7,100.0,64.0,0.5834811131159464
538,2.0,10.0,30.0,0.7,1000.0,55.0,0.5928312738736471
539,2.0,10.0,30.0,0.7,10000.0,61.0,0.5911151270071665
540,2.0,10.0,35.0,0.3,0.0,26.0,0.6039401491483053
541,2.0,10.0,35.0,0.3,10.0,27.0,0.6014938453833262
542,2.0,10.0,35.0,0.3,100.0,32.0,0.5624873638153076
543,2.0,10.0,35.0,0.3,1000.0,28.0,0.5581943293412527
544,2.0,10.0,35.0,0.3,10000.0,24.0,0.5863082508246104
545,2.0,10.0,35.0,0.5,0.0,28.0,0.6105855604012808
546,2.0,10.0,35.0,0.5,10.0,59.0,0.5528579354286194
547,2.0,10.0,35.0,0.5,100.0,32.0,0.6093927125136057
548,2.0,10.0,35.0,0.5,1000.0,66.0,0.564401830236117
549,2.0,10.0,35.0,0.5,10000.0,26.0,0.6181078751881918
550,2.0,10.0,35.0,0.7,0.0,48.0,0.5881409148375193
551,2.0,10.0,35.0,0.7,10.0,67.0,0.6169713139533997
552,2.0,10.0,35.0,0.7,100.0,30.0,0.670204242070516
553,2.0,10.0,35.0,0.7,1000.0,38.0,0.6072701414426168
554,2.0,10.0,35.0,0.7,10000.0,51.0,0.6905995607376099
555,2.0,10.0,40.0,0.3,0.0,26.0,0.6165765821933746
556,2.0,10.0,40.0,0.3,10.0,26.0,0.5595016479492188
557,2.0,10.0,40.0,0.3,100.0,29.0,0.6026125351587931
558,2.0,10.0,40.0,0.3,1000.0,27.0,0.5689307451248169
559,2.0,10.0,40.0,0.3,10000.0,25.0,0.5835962394873301
560,2.0,10.0,40.0,0.5,0.0,26.0,0.6462630331516266
561,2.0,10.0,40.0,0.5,10.0,27.0,0.5843535661697388
562,2.0,10.0,40.0,0.5,100.0,29.0,0.6135196884473165
563,2.0,10.0,40.0,0.5,1000.0,75.0,0.5515449444452921
564,2.0,10.0,40.0,0.5,10000.0,26.0,0.61733677983284
565,2.0,10.0,40.0,0.7,0.0,35.0,0.6372410555680593
566,2.0,10.0,40.0,0.7,10.0,73.0,0.6250932117303213
567,2.0,10.0,40.0,0.7,100.0,84.0,0.5730023384094238
568,2.0,10.0,40.0,0.7,1000.0,46.0,0.5881432394186655
569,2.0,10.0,40.0,0.7,10000.0,68.0,0.5942233800888062
570,2.0,10.0,45.0,0.3,0.0,41.0,0.5457507272561392
571,2.0,10.0,45.0,0.3,10.0,44.0,0.53167325258255
572,2.0,10.0,45.0,0.3,100.0,24.0,0.5963388880093893
573,2.0,10.0,45.0,0.3,1000.0,25.0,0.5732408960660299
574,2.0,10.0,45.0,0.3,10000.0,36.0,0.5335282981395721
575,2.0,10.0,45.0,0.5,0.0,48.0,0.5281415184338888
576,2.0,10.0,45.0,0.5,10.0,46.0,0.5518741408983866
577,2.0,10.0,45.0,0.5,100.0,23.0,0.5969756444295248
578,2.0,10.0,45.0,0.5,1000.0,25.0,0.5935207704703013
579,2.0,10.0,45.0,0.5,10000.0,33.0,0.5486394862333933
580,2.0,10.0,45.0,0.7,0.0,50.0,0.5801941653092703
581,2.0,10.0,45.0,0.7,10.0,39.0,0.6012301246325175
582,2.0,10.0,45.0,0.7,100.0,24.0,0.7125950654347738
583,2.0,10.0,45.0,0.7,1000.0,54.0,0.610279510418574
584,2.0,10.0,45.0,0.7,10000.0,54.0,0.5719329317410787
585,2.0,10.0,50.0,0.3,0.0,31.0,0.5405624310175577
586,2.0,10.0,50.0,0.3,10.0,40.0,0.5495010117689768
587,2.0,10.0,50.0,0.3,100.0,26.0,0.56859490275383
588,2.0,10.0,50.0,0.3,1000.0,25.0,0.5709819197654724
589,2.0,10.0,50.0,0.3,10000.0,24.0,0.6269812087217966
590,2.0,10.0,50.0,0.5,0.0,28.0,0.6317417919635773
591,2.0,10.0,50.0,0.5,10.0,40.0,0.5617826581001282
592,2.0,10.0,50.0,0.5,100.0,26.0,0.6030212044715881
593,2.0,10.0,50.0,0.5,1000.0,61.0,0.5414272348086039
594,2.0,10.0,50.0,0.5,10000.0,24.0,0.6685936550299326
595,2.0,10.0,50.0,0.7,0.0,56.0,0.5855306883653005
596,2.0,10.0,50.0,0.7,10.0,48.0,0.6067520380020142
597,2.0,10.0,50.0,0.7,100.0,30.0,0.6232869525750478
598,2.0,10.0,50.0,0.7,1000.0,54.0,0.6088059643904368
599,2.0,10.0,50.0,0.7,10000.0,29.0,0.6587233543395996
600,1.0,15.0,5.0,0.3,0.0,45.0,0.5896648367245992
601,1.0,15.0,5.0,0.3,10.0,31.0,0.592019776503245
602,1.0,15.0,5.0,0.3,100.0,62.0,0.543681005636851
603,1.0,15.0,5.0,0.3,1000.0,41.0,0.568761815627416
604,1.0,15.0,5.0,0.3,10000.0,62.0,0.5369596779346466
605,1.0,15.0,5.0,0.5,0.0,67.0,0.5943431754906973
606,1.0,15.0,5.0,0.5,10.0,51.0,0.6077956557273865
607,1.0,15.0,5.0,0.5,100.0,48.0,0.5877216756343842
608,1.0,15.0,5.0,0.5,1000.0,53.0,0.6351360380649567
609,1.0,15.0,5.0,0.5,10000.0,86.0,0.587384561697642
610,1.0,15.0,5.0,0.7,0.0,56.0,0.7052545646826426
611,1.0,15.0,5.0,0.7,10.0,31.0,0.7620839277903239
612,1.0,15.0,5.0,0.7,100.0,62.0,0.6908435424168905
613,1.0,15.0,5.0,0.7,1000.0,51.0,0.6779519518216451
614,1.0,15.0,5.0,0.7,10000.0,62.0,0.701729933420817
615,1.0,15.0,10.0,0.3,0.0,60.0,0.5830875734488169
616,1.0,15.0,10.0,0.3,10.0,67.0,0.5346982379754385
617,1.0,15.0,10.0,0.3,100.0,28.0,0.5951502422491709
618,1.0,15.0,10.0,0.3,1000.0,64.0,0.573253313700358
619,1.0,15.0,10.0,0.3,10000.0,58.0,0.5565768778324127
620,1.0,15.0,10.0,0.5,0.0,63.0,0.5773775478204092
621,1.0,15.0,10.0,0.5,10.0,31.0,0.5987608134746552
622,1.0,15.0,10.0,0.5,100.0,29.0,0.6007993221282959
623,1.0,15.0,10.0,0.5,1000.0,27.0,0.6372043887774149
624,1.0,15.0,10.0,0.5,10000.0,29.0,0.6571069061756134
625,1.0,15.0,10.0,0.7,0.0,63.0,0.6607896685600281
626,1.0,15.0,10.0,0.7,10.0,69.0,0.6244608958562216
627,1.0,15.0,10.0,0.7,100.0,59.0,0.6363640328248342
628,1.0,15.0,10.0,0.7,1000.0,76.0,0.6253291666507721
629,1.0,15.0,10.0,0.7,10000.0,85.0,0.5969463288784027
630,1.0,15.0,15.0,0.3,0.0,54.0,0.5437447230021158
631,1.0,15.0,15.0,0.3,10.0,25.0,0.5902025600274404
632,1.0,15.0,15.0,0.3,100.0,25.0,0.5824623703956604
633,1.0,15.0,15.0,0.3,1000.0,61.0,0.5654865801334381
634,1.0,15.0,15.0,0.3,10000.0,43.0,0.5477049350738525
635,1.0,15.0,15.0,0.5,0.0,46.0,0.555138349533081
636,1.0,15.0,15.0,0.5,10.0,26.0,0.625451534986496
637,1.0,15.0,15.0,0.5,100.0,28.0,0.6204986770947775
638,1.0,15.0,15.0,0.5,1000.0,41.0,0.6227791011333466
639,1.0,15.0,15.0,0.5,10000.0,38.0,0.5616105794906616
640,1.0,15.0,15.0,0.7,0.0,85.0,0.5829179485638937
641,1.0,15.0,15.0,0.7,10.0,90.0,0.5755478839079539
642,1.0,15.0,15.0,0.7,100.0,31.0,0.6760051151116689
643,1.0,15.0,15.0,0.7,1000.0,82.0,0.5849514603614807
644,1.0,15.0,15.0,0.7,10000.0,29.0,0.6533754467964172
645,1.0,15.0,20.0,0.3,0.0,53.0,0.5622198283672333
646,1.0,15.0,20.0,0.3,10.0,51.0,0.5385723809401194
647,1.0,15.0,20.0,0.3,100.0,65.0,0.5307225982348124
648,1.0,15.0,20.0,0.3,1000.0,24.0,0.615728477636973
649,1.0,15.0,20.0,0.3,10000.0,25.0,0.6130643784999847
650,1.0,15.0,20.0,0.5,0.0,61.0,0.5669207274913788
651,1.0,15.0,20.0,0.5,10.0,28.0,0.5739296575387319
652,1.0,15.0,20.0,0.5,100.0,66.0,0.5291087528069814
653,1.0,15.0,20.0,0.5,1000.0,30.0,0.6177982687950134
654,1.0,15.0,20.0,0.5,10000.0,25.0,0.6052264173825582
655,1.0,15.0,20.0,0.7,0.0,54.0,0.6019595464070638
656,1.0,15.0,20.0,0.7,10.0,64.0,0.5633813043435415
657,1.0,15.0,20.0,0.7,100.0,48.0,0.583238273859024
658,1.0,15.0,20.0,0.7,1000.0,68.0,0.5780341426531473
659,1.0,15.0,20.0,0.7,10000.0,27.0,0.6455480456352234
660,1.0,15.0,25.0,0.3,0.0,30.0,0.646677037080129
661,1.0,15.0,25.0,0.3,10.0,25.0,0.5298724075158437
662,1.0,15.0,25.0,0.3,100.0,27.0,0.5594768424828848
663,1.0,15.0,25.0,0.3,1000.0,37.0,0.5728555917739868
664,1.0,15.0,25.0,0.3,10000.0,25.0,0.6094633539517721
665,1.0,15.0,25.0,0.5,0.0,33.0,0.6211277544498444
666,1.0,15.0,25.0,0.5,10.0,25.0,0.5623294115066528
667,1.0,15.0,25.0,0.5,100.0,27.0,0.563230037689209
668,1.0,15.0,25.0,0.5,1000.0,49.0,0.5744198461373647
669,1.0,15.0,25.0,0.5,10000.0,54.0,0.557593564192454
670,1.0,15.0,25.0,0.7,0.0,35.0,0.6653929849465688
671,1.0,15.0,25.0,0.7,10.0,53.0,0.5702089866002401
672,1.0,15.0,25.0,0.7,100.0,28.0,0.6521541376908621
673,1.0,15.0,25.0,0.7,1000.0,46.0,0.5925921400388082
674,1.0,15.0,25.0,0.7,10000.0,57.0,0.5873469611008962
675,1.0,15.0,30.0,0.3,0.0,28.0,0.5666763186454773
676,1.0,15.0,30.0,0.3,10.0,23.0,0.5557794570922852
677,1.0,15.0,30.0,0.3,100.0,24.0,0.5781681338946024
678,1.0,15.0,30.0,0.3,1000.0,41.0,0.5976071854432424
679,1.0,15.0,30.0,0.3,10000.0,25.0,0.6109055578708649
680,1.0,15.0,30.0,0.5,0.0,29.0,0.5977642436822256
681,1.0,15.0,30.0,0.5,10.0,45.0,0.5464273790518442
682,1.0,15.0,30.0,0.5,100.0,25.0,0.5635206003983816
683,1.0,15.0,30.0,0.5,1000.0,41.0,0.5750796894232432
684,1.0,15.0,30.0,0.5,10000.0,26.0,0.6496299306551615
685,1.0,15.0,30.0,0.7,0.0,33.0,0.6314849456151327
686,1.0,15.0,30.0,0.7,10.0,47.0,0.5665796299775442
687,1.0,15.0,30.0,0.7,100.0,62.0,0.5483080446720123
688,1.0,15.0,30.0,0.7,1000.0,37.0,0.6292784512042999
689,1.0,15.0,30.0,0.7,10000.0,54.0,0.5882438619931539
690,1.0,15.0,35.0,0.3,0.0,51.0,0.5241318643093109
691,1.0,15.0,35.0,0.3,10.0,25.0,0.5436058342456818
692,1.0,15.0,35.0,0.3,100.0,24.0,0.5960108439127604
693,1.0,15.0,35.0,0.3,1000.0,31.0,0.5794989466667175
694,1.0,15.0,35.0,0.3,10000.0,24.0,0.5837738811969757
695,1.0,15.0,35.0,0.5,0.0,27.0,0.5887712140878042
696,1.0,15.0,35.0,0.5,10.0,36.0,0.5355148017406464
697,1.0,15.0,35.0,0.5,100.0,25.0,0.616383691628774
698,1.0,15.0,35.0,0.5,1000.0,42.0,0.5836837391058604
699,1.0,15.0,35.0,0.5,10000.0,25.0,0.5975442826747894
700,1.0,15.0,35.0,0.7,0.0,27.0,0.6363754073778788
701,1.0,15.0,35.0,0.7,10.0,47.0,0.5817850132783254
702,1.0,15.0,35.0,0.7,100.0,26.0,0.6265382170677185
703,1.0,15.0,35.0,0.7,1000.0,43.0,0.6166443725426992
704,1.0,15.0,35.0,0.7,10000.0,26.0,0.6175976494948069
705,1.0,15.0,40.0,0.3,0.0,27.0,0.5997801820437113
706,1.0,15.0,40.0,0.3,10.0,26.0,0.5613397558530172
707,1.0,15.0,40.0,0.3,100.0,26.0,0.5755499502023061
708,1.0,15.0,40.0,0.3,1000.0,44.0,0.5609161655108134
709,1.0,15.0,40.0,0.3,10000.0,25.0,0.5678406854470571
710,1.0,15.0,40.0,0.5,0.0,27.0,0.6054866115252177
711,1.0,15.0,40.0,0.5,10.0,27.0,0.5720901389916738
712,1.0,15.0,40.0,0.5,100.0,27.0,0.5978218416372935
713,1.0,15.0,40.0,0.5,1000.0,41.0,0.5915362536907196
714,1.0,15.0,40.0,0.5,10000.0,25.0,0.5953532755374908
715,1.0,15.0,40.0,0.7,0.0,58.0,0.6342302560806274
716,1.0,15.0,40.0,0.7,10.0,29.0,0.6153786778450012
717,1.0,15.0,40.0,0.7,100.0,28.0,0.6455069283644358
718,1.0,15.0,40.0,0.7,1000.0,63.0,0.5881465474764506
719,1.0,15.0,40.0,0.7,10000.0,26.0,0.6207999885082245
720,1.0,15.0,45.0,0.3,0.0,24.0,0.6183346609274546
721,1.0,15.0,45.0,0.3,10.0,23.0,0.5435906151930491
722,1.0,15.0,45.0,0.3,100.0,25.0,0.5611870090166727
723,1.0,15.0,45.0,0.3,1000.0,23.0,0.6190706392129263
724,1.0,15.0,45.0,0.3,10000.0,23.0,0.5937337776025137
725,1.0,15.0,45.0,0.5,0.0,24.0,0.6135246058305105
726,1.0,15.0,45.0,0.5,10.0,23.0,0.5712790588537852
727,1.0,15.0,45.0,0.5,100.0,26.0,0.5754279692967733
728,1.0,15.0,45.0,0.5,1000.0,60.0,0.5607139567534128
729,1.0,15.0,45.0,0.5,10000.0,50.0,0.5315267443656921
730,1.0,15.0,45.0,0.7,0.0,26.0,0.6332401732603709
731,1.0,15.0,45.0,0.7,10.0,24.0,0.6042168339093527
732,1.0,15.0,45.0,0.7,100.0,26.0,0.6092852652072906
733,1.0,15.0,45.0,0.7,1000.0,50.0,0.5742495954036713
734,1.0,15.0,45.0,0.7,10000.0,54.0,0.5404082039992014
735,1.0,15.0,50.0,0.3,0.0,27.0,0.5643036464850107
736,1.0,15.0,50.0,0.3,10.0,25.0,0.5312206347783407
737,1.0,15.0,50.0,0.3,100.0,23.0,0.5796288847923279
738,1.0,15.0,50.0,0.3,1000.0,23.0,0.5860772430896759
739,1.0,15.0,50.0,0.3,10000.0,25.0,0.5930310189723969
740,1.0,15.0,50.0,0.5,0.0,26.0,0.6169487635294596
741,1.0,15.0,50.0,0.5,10.0,25.0,0.5690696040789286
742,1.0,15.0,50.0,0.5,100.0,23.0,0.6025092303752899
743,1.0,15.0,50.0,0.5,1000.0,24.0,0.5832075079282125
744,1.0,15.0,50.0,0.5,10000.0,25.0,0.6113680501778921
745,1.0,15.0,50.0,0.7,0.0,27.0,0.6567453940709432
746,1.0,15.0,50.0,0.7,10.0,26.0,0.6199451188246409
747,1.0,15.0,50.0,0.7,100.0,33.0,0.6139163573582967
748,1.0,15.0,50.0,0.7,1000.0,54.0,0.566368987162908
749,1.0,15.0,50.0,0.7,10000.0,26.0,0.6295182506243387
750,2.0,15.0,5.0,0.3,0.0,37.0,0.5930123428503672
751,2.0,15.0,5.0,0.3,10.0,50.0,0.5571455657482147
752,2.0,15.0,5.0,0.3,100.0,44.0,0.5757911304632822
753,2.0,15.0,5.0,0.3,1000.0,40.0,0.5810486674308777
754,2.0,15.0,5.0,0.3,10000.0,53.0,0.57132421930631
755,2.0,15.0,5.0,0.5,0.0,28.0,0.6329950590928396
756,2.0,15.0,5.0,0.5,10.0,67.0,0.5930724938710531
757,2.0,15.0,5.0,0.5,100.0,44.0,0.6146555642286936
758,2.0,15.0,5.0,0.5,1000.0,45.0,0.6333219011624655
759,2.0,15.0,5.0,0.5,10000.0,47.0,0.5726463993390402
760,2.0,15.0,5.0,0.7,0.0,32.0,0.7849111557006836
761,2.0,15.0,5.0,0.7,10.0,56.0,0.6984581450621287
762,2.0,15.0,5.0,0.7,100.0,63.0,0.707279751698176
763,2.0,15.0,5.0,0.7,1000.0,62.0,0.7849979301293691
764,2.0,15.0,5.0,0.7,10000.0,45.0,0.7057429552078247
765,2.0,15.0,10.0,0.3,0.0,40.0,0.5526660283406576
766,2.0,15.0,10.0,0.3,10.0,23.0,0.56020787358284
767,2.0,15.0,10.0,0.3,100.0,42.0,0.55927973985672
768,2.0,15.0,10.0,0.3,1000.0,30.0,0.5785584648450216
769,2.0,15.0,10.0,0.3,10000.0,36.0,0.5758846898873647
770,2.0,15.0,10.0,0.5,0.0,50.0,0.5851618846257528
771,2.0,15.0,10.0,0.5,10.0,23.0,0.615530918041865
772,2.0,15.0,10.0,0.5,100.0,57.0,0.5655197401841482
773,2.0,15.0,10.0,0.5,1000.0,30.0,0.5906891425450643
774,2.0,15.0,10.0,0.5,10000.0,36.0,0.554461787144343
775,2.0,15.0,10.0,0.7,0.0,30.0,0.652795135974884
776,2.0,15.0,10.0,0.7,10.0,69.0,0.6735916634400686
777,2.0,15.0,10.0,0.7,100.0,60.0,0.6427944600582123
778,2.0,15.0,10.0,0.7,1000.0,30.0,0.6656430462996165
779,2.0,15.0,10.0,0.7,10000.0,51.0,0.6039173106352488
780,2.0,15.0,15.0,0.3,0.0,50.0,0.5275922616322836
781,2.0,15.0,15.0,0.3,10.0,36.0,0.5103208522001902
782,2.0,15.0,15.0,0.3,100.0,38.0,0.5231200257937113
783,2.0,15.0,15.0,0.3,1000.0,29.0,0.557330995798111
784,2.0,15.0,15.0,0.3,10000.0,39.0,0.5920553803443909
785,2.0,15.0,15.0,0.5,0.0,43.0,0.5467493335405985
786,2.0,15.0,15.0,0.5,10.0,38.0,0.5418875316778818
787,2.0,15.0,15.0,0.5,100.0,52.0,0.5249452888965607
788,2.0,15.0,15.0,0.5,1000.0,47.0,0.5639223655064901
789,2.0,15.0,15.0,0.5,10000.0,59.0,0.5887134869893392
790,2.0,15.0,15.0,0.7,0.0,43.0,0.5699822207291921
791,2.0,15.0,15.0,0.7,10.0,51.0,0.6079511841138204
792,2.0,15.0,15.0,0.7,100.0,62.0,0.5616553922494253
793,2.0,15.0,15.0,0.7,1000.0,34.0,0.6285138130187988
794,2.0,15.0,15.0,0.7,10000.0,46.0,0.5757553974787394
795,2.0,15.0,20.0,0.3,0.0,32.0,0.5652224620183309
796,2.0,15.0,20.0,0.3,10.0,42.0,0.5613004863262177
797,2.0,15.0,20.0,0.3,100.0,39.0,0.5750791132450104
798,2.0,15.0,20.0,0.3,1000.0,37.0,0.5618181824684143
799,2.0,15.0,20.0,0.3,10000.0,36.0,0.5453001459439596
800,2.0,15.0,20.0,0.5,0.0,38.0,0.5709856450557709
801,2.0,15.0,20.0,0.5,10.0,34.0,0.5617075065771738
802,2.0,15.0,20.0,0.5,100.0,38.0,0.5544172823429108
803,2.0,15.0,20.0,0.5,1000.0,34.0,0.6020598312218984
804,2.0,15.0,20.0,0.5,10000.0,38.0,0.5386115908622742
805,2.0,15.0,20.0,0.7,0.0,65.0,0.5956798493862152
806,2.0,15.0,20.0,0.7,10.0,39.0,0.6063500046730042
807,2.0,15.0,20.0,0.7,100.0,59.0,0.6238758663336436
808,2.0,15.0,20.0,0.7,1000.0,50.0,0.6020569304625193
809,2.0,15.0,20.0,0.7,10000.0,61.0,0.5769142011801401
810,2.0,15.0,25.0,0.3,0.0,34.0,0.5516568223635355
811,2.0,15.0,25.0,0.3,10.0,38.0,0.502151886622111
812,2.0,15.0,25.0,0.3,100.0,41.0,0.5520894726117452
813,2.0,15.0,25.0,0.3,1000.0,30.0,0.5765823920567831
814,2.0,15.0,25.0,0.3,10000.0,39.0,0.5259588857491811
815,2.0,15.0,25.0,0.5,0.0,34.0,0.5621120830376943
816,2.0,15.0,25.0,0.5,10.0,40.0,0.5266986687978109
817,2.0,15.0,25.0,0.5,100.0,42.0,0.5407959222793579
818,2.0,15.0,25.0,0.5,1000.0,33.0,0.6099319358666738
819,2.0,15.0,25.0,0.5,10000.0,31.0,0.5623909135659536
820,2.0,15.0,25.0,0.7,0.0,49.0,0.5679924090703329
821,2.0,15.0,25.0,0.7,10.0,55.0,0.5733461876710256
822,2.0,15.0,25.0,0.7,100.0,35.0,0.5909887552261353
823,2.0,15.0,25.0,0.7,1000.0,35.0,0.6117332776387533
824,2.0,15.0,25.0,0.7,10000.0,33.0,0.6067592799663544
825,2.0,15.0,30.0,0.3,0.0,32.0,0.5435343484083811
826,2.0,15.0,30.0,0.3,10.0,38.0,0.5057872434457144
827,2.0,15.0,30.0,0.3,100.0,35.0,0.5358113050460815
828,2.0,15.0,30.0,0.3,1000.0,29.0,0.5698516666889191
829,2.0,15.0,30.0,0.3,10000.0,36.0,0.5279673536618551
830,2.0,15.0,30.0,0.5,0.0,37.0,0.5638345877329508
831,2.0,15.0,30.0,0.5,10.0,40.0,0.5187911589940389
832,2.0,15.0,30.0,0.5,100.0,35.0,0.6033942898114523
833,2.0,15.0,30.0,0.5,1000.0,36.0,0.5798465311527252
834,2.0,15.0,30.0,0.5,10000.0,42.0,0.5500950614611307
835,2.0,15.0,30.0,0.7,0.0,38.0,0.5764569640159607
836,2.0,15.0,30.0,0.7,10.0,49.0,0.5506689151128134
837,2.0,15.0,30.0,0.7,100.0,35.0,0.57829483350118
838,2.0,15.0,30.0,0.7,1000.0,34.0,0.5675970911979675
839,2.0,15.0,30.0,0.7,10000.0,50.0,0.5834360917409261
840,2.0,15.0,35.0,0.3,0.0,39.0,0.5584782361984253
841,2.0,15.0,35.0,0.3,10.0,29.0,0.5315790971120199
842,2.0,15.0,35.0,0.3,100.0,49.0,0.5754387974739075
843,2.0,15.0,35.0,0.3,1000.0,44.0,0.5584132770697275
844,2.0,15.0,35.0,0.3,10000.0,34.0,0.5387915074825287
845,2.0,15.0,35.0,0.5,0.0,39.0,0.5865474939346313
846,2.0,15.0,35.0,0.5,10.0,30.0,0.5175165832042694
847,2.0,15.0,35.0,0.5,100.0,37.0,0.6011956632137299
848,2.0,15.0,35.0,0.5,1000.0,49.0,0.5731112162272135
849,2.0,15.0,35.0,0.5,10000.0,36.0,0.5755556424458822
850,2.0,15.0,35.0,0.7,0.0,39.0,0.5607200562953949
851,2.0,15.0,35.0,0.7,10.0,72.0,0.5661211609840393
852,2.0,15.0,35.0,0.7,100.0,38.0,0.5781384905179342
853,2.0,15.0,35.0,0.7,1000.0,42.0,0.5956498682498932
854,2.0,15.0,35.0,0.7,10000.0,36.0,0.5892632007598877
855,2.0,15.0,40.0,0.3,0.0,22.0,0.5337102909882864
856,2.0,15.0,40.0,0.3,10.0,35.0,0.5592304170131683
857,2.0,15.0,40.0,0.3,100.0,33.0,0.5755621294180552
858,2.0,15.0,40.0,0.3,1000.0,33.0,0.5767447650432587
859,2.0,15.0,40.0,0.3,10000.0,31.0,0.578647792339325
860,2.0,15.0,40.0,0.5,0.0,40.0,0.571740577618281
861,2.0,15.0,40.0,0.5,10.0,24.0,0.5618317921956381
862,2.0,15.0,40.0,0.5,100.0,45.0,0.5783762435118357
863,2.0,15.0,40.0,0.5,1000.0,35.0,0.5626720388730367
864,2.0,15.0,40.0,0.5,10000.0,31.0,0.601947565873464
865,2.0,15.0,40.0,0.7,0.0,44.0,0.5404870311419169
866,2.0,15.0,40.0,0.7,10.0,51.0,0.5511436859766642
867,2.0,15.0,40.0,0.7,100.0,41.0,0.5780509412288666
868,2.0,15.0,40.0,0.7,1000.0,38.0,0.590032676855723
869,2.0,15.0,40.0,0.7,10000.0,40.0,0.5936298966407776
870,2.0,15.0,45.0,0.3,0.0,41.0,0.5429644385973612
871,2.0,15.0,45.0,0.3,10.0,31.0,0.5427025457223257
872,2.0,15.0,45.0,0.3,100.0,45.0,0.5465130607287089
873,2.0,15.0,45.0,0.3,1000.0,25.0,0.6106545031070709
874,2.0,15.0,45.0,0.3,10000.0,32.0,0.5813562969366709
875,2.0,15.0,45.0,0.5,0.0,43.0,0.5517637133598328
876,2.0,15.0,45.0,0.5,10.0,45.0,0.5276422401269277
877,2.0,15.0,45.0,0.5,100.0,50.0,0.5411354700724283
878,2.0,15.0,45.0,0.5,1000.0,28.0,0.583862284819285
879,2.0,15.0,45.0,0.5,10000.0,52.0,0.5440753499666849
880,2.0,15.0,45.0,0.7,0.0,51.0,0.5499469538529714
881,2.0,15.0,45.0,0.7,10.0,51.0,0.5436488290627798
882,2.0,15.0,45.0,0.7,100.0,64.0,0.5760829051335653
883,2.0,15.0,45.0,0.7,1000.0,35.0,0.6070482035477957
884,2.0,15.0,45.0,0.7,10000.0,34.0,0.5798800786336263
885,2.0,15.0,50.0,0.3,0.0,34.0,0.5207780400911967
886,2.0,15.0,50.0,0.3,10.0,36.0,0.5388971467812856
887,2.0,15.0,50.0,0.3,100.0,44.0,0.5587136348088583
888,2.0,15.0,50.0,0.3,1000.0,36.0,0.5533049503962199
889,2.0,15.0,50.0,0.3,10000.0,34.0,0.5691399276256561
890,2.0,15.0,50.0,0.5,0.0,32.0,0.5320158501466116
891,2.0,15.0,50.0,0.5,10.0,35.0,0.5524555146694183
892,2.0,15.0,50.0,0.5,100.0,46.0,0.5468200445175171
893,2.0,15.0,50.0,0.5,1000.0,29.0,0.5444642007350922
894,2.0,15.0,50.0,0.5,10000.0,49.0,0.5372426708539327
895,2.0,15.0,50.0,0.7,0.0,55.0,0.5736733078956604
896,2.0,15.0,50.0,0.7,10.0,44.0,0.5831597149372101
897,2.0,15.0,50.0,0.7,100.0,46.0,0.5693410535653433
898,2.0,15.0,50.0,0.7,1000.0,49.0,0.5797250171502432
899,2.0,15.0,50.0,0.7,10000.0,47.0,0.554906298716863
900,1.0,20.0,5.0,0.3,0.0,37.0,0.5846898953119913
901,1.0,20.0,5.0,0.3,10.0,40.0,0.5435803035895029
902,1.0,20.0,5.0,0.3,100.0,55.0,0.5510044097900391
903,1.0,20.0,5.0,0.3,1000.0,48.0,0.5500478347142538
904,1.0,20.0,5.0,0.3,10000.0,56.0,0.5359697639942169
905,1.0,20.0,5.0,0.5,0.0,62.0,0.5772193173567454
906,1.0,20.0,5.0,0.5,10.0,40.0,0.5765154759089152
907,1.0,20.0,5.0,0.5,100.0,54.0,0.5764474074045817
908,1.0,20.0,5.0,0.5,1000.0,61.0,0.6013627250989279
909,1.0,20.0,5.0,0.5,10000.0,59.0,0.5673413077990214
910,1.0,20.0,5.0,0.7,0.0,74.0,0.7086433172225952
911,1.0,20.0,5.0,0.7,10.0,33.0,0.7177141110102335
912,1.0,20.0,5.0,0.7,100.0,51.0,0.683476984500885
913,1.0,20.0,5.0,0.7,1000.0,58.0,0.698628435532252
914,1.0,20.0,5.0,0.7,10000.0,63.0,0.6782554884751638
915,1.0,20.0,10.0,0.3,0.0,55.0,0.5428764919439951
916,1.0,20.0,10.0,0.3,10.0,46.0,0.5492059091726939
917,1.0,20.0,10.0,0.3,100.0,26.0,0.536545087893804
918,1.0,20.0,10.0,0.3,1000.0,35.0,0.538317491610845
919,1.0,20.0,10.0,0.3,10000.0,48.0,0.5240292847156525
920,1.0,20.0,10.0,0.5,0.0,46.0,0.5643370648225149
921,1.0,20.0,10.0,0.5,10.0,52.0,0.5382569432258606
922,1.0,20.0,10.0,0.5,100.0,53.0,0.5576015512148539
923,1.0,20.0,10.0,0.5,1000.0,39.0,0.5687024394671122
924,1.0,20.0,10.0,0.5,10000.0,44.0,0.5951588650544485
925,1.0,20.0,10.0,0.7,0.0,56.0,0.6408805449803671
926,1.0,20.0,10.0,0.7,10.0,78.0,0.6157988905906677
927,1.0,20.0,10.0,0.7,100.0,53.0,0.6496258676052094
928,1.0,20.0,10.0,0.7,1000.0,27.0,0.6629197597503662
929,1.0,20.0,10.0,0.7,10000.0,72.0,0.5854177673657736
930,1.0,20.0,15.0,0.3,0.0,24.0,0.58126633365949
931,1.0,20.0,15.0,0.3,10.0,24.0,0.5845224459966024
932,1.0,20.0,15.0,0.3,100.0,36.0,0.5584331055482229
933,1.0,20.0,15.0,0.3,1000.0,53.0,0.5294046302636465
934,1.0,20.0,15.0,0.3,10000.0,38.0,0.5206266740957896
935,1.0,20.0,15.0,0.5,0.0,52.0,0.5611103077729543
936,1.0,20.0,15.0,0.5,10.0,24.0,0.5940116345882416
937,1.0,20.0,15.0,0.5,100.0,28.0,0.5797044634819031
938,1.0,20.0,15.0,0.5,1000.0,36.0,0.5475696623325348
939,1.0,20.0,15.0,0.5,10000.0,51.0,0.5516328116257986
940,1.0,20.0,15.0,0.7,0.0,60.0,0.6124851902325948
941,1.0,20.0,15.0,0.7,10.0,24.0,0.6453081965446472
942,1.0,20.0,15.0,0.7,100.0,29.0,0.6671897570292155
943,1.0,20.0,15.0,0.7,1000.0,67.0,0.5693944096565247
944,1.0,20.0,15.0,0.7,10000.0,63.0,0.651545504728953
945,1.0,20.0,20.0,0.3,0.0,59.0,0.5651738246281942
946,1.0,20.0,20.0,0.3,10.0,24.0,0.5565488636493683
947,1.0,20.0,20.0,0.3,100.0,57.0,0.537622888882955
948,1.0,20.0,20.0,0.3,1000.0,24.0,0.5918739934762319
949,1.0,20.0,20.0,0.3,10000.0,29.0,0.5557519594828287
950,1.0,20.0,20.0,0.5,0.0,49.0,0.5639659563700358
951,1.0,20.0,20.0,0.5,10.0,50.0,0.5539714097976685
952,1.0,20.0,20.0,0.5,100.0,53.0,0.5391562283039093
953,1.0,20.0,20.0,0.5,1000.0,23.0,0.5942359467347463
954,1.0,20.0,20.0,0.5,10000.0,27.0,0.5628749827543894
955,1.0,20.0,20.0,0.7,0.0,56.0,0.5936333437760671
956,1.0,20.0,20.0,0.7,10.0,55.0,0.576688826084137
957,1.0,20.0,20.0,0.7,100.0,55.0,0.5816817482312521
958,1.0,20.0,20.0,0.7,1000.0,56.0,0.5729585886001587
959,1.0,20.0,20.0,0.7,10000.0,30.0,0.6073158880074819
960,1.0,20.0,25.0,0.3,0.0,23.0,0.5627394517262777
961,1.0,20.0,25.0,0.3,10.0,23.0,0.5580710768699646
962,1.0,20.0,25.0,0.3,100.0,22.0,0.5548322002092997
963,1.0,20.0,25.0,0.3,1000.0,24.0,0.5908328493436178
964,1.0,20.0,25.0,0.3,10000.0,22.0,0.5704759756724039
965,1.0,20.0,25.0,0.5,0.0,56.0,0.5412657459576925
966,1.0,20.0,25.0,0.5,10.0,43.0,0.5452872415383657
967,1.0,20.0,25.0,0.5,100.0,40.0,0.5517729719479879
968,1.0,20.0,25.0,0.5,1000.0,54.0,0.5647079149881998
969,1.0,20.0,25.0,0.5,10000.0,22.0,0.5899027784665426
970,1.0,20.0,25.0,0.7,0.0,55.0,0.5747089882691702
971,1.0,20.0,25.0,0.7,10.0,48.0,0.575436939795812
972,1.0,20.0,25.0,0.7,100.0,40.0,0.593981663386027
973,1.0,20.0,25.0,0.7,1000.0,51.0,0.5822147031625112
974,1.0,20.0,25.0,0.7,10000.0,64.0,0.5746199985345205
975,1.0,20.0,30.0,0.3,0.0,22.0,0.5680190523465475
976,1.0,20.0,30.0,0.3,10.0,46.0,0.5368098417917887
977,1.0,20.0,30.0,0.3,100.0,47.0,0.5614469746748606
978,1.0,20.0,30.0,0.3,1000.0,43.0,0.5497145255406698
979,1.0,20.0,30.0,0.3,10000.0,23.0,0.5595025420188904
980,1.0,20.0,30.0,0.5,0.0,37.0,0.5790642499923706
981,1.0,20.0,30.0,0.5,10.0,42.0,0.5594712495803833
982,1.0,20.0,30.0,0.5,100.0,38.0,0.5465433597564697
983,1.0,20.0,30.0,0.5,1000.0,44.0,0.5597056845823923
984,1.0,20.0,30.0,0.5,10000.0,22.0,0.5576086839040121
985,1.0,20.0,30.0,0.7,0.0,43.0,0.6014950474103292
986,1.0,20.0,30.0,0.7,10.0,55.0,0.5802096923192342
987,1.0,20.0,30.0,0.7,100.0,42.0,0.5625591576099396
988,1.0,20.0,30.0,0.7,1000.0,63.0,0.5676605800787607
989,1.0,20.0,30.0,0.7,10000.0,46.0,0.5519668956597646
990,1.0,20.0,35.0,0.3,0.0,21.0,0.5679718355337778
991,1.0,20.0,35.0,0.3,10.0,23.0,0.5438061952590942
992,1.0,20.0,35.0,0.3,100.0,37.0,0.5413042406241099
993,1.0,20.0,35.0,0.3,1000.0,38.0,0.5334050754706064
994,1.0,20.0,35.0,0.3,10000.0,38.0,0.5138978858788809
995,1.0,20.0,35.0,0.5,0.0,22.0,0.5759573976198832
996,1.0,20.0,35.0,0.5,10.0,24.0,0.567528486251831
997,1.0,20.0,35.0,0.5,100.0,45.0,0.542826255162557
998,1.0,20.0,35.0,0.5,1000.0,44.0,0.5546167294184366
999,1.0,20.0,35.0,0.5,10000.0,40.0,0.5260359644889832
1000,1.0,20.0,35.0,0.7,0.0,49.0,0.5484183231989542
1001,1.0,20.0,35.0,0.7,10.0,24.0,0.6019943654537201
1002,1.0,20.0,35.0,0.7,100.0,40.0,0.5822971165180206
1003,1.0,20.0,35.0,0.7,1000.0,54.0,0.6222919424374899
1004,1.0,20.0,35.0,0.7,10000.0,31.0,0.5734452207883199
1005,1.0,20.0,40.0,0.3,0.0,22.0,0.5514136354128519
1006,1.0,20.0,40.0,0.3,10.0,23.0,0.5435898303985596
1007,1.0,20.0,40.0,0.3,100.0,23.0,0.5605381429195404
1008,1.0,20.0,40.0,0.3,1000.0,22.0,0.5649610956509908
1009,1.0,20.0,40.0,0.3,10000.0,23.0,0.5626034637292227
1010,1.0,20.0,40.0,0.5,0.0,22.0,0.5850819051265717
1011,1.0,20.0,40.0,0.5,10.0,23.0,0.5637454291184744
1012,1.0,20.0,40.0,0.5,100.0,50.0,0.570289303859075
1013,1.0,20.0,40.0,0.5,1000.0,22.0,0.5711997350056967
1014,1.0,20.0,40.0,0.5,10000.0,22.0,0.5698719024658203
1015,1.0,20.0,40.0,0.7,0.0,55.0,0.5743291278680166
1016,1.0,20.0,40.0,0.7,10.0,44.0,0.5691685179869334
1017,1.0,20.0,40.0,0.7,100.0,63.0,0.5650255481402079
1018,1.0,20.0,40.0,0.7,1000.0,49.0,0.5660026570161184
1019,1.0,20.0,40.0,0.7,10000.0,58.0,0.5268163084983826
1020,1.0,20.0,45.0,0.3,0.0,21.0,0.5699509382247925
1021,1.0,20.0,45.0,0.3,10.0,23.0,0.5976821084817251
1022,1.0,20.0,45.0,0.3,100.0,35.0,0.5142386058966318
1023,1.0,20.0,45.0,0.3,1000.0,23.0,0.5501354535420736
1024,1.0,20.0,45.0,0.3,10000.0,23.0,0.5793333450953165
1025,1.0,20.0,45.0,0.5,0.0,21.0,0.5686690310637156
1026,1.0,20.0,45.0,0.5,10.0,23.0,0.5753268897533417
1027,1.0,20.0,45.0,0.5,100.0,38.0,0.552604744831721
1028,1.0,20.0,45.0,0.5,1000.0,23.0,0.5666017035643259
1029,1.0,20.0,45.0,0.5,10000.0,22.0,0.5697938203811646
1030,1.0,20.0,45.0,0.7,0.0,43.0,0.5629018147786459
1031,1.0,20.0,45.0,0.7,10.0,24.0,0.5710691014925638
1032,1.0,20.0,45.0,0.7,100.0,27.0,0.5672259132067362
1033,1.0,20.0,45.0,0.7,1000.0,44.0,0.5539471407731374
1034,1.0,20.0,45.0,0.7,10000.0,30.0,0.5890282690525055
1035,1.0,20.0,50.0,0.3,0.0,21.0,0.5587964057922363
1036,1.0,20.0,50.0,0.3,10.0,24.0,0.5288623968760172
1037,1.0,20.0,50.0,0.3,100.0,23.0,0.5298933784166971
1038,1.0,20.0,50.0,0.3,1000.0,23.0,0.5944188932577769
1039,1.0,20.0,50.0,0.3,10000.0,23.0,0.547094980875651
1040,1.0,20.0,50.0,0.5,0.0,41.0,0.5697975953420004
1041,1.0,20.0,50.0,0.5,10.0,24.0,0.5550303161144257
1042,1.0,20.0,50.0,0.5,100.0,23.0,0.5419836938381195
1043,1.0,20.0,50.0,0.5,1000.0,23.0,0.6024975379308065
1044,1.0,20.0,50.0,0.5,10000.0,23.0,0.5637962917486826
1045,1.0,20.0,50.0,0.7,0.0,51.0,0.5735167761643728
1046,1.0,20.0,50.0,0.7,10.0,59.0,0.5353157718976339
1047,1.0,20.0,50.0,0.7,100.0,29.0,0.5635125637054443
1048,1.0,20.0,50.0,0.7,1000.0,46.0,0.5764979918797811
1049,1.0,20.0,50.0,0.7,10000.0,24.0,0.5832359691460928
1050,2.0,20.0,5.0,0.3,0.0,42.0,0.6044572393099467
1051,2.0,20.0,5.0,0.3,10.0,40.0,0.5450120667616526
1052,2.0,20.0,5.0,0.3,100.0,68.0,0.7457588712374369
1053,2.0,20.0,5.0,0.3,1000.0,37.0,0.5558038850625356
1054,2.0,20.0,5.0,0.3,10000.0,40.0,0.5207536319891611
1055,2.0,20.0,5.0,0.5,0.0,46.0,0.6404148936271667
1056,2.0,20.0,5.0,0.5,10.0,57.0,0.5779950817426046
1057,2.0,20.0,5.0,0.5,100.0,26.0,0.8243833283583323
1058,2.0,20.0,5.0,0.5,1000.0,34.0,0.6043399274349213
1059,2.0,20.0,5.0,0.5,10000.0,54.0,0.596556564172109
1060,2.0,20.0,5.0,0.7,0.0,39.0,0.6841699779033661
1061,2.0,20.0,5.0,0.7,10.0,42.0,0.6441080570220947
1062,2.0,20.0,5.0,0.7,100.0,26.0,0.8670970698197683
1063,2.0,20.0,5.0,0.7,1000.0,47.0,0.7488219738006592
1064,2.0,20.0,5.0,0.7,10000.0,55.0,0.6757784883181254
1065,2.0,20.0,10.0,0.3,0.0,39.0,0.557225247224172
1066,2.0,20.0,10.0,0.3,10.0,31.0,0.5513525803883871
1067,2.0,20.0,10.0,0.3,100.0,34.0,0.531242827574412
1068,2.0,20.0,10.0,0.3,1000.0,37.0,0.5122172137101492
1069,2.0,20.0,10.0,0.3,10000.0,45.0,0.5765421787897745
1070,2.0,20.0,10.0,0.5,0.0,30.0,0.5462141633033752
1071,2.0,20.0,10.0,0.5,10.0,65.0,0.5447064240773519
1072,2.0,20.0,10.0,0.5,100.0,33.0,0.5639510154724121
1073,2.0,20.0,10.0,0.5,1000.0,38.0,0.57019571463267
1074,2.0,20.0,10.0,0.5,10000.0,39.0,0.5599443018436432
1075,2.0,20.0,10.0,0.7,0.0,46.0,0.6224112311999003
1076,2.0,20.0,10.0,0.7,10.0,44.0,0.5997260014216105
1077,2.0,20.0,10.0,0.7,100.0,44.0,0.6267041762669882
1078,2.0,20.0,10.0,0.7,1000.0,41.0,0.6227345863978068
1079,2.0,20.0,10.0,0.7,10000.0,39.0,0.612603634595871
1080,2.0,20.0,15.0,0.3,0.0,37.0,0.5658500989278158
1081,2.0,20.0,15.0,0.3,10.0,38.0,0.5317176580429077
1082,2.0,20.0,15.0,0.3,100.0,41.0,0.540489653746287
1083,2.0,20.0,15.0,0.3,1000.0,30.0,0.5454593400160471
1084,2.0,20.0,15.0,0.3,10000.0,31.0,0.5253454049428304
1085,2.0,20.0,15.0,0.5,0.0,33.0,0.5446429451306661
1086,2.0,20.0,15.0,0.5,10.0,41.0,0.5636081397533417
1087,2.0,20.0,15.0,0.5,100.0,34.0,0.556213915348053
1088,2.0,20.0,15.0,0.5,1000.0,41.0,0.6085116465886434
1089,2.0,20.0,15.0,0.5,10000.0,33.0,0.555507113536199
1090,2.0,20.0,15.0,0.7,0.0,44.0,0.6170604725678762
1091,2.0,20.0,15.0,0.7,10.0,51.0,0.6056704521179199
1092,2.0,20.0,15.0,0.7,100.0,43.0,0.6200021406014761
1093,2.0,20.0,15.0,0.7,1000.0,41.0,0.6087658206621805
1094,2.0,20.0,15.0,0.7,10000.0,36.0,0.6144338746865591
1095,2.0,20.0,20.0,0.3,0.0,33.0,0.5301322241624197
1096,2.0,20.0,20.0,0.3,10.0,29.0,0.547065665324529
1097,2.0,20.0,20.0,0.3,100.0,30.0,0.5754820903142294
1098,2.0,20.0,20.0,0.3,1000.0,19.0,0.5638791620731354
1099,2.0,20.0,20.0,0.3,10000.0,44.0,0.5343210299809774
1100,2.0,20.0,20.0,0.5,0.0,32.0,0.534396360317866
1101,2.0,20.0,20.0,0.5,10.0,29.0,0.5502612491448721
1102,2.0,20.0,20.0,0.5,100.0,38.0,0.594697525103887
1103,2.0,20.0,20.0,0.5,1000.0,20.0,0.5791921516259512
1104,2.0,20.0,20.0,0.5,10000.0,45.0,0.5319113632043203
1105,2.0,20.0,20.0,0.7,0.0,49.0,0.5443491836388906
1106,2.0,20.0,20.0,0.7,10.0,30.0,0.5976658364137014
1107,2.0,20.0,20.0,0.7,100.0,34.0,0.5775581995646158
1108,2.0,20.0,20.0,0.7,1000.0,54.0,0.5882939298947653
1109,2.0,20.0,20.0,0.7,10000.0,57.0,0.5699004431565603
1110,2.0,20.0,25.0,0.3,0.0,37.0,0.5242480337619781
1111,2.0,20.0,25.0,0.3,10.0,35.0,0.5150133868058523
1112,2.0,20.0,25.0,0.3,100.0,32.0,0.5450073579947153
1113,2.0,20.0,25.0,0.3,1000.0,28.0,0.5578259030977885
1114,2.0,20.0,25.0,0.3,10000.0,46.0,0.5361225605010986
1115,2.0,20.0,25.0,0.5,0.0,29.0,0.5553536315759023
1116,2.0,20.0,25.0,0.5,10.0,31.0,0.5222331384817759
1117,2.0,20.0,25.0,0.5,100.0,33.0,0.5530100365479788
1118,2.0,20.0,25.0,0.5,1000.0,34.0,0.5547848542531332
1119,2.0,20.0,25.0,0.5,10000.0,54.0,0.5462143917878469
1120,2.0,20.0,25.0,0.7,0.0,31.0,0.5703003207842509
1121,2.0,20.0,25.0,0.7,10.0,49.0,0.5658637881278992
1122,2.0,20.0,25.0,0.7,100.0,36.0,0.5954281588395437
1123,2.0,20.0,25.0,0.7,1000.0,41.0,0.5780305564403534
1124,2.0,20.0,25.0,0.7,10000.0,35.0,0.5719302594661713
1125,2.0,20.0,30.0,0.3,0.0,22.0,0.5524103244145712
1126,2.0,20.0,30.0,0.3,10.0,41.0,0.5532760222752889
1127,2.0,20.0,30.0,0.3,100.0,31.0,0.529843658208847
1128,2.0,20.0,30.0,0.3,1000.0,48.0,0.5210525194803873
1129,2.0,20.0,30.0,0.3,10000.0,38.0,0.5615445971488953
1130,2.0,20.0,30.0,0.5,0.0,47.0,0.5396837790807089
1131,2.0,20.0,30.0,0.5,10.0,41.0,0.5412629942099253
1132,2.0,20.0,30.0,0.5,100.0,31.0,0.5321316421031952
1133,2.0,20.0,30.0,0.5,1000.0,30.0,0.5181317031383514
1134,2.0,20.0,30.0,0.5,10000.0,41.0,0.5449491143226624
1135,2.0,20.0,30.0,0.7,0.0,37.0,0.5893560548623403
1136,2.0,20.0,30.0,0.7,10.0,46.0,0.5449760556221008
1137,2.0,20.0,30.0,0.7,100.0,31.0,0.5802833239237467
1138,2.0,20.0,30.0,0.7,1000.0,43.0,0.570046732823054
1139,2.0,20.0,30.0,0.7,10000.0,41.0,0.5680000285307566
1140,2.0,20.0,35.0,0.3,0.0,28.0,0.537919263044993
1141,2.0,20.0,35.0,0.3,10.0,29.0,0.5736461281776428
1142,2.0,20.0,35.0,0.3,100.0,38.0,0.5460354387760162
1143,2.0,20.0,35.0,0.3,1000.0,37.0,0.5135173201560974
1144,2.0,20.0,35.0,0.3,10000.0,39.0,0.5633986790974935
1145,2.0,20.0,35.0,0.5,0.0,45.0,0.5279335776964823
1146,2.0,20.0,35.0,0.5,10.0,36.0,0.6055046419302622
1147,2.0,20.0,35.0,0.5,100.0,37.0,0.6037157674630483
1148,2.0,20.0,35.0,0.5,1000.0,34.0,0.5125325918197632
1149,2.0,20.0,35.0,0.5,10000.0,56.0,0.5286292731761932
1150,2.0,20.0,35.0,0.7,0.0,29.0,0.5762596825758616
1151,2.0,20.0,35.0,0.7,10.0,39.0,0.5864933133125305
1152,2.0,20.0,35.0,0.7,100.0,34.0,0.5678125222524008
1153,2.0,20.0,35.0,0.7,1000.0,37.0,0.5461806058883667
1154,2.0,20.0,35.0,0.7,10000.0,54.0,0.5284437835216522
1155,2.0,20.0,40.0,0.3,0.0,39.0,0.5343189338843027
1156,2.0,20.0,40.0,0.3,10.0,34.0,0.5669692357381185
1157,2.0,20.0,40.0,0.3,100.0,34.0,0.518309623003006
1158,2.0,20.0,40.0,0.3,1000.0,32.0,0.5528797109921774
1159,2.0,20.0,40.0,0.3,10000.0,41.0,0.5418515702088674
1160,2.0,20.0,40.0,0.5,0.0,36.0,0.5526838898658752
1161,2.0,20.0,40.0,0.5,10.0,36.0,0.5509308874607086
1162,2.0,20.0,40.0,0.5,100.0,37.0,0.5226093133290609
1163,2.0,20.0,40.0,0.5,1000.0,33.0,0.5241293708483378
1164,2.0,20.0,40.0,0.5,10000.0,34.0,0.520049383242925
1165,2.0,20.0,40.0,0.7,0.0,29.0,0.587783286968867
1166,2.0,20.0,40.0,0.7,10.0,42.0,0.5554381708304087
1167,2.0,20.0,40.0,0.7,100.0,45.0,0.5259188810984293
1168,2.0,20.0,40.0,0.7,1000.0,42.0,0.5325134595235189
1169,2.0,20.0,40.0,0.7,10000.0,36.0,0.5662392477194468
1170,2.0,20.0,45.0,0.3,0.0,29.0,0.5261194805304209
1171,2.0,20.0,45.0,0.3,10.0,31.0,0.5395455161730448
1172,2.0,20.0,45.0,0.3,100.0,31.0,0.5479586819807688
1173,2.0,20.0,45.0,0.3,1000.0,45.0,0.5505269269148508
1174,2.0,20.0,45.0,0.3,10000.0,32.0,0.5475812156995138
1175,2.0,20.0,45.0,0.5,0.0,59.0,0.5479026635487875
1176,2.0,20.0,45.0,0.5,10.0,37.0,0.5330542325973511
1177,2.0,20.0,45.0,0.5,100.0,36.0,0.5545149147510529
1178,2.0,20.0,45.0,0.5,1000.0,31.0,0.5313755174477895
1179,2.0,20.0,45.0,0.5,10000.0,32.0,0.5685681402683258
1180,2.0,20.0,45.0,0.7,0.0,37.0,0.5438034534454346
1181,2.0,20.0,45.0,0.7,10.0,35.0,0.5765218834082285
1182,2.0,20.0,45.0,0.7,100.0,40.0,0.5495529274145762
1183,2.0,20.0,45.0,0.7,1000.0,38.0,0.5763687690099081
1184,2.0,20.0,45.0,0.7,10000.0,68.0,0.5412120918432871
1185,2.0,20.0,50.0,0.3,0.0,31.0,0.5596938530604044
1186,2.0,20.0,50.0,0.3,10.0,29.0,0.5365577439467112
1187,2.0,20.0,50.0,0.3,100.0,30.0,0.5577868521213531
1188,2.0,20.0,50.0,0.3,1000.0,31.0,0.5399736960728964
1189,2.0,20.0,50.0,0.3,10000.0,38.0,0.579747607310613
1190,2.0,20.0,50.0,0.5,0.0,38.0,0.600583682457606
1191,2.0,20.0,50.0,0.5,10.0,35.0,0.5793958604335785
1192,2.0,20.0,50.0,0.5,100.0,30.0,0.5346693197886149
1193,2.0,20.0,50.0,0.5,1000.0,31.0,0.5666552980740865
1194,2.0,20.0,50.0,0.5,10000.0,47.0,0.5474991897741953
1195,2.0,20.0,50.0,0.7,0.0,33.0,0.5548083980878195
1196,2.0,20.0,50.0,0.7,10.0,46.0,0.5941648781299591
1197,2.0,20.0,50.0,0.7,100.0,56.0,0.5797415375709534
1198,2.0,20.0,50.0,0.7,1000.0,38.0,0.5865751703580221
1199,2.0,20.0,50.0,0.7,10000.0,43.0,0.5523198048273722
1200,1.0,25.0,5.0,0.3,0.0,45.0,0.5357094407081604
1201,1.0,25.0,5.0,0.3,10.0,46.0,0.5491380393505096
1202,1.0,25.0,5.0,0.3,100.0,43.0,0.5448252260684967
1203,1.0,25.0,5.0,0.3,1000.0,44.0,0.5661546985308329
1204,1.0,25.0,5.0,0.3,10000.0,46.0,0.5610029995441437
1205,1.0,25.0,5.0,0.5,0.0,53.0,0.582454651594162
1206,1.0,25.0,5.0,0.5,10.0,53.0,0.5927286247412363
1207,1.0,25.0,5.0,0.5,100.0,53.0,0.6199954052766165
1208,1.0,25.0,5.0,0.5,1000.0,47.0,0.6144244372844696
1209,1.0,25.0,5.0,0.5,10000.0,50.0,0.5951135754585266
1210,1.0,25.0,5.0,0.7,0.0,45.0,0.6751736799875895
1211,1.0,25.0,5.0,0.7,10.0,58.0,0.6832948525746664
1212,1.0,25.0,5.0,0.7,100.0,56.0,0.7317720949649811
1213,1.0,25.0,5.0,0.7,1000.0,41.0,0.7029735445976257
1214,1.0,25.0,5.0,0.7,10000.0,57.0,0.7065971692403158
1215,1.0,25.0,10.0,0.3,0.0,39.0,0.5248981714248657
1216,1.0,25.0,10.0,0.3,10.0,45.0,0.5216306249300638
1217,1.0,25.0,10.0,0.3,100.0,54.0,0.5133153200149536
1218,1.0,25.0,10.0,0.3,1000.0,31.0,0.5579884052276611
1219,1.0,25.0,10.0,0.3,10000.0,44.0,0.5804238518079122
1220,1.0,25.0,10.0,0.5,0.0,47.0,0.5351673662662506
1221,1.0,25.0,10.0,0.5,10.0,43.0,0.5715747972329458
1222,1.0,25.0,10.0,0.5,100.0,48.0,0.5411355594793955
1223,1.0,25.0,10.0,0.5,1000.0,52.0,0.5556675593058268
1224,1.0,25.0,10.0,0.5,10000.0,43.0,0.5810236632823944
1225,1.0,25.0,10.0,0.7,0.0,39.0,0.5972865621248881
1226,1.0,25.0,10.0,0.7,10.0,46.0,0.6503773430983225
1227,1.0,25.0,10.0,0.7,100.0,34.0,0.618211011091868
1228,1.0,25.0,10.0,0.7,1000.0,49.0,0.6147153278191885
1229,1.0,25.0,10.0,0.7,10000.0,56.0,0.6270337104797363
1230,1.0,25.0,15.0,0.3,0.0,22.0,0.5526576141516367
1231,1.0,25.0,15.0,0.3,10.0,51.0,0.5796490212281545
1232,1.0,25.0,15.0,0.3,100.0,52.0,0.5277830362319946
1233,1.0,25.0,15.0,0.3,1000.0,32.0,0.5662858684857687
1234,1.0,25.0,15.0,0.3,10000.0,34.0,0.5602716108163198
1235,1.0,25.0,15.0,0.5,0.0,22.0,0.565351794163386
1236,1.0,25.0,15.0,0.5,10.0,38.0,0.5528834164142609
1237,1.0,25.0,15.0,0.5,100.0,49.0,0.526334822177887
1238,1.0,25.0,15.0,0.5,1000.0,60.0,0.5527672370274862
1239,1.0,25.0,15.0,0.5,10000.0,37.0,0.5882467528184255
1240,1.0,25.0,15.0,0.7,0.0,52.0,0.5586500962575277
1241,1.0,25.0,15.0,0.7,10.0,69.0,0.5717883904774984
1242,1.0,25.0,15.0,0.7,100.0,47.0,0.5879055658976237
1243,1.0,25.0,15.0,0.7,1000.0,47.0,0.5868551433086395
1244,1.0,25.0,15.0,0.7,10000.0,43.0,0.5950056115786234
1245,1.0,25.0,20.0,0.3,0.0,42.0,0.5240243772665659
1246,1.0,25.0,20.0,0.3,10.0,22.0,0.5521680613358816
1247,1.0,25.0,20.0,0.3,100.0,46.0,0.5057715773582458
1248,1.0,25.0,20.0,0.3,1000.0,31.0,0.5540273090203603
1249,1.0,25.0,20.0,0.3,10000.0,37.0,0.5609700083732605
1250,1.0,25.0,20.0,0.5,0.0,22.0,0.5793554385503134
1251,1.0,25.0,20.0,0.5,10.0,22.0,0.5575234889984131
1252,1.0,25.0,20.0,0.5,100.0,41.0,0.5144039690494537
1253,1.0,25.0,20.0,0.5,1000.0,38.0,0.5428682565689087
1254,1.0,25.0,20.0,0.5,10000.0,48.0,0.5704374412695566
1255,1.0,25.0,20.0,0.7,0.0,39.0,0.5596560835838318
1256,1.0,25.0,20.0,0.7,10.0,45.0,0.5471342504024506
1257,1.0,25.0,20.0,0.7,100.0,48.0,0.5681909422079722
1258,1.0,25.0,20.0,0.7,1000.0,50.0,0.5703562994798025
1259,1.0,25.0,20.0,0.7,10000.0,43.0,0.5964429974555969
1260,1.0,25.0,25.0,0.3,0.0,23.0,0.5495124657948812
1261,1.0,25.0,25.0,0.3,10.0,20.0,0.5572025080521902
1262,1.0,25.0,25.0,0.3,100.0,46.0,0.5197896957397461
1263,1.0,25.0,25.0,0.3,1000.0,25.0,0.542406698067983
1264,1.0,25.0,25.0,0.3,10000.0,21.0,0.5793297489484152
1265,1.0,25.0,25.0,0.5,0.0,45.0,0.5222972134749094
1266,1.0,25.0,25.0,0.5,10.0,20.0,0.5745774805545807
1267,1.0,25.0,25.0,0.5,100.0,51.0,0.5185674528280894
1268,1.0,25.0,25.0,0.5,1000.0,35.0,0.5629807114601135
1269,1.0,25.0,25.0,0.5,10000.0,21.0,0.5908144017060598
1270,1.0,25.0,25.0,0.7,0.0,45.0,0.5507303178310394
1271,1.0,25.0,25.0,0.7,10.0,56.0,0.614272266626358
1272,1.0,25.0,25.0,0.7,100.0,51.0,0.5479022165139517
1273,1.0,25.0,25.0,0.7,1000.0,67.0,0.5913152396678925
1274,1.0,25.0,25.0,0.7,10000.0,22.0,0.6083450019359589
1275,1.0,25.0,30.0,0.3,0.0,21.0,0.5483442743619283
1276,1.0,25.0,30.0,0.3,10.0,20.0,0.5382254620393118
1277,1.0,25.0,30.0,0.3,100.0,29.0,0.518471380074819
1278,1.0,25.0,30.0,0.3,1000.0,42.0,0.5350170135498047
1279,1.0,25.0,30.0,0.3,10000.0,21.0,0.5734906395276388
1280,1.0,25.0,30.0,0.5,0.0,21.0,0.5725381275018057
1281,1.0,25.0,30.0,0.5,10.0,20.0,0.5423212150732676
1282,1.0,25.0,30.0,0.5,100.0,35.0,0.5431918601195017
1283,1.0,25.0,30.0,0.5,1000.0,41.0,0.5304805636405945
1284,1.0,25.0,30.0,0.5,10000.0,21.0,0.5772421856721243
1285,1.0,25.0,30.0,0.7,0.0,49.0,0.5812358359495798
1286,1.0,25.0,30.0,0.7,10.0,41.0,0.5422816773255666
1287,1.0,25.0,30.0,0.7,100.0,45.0,0.5590483546257019
1288,1.0,25.0,30.0,0.7,1000.0,53.0,0.5978044271469116
1289,1.0,25.0,30.0,0.7,10000.0,60.0,0.5470779836177826
1290,1.0,25.0,35.0,0.3,0.0,22.0,0.571736345688502
1291,1.0,25.0,35.0,0.3,10.0,19.0,0.5602337916692098
1292,1.0,25.0,35.0,0.3,100.0,21.0,0.5387606819470724
1293,1.0,25.0,35.0,0.3,1000.0,42.0,0.5713661313056946
1294,1.0,25.0,35.0,0.3,10000.0,33.0,0.5246311525503794
1295,1.0,25.0,35.0,0.5,0.0,22.0,0.565458357334137
1296,1.0,25.0,35.0,0.5,10.0,19.0,0.5680443743864695
1297,1.0,25.0,35.0,0.5,100.0,49.0,0.5185795724391937
1298,1.0,25.0,35.0,0.5,1000.0,39.0,0.6346282958984375
1299,1.0,25.0,35.0,0.5,10000.0,33.0,0.5482748448848724
1300,1.0,25.0,35.0,0.7,0.0,22.0,0.6123430828253428
1301,1.0,25.0,35.0,0.7,10.0,43.0,0.5357753535111746
1302,1.0,25.0,35.0,0.7,100.0,34.0,0.5599093437194824
1303,1.0,25.0,35.0,0.7,1000.0,58.0,0.5458900928497314
1304,1.0,25.0,35.0,0.7,10000.0,35.0,0.5492754379908243
1305,1.0,25.0,40.0,0.3,0.0,21.0,0.5625438491503397
1306,1.0,25.0,40.0,0.3,10.0,20.0,0.5462407867113749
1307,1.0,25.0,40.0,0.3,100.0,31.0,0.539870152870814
1308,1.0,25.0,40.0,0.3,1000.0,20.0,0.563008318344752
1309,1.0,25.0,40.0,0.3,10000.0,33.0,0.559816430012385
1310,1.0,25.0,40.0,0.5,0.0,21.0,0.5637636681397756
1311,1.0,25.0,40.0,0.5,10.0,38.0,0.5285921096801758
1312,1.0,25.0,40.0,0.5,100.0,31.0,0.5419485966364542
1313,1.0,25.0,40.0,0.5,1000.0,20.0,0.5626796782016754
1314,1.0,25.0,40.0,0.5,10000.0,36.0,0.5357574721177419
1315,1.0,25.0,40.0,0.7,0.0,21.0,0.5751231908798218
1316,1.0,25.0,40.0,0.7,10.0,27.0,0.5718035101890564
1317,1.0,25.0,40.0,0.7,100.0,47.0,0.5691238542397817
1318,1.0,25.0,40.0,0.7,1000.0,41.0,0.591089278459549
1319,1.0,25.0,40.0,0.7,10000.0,39.0,0.5628909567991892
1320,1.0,25.0,45.0,0.3,0.0,22.0,0.548989991346995
1321,1.0,25.0,45.0,0.3,10.0,20.0,0.5536753535270691
1322,1.0,25.0,45.0,0.3,100.0,46.0,0.5279025038083395
1323,1.0,25.0,45.0,0.3,1000.0,18.0,0.5551381011803945
1324,1.0,25.0,45.0,0.3,10000.0,38.0,0.563934713602066
1325,1.0,25.0,45.0,0.5,0.0,22.0,0.5590045352776846
1326,1.0,25.0,45.0,0.5,10.0,20.0,0.5671334366003672
1327,1.0,25.0,45.0,0.5,100.0,37.0,0.559980720281601
1328,1.0,25.0,45.0,0.5,1000.0,33.0,0.5718091229597727
1329,1.0,25.0,45.0,0.5,10000.0,22.0,0.5515285631020864
1330,1.0,25.0,45.0,0.7,0.0,22.0,0.5773075024286906
1331,1.0,25.0,45.0,0.7,10.0,21.0,0.5877880752086639
1332,1.0,25.0,45.0,0.7,100.0,51.0,0.5905263324578603
1333,1.0,25.0,45.0,0.7,1000.0,33.0,0.6156196296215057
1334,1.0,25.0,45.0,0.7,10000.0,23.0,0.6262710491816202
1335,1.0,25.0,50.0,0.3,0.0,20.0,0.5263500213623047
1336,1.0,25.0,50.0,0.3,10.0,20.0,0.5359345177809397
1337,1.0,25.0,50.0,0.3,100.0,20.0,0.530247171719869
1338,1.0,25.0,50.0,0.3,1000.0,19.0,0.5484585861365
1339,1.0,25.0,50.0,0.3,10000.0,32.0,0.5356356998284658
1340,1.0,25.0,50.0,0.5,0.0,20.0,0.5561410884062449
1341,1.0,25.0,50.0,0.5,10.0,20.0,0.5538603663444519
1342,1.0,25.0,50.0,0.5,100.0,19.0,0.553223450978597
1343,1.0,25.0,50.0,0.5,1000.0,42.0,0.5474148293336233
1344,1.0,25.0,50.0,0.5,10000.0,40.0,0.588383823633194
1345,1.0,25.0,50.0,0.7,0.0,24.0,0.5862881143887838
1346,1.0,25.0,50.0,0.7,10.0,21.0,0.5649034380912781
1347,1.0,25.0,50.0,0.7,100.0,21.0,0.5708347956339518
1348,1.0,25.0,50.0,0.7,1000.0,44.0,0.562558501958847
1349,1.0,25.0,50.0,0.7,10000.0,41.0,0.5406671365102133
1350,2.0,25.0,5.0,0.3,0.0,30.0,0.5488313237826029
1351,2.0,25.0,5.0,0.3,10.0,55.0,0.5887108345826467
1352,2.0,25.0,5.0,0.3,100.0,29.0,0.5643541812896729
1353,2.0,25.0,5.0,0.3,1000.0,44.0,0.5268665055433909
1354,2.0,25.0,5.0,0.3,10000.0,32.0,0.5609643558661143
1355,2.0,25.0,5.0,0.5,0.0,36.0,0.5878852903842926
1356,2.0,25.0,5.0,0.5,10.0,57.0,0.6178622841835022
1357,2.0,25.0,5.0,0.5,100.0,41.0,0.5701413651307424
1358,2.0,25.0,5.0,0.5,1000.0,35.0,0.6392161250114441
1359,2.0,25.0,5.0,0.5,10000.0,39.0,0.6203087369600931
1360,2.0,25.0,5.0,0.7,0.0,39.0,0.6843212942282358
1361,2.0,25.0,5.0,0.7,10.0,44.0,0.7252987722555796
1362,2.0,25.0,5.0,0.7,100.0,39.0,0.6493256390094757
1363,2.0,25.0,5.0,0.7,1000.0,41.0,0.694418321053187
1364,2.0,25.0,5.0,0.7,10000.0,40.0,0.7174916962782542
1365,2.0,25.0,10.0,0.3,0.0,38.0,0.5068671603997549
1366,2.0,25.0,10.0,0.3,10.0,37.0,0.5308452049891154
1367,2.0,25.0,10.0,0.3,100.0,26.0,0.5149527092774709
1368,2.0,25.0,10.0,0.3,1000.0,32.0,0.5226609905560812
1369,2.0,25.0,10.0,0.3,10000.0,33.0,0.5429407358169556
1370,2.0,25.0,10.0,0.5,0.0,30.0,0.5422781010468801
1371,2.0,25.0,10.0,0.5,10.0,44.0,0.5551048219203949
1372,2.0,25.0,10.0,0.5,100.0,29.0,0.5543865064779917
1373,2.0,25.0,10.0,0.5,1000.0,38.0,0.5549929440021515
1374,2.0,25.0,10.0,0.5,10000.0,29.0,0.5575573047002157
1375,2.0,25.0,10.0,0.7,0.0,39.0,0.593517949183782
1376,2.0,25.0,10.0,0.7,10.0,44.0,0.6641152501106262
1377,2.0,25.0,10.0,0.7,100.0,37.0,0.5968134800593058
1378,2.0,25.0,10.0,0.7,1000.0,29.0,0.6477056443691254
1379,2.0,25.0,10.0,0.7,10000.0,36.0,0.6305224498112997
1380,2.0,25.0,15.0,0.3,0.0,32.0,0.5260267655054728
1381,2.0,25.0,15.0,0.3,10.0,37.0,0.5502587258815765
1382,2.0,25.0,15.0,0.3,100.0,26.0,0.5268518229325613
1383,2.0,25.0,15.0,0.3,1000.0,33.0,0.5009436309337616
1384,2.0,25.0,15.0,0.3,10000.0,41.0,0.54156893491745
1385,2.0,25.0,15.0,0.5,0.0,36.0,0.5398011008898417
1386,2.0,25.0,15.0,0.5,10.0,41.0,0.5589568714300791
1387,2.0,25.0,15.0,0.5,100.0,29.0,0.5837981303532919
1388,2.0,25.0,15.0,0.5,1000.0,36.0,0.5676845113436381
1389,2.0,25.0,15.0,0.5,10000.0,28.0,0.5562840402126312
1390,2.0,25.0,15.0,0.7,0.0,52.0,0.6292481223742167
1391,2.0,25.0,15.0,0.7,10.0,38.0,0.5586130221684774
1392,2.0,25.0,15.0,0.7,100.0,38.0,0.546756794055303
1393,2.0,25.0,15.0,0.7,1000.0,41.0,0.6012371877829233
1394,2.0,25.0,15.0,0.7,10000.0,29.0,0.5842374463876089
1395,2.0,25.0,20.0,0.3,0.0,27.0,0.52806423107783
1396,2.0,25.0,20.0,0.3,10.0,30.0,0.5153182645638784
1397,2.0,25.0,20.0,0.3,100.0,28.0,0.5722830990950266
1398,2.0,25.0,20.0,0.3,1000.0,30.0,0.5513873895009359
1399,2.0,25.0,20.0,0.3,10000.0,30.0,0.5577356119950613
1400,2.0,25.0,20.0,0.5,0.0,27.0,0.5636241336663564
1401,2.0,25.0,20.0,0.5,10.0,37.0,0.5252478818098704
1402,2.0,25.0,20.0,0.5,100.0,29.0,0.5566015640894572
1403,2.0,25.0,20.0,0.5,1000.0,28.0,0.5242087642351786
1404,2.0,25.0,20.0,0.5,10000.0,27.0,0.5532391667366028
1405,2.0,25.0,20.0,0.7,0.0,34.0,0.5809955994288126
1406,2.0,25.0,20.0,0.7,10.0,35.0,0.5373148222764333
1407,2.0,25.0,20.0,0.7,100.0,35.0,0.5897004703680674
1408,2.0,25.0,20.0,0.7,1000.0,36.0,0.5571451087792715
1409,2.0,25.0,20.0,0.7,10000.0,39.0,0.5570734043916067
1410,2.0,25.0,25.0,0.3,0.0,31.0,0.568079431851705
1411,2.0,25.0,25.0,0.3,10.0,30.0,0.5310518046220144
1412,2.0,25.0,25.0,0.3,100.0,29.0,0.5383130311965942
1413,2.0,25.0,25.0,0.3,1000.0,35.0,0.5591110587120056
1414,2.0,25.0,25.0,0.3,10000.0,28.0,0.5698464413483938
1415,2.0,25.0,25.0,0.5,0.0,38.0,0.5578579405943552
1416,2.0,25.0,25.0,0.5,10.0,30.0,0.5437639156977335
1417,2.0,25.0,25.0,0.5,100.0,44.0,0.5184978445370992
1418,2.0,25.0,25.0,0.5,1000.0,30.0,0.5532504220803579
1419,2.0,25.0,25.0,0.5,10000.0,28.0,0.5863074163595835
1420,2.0,25.0,25.0,0.7,0.0,37.0,0.5671130220095316
1421,2.0,25.0,25.0,0.7,10.0,31.0,0.5602292815844218
1422,2.0,25.0,25.0,0.7,100.0,40.0,0.5576426982879639
1423,2.0,25.0,25.0,0.7,1000.0,30.0,0.5472986499468485
1424,2.0,25.0,25.0,0.7,10000.0,28.0,0.5961144765218099
1425,2.0,25.0,30.0,0.3,0.0,28.0,0.5378374556700388
1426,2.0,25.0,30.0,0.3,10.0,28.0,0.5302796959877014
1427,2.0,25.0,30.0,0.3,100.0,31.0,0.5179187854131063
1428,2.0,25.0,30.0,0.3,1000.0,39.0,0.5554635226726532
1429,2.0,25.0,30.0,0.3,10000.0,30.0,0.5557946264743805
1430,2.0,25.0,30.0,0.5,0.0,30.0,0.5417628387610117
1431,2.0,25.0,30.0,0.5,10.0,30.0,0.5354535182317098
1432,2.0,25.0,30.0,0.5,100.0,42.0,0.5451697210470835
1433,2.0,25.0,30.0,0.5,1000.0,43.0,0.5343365470568339
1434,2.0,25.0,30.0,0.5,10000.0,30.0,0.5556292335192362
1435,2.0,25.0,30.0,0.7,0.0,35.0,0.5817927519480387
1436,2.0,25.0,30.0,0.7,10.0,35.0,0.5234072009722391
1437,2.0,25.0,30.0,0.7,100.0,40.0,0.5352688332398733
1438,2.0,25.0,30.0,0.7,1000.0,44.0,0.5919728378454844
1439,2.0,25.0,30.0,0.7,10000.0,32.0,0.597807377576828
1440,2.0,25.0,35.0,0.3,0.0,28.0,0.5609552264213562
1441,2.0,25.0,35.0,0.3,10.0,30.0,0.5192779699961344
1442,2.0,25.0,35.0,0.3,100.0,29.0,0.6282185812791189
1443,2.0,25.0,35.0,0.3,1000.0,30.0,0.5498039623101553
1444,2.0,25.0,35.0,0.3,10000.0,28.0,0.5344655017058054
1445,2.0,25.0,35.0,0.5,0.0,28.0,0.5686237017313639
1446,2.0,25.0,35.0,0.5,10.0,38.0,0.5417352020740509
1447,2.0,25.0,35.0,0.5,100.0,41.0,0.5304666260878245
1448,2.0,25.0,35.0,0.5,1000.0,27.0,0.5383094549179077
1449,2.0,25.0,35.0,0.5,10000.0,35.0,0.5545697808265686
1450,2.0,25.0,35.0,0.7,0.0,29.0,0.5503565768400828
1451,2.0,25.0,35.0,0.7,10.0,38.0,0.5591849585374197
1452,2.0,25.0,35.0,0.7,100.0,35.0,0.5624070465564728
1453,2.0,25.0,35.0,0.7,1000.0,38.0,0.588331957658132
1454,2.0,25.0,35.0,0.7,10000.0,31.0,0.5670089920361837
1455,2.0,25.0,40.0,0.3,0.0,29.0,0.5586638351281484
1456,2.0,25.0,40.0,0.3,10.0,31.0,0.52314160267512
1457,2.0,25.0,40.0,0.3,100.0,29.0,0.5382015009721121
1458,2.0,25.0,40.0,0.3,1000.0,27.0,0.5607209702332815
1459,2.0,25.0,40.0,0.3,10000.0,29.0,0.5352364977200826
1460,2.0,25.0,40.0,0.5,0.0,31.0,0.5035844246546427
1461,2.0,25.0,40.0,0.5,10.0,31.0,0.5235229432582855
1462,2.0,25.0,40.0,0.5,100.0,35.0,0.560114175081253
1463,2.0,25.0,40.0,0.5,1000.0,33.0,0.5405429402987162
1464,2.0,25.0,40.0,0.5,10000.0,29.0,0.5641118586063385
1465,2.0,25.0,40.0,0.7,0.0,31.0,0.5247093538443247
1466,2.0,25.0,40.0,0.7,10.0,35.0,0.5480731427669525
1467,2.0,25.0,40.0,0.7,100.0,33.0,0.563681403795878
1468,2.0,25.0,40.0,0.7,1000.0,38.0,0.6159337361653646
1469,2.0,25.0,40.0,0.7,10000.0,31.0,0.5806136131286621
1470,2.0,25.0,45.0,0.3,0.0,27.0,0.5097088515758514
1471,2.0,25.0,45.0,0.3,10.0,30.0,0.5282696684201559
1472,2.0,25.0,45.0,0.3,100.0,29.0,0.5486842691898346
1473,2.0,25.0,45.0,0.3,1000.0,29.0,0.5284331440925598
1474,2.0,25.0,45.0,0.3,10000.0,31.0,0.5512219866116842
1475,2.0,25.0,45.0,0.5,0.0,29.0,0.5287156601746877
1476,2.0,25.0,45.0,0.5,10.0,31.0,0.5457031428813934
1477,2.0,25.0,45.0,0.5,100.0,29.0,0.5378471116224924
1478,2.0,25.0,45.0,0.5,1000.0,33.0,0.5227652887503306
1479,2.0,25.0,45.0,0.5,10000.0,31.0,0.5349121193091074
1480,2.0,25.0,45.0,0.7,0.0,29.0,0.545395572980245
1481,2.0,25.0,45.0,0.7,10.0,35.0,0.5527350604534149
1482,2.0,25.0,45.0,0.7,100.0,50.0,0.5346539715925852
1483,2.0,25.0,45.0,0.7,1000.0,38.0,0.565697193145752
1484,2.0,25.0,45.0,0.7,10000.0,35.0,0.586446205774943
1485,2.0,25.0,50.0,0.3,0.0,27.0,0.5209717651208242
1486,2.0,25.0,50.0,0.3,10.0,38.0,0.5442332526048025
1487,2.0,25.0,50.0,0.3,100.0,29.0,0.5277834633986155
1488,2.0,25.0,50.0,0.3,1000.0,30.0,0.5337697168191274
1489,2.0,25.0,50.0,0.3,10000.0,28.0,0.5239221553007761
1490,2.0,25.0,50.0,0.5,0.0,27.0,0.5433813830216726
1491,2.0,25.0,50.0,0.5,10.0,34.0,0.531179259220759
1492,2.0,25.0,50.0,0.5,100.0,29.0,0.5490398108959198
1493,2.0,25.0,50.0,0.5,1000.0,30.0,0.5757490197817484
1494,2.0,25.0,50.0,0.5,10000.0,30.0,0.551440437634786
1495,2.0,25.0,50.0,0.7,0.0,43.0,0.5315514902273814
1496,2.0,25.0,50.0,0.7,10.0,54.0,0.5357520282268524
1497,2.0,25.0,50.0,0.7,100.0,45.0,0.5513592263062795
1498,2.0,25.0,50.0,0.7,1000.0,31.0,0.5765737593173981
1499,2.0,25.0,50.0,0.7,10000.0,39.0,0.5420018037160238
1500,1.0,30.0,5.0,0.3,0.0,46.0,0.5745286544164022
1501,1.0,30.0,5.0,0.3,10.0,31.0,0.5672619938850403
1502,1.0,30.0,5.0,0.3,100.0,48.0,0.5777259667714437
1503,1.0,30.0,5.0,0.3,1000.0,56.0,0.5853491226832072
1504,1.0,30.0,5.0,0.3,10000.0,51.0,0.5540931522846222
1505,1.0,30.0,5.0,0.5,0.0,43.0,0.6021859248479208
1506,1.0,30.0,5.0,0.5,10.0,38.0,0.6080662508805593
1507,1.0,30.0,5.0,0.5,100.0,42.0,0.6212056875228882
1508,1.0,30.0,5.0,0.5,1000.0,44.0,0.627748022476832
1509,1.0,30.0,5.0,0.5,10000.0,29.0,0.588010718425115
1510,1.0,30.0,5.0,0.7,0.0,60.0,0.7447589536507925
1511,1.0,30.0,5.0,0.7,10.0,53.0,0.6697927117347717
1512,1.0,30.0,5.0,0.7,100.0,40.0,0.7139281531174978
1513,1.0,30.0,5.0,0.7,1000.0,50.0,0.7411323189735413
1514,1.0,30.0,5.0,0.7,10000.0,39.0,0.6778827607631683
1515,1.0,30.0,10.0,0.3,0.0,49.0,0.5520081520080566
1516,1.0,30.0,10.0,0.3,10.0,20.0,0.5383019149303436
1517,1.0,30.0,10.0,0.3,100.0,30.0,0.5232370297114054
1518,1.0,30.0,10.0,0.3,1000.0,52.0,0.5357745488484701
1519,1.0,30.0,10.0,0.3,10000.0,41.0,0.5115139583746592
1520,1.0,30.0,10.0,0.5,0.0,44.0,0.5777635375658671
1521,1.0,30.0,10.0,0.5,10.0,20.0,0.5795866648356119
1522,1.0,30.0,10.0,0.5,100.0,30.0,0.5448378523190817
1523,1.0,30.0,10.0,0.5,1000.0,49.0,0.5668914020061493
1524,1.0,30.0,10.0,0.5,10000.0,43.0,0.575135866800944
1525,1.0,30.0,10.0,0.7,0.0,50.0,0.6167835692564646
1526,1.0,30.0,10.0,0.7,10.0,51.0,0.6710474292437235
1527,1.0,30.0,10.0,0.7,100.0,32.0,0.6055242419242859
1528,1.0,30.0,10.0,0.7,1000.0,33.0,0.6040119032065073
1529,1.0,30.0,10.0,0.7,10000.0,40.0,0.6075704594453176
1530,1.0,30.0,15.0,0.3,0.0,33.0,0.5591099659601847
1531,1.0,30.0,15.0,0.3,10.0,46.0,0.5242807666460673
1532,1.0,30.0,15.0,0.3,100.0,30.0,0.5216298798720042
1533,1.0,30.0,15.0,0.3,1000.0,33.0,0.5418454905351003
1534,1.0,30.0,15.0,0.3,10000.0,29.0,0.5277346273263296
1535,1.0,30.0,15.0,0.5,0.0,53.0,0.5345498124758402
1536,1.0,30.0,15.0,0.5,10.0,42.0,0.5232056081295013
1537,1.0,30.0,15.0,0.5,100.0,33.0,0.5617075761159261
1538,1.0,30.0,15.0,0.5,1000.0,28.0,0.5364158352216085
1539,1.0,30.0,15.0,0.5,10000.0,39.0,0.5615690151850382
1540,1.0,30.0,15.0,0.7,0.0,26.0,0.6204997698465983
1541,1.0,30.0,15.0,0.7,10.0,34.0,0.5489437977472941
1542,1.0,30.0,15.0,0.7,100.0,31.0,0.5777625938256582
1543,1.0,30.0,15.0,0.7,1000.0,47.0,0.5994761486848196
1544,1.0,30.0,15.0,0.7,10000.0,43.0,0.5771799981594086
1545,1.0,30.0,20.0,0.3,0.0,19.0,0.5391018788019816
1546,1.0,30.0,20.0,0.3,10.0,24.0,0.5387591818968455
1547,1.0,30.0,20.0,0.3,100.0,27.0,0.5511032442251841
1548,1.0,30.0,20.0,0.3,1000.0,19.0,0.5551997522513071
1549,1.0,30.0,20.0,0.3,10000.0,29.0,0.5315286914507548
1550,1.0,30.0,20.0,0.5,0.0,20.0,0.5557706157366434
1551,1.0,30.0,20.0,0.5,10.0,26.0,0.5602140923341116
1552,1.0,30.0,20.0,0.5,100.0,38.0,0.5298611323038737
1553,1.0,30.0,20.0,0.5,1000.0,19.0,0.5660626987616221
1554,1.0,30.0,20.0,0.5,10000.0,43.0,0.5253905951976776
1555,1.0,30.0,20.0,0.7,0.0,46.0,0.5949268639087677
1556,1.0,30.0,20.0,0.7,10.0,46.0,0.5907834966977438
1557,1.0,30.0,20.0,0.7,100.0,44.0,0.5542392333348592
1558,1.0,30.0,20.0,0.7,1000.0,24.0,0.6103645364443461
1559,1.0,30.0,20.0,0.7,10000.0,38.0,0.5580564936002096
1560,1.0,30.0,25.0,0.3,0.0,19.0,0.5334708193937937
1561,1.0,30.0,25.0,0.3,10.0,19.0,0.5360612670580546
1562,1.0,30.0,25.0,0.3,100.0,29.0,0.5330892503261566
1563,1.0,30.0,25.0,0.3,1000.0,20.0,0.5724822183450063
1564,1.0,30.0,25.0,0.3,10000.0,20.0,0.5537024438381195
1565,1.0,30.0,25.0,0.5,0.0,19.0,0.5646427671114603
1566,1.0,30.0,25.0,0.5,10.0,25.0,0.5568849543730418
1567,1.0,30.0,25.0,0.5,100.0,33.0,0.5417279998461405
1568,1.0,30.0,25.0,0.5,1000.0,25.0,0.567403515179952
1569,1.0,30.0,25.0,0.5,10000.0,20.0,0.5643590291341146
1570,1.0,30.0,25.0,0.7,0.0,36.0,0.5786071022351583
1571,1.0,30.0,25.0,0.7,10.0,41.0,0.5514435569445292
1572,1.0,30.0,25.0,0.7,100.0,38.0,0.6015899777412415
1573,1.0,30.0,25.0,0.7,1000.0,38.0,0.6459818085034689
1574,1.0,30.0,25.0,0.7,10000.0,20.0,0.6120002865791321
1575,1.0,30.0,30.0,0.3,0.0,33.0,0.5277105371157328
1576,1.0,30.0,30.0,0.3,10.0,30.0,0.5249254703521729
1577,1.0,30.0,30.0,0.3,100.0,46.0,0.5341096123059591
1578,1.0,30.0,30.0,0.3,1000.0,32.0,0.5553778409957886
1579,1.0,30.0,30.0,0.3,10000.0,19.0,0.5395684639612833
1580,1.0,30.0,30.0,0.5,0.0,46.0,0.5459671517213186
1581,1.0,30.0,30.0,0.5,10.0,47.0,0.5403874516487122
1582,1.0,30.0,30.0,0.5,100.0,48.0,0.534535159667333
1583,1.0,30.0,30.0,0.5,1000.0,42.0,0.5255532364050547
1584,1.0,30.0,30.0,0.5,10000.0,19.0,0.5427460571130117
1585,1.0,30.0,30.0,0.7,0.0,49.0,0.5643869737784067
1586,1.0,30.0,30.0,0.7,10.0,45.0,0.5394758979479471
1587,1.0,30.0,30.0,0.7,100.0,34.0,0.570015529791514
1588,1.0,30.0,30.0,0.7,1000.0,42.0,0.5789716641108195
1589,1.0,30.0,30.0,0.7,10000.0,32.0,0.6002533733844757
1590,1.0,30.0,35.0,0.3,0.0,19.0,0.5614771842956543
1591,1.0,30.0,35.0,0.3,10.0,27.0,0.5104733109474182
1592,1.0,30.0,35.0,0.3,100.0,19.0,0.530769556760788
1593,1.0,30.0,35.0,0.3,1000.0,19.0,0.5350357790788015
1594,1.0,30.0,35.0,0.3,10000.0,34.0,0.5400271515051523
1595,1.0,30.0,35.0,0.5,0.0,20.0,0.5635459423065186
1596,1.0,30.0,35.0,0.5,10.0,29.0,0.5379066169261932
1597,1.0,30.0,35.0,0.5,100.0,33.0,0.5518204768498739
1598,1.0,30.0,35.0,0.5,1000.0,19.0,0.5553624431292216
1599,1.0,30.0,35.0,0.5,10000.0,36.0,0.5390776594479879
1600,1.0,30.0,35.0,0.7,0.0,20.0,0.6187490622202555
1601,1.0,30.0,35.0,0.7,10.0,40.0,0.5675363143285116
1602,1.0,30.0,35.0,0.7,100.0,20.0,0.5724038084348043
1603,1.0,30.0,35.0,0.7,1000.0,36.0,0.5643535852432251
1604,1.0,30.0,35.0,0.7,10000.0,38.0,0.5815352996190389
1605,1.0,30.0,40.0,0.3,0.0,19.0,0.5854609111944834
1606,1.0,30.0,40.0,0.3,10.0,19.0,0.5263667702674866
1607,1.0,30.0,40.0,0.3,100.0,19.0,0.5384042163689932
1608,1.0,30.0,40.0,0.3,1000.0,18.0,0.5642341474692026
1609,1.0,30.0,40.0,0.3,10000.0,19.0,0.5382057726383209
1610,1.0,30.0,40.0,0.5,0.0,19.0,0.5701355536778768
1611,1.0,30.0,40.0,0.5,10.0,49.0,0.5097684860229492
1612,1.0,30.0,40.0,0.5,100.0,19.0,0.5562991897265116
1613,1.0,30.0,40.0,0.5,1000.0,18.0,0.5768134196599325
1614,1.0,30.0,40.0,0.5,10000.0,19.0,0.5460559030373892
1615,1.0,30.0,40.0,0.7,0.0,20.0,0.5884593228499094
1616,1.0,30.0,40.0,0.7,10.0,55.0,0.534776528676351
1617,1.0,30.0,40.0,0.7,100.0,20.0,0.5578330953915914
1618,1.0,30.0,40.0,0.7,1000.0,19.0,0.5590598086516062
1619,1.0,30.0,40.0,0.7,10000.0,35.0,0.6040819684664408
1620,1.0,30.0,45.0,0.3,0.0,20.0,0.5515296459197998
1621,1.0,30.0,45.0,0.3,10.0,19.0,0.5395013391971588
1622,1.0,30.0,45.0,0.3,100.0,26.0,0.5218558212121328
1623,1.0,30.0,45.0,0.3,1000.0,19.0,0.5151175955931345
1624,1.0,30.0,45.0,0.3,10000.0,19.0,0.5344881415367126
1625,1.0,30.0,45.0,0.5,0.0,20.0,0.5285796622435252
1626,1.0,30.0,45.0,0.5,10.0,19.0,0.5636496245861053
1627,1.0,30.0,45.0,0.5,100.0,37.0,0.5300208131472269
1628,1.0,30.0,45.0,0.5,1000.0,19.0,0.5336265762646993
1629,1.0,30.0,45.0,0.5,10000.0,25.0,0.5355615019798279
1630,1.0,30.0,45.0,0.7,0.0,31.0,0.5518461565176646
1631,1.0,30.0,45.0,0.7,10.0,43.0,0.5842386583487192
1632,1.0,30.0,45.0,0.7,100.0,20.0,0.5596488217512766
1633,1.0,30.0,45.0,0.7,1000.0,38.0,0.5455150405565897
1634,1.0,30.0,45.0,0.7,10000.0,43.0,0.5707566340764364
1635,1.0,30.0,50.0,0.3,0.0,18.0,0.5622457067171732
1636,1.0,30.0,50.0,0.3,10.0,19.0,0.5416067739327749
1637,1.0,30.0,50.0,0.3,100.0,19.0,0.5340448915958405
1638,1.0,30.0,50.0,0.3,1000.0,19.0,0.5517634749412537
1639,1.0,30.0,50.0,0.3,10000.0,36.0,0.5462237497170767
1640,1.0,30.0,50.0,0.5,0.0,18.0,0.5819483598073324
1641,1.0,30.0,50.0,0.5,10.0,19.0,0.5397521754105886
1642,1.0,30.0,50.0,0.5,100.0,19.0,0.5462741851806641
1643,1.0,30.0,50.0,0.5,1000.0,40.0,0.568476011355718
1644,1.0,30.0,50.0,0.5,10000.0,51.0,0.528055876493454
1645,1.0,30.0,50.0,0.7,0.0,48.0,0.5205775598684946
1646,1.0,30.0,50.0,0.7,10.0,38.0,0.5358938574790955
1647,1.0,30.0,50.0,0.7,100.0,19.0,0.5538835028807322
1648,1.0,30.0,50.0,0.7,1000.0,45.0,0.5368303954601288
1649,1.0,30.0,50.0,0.7,10000.0,38.0,0.5397753814856211
1650,2.0,30.0,5.0,0.3,0.0,42.0,0.5688399275143942
1651,2.0,30.0,5.0,0.3,10.0,28.0,0.5921952625115713
1652,2.0,30.0,5.0,0.3,100.0,33.0,0.5837738116582235
1653,2.0,30.0,5.0,0.3,1000.0,29.0,0.5598933398723602
1654,2.0,30.0,5.0,0.3,10000.0,21.0,0.8194298247496287
1655,2.0,30.0,5.0,0.5,0.0,40.0,0.6348786850770315
1656,2.0,30.0,5.0,0.5,10.0,29.0,0.5844155053297678
1657,2.0,30.0,5.0,0.5,100.0,33.0,0.5890928506851196
1658,2.0,30.0,5.0,0.5,1000.0,25.0,0.5791750649611155
1659,2.0,30.0,5.0,0.5,10000.0,21.0,0.8313458363215128
1660,2.0,30.0,5.0,0.7,0.0,31.0,0.7036503454049429
1661,2.0,30.0,5.0,0.7,10.0,35.0,0.6913672586282095
1662,2.0,30.0,5.0,0.7,100.0,43.0,0.6956526041030884
1663,2.0,30.0,5.0,0.7,1000.0,29.0,0.700363556543986
1664,2.0,30.0,5.0,0.7,10000.0,45.0,0.7657435536384583
1665,2.0,30.0,10.0,0.3,0.0,30.0,0.5441063543160757
1666,2.0,30.0,10.0,0.3,10.0,28.0,0.5517888863881429
1667,2.0,30.0,10.0,0.3,100.0,26.0,0.5352736910184225
1668,2.0,30.0,10.0,0.3,1000.0,28.0,0.5249184469381968
1669,2.0,30.0,10.0,0.3,10000.0,30.0,0.5657928784688314
1670,2.0,30.0,10.0,0.5,0.0,30.0,0.5500873029232025
1671,2.0,30.0,10.0,0.5,10.0,32.0,0.5300219456354777
1672,2.0,30.0,10.0,0.5,100.0,35.0,0.5599656403064728
1673,2.0,30.0,10.0,0.5,1000.0,37.0,0.5300155679384867
1674,2.0,30.0,10.0,0.5,10000.0,33.0,0.5600206156571707
1675,2.0,30.0,10.0,0.7,0.0,38.0,0.6276803215344747
1676,2.0,30.0,10.0,0.7,10.0,29.0,0.6209146082401276
1677,2.0,30.0,10.0,0.7,100.0,39.0,0.6233864923318228
1678,2.0,30.0,10.0,0.7,1000.0,31.0,0.6158588528633118
1679,2.0,30.0,10.0,0.7,10000.0,39.0,0.6087108651796976
1680,2.0,30.0,15.0,0.3,0.0,49.0,0.5175860027472178
1681,2.0,30.0,15.0,0.3,10.0,28.0,0.5335429509480795
1682,2.0,30.0,15.0,0.3,100.0,30.0,0.556013842423757
1683,2.0,30.0,15.0,0.3,1000.0,29.0,0.5355522930622101
1684,2.0,30.0,15.0,0.3,10000.0,27.0,0.5319861670335134
1685,2.0,30.0,15.0,0.5,0.0,36.0,0.5332777202129364
1686,2.0,30.0,15.0,0.5,10.0,43.0,0.5226182738939921
1687,2.0,30.0,15.0,0.5,100.0,30.0,0.5494608779748281
1688,2.0,30.0,15.0,0.5,1000.0,39.0,0.5389705896377563
1689,2.0,30.0,15.0,0.5,10000.0,30.0,0.5561061501502991
1690,2.0,30.0,15.0,0.7,0.0,58.0,0.5454762478669485
1691,2.0,30.0,15.0,0.7,10.0,34.0,0.5655839641888937
1692,2.0,30.0,15.0,0.7,100.0,39.0,0.5784064730008444
1693,2.0,30.0,15.0,0.7,1000.0,36.0,0.564087986946106
1694,2.0,30.0,15.0,0.7,10000.0,41.0,0.5736226538817087
1695,2.0,30.0,20.0,0.3,0.0,27.0,0.5449475049972534
1696,2.0,30.0,20.0,0.3,10.0,27.0,0.539120078086853
1697,2.0,30.0,20.0,0.3,100.0,26.0,0.5345630248387655
1698,2.0,30.0,20.0,0.3,1000.0,24.0,0.5300418734550476
1699,2.0,30.0,20.0,0.3,10000.0,25.0,0.5199713110923767
1700,2.0,30.0,20.0,0.5,0.0,27.0,0.5726187427838644
1701,2.0,30.0,20.0,0.5,10.0,29.0,0.5425649782021841
1702,2.0,30.0,20.0,0.5,100.0,35.0,0.5798955758412679
1703,2.0,30.0,20.0,0.5,1000.0,24.0,0.5482037961483002
1704,2.0,30.0,20.0,0.5,10000.0,27.0,0.5656029284000397
1705,2.0,30.0,20.0,0.7,0.0,42.0,0.546605239311854
1706,2.0,30.0,20.0,0.7,10.0,29.0,0.5555645724137624
1707,2.0,30.0,20.0,0.7,100.0,46.0,0.5462779899438223
1708,2.0,30.0,20.0,0.7,1000.0,30.0,0.5660970906416575
1709,2.0,30.0,20.0,0.7,10000.0,29.0,0.5955871343612671
1710,2.0,30.0,25.0,0.3,0.0,31.0,0.5717487235864004
1711,2.0,30.0,25.0,0.3,10.0,28.0,0.5346919099489847
1712,2.0,30.0,25.0,0.3,100.0,27.0,0.5222900410493215
1713,2.0,30.0,25.0,0.3,1000.0,30.0,0.5611732602119446
1714,2.0,30.0,25.0,0.3,10000.0,30.0,0.531495730082194
1715,2.0,30.0,25.0,0.5,0.0,42.0,0.5245037774244944
1716,2.0,30.0,25.0,0.5,10.0,29.0,0.5331551233927408
1717,2.0,30.0,25.0,0.5,100.0,30.0,0.5349391202131907
1718,2.0,30.0,25.0,0.5,1000.0,30.0,0.5684693654378256
1719,2.0,30.0,25.0,0.5,10000.0,27.0,0.5332465072472891
1720,2.0,30.0,25.0,0.7,0.0,44.0,0.5470220049222311
1721,2.0,30.0,25.0,0.7,10.0,36.0,0.6007356544335684
1722,2.0,30.0,25.0,0.7,100.0,33.0,0.5400353173414866
1723,2.0,30.0,25.0,0.7,1000.0,31.0,0.586988498767217
1724,2.0,30.0,25.0,0.7,10000.0,41.0,0.5969874461491903
1725,2.0,30.0,30.0,0.3,0.0,25.0,0.5532757143179575
1726,2.0,30.0,30.0,0.3,10.0,29.0,0.5402157505353292
1727,2.0,30.0,30.0,0.3,100.0,28.0,0.5592622657616934
1728,2.0,30.0,30.0,0.3,1000.0,29.0,0.5052799185117086
1729,2.0,30.0,30.0,0.3,10000.0,25.0,0.5402084290981293
1730,2.0,30.0,30.0,0.5,0.0,25.0,0.5614938040574392
1731,2.0,30.0,30.0,0.5,10.0,32.0,0.5466912190119425
1732,2.0,30.0,30.0,0.5,100.0,24.0,0.5490616957346598
1733,2.0,30.0,30.0,0.5,1000.0,24.0,0.5691451827685038
1734,2.0,30.0,30.0,0.5,10000.0,26.0,0.5381788810094198
1735,2.0,30.0,30.0,0.7,0.0,31.0,0.5383740166823069
1736,2.0,30.0,30.0,0.7,10.0,34.0,0.5818383594353994
1737,2.0,30.0,30.0,0.7,100.0,44.0,0.5945687393347422
1738,2.0,30.0,30.0,0.7,1000.0,33.0,0.5348819593588511
1739,2.0,30.0,30.0,0.7,10000.0,26.0,0.543796588977178
1740,2.0,30.0,35.0,0.3,0.0,27.0,0.5462120771408081
1741,2.0,30.0,35.0,0.3,10.0,27.0,0.539901445309321
1742,2.0,30.0,35.0,0.3,100.0,26.0,0.5263871053854624
1743,2.0,30.0,35.0,0.3,1000.0,29.0,0.526901125907898
1744,2.0,30.0,35.0,0.3,10000.0,27.0,0.5193537573019663
1745,2.0,30.0,35.0,0.5,0.0,27.0,0.5585843722025553
1746,2.0,30.0,35.0,0.5,10.0,27.0,0.559849739074707
1747,2.0,30.0,35.0,0.5,100.0,27.0,0.5482793549696604
1748,2.0,30.0,35.0,0.5,1000.0,28.0,0.5326679746309916
1749,2.0,30.0,35.0,0.5,10000.0,29.0,0.5312651892503103
1750,2.0,30.0,35.0,0.7,0.0,31.0,0.5543068250020345
1751,2.0,30.0,35.0,0.7,10.0,27.0,0.5861648917198181
1752,2.0,30.0,35.0,0.7,100.0,33.0,0.5690091451009115
1753,2.0,30.0,35.0,0.7,1000.0,29.0,0.6016097366809845
1754,2.0,30.0,35.0,0.7,10000.0,32.0,0.5615739127000173
1755,2.0,30.0,40.0,0.3,0.0,27.0,0.515141506989797
1756,2.0,30.0,40.0,0.3,10.0,26.0,0.5469862222671509
1757,2.0,30.0,40.0,0.3,100.0,29.0,0.5522137780984243
1758,2.0,30.0,40.0,0.3,1000.0,39.0,0.5536216696103414
1759,2.0,30.0,40.0,0.3,10000.0,27.0,0.5258187452952067
1760,2.0,30.0,40.0,0.5,0.0,30.0,0.5425162812074026
1761,2.0,30.0,40.0,0.5,10.0,27.0,0.5571428537368774
1762,2.0,30.0,40.0,0.5,100.0,33.0,0.558305541674296
1763,2.0,30.0,40.0,0.5,1000.0,40.0,0.523797998825709
1764,2.0,30.0,40.0,0.5,10000.0,27.0,0.5290740629037222
1765,2.0,30.0,40.0,0.7,0.0,31.0,0.5413145025571188
1766,2.0,30.0,40.0,0.7,10.0,30.0,0.544939915339152
1767,2.0,30.0,40.0,0.7,100.0,28.0,0.6165713469187418
1768,2.0,30.0,40.0,0.7,1000.0,45.0,0.5528750717639923
1769,2.0,30.0,40.0,0.7,10000.0,28.0,0.562376856803894
1770,2.0,30.0,45.0,0.3,0.0,28.0,0.5059727430343628
1771,2.0,30.0,45.0,0.3,10.0,29.0,0.5555598040421804
1772,2.0,30.0,45.0,0.3,100.0,27.0,0.5383042792479197
1773,2.0,30.0,45.0,0.3,1000.0,24.0,0.5313814580440521
1774,2.0,30.0,45.0,0.3,10000.0,28.0,0.5684451758861542
1775,2.0,30.0,45.0,0.5,0.0,28.0,0.5671693782011668
1776,2.0,30.0,45.0,0.5,10.0,29.0,0.5357069869836172
1777,2.0,30.0,45.0,0.5,100.0,28.0,0.5362456738948822
1778,2.0,30.0,45.0,0.5,1000.0,37.0,0.5302109519640604
1779,2.0,30.0,45.0,0.5,10000.0,30.0,0.5626028577486674
1780,2.0,30.0,45.0,0.7,0.0,32.0,0.5171204408009847
1781,2.0,30.0,45.0,0.7,10.0,32.0,0.5444473326206207
1782,2.0,30.0,45.0,0.7,100.0,28.0,0.5381112496058146
1783,2.0,30.0,45.0,0.7,1000.0,29.0,0.5628427465756735
1784,2.0,30.0,45.0,0.7,10000.0,30.0,0.5549923380215963
1785,2.0,30.0,50.0,0.3,0.0,26.0,0.5102664232254028
1786,2.0,30.0,50.0,0.3,10.0,27.0,0.576897660891215
1787,2.0,30.0,50.0,0.3,100.0,29.0,0.5331100722153982
1788,2.0,30.0,50.0,0.3,1000.0,34.0,0.5507944226264954
1789,2.0,30.0,50.0,0.3,10000.0,18.0,0.5202734470367432
1790,2.0,30.0,50.0,0.5,0.0,27.0,0.5521202782789866
1791,2.0,30.0,50.0,0.5,10.0,27.0,0.5415622790654501
1792,2.0,30.0,50.0,0.5,100.0,28.0,0.5385982990264893
1793,2.0,30.0,50.0,0.5,1000.0,18.0,0.5589314301808676
1794,2.0,30.0,50.0,0.5,10000.0,27.0,0.5469365914662679
1795,2.0,30.0,50.0,0.7,0.0,28.0,0.5195209880669912
1796,2.0,30.0,50.0,0.7,10.0,29.0,0.5520099997520447
1797,2.0,30.0,50.0,0.7,100.0,27.0,0.5696437557538351
1798,2.0,30.0,50.0,0.7,1000.0,41.0,0.570670078198115
1799,2.0,30.0,50.0,0.7,10000.0,29.0,0.5531511505444845
1800,1.0,35.0,5.0,0.3,0.0,24.0,0.7027664085229238
1801,1.0,35.0,5.0,0.3,10.0,37.0,0.551905502875646
1802,1.0,35.0,5.0,0.3,100.0,31.0,0.5625846783320109
1803,1.0,35.0,5.0,0.3,1000.0,85.0,0.8127038280169169
1804,1.0,35.0,5.0,0.3,10000.0,36.0,0.6879862944285074
1805,1.0,35.0,5.0,0.5,0.0,56.0,0.7422189017136892
1806,1.0,35.0,5.0,0.5,10.0,36.0,0.6169648269812266
1807,1.0,35.0,5.0,0.5,100.0,50.0,0.5662151674429575
1808,1.0,35.0,5.0,0.5,1000.0,167.0,0.7385658323764801
1809,1.0,35.0,5.0,0.5,10000.0,22.0,0.725368728240331
1810,1.0,35.0,5.0,0.7,0.0,31.0,0.7813934485117594
1811,1.0,35.0,5.0,0.7,10.0,69.0,0.6942296425501505
1812,1.0,35.0,5.0,0.7,100.0,43.0,0.6753227313359579
1813,1.0,35.0,5.0,0.7,1000.0,109.0,0.8689490854740143
1814,1.0,35.0,5.0,0.7,10000.0,34.0,0.8070096472899119
1815,1.0,35.0,10.0,0.3,0.0,19.0,0.5356602370738983
1816,1.0,35.0,10.0,0.3,10.0,34.0,0.5611082315444946
1817,1.0,35.0,10.0,0.3,100.0,36.0,0.5568977395693461
1818,1.0,35.0,10.0,0.3,1000.0,32.0,0.5581616361935934
1819,1.0,35.0,10.0,0.3,10000.0,38.0,0.5450804432233175
1820,1.0,35.0,10.0,0.5,0.0,36.0,0.5417769253253937
1821,1.0,35.0,10.0,0.5,10.0,36.0,0.5465610524018606
1822,1.0,35.0,10.0,0.5,100.0,33.0,0.5674377183119456
1823,1.0,35.0,10.0,0.5,1000.0,27.0,0.5714166462421417
1824,1.0,35.0,10.0,0.5,10000.0,33.0,0.5938519636789957
1825,1.0,35.0,10.0,0.7,0.0,39.0,0.5797020693620046
1826,1.0,35.0,10.0,0.7,10.0,38.0,0.5983774761358897
1827,1.0,35.0,10.0,0.7,100.0,46.0,0.5961018602053324
1828,1.0,35.0,10.0,0.7,1000.0,53.0,0.6647628545761108
1829,1.0,35.0,10.0,0.7,10000.0,30.0,0.6056340237458547
1830,1.0,35.0,15.0,0.3,0.0,18.0,0.5365074078241984
1831,1.0,35.0,15.0,0.3,10.0,38.0,0.5600084165732065
1832,1.0,35.0,15.0,0.3,100.0,33.0,0.5444670915603638
1833,1.0,35.0,15.0,0.3,1000.0,37.0,0.5391488174597422
1834,1.0,35.0,15.0,0.3,10000.0,20.0,0.5466796159744263
1835,1.0,35.0,15.0,0.5,0.0,18.0,0.5578687191009521
1836,1.0,35.0,15.0,0.5,10.0,40.0,0.6213605304559072
1837,1.0,35.0,15.0,0.5,100.0,38.0,0.5191023349761963
1838,1.0,35.0,15.0,0.5,1000.0,38.0,0.5200558602809906
1839,1.0,35.0,15.0,0.5,10000.0,21.0,0.5487337112426758
1840,1.0,35.0,15.0,0.7,0.0,19.0,0.6250391701857249
1841,1.0,35.0,15.0,0.7,10.0,38.0,0.5750508606433868
1842,1.0,35.0,15.0,0.7,100.0,38.0,0.5693128705024719
1843,1.0,35.0,15.0,0.7,1000.0,44.0,0.5474478900432587
1844,1.0,35.0,15.0,0.7,10000.0,34.0,0.5888111094633738
1845,1.0,35.0,20.0,0.3,0.0,18.0,0.5285085141658783
1846,1.0,35.0,20.0,0.3,10.0,19.0,0.5190717379252116
1847,1.0,35.0,20.0,0.3,100.0,32.0,0.5252176821231842
1848,1.0,35.0,20.0,0.3,1000.0,39.0,0.5320584078629812
1849,1.0,35.0,20.0,0.3,10000.0,20.0,0.542709747950236
1850,1.0,35.0,20.0,0.5,0.0,35.0,0.558047890663147
1851,1.0,35.0,20.0,0.5,10.0,30.0,0.5385314126809438
1852,1.0,35.0,20.0,0.5,100.0,40.0,0.5228840410709381
1853,1.0,35.0,20.0,0.5,1000.0,40.0,0.5284034609794617
1854,1.0,35.0,20.0,0.5,10000.0,21.0,0.5383137861887614
1855,1.0,35.0,20.0,0.7,0.0,35.0,0.6012341777483622
1856,1.0,35.0,20.0,0.7,10.0,43.0,0.5918783843517303
1857,1.0,35.0,20.0,0.7,100.0,35.0,0.5529062151908875
1858,1.0,35.0,20.0,0.7,1000.0,42.0,0.5317643880844116
1859,1.0,35.0,20.0,0.7,10000.0,36.0,0.5676030516624451
1860,1.0,35.0,25.0,0.3,0.0,37.0,0.5703108708063761
1861,1.0,35.0,25.0,0.3,10.0,19.0,0.5517154633998871
1862,1.0,35.0,25.0,0.3,100.0,36.0,0.5092977086702982
1863,1.0,35.0,25.0,0.3,1000.0,31.0,0.5487048427263895
1864,1.0,35.0,25.0,0.3,10000.0,20.0,0.5305816531181335
1865,1.0,35.0,25.0,0.5,0.0,35.0,0.5374556084473928
1866,1.0,35.0,25.0,0.5,10.0,19.0,0.5388828118642172
1867,1.0,35.0,25.0,0.5,100.0,34.0,0.5439289708932241
1868,1.0,35.0,25.0,0.5,1000.0,29.0,0.5486450493335724
1869,1.0,35.0,25.0,0.5,10000.0,19.0,0.5547304848829905
1870,1.0,35.0,25.0,0.7,0.0,41.0,0.5449183881282806
1871,1.0,35.0,25.0,0.7,10.0,31.0,0.5750395059585571
1872,1.0,35.0,25.0,0.7,100.0,35.0,0.5347039798895518
1873,1.0,35.0,25.0,0.7,1000.0,42.0,0.578292598327001
1874,1.0,35.0,25.0,0.7,10000.0,33.0,0.5922311544418335
1875,1.0,35.0,30.0,0.3,0.0,19.0,0.5612578193346659
1876,1.0,35.0,30.0,0.3,10.0,17.0,0.5571027199427286
1877,1.0,35.0,30.0,0.3,100.0,33.0,0.5566579500834147
1878,1.0,35.0,30.0,0.3,1000.0,45.0,0.5382579366366068
1879,1.0,35.0,30.0,0.3,10000.0,18.0,0.5631215771039327
1880,1.0,35.0,30.0,0.5,0.0,20.0,0.5789488554000854
1881,1.0,35.0,30.0,0.5,10.0,17.0,0.5678364336490631
1882,1.0,35.0,30.0,0.5,100.0,41.0,0.537622849146525
1883,1.0,35.0,30.0,0.5,1000.0,47.0,0.5425197184085846
1884,1.0,35.0,30.0,0.5,10000.0,18.0,0.5735911230246226
1885,1.0,35.0,30.0,0.7,0.0,44.0,0.5526290734608968
1886,1.0,35.0,30.0,0.7,10.0,19.0,0.5755262076854706
1887,1.0,35.0,30.0,0.7,100.0,34.0,0.567094753185908
1888,1.0,35.0,30.0,0.7,1000.0,47.0,0.5635175108909607
1889,1.0,35.0,30.0,0.7,10000.0,23.0,0.5801028509934744
1890,1.0,35.0,35.0,0.3,0.0,17.0,0.548662135998408
1891,1.0,35.0,35.0,0.3,10.0,30.0,0.5514655510584513
1892,1.0,35.0,35.0,0.3,100.0,36.0,0.5260428786277771
1893,1.0,35.0,35.0,0.3,1000.0,25.0,0.5204375584920248
1894,1.0,35.0,35.0,0.3,10000.0,19.0,0.5710965991020203
1895,1.0,35.0,35.0,0.5,0.0,17.0,0.5491077105204264
1896,1.0,35.0,35.0,0.5,10.0,30.0,0.5381854573885599
1897,1.0,35.0,35.0,0.5,100.0,44.0,0.546300490697225
1898,1.0,35.0,35.0,0.5,1000.0,38.0,0.5449370543162028
1899,1.0,35.0,35.0,0.5,10000.0,19.0,0.5663184523582458
1900,1.0,35.0,35.0,0.7,0.0,39.0,0.5282903015613556
1901,1.0,35.0,35.0,0.7,10.0,40.0,0.5335201223691305
1902,1.0,35.0,35.0,0.7,100.0,32.0,0.5440116922060648
1903,1.0,35.0,35.0,0.7,1000.0,30.0,0.5599665443102518
1904,1.0,35.0,35.0,0.7,10000.0,20.0,0.5447539985179901
1905,1.0,35.0,40.0,0.3,0.0,19.0,0.5434834559758505
1906,1.0,35.0,40.0,0.3,10.0,17.0,0.5695840318997701
1907,1.0,35.0,40.0,0.3,100.0,18.0,0.5409870247046152
1908,1.0,35.0,40.0,0.3,1000.0,41.0,0.5242782831192017
1909,1.0,35.0,40.0,0.3,10000.0,20.0,0.5391549070676168
1910,1.0,35.0,40.0,0.5,0.0,19.0,0.5475101868311564
1911,1.0,35.0,40.0,0.5,10.0,17.0,0.5825848082701365
1912,1.0,35.0,40.0,0.5,100.0,18.0,0.561306357383728
1913,1.0,35.0,40.0,0.5,1000.0,40.0,0.5157772600650787
1914,1.0,35.0,40.0,0.5,10000.0,19.0,0.5437020858128866
1915,1.0,35.0,40.0,0.7,0.0,43.0,0.5207424461841583
1916,1.0,35.0,40.0,0.7,10.0,17.0,0.5917184948921204
1917,1.0,35.0,40.0,0.7,100.0,19.0,0.5733786920706431
1918,1.0,35.0,40.0,0.7,1000.0,40.0,0.5341891547044119
1919,1.0,35.0,40.0,0.7,10000.0,22.0,0.5472146173318228
1920,1.0,35.0,45.0,0.3,0.0,18.0,0.5473071535428365
1921,1.0,35.0,45.0,0.3,10.0,18.0,0.5305322905381521
1922,1.0,35.0,45.0,0.3,100.0,19.0,0.5404578348000845
1923,1.0,35.0,45.0,0.3,1000.0,40.0,0.5698059300581614
1924,1.0,35.0,45.0,0.3,10000.0,19.0,0.5375883082548777
1925,1.0,35.0,45.0,0.5,0.0,18.0,0.5591129263242086
1926,1.0,35.0,45.0,0.5,10.0,18.0,0.5395290851593018
1927,1.0,35.0,45.0,0.5,100.0,19.0,0.5595381458600363
1928,1.0,35.0,45.0,0.5,1000.0,27.0,0.5417355597019196
1929,1.0,35.0,45.0,0.5,10000.0,19.0,0.5659343302249908
1930,1.0,35.0,45.0,0.7,0.0,19.0,0.5486564338207245
1931,1.0,35.0,45.0,0.7,10.0,41.0,0.5384618639945984
1932,1.0,35.0,45.0,0.7,100.0,35.0,0.5391624669233958
1933,1.0,35.0,45.0,0.7,1000.0,44.0,0.5309866468111674
1934,1.0,35.0,45.0,0.7,10000.0,20.0,0.5531857013702393
1935,1.0,35.0,50.0,0.3,0.0,17.0,0.5461515088876089
1936,1.0,35.0,50.0,0.3,10.0,18.0,0.5560424327850342
1937,1.0,35.0,50.0,0.3,100.0,19.0,0.5091768205165863
1938,1.0,35.0,50.0,0.3,1000.0,33.0,0.5382557610670725
1939,1.0,35.0,50.0,0.3,10000.0,18.0,0.5416545669237772
1940,1.0,35.0,50.0,0.5,0.0,34.0,0.5341587364673615
1941,1.0,35.0,50.0,0.5,10.0,18.0,0.5617664754390717
1942,1.0,35.0,50.0,0.5,100.0,19.0,0.5175734361012777
1943,1.0,35.0,50.0,0.5,1000.0,39.0,0.5479216972986857
1944,1.0,35.0,50.0,0.5,10000.0,18.0,0.5340749522050222
1945,1.0,35.0,50.0,0.7,0.0,31.0,0.5732557475566864
1946,1.0,35.0,50.0,0.7,10.0,18.0,0.5796078642209371
1947,1.0,35.0,50.0,0.7,100.0,36.0,0.5919431348641714
1948,1.0,35.0,50.0,0.7,1000.0,30.0,0.5543474654356638
1949,1.0,35.0,50.0,0.7,10000.0,19.0,0.5740594665209452
1950,2.0,35.0,5.0,0.3,0.0,30.0,0.5199799040953318
1951,2.0,35.0,5.0,0.3,10.0,31.0,0.6147587299346924
1952,2.0,35.0,5.0,0.3,100.0,30.0,0.5062496066093445
1953,2.0,35.0,5.0,0.3,1000.0,31.0,0.5814898510773977
1954,2.0,35.0,5.0,0.3,10000.0,30.0,0.5750565330187479
1955,2.0,35.0,5.0,0.5,0.0,36.0,0.6275101900100708
1956,2.0,35.0,5.0,0.5,10.0,36.0,0.6395527025063833
1957,2.0,35.0,5.0,0.5,100.0,29.0,0.5875491996606191
1958,2.0,35.0,5.0,0.5,1000.0,32.0,0.6682379345099131
1959,2.0,35.0,5.0,0.5,10000.0,27.0,0.5490885078907013
1960,2.0,35.0,5.0,0.7,0.0,26.0,0.6585560242335001
1961,2.0,35.0,5.0,0.7,10.0,44.0,0.6660410463809967
1962,2.0,35.0,5.0,0.7,100.0,29.0,0.742936780055364
1963,2.0,35.0,5.0,0.7,1000.0,31.0,0.7052600284417471
1964,2.0,35.0,5.0,0.7,10000.0,36.0,0.6422384877999624
1965,2.0,35.0,10.0,0.3,0.0,25.0,0.5240368942419688
1966,2.0,35.0,10.0,0.3,10.0,31.0,0.5414480765660604
1967,2.0,35.0,10.0,0.3,100.0,43.0,0.5395560065905253
1968,2.0,35.0,10.0,0.3,1000.0,29.0,0.5326112707455953
1969,2.0,35.0,10.0,0.3,10000.0,34.0,0.5243598719437917
1970,2.0,35.0,10.0,0.5,0.0,31.0,0.5467427770296732
1971,2.0,35.0,10.0,0.5,10.0,32.0,0.5546214679876963
1972,2.0,35.0,10.0,0.5,100.0,38.0,0.5732022126515707
1973,2.0,35.0,10.0,0.5,1000.0,29.0,0.5486976603666941
1974,2.0,35.0,10.0,0.5,10000.0,37.0,0.5605851312478384
1975,2.0,35.0,10.0,0.7,0.0,26.0,0.6143674453099569
1976,2.0,35.0,10.0,0.7,10.0,29.0,0.6010343035062155
1977,2.0,35.0,10.0,0.7,100.0,30.0,0.6490614712238312
1978,2.0,35.0,10.0,0.7,1000.0,26.0,0.6265501181284586
1979,2.0,35.0,10.0,0.7,10000.0,47.0,0.604898065328598
1980,2.0,35.0,15.0,0.3,0.0,24.0,0.5335018535455068
1981,2.0,35.0,15.0,0.3,10.0,28.0,0.5225586990515391
1982,2.0,35.0,15.0,0.3,100.0,26.0,0.5609308282534281
1983,2.0,35.0,15.0,0.3,1000.0,25.0,0.576410839955012
1984,2.0,35.0,15.0,0.3,10000.0,26.0,0.5484091142813364
1985,2.0,35.0,15.0,0.5,0.0,25.0,0.5758127272129059
1986,2.0,35.0,15.0,0.5,10.0,26.0,0.5510675311088562
1987,2.0,35.0,15.0,0.5,100.0,27.0,0.5310017665227255
1988,2.0,35.0,15.0,0.5,1000.0,29.0,0.5406777858734131
1989,2.0,35.0,15.0,0.5,10000.0,37.0,0.5285229583581289
1990,2.0,35.0,15.0,0.7,0.0,43.0,0.5779977838198344
1991,2.0,35.0,15.0,0.7,10.0,31.0,0.5658951997756958
1992,2.0,35.0,15.0,0.7,100.0,28.0,0.587474505106608
1993,2.0,35.0,15.0,0.7,1000.0,33.0,0.5710354050000509
1994,2.0,35.0,15.0,0.7,10000.0,26.0,0.5852618515491486
1995,2.0,35.0,20.0,0.3,0.0,25.0,0.5371366739273071
1996,2.0,35.0,20.0,0.3,10.0,31.0,0.5946309069792429
1997,2.0,35.0,20.0,0.3,100.0,26.0,0.5203151305516561
1998,2.0,35.0,20.0,0.3,1000.0,26.0,0.5673853059609731
1999,2.0,35.0,20.0,0.3,10000.0,25.0,0.509591301282247
2000,2.0,35.0,20.0,0.5,0.0,25.0,0.5585907697677612
2001,2.0,35.0,20.0,0.5,10.0,27.0,0.576400895913442
2002,2.0,35.0,20.0,0.5,100.0,25.0,0.5543763140837351
2003,2.0,35.0,20.0,0.5,1000.0,28.0,0.5457056860129038
2004,2.0,35.0,20.0,0.5,10000.0,28.0,0.5289645592371622
2005,2.0,35.0,20.0,0.7,0.0,29.0,0.5587160189946493
2006,2.0,35.0,20.0,0.7,10.0,38.0,0.5735248724619547
2007,2.0,35.0,20.0,0.7,100.0,28.0,0.5838695665200552
2008,2.0,35.0,20.0,0.7,1000.0,28.0,0.5476824442545573
2009,2.0,35.0,20.0,0.7,10000.0,30.0,0.6152341961860657
2010,2.0,35.0,25.0,0.3,0.0,24.0,0.5261522730191549
2011,2.0,35.0,25.0,0.3,10.0,32.0,0.522740880648295
2012,2.0,35.0,25.0,0.3,100.0,25.0,0.5486173629760742
2013,2.0,35.0,25.0,0.3,1000.0,24.0,0.5277565717697144
2014,2.0,35.0,25.0,0.3,10000.0,30.0,0.5478372275829315
2015,2.0,35.0,25.0,0.5,0.0,24.0,0.5416233440240225
2016,2.0,35.0,25.0,0.5,10.0,31.0,0.545311818520228
2017,2.0,35.0,25.0,0.5,100.0,25.0,0.5345284044742584
2018,2.0,35.0,25.0,0.5,1000.0,24.0,0.5192157526810964
2019,2.0,35.0,25.0,0.5,10000.0,30.0,0.536257266998291
2020,2.0,35.0,25.0,0.7,0.0,40.0,0.5728400150934855
2021,2.0,35.0,25.0,0.7,10.0,29.0,0.5504096249739329
2022,2.0,35.0,25.0,0.7,100.0,27.0,0.5910763243834177
2023,2.0,35.0,25.0,0.7,1000.0,26.0,0.5549994508425394
2024,2.0,35.0,25.0,0.7,10000.0,34.0,0.5561191538969675
2025,2.0,35.0,30.0,0.3,0.0,26.0,0.5336442391077677
2026,2.0,35.0,30.0,0.3,10.0,28.0,0.5375366707642873
2027,2.0,35.0,30.0,0.3,100.0,23.0,0.5250243842601776
2028,2.0,35.0,30.0,0.3,1000.0,27.0,0.5325402716795603
2029,2.0,35.0,30.0,0.3,10000.0,33.0,0.5619544386863708
2030,2.0,35.0,30.0,0.5,0.0,36.0,0.5610215961933136
2031,2.0,35.0,30.0,0.5,10.0,33.0,0.561410665512085
2032,2.0,35.0,30.0,0.5,100.0,23.0,0.5213748117287954
2033,2.0,35.0,30.0,0.5,1000.0,28.0,0.5524868369102478
2034,2.0,35.0,30.0,0.5,10000.0,28.0,0.5282389918963114
2035,2.0,35.0,30.0,0.7,0.0,41.0,0.5573232769966125
2036,2.0,35.0,30.0,0.7,10.0,34.0,0.5916719933350881
2037,2.0,35.0,30.0,0.7,100.0,36.0,0.538948655128479
2038,2.0,35.0,30.0,0.7,1000.0,31.0,0.5169005393981934
2039,2.0,35.0,30.0,0.7,10000.0,30.0,0.618505209684372
2040,2.0,35.0,35.0,0.3,0.0,26.0,0.549519419670105
2041,2.0,35.0,35.0,0.3,10.0,34.0,0.5600247780481974
2042,2.0,35.0,35.0,0.3,100.0,23.0,0.534680167833964
2043,2.0,35.0,35.0,0.3,1000.0,25.0,0.5716364085674286
2044,2.0,35.0,35.0,0.3,10000.0,26.0,0.5204822818438212
2045,2.0,35.0,35.0,0.5,0.0,27.0,0.5385584632555643
2046,2.0,35.0,35.0,0.5,10.0,34.0,0.5425572991371155
2047,2.0,35.0,35.0,0.5,100.0,24.0,0.5398197968800863
2048,2.0,35.0,35.0,0.5,1000.0,28.0,0.5882639586925507
2049,2.0,35.0,35.0,0.5,10000.0,18.0,0.5280959010124207
2050,2.0,35.0,35.0,0.7,0.0,27.0,0.5639581878980001
2051,2.0,35.0,35.0,0.7,10.0,33.0,0.5396861632664999
2052,2.0,35.0,35.0,0.7,100.0,26.0,0.5678587754567465
2053,2.0,35.0,35.0,0.7,1000.0,31.0,0.55036594470342
2054,2.0,35.0,35.0,0.7,10000.0,31.0,0.5495430628458658
2055,2.0,35.0,40.0,0.3,0.0,26.0,0.5243928730487823
2056,2.0,35.0,40.0,0.3,10.0,26.0,0.5472275416056315
2057,2.0,35.0,40.0,0.3,100.0,25.0,0.5288904905319214
2058,2.0,35.0,40.0,0.3,1000.0,25.0,0.5289402107397715
2059,2.0,35.0,40.0,0.3,10000.0,29.0,0.5589060386021932
2060,2.0,35.0,40.0,0.5,0.0,27.0,0.5372570753097534
2061,2.0,35.0,40.0,0.5,10.0,27.0,0.5702198644479116
2062,2.0,35.0,40.0,0.5,100.0,27.0,0.5306134124596914
2063,2.0,35.0,40.0,0.5,1000.0,25.0,0.5430860221385956
2064,2.0,35.0,40.0,0.5,10000.0,28.0,0.5301911135514578
2065,2.0,35.0,40.0,0.7,0.0,27.0,0.5445652306079865
2066,2.0,35.0,40.0,0.7,10.0,29.0,0.563964436451594
2067,2.0,35.0,40.0,0.7,100.0,27.0,0.5548658867677053
2068,2.0,35.0,40.0,0.7,1000.0,26.0,0.5442164440949758
2069,2.0,35.0,40.0,0.7,10000.0,29.0,0.5895056327184042
2070,2.0,35.0,45.0,0.3,0.0,25.0,0.5474265515804291
2071,2.0,35.0,45.0,0.3,10.0,27.0,0.5618886550267538
2072,2.0,35.0,45.0,0.3,100.0,28.0,0.5594284037748972
2073,2.0,35.0,45.0,0.3,1000.0,26.0,0.5160722931226095
2074,2.0,35.0,45.0,0.3,10000.0,18.0,0.5225468675295512
2075,2.0,35.0,45.0,0.5,0.0,29.0,0.5292328496774038
2076,2.0,35.0,45.0,0.5,10.0,30.0,0.5275005996227264
2077,2.0,35.0,45.0,0.5,100.0,30.0,0.550239493449529
2078,2.0,35.0,45.0,0.5,1000.0,34.0,0.5203742980957031
2079,2.0,35.0,45.0,0.5,10000.0,18.0,0.5241410334904989
2080,2.0,35.0,45.0,0.7,0.0,29.0,0.5422238210837046
2081,2.0,35.0,45.0,0.7,10.0,38.0,0.5509494642416636
2082,2.0,35.0,45.0,0.7,100.0,27.0,0.5420046448707581
2083,2.0,35.0,45.0,0.7,1000.0,28.0,0.5389883120854696
2084,2.0,35.0,45.0,0.7,10000.0,41.0,0.5266772707303365
2085,2.0,35.0,50.0,0.3,0.0,23.0,0.5321960945924123
2086,2.0,35.0,50.0,0.3,10.0,26.0,0.5345068375269572
2087,2.0,35.0,50.0,0.3,100.0,23.0,0.5070328613122305
2088,2.0,35.0,50.0,0.3,1000.0,25.0,0.5508233706156412
2089,2.0,35.0,50.0,0.3,10000.0,26.0,0.544720341761907
2090,2.0,35.0,50.0,0.5,0.0,33.0,0.552582840124766
2091,2.0,35.0,50.0,0.5,10.0,26.0,0.5143507719039917
2092,2.0,35.0,50.0,0.5,100.0,24.0,0.5051064689954122
2093,2.0,35.0,50.0,0.5,1000.0,26.0,0.5645838379859924
2094,2.0,35.0,50.0,0.5,10000.0,35.0,0.5214275419712067
2095,2.0,35.0,50.0,0.7,0.0,29.0,0.5439866483211517
2096,2.0,35.0,50.0,0.7,10.0,29.0,0.523762991031011
2097,2.0,35.0,50.0,0.7,100.0,34.0,0.5642553766568502
2098,2.0,35.0,50.0,0.7,1000.0,26.0,0.5423140923182169
2099,2.0,35.0,50.0,0.7,10000.0,35.0,0.5328932702541351
2100,1.0,40.0,5.0,0.3,0.0,37.0,0.5446141362190247
2101,1.0,40.0,5.0,0.3,10.0,45.0,0.5354267557462057
2102,1.0,40.0,5.0,0.3,100.0,19.0,0.5616236627101898
2103,1.0,40.0,5.0,0.3,1000.0,26.0,0.5447443425655365
2104,1.0,40.0,5.0,0.3,10000.0,70.0,0.6776855687300364
2105,1.0,40.0,5.0,0.5,0.0,42.0,0.6256233851114908
2106,1.0,40.0,5.0,0.5,10.0,36.0,0.5586129724979401
2107,1.0,40.0,5.0,0.5,100.0,19.0,0.5808719793955485
2108,1.0,40.0,5.0,0.5,1000.0,35.0,0.5996228953202566
2109,1.0,40.0,5.0,0.5,10000.0,99.0,0.628002921740214
2110,1.0,40.0,5.0,0.7,0.0,41.0,0.6521268486976624
2111,1.0,40.0,5.0,0.7,10.0,34.0,0.6557853321234385
2112,1.0,40.0,5.0,0.7,100.0,19.0,0.652013510465622
2113,1.0,40.0,5.0,0.7,1000.0,37.0,0.6551222205162048
2114,1.0,40.0,5.0,0.7,10000.0,63.0,0.7538322707017263
2115,1.0,40.0,10.0,0.3,0.0,45.0,0.5414393444856008
2116,1.0,40.0,10.0,0.3,10.0,18.0,0.5461464325586954
2117,1.0,40.0,10.0,0.3,100.0,38.0,0.5427690744400024
2118,1.0,40.0,10.0,0.3,1000.0,18.0,0.5513471364974976
2119,1.0,40.0,10.0,0.3,10000.0,32.0,0.5485121806462606
2120,1.0,40.0,10.0,0.5,0.0,37.0,0.5780060787995657
2121,1.0,40.0,10.0,0.5,10.0,18.0,0.5803368886311849
2122,1.0,40.0,10.0,0.5,100.0,46.0,0.5946929057439169
2123,1.0,40.0,10.0,0.5,1000.0,36.0,0.5416402022043864
2124,1.0,40.0,10.0,0.5,10000.0,32.0,0.624043196439743
2125,1.0,40.0,10.0,0.7,0.0,37.0,0.5897239844004313
2126,1.0,40.0,10.0,0.7,10.0,39.0,0.6041187942028046
2127,1.0,40.0,10.0,0.7,100.0,37.0,0.6140933533509573
2128,1.0,40.0,10.0,0.7,1000.0,33.0,0.6177619993686676
2129,1.0,40.0,10.0,0.7,10000.0,38.0,0.6008242070674896
2130,1.0,40.0,15.0,0.3,0.0,25.0,0.5163490275541941
2131,1.0,40.0,15.0,0.3,10.0,19.0,0.5412743190924326
2132,1.0,40.0,15.0,0.3,100.0,41.0,0.532152940829595
2133,1.0,40.0,15.0,0.3,1000.0,20.0,0.5220022002855936
2134,1.0,40.0,15.0,0.3,10000.0,40.0,0.5343026121457418
2135,1.0,40.0,15.0,0.5,0.0,36.0,0.5653572976589203
2136,1.0,40.0,15.0,0.5,10.0,25.0,0.5464944938818613
2137,1.0,40.0,15.0,0.5,100.0,32.0,0.5463159283002218
2138,1.0,40.0,15.0,0.5,1000.0,20.0,0.5501801073551178
2139,1.0,40.0,15.0,0.5,10000.0,38.0,0.5441697935263315
2140,1.0,40.0,15.0,0.7,0.0,36.0,0.6185081203778585
2141,1.0,40.0,15.0,0.7,10.0,40.0,0.6077388823032379
2142,1.0,40.0,15.0,0.7,100.0,39.0,0.5757679144541422
2143,1.0,40.0,15.0,0.7,1000.0,30.0,0.5982070863246918
2144,1.0,40.0,15.0,0.7,10000.0,42.0,0.6295606891314188
2145,1.0,40.0,20.0,0.3,0.0,42.0,0.5691990454991659
2146,1.0,40.0,20.0,0.3,10.0,22.0,0.5605798761049906
2147,1.0,40.0,20.0,0.3,100.0,34.0,0.5158123970031738
2148,1.0,40.0,20.0,0.3,1000.0,19.0,0.5281879703203837
2149,1.0,40.0,20.0,0.3,10000.0,20.0,0.536672423283259
2150,1.0,40.0,20.0,0.5,0.0,38.0,0.5917883217334747
2151,1.0,40.0,20.0,0.5,10.0,39.0,0.5402499039967855
2152,1.0,40.0,20.0,0.5,100.0,30.0,0.5445552070935568
2153,1.0,40.0,20.0,0.5,1000.0,19.0,0.5481376151243845
2154,1.0,40.0,20.0,0.5,10000.0,19.0,0.5346091190973917
2155,1.0,40.0,20.0,0.7,0.0,28.0,0.551449179649353
2156,1.0,40.0,20.0,0.7,10.0,44.0,0.5515230794747671
2157,1.0,40.0,20.0,0.7,100.0,37.0,0.5721183121204376
2158,1.0,40.0,20.0,0.7,1000.0,31.0,0.573807418346405
2159,1.0,40.0,20.0,0.7,10000.0,32.0,0.5776328245798746
2160,1.0,40.0,25.0,0.3,0.0,34.0,0.5228993992010752
2161,1.0,40.0,25.0,0.3,10.0,18.0,0.553332914908727
2162,1.0,40.0,25.0,0.3,100.0,33.0,0.5427171289920807
2163,1.0,40.0,25.0,0.3,1000.0,19.0,0.5144751767317454
2164,1.0,40.0,25.0,0.3,10000.0,19.0,0.5433833201726278
2165,1.0,40.0,25.0,0.5,0.0,40.0,0.54641721645991
2166,1.0,40.0,25.0,0.5,10.0,18.0,0.5695468485355377
2167,1.0,40.0,25.0,0.5,100.0,32.0,0.5237011015415192
2168,1.0,40.0,25.0,0.5,1000.0,19.0,0.5314434965451559
2169,1.0,40.0,25.0,0.5,10000.0,32.0,0.5767840147018433
2170,1.0,40.0,25.0,0.7,0.0,33.0,0.5368291338284811
2171,1.0,40.0,25.0,0.7,10.0,49.0,0.5805054008960724
2172,1.0,40.0,25.0,0.7,100.0,39.0,0.5909340381622314
2173,1.0,40.0,25.0,0.7,1000.0,36.0,0.5747390687465668
2174,1.0,40.0,25.0,0.7,10000.0,42.0,0.62624458471934
2175,1.0,40.0,30.0,0.3,0.0,32.0,0.5215499301751455
2176,1.0,40.0,30.0,0.3,10.0,18.0,0.5255615711212158
2177,1.0,40.0,30.0,0.3,100.0,18.0,0.5531305968761444
2178,1.0,40.0,30.0,0.3,1000.0,18.0,0.5588875114917755
2179,1.0,40.0,30.0,0.3,10000.0,19.0,0.5274587372938792
2180,1.0,40.0,30.0,0.5,0.0,40.0,0.5306506454944611
2181,1.0,40.0,30.0,0.5,10.0,23.0,0.547825555006663
2182,1.0,40.0,30.0,0.5,100.0,18.0,0.5610708594322205
2183,1.0,40.0,30.0,0.5,1000.0,18.0,0.5492964088916779
2184,1.0,40.0,30.0,0.5,10000.0,31.0,0.5181141197681427
2185,1.0,40.0,30.0,0.7,0.0,40.0,0.564823846022288
2186,1.0,40.0,30.0,0.7,10.0,40.0,0.574071983496348
2187,1.0,40.0,30.0,0.7,100.0,18.0,0.5789706309636434
2188,1.0,40.0,30.0,0.7,1000.0,26.0,0.5643657743930817
2189,1.0,40.0,30.0,0.7,10000.0,40.0,0.5201330383618673
2190,1.0,40.0,35.0,0.3,0.0,27.0,0.5337134599685669
2191,1.0,40.0,35.0,0.3,10.0,17.0,0.5278975665569305
2192,1.0,40.0,35.0,0.3,100.0,18.0,0.5327635804812113
2193,1.0,40.0,35.0,0.3,1000.0,33.0,0.5524850785732269
2194,1.0,40.0,35.0,0.3,10000.0,18.0,0.5222859680652618
2195,1.0,40.0,35.0,0.5,0.0,29.0,0.5345836083094279
2196,1.0,40.0,35.0,0.5,10.0,19.0,0.5571100215117136
2197,1.0,40.0,35.0,0.5,100.0,44.0,0.542719433705012
2198,1.0,40.0,35.0,0.5,1000.0,42.0,0.5253618359565735
2199,1.0,40.0,35.0,0.5,10000.0,18.0,0.537911077340444
2200,1.0,40.0,35.0,0.7,0.0,33.0,0.587198426326116
2201,1.0,40.0,35.0,0.7,10.0,30.0,0.5620516041914622
2202,1.0,40.0,35.0,0.7,100.0,46.0,0.5397506554921468
2203,1.0,40.0,35.0,0.7,1000.0,45.0,0.5443121989568075
2204,1.0,40.0,35.0,0.7,10000.0,34.0,0.5724091430505117
2205,1.0,40.0,40.0,0.3,0.0,32.0,0.5530632634957632
2206,1.0,40.0,40.0,0.3,10.0,18.0,0.5148612757523855
2207,1.0,40.0,40.0,0.3,100.0,18.0,0.5334547360738119
2208,1.0,40.0,40.0,0.3,1000.0,18.0,0.5330256819725037
2209,1.0,40.0,40.0,0.3,10000.0,17.0,0.569700022538503
2210,1.0,40.0,40.0,0.5,0.0,36.0,0.5277727941672007
2211,1.0,40.0,40.0,0.5,10.0,18.0,0.526973565419515
2212,1.0,40.0,40.0,0.5,100.0,35.0,0.5381406446297964
2213,1.0,40.0,40.0,0.5,1000.0,18.0,0.5539548993110657
2214,1.0,40.0,40.0,0.5,10000.0,18.0,0.542494535446167
2215,1.0,40.0,40.0,0.7,0.0,33.0,0.5483110845088959
2216,1.0,40.0,40.0,0.7,10.0,19.0,0.5619235734144846
2217,1.0,40.0,40.0,0.7,100.0,18.0,0.5589098731676737
2218,1.0,40.0,40.0,0.7,1000.0,19.0,0.5596711039543152
2219,1.0,40.0,40.0,0.7,10000.0,18.0,0.5280711849530538
2220,1.0,40.0,45.0,0.3,0.0,18.0,0.537544180949529
2221,1.0,40.0,45.0,0.3,10.0,18.0,0.5293930272261301
2222,1.0,40.0,45.0,0.3,100.0,18.0,0.5158559381961823
2223,1.0,40.0,45.0,0.3,1000.0,18.0,0.5381725827852885
2224,1.0,40.0,45.0,0.3,10000.0,51.0,0.5491872628529867
2225,1.0,40.0,45.0,0.5,0.0,18.0,0.5405875543753306
2226,1.0,40.0,45.0,0.5,10.0,18.0,0.527631421883901
2227,1.0,40.0,45.0,0.5,100.0,18.0,0.5486140350500742
2228,1.0,40.0,45.0,0.5,1000.0,18.0,0.5455189645290375
2229,1.0,40.0,45.0,0.5,10000.0,18.0,0.5357845226923624
2230,1.0,40.0,45.0,0.7,0.0,27.0,0.5340564151604971
2231,1.0,40.0,45.0,0.7,10.0,20.0,0.5644150674343109
2232,1.0,40.0,45.0,0.7,100.0,37.0,0.5348511338233948
2233,1.0,40.0,45.0,0.7,1000.0,18.0,0.5471847057342529
2234,1.0,40.0,45.0,0.7,10000.0,30.0,0.5829111536343893
2235,1.0,40.0,50.0,0.3,0.0,18.0,0.5288956165313721
2236,1.0,40.0,50.0,0.3,10.0,18.0,0.5280531545480093
2237,1.0,40.0,50.0,0.3,100.0,18.0,0.5383063952128092
2238,1.0,40.0,50.0,0.3,1000.0,36.0,0.521692564090093
2239,1.0,40.0,50.0,0.3,10000.0,18.0,0.5124444365501404
2240,1.0,40.0,50.0,0.5,0.0,18.0,0.5520380934079488
2241,1.0,40.0,50.0,0.5,10.0,18.0,0.5380571583906809
2242,1.0,40.0,50.0,0.5,100.0,18.0,0.5364245673020681
2243,1.0,40.0,50.0,0.5,1000.0,18.0,0.5343129535516103
2244,1.0,40.0,50.0,0.5,10000.0,28.0,0.5305670102437338
2245,1.0,40.0,50.0,0.7,0.0,32.0,0.5563380122184753
2246,1.0,40.0,50.0,0.7,10.0,18.0,0.5440664490063986
2247,1.0,40.0,50.0,0.7,100.0,18.0,0.5647731125354767
2248,1.0,40.0,50.0,0.7,1000.0,19.0,0.5538105567296346
2249,1.0,40.0,50.0,0.7,10000.0,38.0,0.557234505812327
2250,2.0,40.0,5.0,0.3,0.0,25.0,0.5685059130191803
2251,2.0,40.0,5.0,0.3,10.0,30.0,0.5192853808403015
2252,2.0,40.0,5.0,0.3,100.0,35.0,0.5272261401017507
2253,2.0,40.0,5.0,0.3,1000.0,35.0,0.6182272036870321
2254,2.0,40.0,5.0,0.3,10000.0,37.0,0.5513836642106374
2255,2.0,40.0,5.0,0.5,0.0,38.0,0.6011414329210917
2256,2.0,40.0,5.0,0.5,10.0,56.0,0.6204040050506592
2257,2.0,40.0,5.0,0.5,100.0,38.0,0.554893434047699
2258,2.0,40.0,5.0,0.5,1000.0,41.0,0.6354113221168518
2259,2.0,40.0,5.0,0.5,10000.0,31.0,0.574120024840037
2260,2.0,40.0,5.0,0.7,0.0,44.0,0.6550021171569824
2261,2.0,40.0,5.0,0.7,10.0,44.0,0.6781846185525259
2262,2.0,40.0,5.0,0.7,100.0,28.0,0.683616836865743
2263,2.0,40.0,5.0,0.7,1000.0,41.0,0.6314954360326132
2264,2.0,40.0,5.0,0.7,10000.0,25.0,0.6618078947067261
2265,2.0,40.0,10.0,0.3,0.0,26.0,0.6046087443828583
2266,2.0,40.0,10.0,0.3,10.0,29.0,0.5948171218236288
2267,2.0,40.0,10.0,0.3,100.0,29.0,0.5279372334480286
2268,2.0,40.0,10.0,0.3,1000.0,40.0,0.5012873709201813
2269,2.0,40.0,10.0,0.3,10000.0,29.0,0.5680637955665588
2270,2.0,40.0,10.0,0.5,0.0,26.0,0.559955894947052
2271,2.0,40.0,10.0,0.5,10.0,36.0,0.5683673123518626
2272,2.0,40.0,10.0,0.5,100.0,31.0,0.5360658466815948
2273,2.0,40.0,10.0,0.5,1000.0,33.0,0.5666487812995911
2274,2.0,40.0,10.0,0.5,10000.0,33.0,0.5862274070580801
2275,2.0,40.0,10.0,0.7,0.0,26.0,0.6771761278311411
2276,2.0,40.0,10.0,0.7,10.0,34.0,0.7024650573730469
2277,2.0,40.0,10.0,0.7,100.0,32.0,0.6125830908616384
2278,2.0,40.0,10.0,0.7,1000.0,31.0,0.6674775580565134
2279,2.0,40.0,10.0,0.7,10000.0,35.0,0.5722398658593496
2280,2.0,40.0,15.0,0.3,0.0,25.0,0.567835678656896
2281,2.0,40.0,15.0,0.3,10.0,24.0,0.5852240820725759
2282,2.0,40.0,15.0,0.3,100.0,24.0,0.5358109970887502
2283,2.0,40.0,15.0,0.3,1000.0,27.0,0.5510039528210958
2284,2.0,40.0,15.0,0.3,10000.0,26.0,0.5113043387730917
2285,2.0,40.0,15.0,0.5,0.0,25.0,0.5491170088450114
2286,2.0,40.0,15.0,0.5,10.0,31.0,0.5669077336788177
2287,2.0,40.0,15.0,0.5,100.0,30.0,0.5389285584290823
2288,2.0,40.0,15.0,0.5,1000.0,26.0,0.5836058557033539
2289,2.0,40.0,15.0,0.5,10000.0,26.0,0.5340314209461212
2290,2.0,40.0,15.0,0.7,0.0,27.0,0.613775889078776
2291,2.0,40.0,15.0,0.7,10.0,28.0,0.5690058767795563
2292,2.0,40.0,15.0,0.7,100.0,44.0,0.5719116032123566
2293,2.0,40.0,15.0,0.7,1000.0,31.0,0.5754791796207428
2294,2.0,40.0,15.0,0.7,10000.0,29.0,0.5611807604630789
2295,2.0,40.0,20.0,0.3,0.0,25.0,0.5175814926624298
2296,2.0,40.0,20.0,0.3,10.0,25.0,0.5241176088651022
2297,2.0,40.0,20.0,0.3,100.0,25.0,0.5329495072364807
2298,2.0,40.0,20.0,0.3,1000.0,49.0,0.5409266153971354
2299,2.0,40.0,20.0,0.3,10000.0,28.0,0.538415789604187
2300,2.0,40.0,20.0,0.5,0.0,31.0,0.5498615900675455
2301,2.0,40.0,20.0,0.5,10.0,31.0,0.5220553775628408
2302,2.0,40.0,20.0,0.5,100.0,26.0,0.5540594855944315
2303,2.0,40.0,20.0,0.5,1000.0,26.0,0.5706947048505148
2304,2.0,40.0,20.0,0.5,10000.0,34.0,0.5792504946390787
2305,2.0,40.0,20.0,0.7,0.0,37.0,0.5624868671099345
2306,2.0,40.0,20.0,0.7,10.0,28.0,0.5628248552481333
2307,2.0,40.0,20.0,0.7,100.0,32.0,0.5334881444772085
2308,2.0,40.0,20.0,0.7,1000.0,27.0,0.6207488775253296
2309,2.0,40.0,20.0,0.7,10000.0,36.0,0.5602541267871857
2310,2.0,40.0,25.0,0.3,0.0,23.0,0.5055026213328043
2311,2.0,40.0,25.0,0.3,10.0,33.0,0.5188607275485992
2312,2.0,40.0,25.0,0.3,100.0,26.0,0.5247863431771597
2313,2.0,40.0,25.0,0.3,1000.0,24.0,0.5401762624581655
2314,2.0,40.0,25.0,0.3,10000.0,26.0,0.5468026995658875
2315,2.0,40.0,25.0,0.5,0.0,23.0,0.5500675737857819
2316,2.0,40.0,25.0,0.5,10.0,42.0,0.5390148063500723
2317,2.0,40.0,25.0,0.5,100.0,26.0,0.556816299756368
2318,2.0,40.0,25.0,0.5,1000.0,25.0,0.5429477790991465
2319,2.0,40.0,25.0,0.5,10000.0,26.0,0.5162236988544464
2320,2.0,40.0,25.0,0.7,0.0,25.0,0.5310985644658407
2321,2.0,40.0,25.0,0.7,10.0,35.0,0.5148678024609884
2322,2.0,40.0,25.0,0.7,100.0,29.0,0.5452443162600199
2323,2.0,40.0,25.0,0.7,1000.0,31.0,0.5773878494898478
2324,2.0,40.0,25.0,0.7,10000.0,26.0,0.5586456457773844
2325,2.0,40.0,30.0,0.3,0.0,23.0,0.5366617143154144
2326,2.0,40.0,30.0,0.3,10.0,24.0,0.5162583887577057
2327,2.0,40.0,30.0,0.3,100.0,23.0,0.515325645605723
2328,2.0,40.0,30.0,0.3,1000.0,24.0,0.533533771832784
2329,2.0,40.0,30.0,0.3,10000.0,27.0,0.5668717324733734
2330,2.0,40.0,30.0,0.5,0.0,29.0,0.5492991805076599
2331,2.0,40.0,30.0,0.5,10.0,24.0,0.5749126176039377
2332,2.0,40.0,30.0,0.5,100.0,25.0,0.5705037514368693
2333,2.0,40.0,30.0,0.5,1000.0,26.0,0.619530568520228
2334,2.0,40.0,30.0,0.5,10000.0,27.0,0.5253128210703532
2335,2.0,40.0,30.0,0.7,0.0,28.0,0.5902862151463827
2336,2.0,40.0,30.0,0.7,10.0,40.0,0.5562182664871216
2337,2.0,40.0,30.0,0.7,100.0,24.0,0.5461582938830057
2338,2.0,40.0,30.0,0.7,1000.0,26.0,0.5407474537690481
2339,2.0,40.0,30.0,0.7,10000.0,30.0,0.5737026929855347
2340,2.0,40.0,35.0,0.3,0.0,22.0,0.5502220193545023
2341,2.0,40.0,35.0,0.3,10.0,24.0,0.5693807601928711
2342,2.0,40.0,35.0,0.3,100.0,23.0,0.5290210147698721
2343,2.0,40.0,35.0,0.3,1000.0,26.0,0.5675586263338724
2344,2.0,40.0,35.0,0.3,10000.0,31.0,0.5556577742099762
2345,2.0,40.0,35.0,0.5,0.0,23.0,0.5615255932013193
2346,2.0,40.0,35.0,0.5,10.0,25.0,0.5162215034166971
2347,2.0,40.0,35.0,0.5,100.0,26.0,0.5261585414409637
2348,2.0,40.0,35.0,0.5,1000.0,27.0,0.562870979309082
2349,2.0,40.0,35.0,0.5,10000.0,27.0,0.5366978446642557
2350,2.0,40.0,35.0,0.7,0.0,25.0,0.5491822957992554
2351,2.0,40.0,35.0,0.7,10.0,27.0,0.5384262303511301
2352,2.0,40.0,35.0,0.7,100.0,28.0,0.5690140525499979
2353,2.0,40.0,35.0,0.7,1000.0,33.0,0.5404211481412252
2354,2.0,40.0,35.0,0.7,10000.0,32.0,0.5404357214768728
2355,2.0,40.0,40.0,0.3,0.0,22.0,0.5199692646662394
2356,2.0,40.0,40.0,0.3,10.0,24.0,0.5351510147253672
2357,2.0,40.0,40.0,0.3,100.0,29.0,0.5316003759702047
2358,2.0,40.0,40.0,0.3,1000.0,24.0,0.5225305557250977
2359,2.0,40.0,40.0,0.3,10000.0,23.0,0.5615123510360718
2360,2.0,40.0,40.0,0.5,0.0,23.0,0.5376616517702738
2361,2.0,40.0,40.0,0.5,10.0,26.0,0.5437041620413462
2362,2.0,40.0,40.0,0.5,100.0,37.0,0.5349848965803782
2363,2.0,40.0,40.0,0.5,1000.0,26.0,0.5390007694562277
2364,2.0,40.0,40.0,0.5,10000.0,48.0,0.5229047934214274
2365,2.0,40.0,40.0,0.7,0.0,24.0,0.5365268786748251
2366,2.0,40.0,40.0,0.7,10.0,27.0,0.5219961504141489
2367,2.0,40.0,40.0,0.7,100.0,27.0,0.5759702821572622
2368,2.0,40.0,40.0,0.7,1000.0,26.0,0.581764946381251
2369,2.0,40.0,40.0,0.7,10000.0,45.0,0.5133475263913473
2370,2.0,40.0,45.0,0.3,0.0,23.0,0.5548269351323446
2371,2.0,40.0,45.0,0.3,10.0,17.0,0.5262330969174703
2372,2.0,40.0,45.0,0.3,100.0,27.0,0.5825588703155518
2373,2.0,40.0,45.0,0.3,1000.0,27.0,0.5128782788912455
2374,2.0,40.0,45.0,0.3,10000.0,25.0,0.5736229022343954
2375,2.0,40.0,45.0,0.5,0.0,25.0,0.5379466811815897
2376,2.0,40.0,45.0,0.5,10.0,31.0,0.5325861672560374
2377,2.0,40.0,45.0,0.5,100.0,31.0,0.5602851609388987
2378,2.0,40.0,45.0,0.5,1000.0,32.0,0.546180804570516
2379,2.0,40.0,45.0,0.5,10000.0,26.0,0.5262708067893982
2380,2.0,40.0,45.0,0.7,0.0,27.0,0.568757027387619
2381,2.0,40.0,45.0,0.7,10.0,32.0,0.5793553094069163
2382,2.0,40.0,45.0,0.7,100.0,29.0,0.547421803077062
2383,2.0,40.0,45.0,0.7,1000.0,28.0,0.5181339681148529
2384,2.0,40.0,45.0,0.7,10000.0,26.0,0.5213032762209574
2385,2.0,40.0,50.0,0.3,0.0,22.0,0.5405095020929972
2386,2.0,40.0,50.0,0.3,10.0,24.0,0.5138923327128092
2387,2.0,40.0,50.0,0.3,100.0,33.0,0.5105912089347839
2388,2.0,40.0,50.0,0.3,1000.0,24.0,0.5281457801659902
2389,2.0,40.0,50.0,0.3,10000.0,23.0,0.577777494986852
2390,2.0,40.0,50.0,0.5,0.0,25.0,0.562574565410614
2391,2.0,40.0,50.0,0.5,10.0,24.0,0.55208420753479
2392,2.0,40.0,50.0,0.5,100.0,31.0,0.587904671827952
2393,2.0,40.0,50.0,0.5,1000.0,24.0,0.537246306737264
2394,2.0,40.0,50.0,0.5,10000.0,23.0,0.5502825578053793
2395,2.0,40.0,50.0,0.7,0.0,25.0,0.5450070599714915
2396,2.0,40.0,50.0,0.7,10.0,30.0,0.5268948376178741
2397,2.0,40.0,50.0,0.7,100.0,42.0,0.5496168732643127
2398,2.0,40.0,50.0,0.7,1000.0,26.0,0.5554806292057037
2399,2.0,40.0,50.0,0.7,10000.0,36.0,0.5391800701618195
2400,1.0,45.0,5.0,0.3,0.0,39.0,0.5960461994012197
2401,1.0,45.0,5.0,0.3,10.0,19.0,0.6209178765614828
2402,1.0,45.0,5.0,0.3,100.0,43.0,0.5712220271428426
2403,1.0,45.0,5.0,0.3,1000.0,31.0,0.5279656946659088
2404,1.0,45.0,5.0,0.3,10000.0,32.0,0.5678671399752299
2405,1.0,45.0,5.0,0.5,0.0,31.0,0.6293858190377554
2406,1.0,45.0,5.0,0.5,10.0,46.0,0.6531291802724203
2407,1.0,45.0,5.0,0.5,100.0,40.0,0.5961187283198038
2408,1.0,45.0,5.0,0.5,1000.0,34.0,0.5695180197556814
2409,1.0,45.0,5.0,0.5,10000.0,32.0,0.6540925602118174
2410,1.0,45.0,5.0,0.7,0.0,32.0,0.673777182896932
2411,1.0,45.0,5.0,0.7,10.0,46.0,0.6851325631141663
2412,1.0,45.0,5.0,0.7,100.0,43.0,0.7177629967530569
2413,1.0,45.0,5.0,0.7,1000.0,24.0,0.6514966984589895
2414,1.0,45.0,5.0,0.7,10000.0,39.0,0.6761658688386282
2415,1.0,45.0,10.0,0.3,0.0,32.0,0.5296270151933035
2416,1.0,45.0,10.0,0.3,10.0,37.0,0.5343897143999735
2417,1.0,45.0,10.0,0.3,100.0,19.0,0.527994841337204
2418,1.0,45.0,10.0,0.3,1000.0,44.0,0.5425055027008057
2419,1.0,45.0,10.0,0.3,10000.0,28.0,0.5452680389086405
2420,1.0,45.0,10.0,0.5,0.0,36.0,0.5422405302524567
2421,1.0,45.0,10.0,0.5,10.0,32.0,0.5615919927755991
2422,1.0,45.0,10.0,0.5,100.0,38.0,0.54496963818868
2423,1.0,45.0,10.0,0.5,1000.0,46.0,0.5426672697067261
2424,1.0,45.0,10.0,0.5,10000.0,31.0,0.5575549205144247
2425,1.0,45.0,10.0,0.7,0.0,41.0,0.6774355669816335
2426,1.0,45.0,10.0,0.7,10.0,35.0,0.6620076994101206
2427,1.0,45.0,10.0,0.7,100.0,36.0,0.5978879431883494
2428,1.0,45.0,10.0,0.7,1000.0,33.0,0.6276022891203562
2429,1.0,45.0,10.0,0.7,10000.0,37.0,0.5661677519480387
2430,1.0,45.0,15.0,0.3,0.0,26.0,0.5247432589530945
2431,1.0,45.0,15.0,0.3,10.0,32.0,0.5462168057759603
2432,1.0,45.0,15.0,0.3,100.0,34.0,0.5334733525911967
2433,1.0,45.0,15.0,0.3,1000.0,30.0,0.5309220751126608
2434,1.0,45.0,15.0,0.3,10000.0,34.0,0.5396234095096588
2435,1.0,45.0,15.0,0.5,0.0,33.0,0.5614215433597565
2436,1.0,45.0,15.0,0.5,10.0,30.0,0.5595285495122274
2437,1.0,45.0,15.0,0.5,100.0,22.0,0.5504142542680105
2438,1.0,45.0,15.0,0.5,1000.0,31.0,0.5294628143310547
2439,1.0,45.0,15.0,0.5,10000.0,28.0,0.5586342612902323
2440,1.0,45.0,15.0,0.7,0.0,32.0,0.5621233582496643
2441,1.0,45.0,15.0,0.7,10.0,33.0,0.5703549285729727
2442,1.0,45.0,15.0,0.7,100.0,34.0,0.5893889566262563
2443,1.0,45.0,15.0,0.7,1000.0,47.0,0.6222954591115316
2444,1.0,45.0,15.0,0.7,10000.0,34.0,0.6070985893408457
2445,1.0,45.0,20.0,0.3,0.0,32.0,0.5343547165393829
2446,1.0,45.0,20.0,0.3,10.0,18.0,0.5683412452538809
2447,1.0,45.0,20.0,0.3,100.0,19.0,0.5153026978174845
2448,1.0,45.0,20.0,0.3,1000.0,25.0,0.5293561915556589
2449,1.0,45.0,20.0,0.3,10000.0,17.0,0.5127124687035879
2450,1.0,45.0,20.0,0.5,0.0,32.0,0.5508776207764944
2451,1.0,45.0,20.0,0.5,10.0,18.0,0.5498593747615814
2452,1.0,45.0,20.0,0.5,100.0,19.0,0.5327464739481608
2453,1.0,45.0,20.0,0.5,1000.0,29.0,0.5706924398740133
2454,1.0,45.0,20.0,0.5,10000.0,27.0,0.5347357789675394
2455,1.0,45.0,20.0,0.7,0.0,37.0,0.5679800609747568
2456,1.0,45.0,20.0,0.7,10.0,45.0,0.5932539900143942
2457,1.0,45.0,20.0,0.7,100.0,43.0,0.5465121169885
2458,1.0,45.0,20.0,0.7,1000.0,40.0,0.5466499030590057
2459,1.0,45.0,20.0,0.7,10000.0,44.0,0.5479172666867574
2460,1.0,45.0,25.0,0.3,0.0,32.0,0.5168635447820028
2461,1.0,45.0,25.0,0.3,10.0,17.0,0.5460202892621359
2462,1.0,45.0,25.0,0.3,100.0,19.0,0.526521364847819
2463,1.0,45.0,25.0,0.3,1000.0,38.0,0.5338872174421946
2464,1.0,45.0,25.0,0.3,10000.0,17.0,0.5115095973014832
2465,1.0,45.0,25.0,0.5,0.0,18.0,0.5534002184867859
2466,1.0,45.0,25.0,0.5,10.0,18.0,0.5438867608706156
2467,1.0,45.0,25.0,0.5,100.0,19.0,0.5241161584854126
2468,1.0,45.0,25.0,0.5,1000.0,18.0,0.5302398502826691
2469,1.0,45.0,25.0,0.5,10000.0,17.0,0.5404713054498037
2470,1.0,45.0,25.0,0.7,0.0,46.0,0.6045887271563212
2471,1.0,45.0,25.0,0.7,10.0,35.0,0.5692546466986338
2472,1.0,45.0,25.0,0.7,100.0,19.0,0.5461842119693756
2473,1.0,45.0,25.0,0.7,1000.0,41.0,0.5489088396231333
2474,1.0,45.0,25.0,0.7,10000.0,35.0,0.5768368442853292
2475,1.0,45.0,30.0,0.3,0.0,18.0,0.544273446003596
2476,1.0,45.0,30.0,0.3,10.0,18.0,0.5287804702917734
2477,1.0,45.0,30.0,0.3,100.0,32.0,0.54010741909345
2478,1.0,45.0,30.0,0.3,1000.0,18.0,0.5230018297831217
2479,1.0,45.0,30.0,0.3,10000.0,27.0,0.5105169713497162
2480,1.0,45.0,30.0,0.5,0.0,18.0,0.5263857046763102
2481,1.0,45.0,30.0,0.5,10.0,18.0,0.5199808677037557
2482,1.0,45.0,30.0,0.5,100.0,29.0,0.5229358971118927
2483,1.0,45.0,30.0,0.5,1000.0,18.0,0.5346524516741434
2484,1.0,45.0,30.0,0.5,10000.0,27.0,0.5627445677916209
2485,1.0,45.0,30.0,0.7,0.0,20.0,0.5625150203704834
2486,1.0,45.0,30.0,0.7,10.0,29.0,0.5233763953049978
2487,1.0,45.0,30.0,0.7,100.0,34.0,0.5518647233645121
2488,1.0,45.0,30.0,0.7,1000.0,36.0,0.5465008119742075
2489,1.0,45.0,30.0,0.7,10000.0,18.0,0.5515957971413931
2490,1.0,45.0,35.0,0.3,0.0,17.0,0.5266087253888448
2491,1.0,45.0,35.0,0.3,10.0,17.0,0.5314972301324209
2492,1.0,45.0,35.0,0.3,100.0,19.0,0.5134565234184265
2493,1.0,45.0,35.0,0.3,1000.0,18.0,0.5235422452290853
2494,1.0,45.0,35.0,0.3,10000.0,28.0,0.5313049157460531
2495,1.0,45.0,35.0,0.5,0.0,17.0,0.5567977031071981
2496,1.0,45.0,35.0,0.5,10.0,17.0,0.5583675901095072
2497,1.0,45.0,35.0,0.5,100.0,19.0,0.5232664545377096
2498,1.0,45.0,35.0,0.5,1000.0,31.0,0.532327264547348
2499,1.0,45.0,35.0,0.5,10000.0,17.0,0.5279598832130432
2500,1.0,45.0,35.0,0.7,0.0,24.0,0.55442942182223
2501,1.0,45.0,35.0,0.7,10.0,33.0,0.5399451653162638
2502,1.0,45.0,35.0,0.7,100.0,19.0,0.5472659170627594
2503,1.0,45.0,35.0,0.7,1000.0,46.0,0.6034792959690094
2504,1.0,45.0,35.0,0.7,10000.0,17.0,0.5697093307971954
2505,1.0,45.0,40.0,0.3,0.0,27.0,0.5518978536128998
2506,1.0,45.0,40.0,0.3,10.0,17.0,0.5374794701735178
2507,1.0,45.0,40.0,0.3,100.0,18.0,0.5293407042821249
2508,1.0,45.0,40.0,0.3,1000.0,19.0,0.5274373690287272
2509,1.0,45.0,40.0,0.3,10000.0,28.0,0.6007213294506073
2510,1.0,45.0,40.0,0.5,0.0,29.0,0.5333072940508524
2511,1.0,45.0,40.0,0.5,10.0,17.0,0.5357962350050608
2512,1.0,45.0,40.0,0.5,100.0,18.0,0.5422726074854533
2513,1.0,45.0,40.0,0.5,1000.0,29.0,0.5805371006329855
2514,1.0,45.0,40.0,0.5,10000.0,48.0,0.540271004041036
2515,1.0,45.0,40.0,0.7,0.0,40.0,0.576655368010203
2516,1.0,45.0,40.0,0.7,10.0,17.0,0.566951334476471
2517,1.0,45.0,40.0,0.7,100.0,23.0,0.5355540712674459
2518,1.0,45.0,40.0,0.7,1000.0,49.0,0.6701534787813822
2519,1.0,45.0,40.0,0.7,10000.0,29.0,0.5280587474505106
2520,1.0,45.0,45.0,0.3,0.0,30.0,0.5240766008694967
2521,1.0,45.0,45.0,0.3,10.0,17.0,0.5212217768033346
2522,1.0,45.0,45.0,0.3,100.0,17.0,0.515783300002416
2523,1.0,45.0,45.0,0.3,1000.0,18.0,0.544916182756424
2524,1.0,45.0,45.0,0.3,10000.0,17.0,0.5201275746027628
2525,1.0,45.0,45.0,0.5,0.0,30.0,0.6034742494424185
2526,1.0,45.0,45.0,0.5,10.0,17.0,0.5393668413162231
2527,1.0,45.0,45.0,0.5,100.0,17.0,0.5259296397368113
2528,1.0,45.0,45.0,0.5,1000.0,18.0,0.5396559437115988
2529,1.0,45.0,45.0,0.5,10000.0,27.0,0.5427517394224802
2530,1.0,45.0,45.0,0.7,0.0,26.0,0.5568584700425466
2531,1.0,45.0,45.0,0.7,10.0,17.0,0.550737738609314
2532,1.0,45.0,45.0,0.7,100.0,17.0,0.528927872578303
2533,1.0,45.0,45.0,0.7,1000.0,19.0,0.5499032835165659
2534,1.0,45.0,45.0,0.7,10000.0,29.0,0.5866484542687734
2535,1.0,45.0,50.0,0.3,0.0,27.0,0.5361337463061014
2536,1.0,45.0,50.0,0.3,10.0,17.0,0.512841115395228
2537,1.0,45.0,50.0,0.3,100.0,17.0,0.49882752696673077
2538,1.0,45.0,50.0,0.3,1000.0,17.0,0.5398512482643127
2539,1.0,45.0,50.0,0.3,10000.0,18.0,0.5346487760543823
2540,1.0,45.0,50.0,0.5,0.0,27.0,0.5411043961842855
2541,1.0,45.0,50.0,0.5,10.0,17.0,0.5308558543523153
2542,1.0,45.0,50.0,0.5,100.0,27.0,0.5093957583109537
2543,1.0,45.0,50.0,0.5,1000.0,45.0,0.5680745740731558
2544,1.0,45.0,50.0,0.5,10000.0,18.0,0.5233179032802582
2545,1.0,45.0,50.0,0.7,0.0,24.0,0.580032080411911
2546,1.0,45.0,50.0,0.7,10.0,18.0,0.5343321363131205
2547,1.0,45.0,50.0,0.7,100.0,19.0,0.5338115493456522
2548,1.0,45.0,50.0,0.7,1000.0,44.0,0.5424198011557261
2549,1.0,45.0,50.0,0.7,10000.0,30.0,0.5442586044470469
2550,2.0,45.0,5.0,0.3,0.0,36.0,0.533385157585144
2551,2.0,45.0,5.0,0.3,10.0,31.0,0.5359372099240621
2552,2.0,45.0,5.0,0.3,100.0,24.0,0.5622588793436686
2553,2.0,45.0,5.0,0.3,1000.0,24.0,0.5754945774873098
2554,2.0,45.0,5.0,0.3,10000.0,30.0,0.5716721614201864
2555,2.0,45.0,5.0,0.5,0.0,26.0,0.550619105497996
2556,2.0,45.0,5.0,0.5,10.0,38.0,0.5959850748380026
2557,2.0,45.0,5.0,0.5,100.0,27.0,0.5922608375549316
2558,2.0,45.0,5.0,0.5,1000.0,25.0,0.6109955410162607
2559,2.0,45.0,5.0,0.5,10000.0,37.0,0.5999847749869028
2560,2.0,45.0,5.0,0.7,0.0,35.0,0.7326950828234354
2561,2.0,45.0,5.0,0.7,10.0,30.0,0.690915455420812
2562,2.0,45.0,5.0,0.7,100.0,28.0,0.6062692801157633
2563,2.0,45.0,5.0,0.7,1000.0,27.0,0.6557547152042389
2564,2.0,45.0,5.0,0.7,10000.0,34.0,0.709589292605718
2565,2.0,45.0,10.0,0.3,0.0,25.0,0.5348820586999258
2566,2.0,45.0,10.0,0.3,10.0,31.0,0.531500885883967
2567,2.0,45.0,10.0,0.3,100.0,24.0,0.551036020119985
2568,2.0,45.0,10.0,0.3,1000.0,25.0,0.5124388734499613
2569,2.0,45.0,10.0,0.3,10000.0,26.0,0.5342796544233958
2570,2.0,45.0,10.0,0.5,0.0,27.0,0.5289578338464102
2571,2.0,45.0,10.0,0.5,10.0,31.0,0.5560931166013082
2572,2.0,45.0,10.0,0.5,100.0,32.0,0.568920781215032
2573,2.0,45.0,10.0,0.5,1000.0,24.0,0.5468384226163229
2574,2.0,45.0,10.0,0.5,10000.0,28.0,0.5814326902230581
2575,2.0,45.0,10.0,0.7,0.0,33.0,0.703443318605423
2576,2.0,45.0,10.0,0.7,10.0,31.0,0.6959286431471506
2577,2.0,45.0,10.0,0.7,100.0,37.0,0.5729318261146545
2578,2.0,45.0,10.0,0.7,1000.0,26.0,0.6634125014146169
2579,2.0,45.0,10.0,0.7,10000.0,24.0,0.5849563280741373
2580,2.0,45.0,15.0,0.3,0.0,34.0,0.5155148506164551
2581,2.0,45.0,15.0,0.3,10.0,28.0,0.5191927750905355
2582,2.0,45.0,15.0,0.3,100.0,25.0,0.5566543340682983
2583,2.0,45.0,15.0,0.3,1000.0,24.0,0.5622766117254893
2584,2.0,45.0,15.0,0.3,10000.0,24.0,0.5472514927387238
2585,2.0,45.0,15.0,0.5,0.0,30.0,0.5316941440105438
2586,2.0,45.0,15.0,0.5,10.0,29.0,0.5411966145038605
2587,2.0,45.0,15.0,0.5,100.0,27.0,0.5475151538848877
2588,2.0,45.0,15.0,0.5,1000.0,26.0,0.5586747030417124
2589,2.0,45.0,15.0,0.5,10000.0,24.0,0.597434014081955
2590,2.0,45.0,15.0,0.7,0.0,35.0,0.620575894912084
2591,2.0,45.0,15.0,0.7,10.0,27.0,0.5621839364369711
2592,2.0,45.0,15.0,0.7,100.0,31.0,0.5694491962591807
2593,2.0,45.0,15.0,0.7,1000.0,31.0,0.5765107770760854
2594,2.0,45.0,15.0,0.7,10000.0,37.0,0.5922636787096659
2595,2.0,45.0,20.0,0.3,0.0,35.0,0.5794490476449331
2596,2.0,45.0,20.0,0.3,10.0,25.0,0.5515062610308329
2597,2.0,45.0,20.0,0.3,100.0,34.0,0.5464710791905721
2598,2.0,45.0,20.0,0.3,1000.0,26.0,0.5144324600696564
2599,2.0,45.0,20.0,0.3,10000.0,26.0,0.5329276124636332
2600,2.0,45.0,20.0,0.5,0.0,24.0,0.5248953799406687
2601,2.0,45.0,20.0,0.5,10.0,25.0,0.5394185880819956
2602,2.0,45.0,20.0,0.5,100.0,31.0,0.5275394022464752
2603,2.0,45.0,20.0,0.5,1000.0,26.0,0.5430058737595876
2604,2.0,45.0,20.0,0.5,10000.0,27.0,0.5330341160297394
2605,2.0,45.0,20.0,0.7,0.0,27.0,0.5442010760307312
2606,2.0,45.0,20.0,0.7,10.0,26.0,0.5785226126511892
2607,2.0,45.0,20.0,0.7,100.0,30.0,0.5620151062806448
2608,2.0,45.0,20.0,0.7,1000.0,28.0,0.5503403743108114
2609,2.0,45.0,20.0,0.7,10000.0,39.0,0.6032044589519501
2610,2.0,45.0,25.0,0.3,0.0,23.0,0.5201180080572764
2611,2.0,45.0,25.0,0.3,10.0,24.0,0.5313091476758321
2612,2.0,45.0,25.0,0.3,100.0,27.0,0.5309688150882721
2613,2.0,45.0,25.0,0.3,1000.0,23.0,0.5090743005275726
2614,2.0,45.0,25.0,0.3,10000.0,30.0,0.5316849847634634
2615,2.0,45.0,25.0,0.5,0.0,24.0,0.5362624724706014
2616,2.0,45.0,25.0,0.5,10.0,24.0,0.5458622872829437
2617,2.0,45.0,25.0,0.5,100.0,26.0,0.5270553727944692
2618,2.0,45.0,25.0,0.5,1000.0,24.0,0.5479849179585775
2619,2.0,45.0,25.0,0.5,10000.0,31.0,0.5865951875845591
2620,2.0,45.0,25.0,0.7,0.0,25.0,0.5425131022930145
2621,2.0,45.0,25.0,0.7,10.0,25.0,0.5273119906584421
2622,2.0,45.0,25.0,0.7,100.0,22.0,0.5488070050875345
2623,2.0,45.0,25.0,0.7,1000.0,24.0,0.5406042635440826
2624,2.0,45.0,25.0,0.7,10000.0,31.0,0.6115890045960745
2625,2.0,45.0,30.0,0.3,0.0,24.0,0.5550287167231241
2626,2.0,45.0,30.0,0.3,10.0,23.0,0.5326356589794159
2627,2.0,45.0,30.0,0.3,100.0,23.0,0.5361369351545969
2628,2.0,45.0,30.0,0.3,1000.0,23.0,0.5114454627037048
2629,2.0,45.0,30.0,0.3,10000.0,27.0,0.5246652960777283
2630,2.0,45.0,30.0,0.5,0.0,25.0,0.5241800447305044
2631,2.0,45.0,30.0,0.5,10.0,23.0,0.557666023572286
2632,2.0,45.0,30.0,0.5,100.0,22.0,0.5248036086559296
2633,2.0,45.0,30.0,0.5,1000.0,22.0,0.5199809471766154
2634,2.0,45.0,30.0,0.5,10000.0,25.0,0.5429418782393137
2635,2.0,45.0,30.0,0.7,0.0,25.0,0.5340334872404734
2636,2.0,45.0,30.0,0.7,10.0,30.0,0.5474164684613546
2637,2.0,45.0,30.0,0.7,100.0,25.0,0.5297096769014994
2638,2.0,45.0,30.0,0.7,1000.0,22.0,0.6063046753406525
2639,2.0,45.0,30.0,0.7,10000.0,35.0,0.5220294793446859
2640,2.0,45.0,35.0,0.3,0.0,25.0,0.5706793367862701
2641,2.0,45.0,35.0,0.3,10.0,26.0,0.5166017015775045
2642,2.0,45.0,35.0,0.3,100.0,24.0,0.5212781230608622
2643,2.0,45.0,35.0,0.3,1000.0,24.0,0.5208180248737335
2644,2.0,45.0,35.0,0.3,10000.0,24.0,0.5253689189751943
2645,2.0,45.0,35.0,0.5,0.0,24.0,0.5825115938981374
2646,2.0,45.0,35.0,0.5,10.0,25.0,0.5531914234161377
2647,2.0,45.0,35.0,0.5,100.0,26.0,0.5253639419873556
2648,2.0,45.0,35.0,0.5,1000.0,24.0,0.5444369316101074
2649,2.0,45.0,35.0,0.5,10000.0,24.0,0.5499271551767985
2650,2.0,45.0,35.0,0.7,0.0,27.0,0.5635923643906912
2651,2.0,45.0,35.0,0.7,10.0,26.0,0.5551713605721792
2652,2.0,45.0,35.0,0.7,100.0,30.0,0.5432489415009817
2653,2.0,45.0,35.0,0.7,1000.0,23.0,0.5504723985989889
2654,2.0,45.0,35.0,0.7,10000.0,26.0,0.5513985554377238
2655,2.0,45.0,40.0,0.3,0.0,27.0,0.5593481560548147
2656,2.0,45.0,40.0,0.3,10.0,24.0,0.5457680821418762
2657,2.0,45.0,40.0,0.3,100.0,27.0,0.5881233215332031
2658,2.0,45.0,40.0,0.3,1000.0,23.0,0.533330907424291
2659,2.0,45.0,40.0,0.3,10000.0,23.0,0.5591912567615509
2660,2.0,45.0,40.0,0.5,0.0,27.0,0.545029471317927
2661,2.0,45.0,40.0,0.5,10.0,24.0,0.540829598903656
2662,2.0,45.0,40.0,0.5,100.0,27.0,0.5206624269485474
2663,2.0,45.0,40.0,0.5,1000.0,23.0,0.5358299612998962
2664,2.0,45.0,40.0,0.5,10000.0,26.0,0.554158627986908
2665,2.0,45.0,40.0,0.7,0.0,28.0,0.5480826000372568
2666,2.0,45.0,40.0,0.7,10.0,26.0,0.5549499690532684
2667,2.0,45.0,40.0,0.7,100.0,27.0,0.5168112417062124
2668,2.0,45.0,40.0,0.7,1000.0,24.0,0.5534177720546722
2669,2.0,45.0,40.0,0.7,10000.0,28.0,0.5646768907705942
2670,2.0,45.0,45.0,0.3,0.0,24.0,0.559946874777476
2671,2.0,45.0,45.0,0.3,10.0,23.0,0.5627471109231313
2672,2.0,45.0,45.0,0.3,100.0,23.0,0.5483879844347636
2673,2.0,45.0,45.0,0.3,1000.0,23.0,0.5154011646906534
2674,2.0,45.0,45.0,0.3,10000.0,26.0,0.5320429305235544
2675,2.0,45.0,45.0,0.5,0.0,24.0,0.5433493355909983
2676,2.0,45.0,45.0,0.5,10.0,26.0,0.5408435861269633
2677,2.0,45.0,45.0,0.5,100.0,26.0,0.5275382300217947
2678,2.0,45.0,45.0,0.5,1000.0,24.0,0.5462818245093027
2679,2.0,45.0,45.0,0.5,10000.0,31.0,0.5132786532243093
2680,2.0,45.0,45.0,0.7,0.0,27.0,0.5560987989107767
2681,2.0,45.0,45.0,0.7,10.0,25.0,0.5737441678841909
2682,2.0,45.0,45.0,0.7,100.0,44.0,0.5348959962526957
2683,2.0,45.0,45.0,0.7,1000.0,23.0,0.5220473110675812
2684,2.0,45.0,45.0,0.7,10000.0,32.0,0.5421066582202911
2685,2.0,45.0,50.0,0.3,0.0,24.0,0.5362318555514017
2686,2.0,45.0,50.0,0.3,10.0,23.0,0.5587392449378967
2687,2.0,45.0,50.0,0.3,100.0,17.0,0.5038897097110748
2688,2.0,45.0,50.0,0.3,1000.0,23.0,0.5996694366137186
2689,2.0,45.0,50.0,0.3,10000.0,25.0,0.5448379516601562
2690,2.0,45.0,50.0,0.5,0.0,24.0,0.5708848933378855
2691,2.0,45.0,50.0,0.5,10.0,24.0,0.5359607140223185
2692,2.0,45.0,50.0,0.5,100.0,17.0,0.5360770424207052
2693,2.0,45.0,50.0,0.5,1000.0,23.0,0.5327588319778442
2694,2.0,45.0,50.0,0.5,10000.0,25.0,0.5363787213961283
2695,2.0,45.0,50.0,0.7,0.0,24.0,0.5478890538215637
2696,2.0,45.0,50.0,0.7,10.0,24.0,0.5424406826496124
2697,2.0,45.0,50.0,0.7,100.0,23.0,0.5381521582603455
2698,2.0,45.0,50.0,0.7,1000.0,24.0,0.5592461228370667
2699,2.0,45.0,50.0,0.7,10000.0,26.0,0.5535752673943838
2700,1.0,50.0,5.0,0.3,0.0,43.0,0.5065102179845175
2701,1.0,50.0,5.0,0.3,10.0,21.0,0.5333874424298605
2702,1.0,50.0,5.0,0.3,100.0,39.0,0.5334833463033041
2703,1.0,50.0,5.0,0.3,1000.0,36.0,0.562166670958201
2704,1.0,50.0,5.0,0.3,10000.0,54.0,0.5240698754787445
2705,1.0,50.0,5.0,0.5,0.0,40.0,0.5974019964536031
2706,1.0,50.0,5.0,0.5,10.0,34.0,0.5793747504552206
2707,1.0,50.0,5.0,0.5,100.0,33.0,0.5669080317020416
2708,1.0,50.0,5.0,0.5,1000.0,21.0,0.6557335257530212
2709,1.0,50.0,5.0,0.5,10000.0,40.0,0.5701227088769277
2710,1.0,50.0,5.0,0.7,0.0,37.0,0.6849514146645864
2711,1.0,50.0,5.0,0.7,10.0,40.0,0.6908708910147349
2712,1.0,50.0,5.0,0.7,100.0,40.0,0.6737821201483408
2713,1.0,50.0,5.0,0.7,1000.0,48.0,0.7369354963302612
2714,1.0,50.0,5.0,0.7,10000.0,39.0,0.6786017715930939
2715,1.0,50.0,10.0,0.3,0.0,34.0,0.5307909448941549
2716,1.0,50.0,10.0,0.3,10.0,32.0,0.5349372625350952
2717,1.0,50.0,10.0,0.3,100.0,50.0,0.5813173751036326
2718,1.0,50.0,10.0,0.3,1000.0,27.0,0.57136270403862
2719,1.0,50.0,10.0,0.3,10000.0,27.0,0.5440415740013123
2720,1.0,50.0,10.0,0.5,0.0,35.0,0.5712361435095469
2721,1.0,50.0,10.0,0.5,10.0,29.0,0.57593701283137
2722,1.0,50.0,10.0,0.5,100.0,35.0,0.6144885917504629
2723,1.0,50.0,10.0,0.5,1000.0,27.0,0.5766087174415588
2724,1.0,50.0,10.0,0.5,10000.0,31.0,0.5729464888572693
2725,1.0,50.0,10.0,0.7,0.0,45.0,0.6483134627342224
2726,1.0,50.0,10.0,0.7,10.0,28.0,0.5696062445640564
2727,1.0,50.0,10.0,0.7,100.0,45.0,0.7002852161725363
2728,1.0,50.0,10.0,0.7,1000.0,43.0,0.6086113552252451
2729,1.0,50.0,10.0,0.7,10000.0,49.0,0.5922230780124664
2730,1.0,50.0,15.0,0.3,0.0,22.0,0.5352017084757487
2731,1.0,50.0,15.0,0.3,10.0,33.0,0.5082721908887228
2732,1.0,50.0,15.0,0.3,100.0,32.0,0.5170131822427114
2733,1.0,50.0,15.0,0.3,1000.0,16.0,0.5384110311667124
2734,1.0,50.0,15.0,0.3,10000.0,31.0,0.5401738882064819
2735,1.0,50.0,15.0,0.5,0.0,22.0,0.554372638463974
2736,1.0,50.0,15.0,0.5,10.0,39.0,0.5649804174900055
2737,1.0,50.0,15.0,0.5,100.0,22.0,0.525088389714559
2738,1.0,50.0,15.0,0.5,1000.0,16.0,0.5350476602713267
2739,1.0,50.0,15.0,0.5,10000.0,36.0,0.5439313054084778
2740,1.0,50.0,15.0,0.7,0.0,27.0,0.56688591837883
2741,1.0,50.0,15.0,0.7,10.0,30.0,0.5823411246140798
2742,1.0,50.0,15.0,0.7,100.0,31.0,0.576910654703776
2743,1.0,50.0,15.0,0.7,1000.0,20.0,0.5519884129365286
2744,1.0,50.0,15.0,0.7,10000.0,28.0,0.5625361700852712
2745,1.0,50.0,20.0,0.3,0.0,37.0,0.513156404097875
2746,1.0,50.0,20.0,0.3,10.0,32.0,0.5480233331521353
2747,1.0,50.0,20.0,0.3,100.0,24.0,0.5332150856653849
2748,1.0,50.0,20.0,0.3,1000.0,18.0,0.5172870556513468
2749,1.0,50.0,20.0,0.3,10000.0,17.0,0.5340400040149689
2750,1.0,50.0,20.0,0.5,0.0,24.0,0.5573983689149221
2751,1.0,50.0,20.0,0.5,10.0,32.0,0.5762350261211395
2752,1.0,50.0,20.0,0.5,100.0,34.0,0.5423973302046458
2753,1.0,50.0,20.0,0.5,1000.0,18.0,0.5279051661491394
2754,1.0,50.0,20.0,0.5,10000.0,29.0,0.5233461856842041
2755,1.0,50.0,20.0,0.7,0.0,28.0,0.5310852626959482
2756,1.0,50.0,20.0,0.7,10.0,37.0,0.6031641960144043
2757,1.0,50.0,20.0,0.7,100.0,42.0,0.5823727051417033
2758,1.0,50.0,20.0,0.7,1000.0,35.0,0.5574585696061453
2759,1.0,50.0,20.0,0.7,10000.0,36.0,0.5461065570513407
2760,1.0,50.0,25.0,0.3,0.0,17.0,0.5243422091007233
2761,1.0,50.0,25.0,0.3,10.0,26.0,0.5401277045408884
2762,1.0,50.0,25.0,0.3,100.0,37.0,0.5188300808270773
2763,1.0,50.0,25.0,0.3,1000.0,20.0,0.5209424694379171
2764,1.0,50.0,25.0,0.3,10000.0,37.0,0.5482050975163778
2765,1.0,50.0,25.0,0.5,0.0,27.0,0.5548995931943258
2766,1.0,50.0,25.0,0.5,10.0,27.0,0.5666803816954294
2767,1.0,50.0,25.0,0.5,100.0,30.0,0.5500341951847076
2768,1.0,50.0,25.0,0.5,1000.0,42.0,0.5165001451969147
2769,1.0,50.0,25.0,0.5,10000.0,44.0,0.5465501745541891
2770,1.0,50.0,25.0,0.7,0.0,31.0,0.5737224022547404
2771,1.0,50.0,25.0,0.7,10.0,40.0,0.5548209349314371
2772,1.0,50.0,25.0,0.7,100.0,29.0,0.5354392925898234
2773,1.0,50.0,25.0,0.7,1000.0,44.0,0.5284111201763153
2774,1.0,50.0,25.0,0.7,10000.0,30.0,0.5717394451300303
2775,1.0,50.0,30.0,0.3,0.0,29.0,0.5375218490759531
2776,1.0,50.0,30.0,0.3,10.0,24.0,0.5322184264659882
2777,1.0,50.0,30.0,0.3,100.0,23.0,0.5526169836521149
2778,1.0,50.0,30.0,0.3,1000.0,17.0,0.5397818883260092
2779,1.0,50.0,30.0,0.3,10000.0,40.0,0.5352265437444051
2780,1.0,50.0,30.0,0.5,0.0,24.0,0.5394924581050873
2781,1.0,50.0,30.0,0.5,10.0,30.0,0.5330869356791178
2782,1.0,50.0,30.0,0.5,100.0,24.0,0.531114935874939
2783,1.0,50.0,30.0,0.5,1000.0,32.0,0.5750652452309927
2784,1.0,50.0,30.0,0.5,10000.0,33.0,0.5250482261180878
2785,1.0,50.0,30.0,0.7,0.0,25.0,0.5437597831090292
2786,1.0,50.0,30.0,0.7,10.0,26.0,0.5454945862293243
2787,1.0,50.0,30.0,0.7,100.0,29.0,0.5538953145345052
2788,1.0,50.0,30.0,0.7,1000.0,28.0,0.5733662943045298
2789,1.0,50.0,30.0,0.7,10000.0,40.0,0.5608202815055847
2790,1.0,50.0,35.0,0.3,0.0,31.0,0.5395815173784891
2791,1.0,50.0,35.0,0.3,10.0,23.0,0.5286783079306284
2792,1.0,50.0,35.0,0.3,100.0,18.0,0.5223789314428965
2793,1.0,50.0,35.0,0.3,1000.0,16.0,0.5043116211891174
2794,1.0,50.0,35.0,0.3,10000.0,21.0,0.5518182218074799
2795,1.0,50.0,35.0,0.5,0.0,27.0,0.5540448327859243
2796,1.0,50.0,35.0,0.5,10.0,28.0,0.5617890357971191
2797,1.0,50.0,35.0,0.5,100.0,18.0,0.5229994058609009
2798,1.0,50.0,35.0,0.5,1000.0,16.0,0.5081969896952311
2799,1.0,50.0,35.0,0.5,10000.0,30.0,0.5308595697085062
2800,1.0,50.0,35.0,0.7,0.0,24.0,0.5562587281068166
2801,1.0,50.0,35.0,0.7,10.0,36.0,0.6004161636034647
2802,1.0,50.0,35.0,0.7,100.0,18.0,0.5572279095649719
2803,1.0,50.0,35.0,0.7,1000.0,28.0,0.5662299692630768
2804,1.0,50.0,35.0,0.7,10000.0,32.0,0.5430591702461243
2805,1.0,50.0,40.0,0.3,0.0,38.0,0.5143233637015024
2806,1.0,50.0,40.0,0.3,10.0,17.0,0.5260291993618011
2807,1.0,50.0,40.0,0.3,100.0,18.0,0.5074475109577179
2808,1.0,50.0,40.0,0.3,1000.0,16.0,0.5200978318850199
2809,1.0,50.0,40.0,0.3,10000.0,30.0,0.5351218283176422
2810,1.0,50.0,40.0,0.5,0.0,30.0,0.5238568981488546
2811,1.0,50.0,40.0,0.5,10.0,17.0,0.5362282693386078
2812,1.0,50.0,40.0,0.5,100.0,17.0,0.5267602304617564
2813,1.0,50.0,40.0,0.5,1000.0,26.0,0.5499771932760874
2814,1.0,50.0,40.0,0.5,10000.0,18.0,0.5379626750946045
2815,1.0,50.0,40.0,0.7,0.0,33.0,0.5444489419460297
2816,1.0,50.0,40.0,0.7,10.0,17.0,0.5490315953890482
2817,1.0,50.0,40.0,0.7,100.0,21.0,0.534725566705068
2818,1.0,50.0,40.0,0.7,1000.0,30.0,0.5381381114323934
2819,1.0,50.0,40.0,0.7,10000.0,18.0,0.5345139602820078
2820,1.0,50.0,45.0,0.3,0.0,28.0,0.5372683703899384
2821,1.0,50.0,45.0,0.3,10.0,24.0,0.5378433565298716
2822,1.0,50.0,45.0,0.3,100.0,39.0,0.6057429214318594
2823,1.0,50.0,45.0,0.3,1000.0,16.0,0.5309993823369344
2824,1.0,50.0,45.0,0.3,10000.0,17.0,0.534819891055425
2825,1.0,50.0,45.0,0.5,0.0,23.0,0.53511843085289
2826,1.0,50.0,45.0,0.5,10.0,27.0,0.5277247130870819
2827,1.0,50.0,45.0,0.5,100.0,40.0,0.5517285962899526
2828,1.0,50.0,45.0,0.5,1000.0,31.0,0.5402065416177114
2829,1.0,50.0,45.0,0.5,10000.0,30.0,0.5256333152453104
2830,1.0,50.0,45.0,0.7,0.0,31.0,0.5547030667463938
2831,1.0,50.0,45.0,0.7,10.0,29.0,0.5554598271846771
2832,1.0,50.0,45.0,0.7,100.0,35.0,0.5311166445414225
2833,1.0,50.0,45.0,0.7,1000.0,46.0,0.5416597425937653
2834,1.0,50.0,45.0,0.7,10000.0,35.0,0.5678863823413849
2835,1.0,50.0,50.0,0.3,0.0,17.0,0.533542811870575
2836,1.0,50.0,50.0,0.3,10.0,16.0,0.5209397375583649
2837,1.0,50.0,50.0,0.3,100.0,18.0,0.534753292798996
2838,1.0,50.0,50.0,0.3,1000.0,36.0,0.5314583579699198
2839,1.0,50.0,50.0,0.3,10000.0,25.0,0.5518345336119334
2840,1.0,50.0,50.0,0.5,0.0,17.0,0.53497247894605
2841,1.0,50.0,50.0,0.5,10.0,16.0,0.5397158066431681
2842,1.0,50.0,50.0,0.5,100.0,18.0,0.5341702302296957
2843,1.0,50.0,50.0,0.5,1000.0,26.0,0.5382111171881357
2844,1.0,50.0,50.0,0.5,10000.0,43.0,0.5549099246660868
2845,1.0,50.0,50.0,0.7,0.0,19.0,0.5488307674725851
2846,1.0,50.0,50.0,0.7,10.0,30.0,0.5370413859685262
2847,1.0,50.0,50.0,0.7,100.0,26.0,0.5524869362513224
2848,1.0,50.0,50.0,0.7,1000.0,28.0,0.5700524946053823
2849,1.0,50.0,50.0,0.7,10000.0,26.0,0.5493816137313843
2850,2.0,50.0,5.0,0.3,0.0,26.0,0.583503911892573
2851,2.0,50.0,5.0,0.3,10.0,25.0,0.5374172627925873
2852,2.0,50.0,5.0,0.3,100.0,25.0,0.5193673173586527
2853,2.0,50.0,5.0,0.3,1000.0,23.0,0.5883727570374807
2854,2.0,50.0,5.0,0.3,10000.0,29.0,0.5601000388463339
2855,2.0,50.0,5.0,0.5,0.0,26.0,0.6455099781354269
2856,2.0,50.0,5.0,0.5,10.0,39.0,0.607163151105245
2857,2.0,50.0,5.0,0.5,100.0,25.0,0.5728115240732828
2858,2.0,50.0,5.0,0.5,1000.0,21.0,0.5744033555189768
2859,2.0,50.0,5.0,0.5,10000.0,34.0,0.5515433152516683
2860,2.0,50.0,5.0,0.7,0.0,30.0,0.6899455090363821
2861,2.0,50.0,5.0,0.7,10.0,25.0,0.696118007103602
2862,2.0,50.0,5.0,0.7,100.0,21.0,0.66704989473025
2863,2.0,50.0,5.0,0.7,1000.0,23.0,0.6572782297929128
2864,2.0,50.0,5.0,0.7,10000.0,43.0,0.6572765409946442
2865,2.0,50.0,10.0,0.3,0.0,25.0,0.5333287914594015
2866,2.0,50.0,10.0,0.3,10.0,36.0,0.5495971838633219
2867,2.0,50.0,10.0,0.3,100.0,26.0,0.5267036159833273
2868,2.0,50.0,10.0,0.3,1000.0,24.0,0.5338641703128815
2869,2.0,50.0,10.0,0.3,10000.0,24.0,0.5205524265766144
2870,2.0,50.0,10.0,0.5,0.0,25.0,0.5182974735895792
2871,2.0,50.0,10.0,0.5,10.0,27.0,0.5511582593123118
2872,2.0,50.0,10.0,0.5,100.0,27.0,0.5661345024903616
2873,2.0,50.0,10.0,0.5,1000.0,25.0,0.5970730086167654
2874,2.0,50.0,10.0,0.5,10000.0,26.0,0.5588677922884623
2875,2.0,50.0,10.0,0.7,0.0,27.0,0.5915425618489584
2876,2.0,50.0,10.0,0.7,10.0,25.0,0.5866083999474844
2877,2.0,50.0,10.0,0.7,100.0,30.0,0.6368790864944458
2878,2.0,50.0,10.0,0.7,1000.0,28.0,0.5991421242554983
2879,2.0,50.0,10.0,0.7,10000.0,24.0,0.6026499966780344
2880,2.0,50.0,15.0,0.3,0.0,35.0,0.5324826637903849
2881,2.0,50.0,15.0,0.3,10.0,26.0,0.5224147538344065
2882,2.0,50.0,15.0,0.3,100.0,22.0,0.538431982199351
2883,2.0,50.0,15.0,0.3,1000.0,24.0,0.5546052555243174
2884,2.0,50.0,15.0,0.3,10000.0,23.0,0.6223610639572144
2885,2.0,50.0,15.0,0.5,0.0,23.0,0.5355591773986816
2886,2.0,50.0,15.0,0.5,10.0,36.0,0.5784511566162109
2887,2.0,50.0,15.0,0.5,100.0,31.0,0.5475578606128693
2888,2.0,50.0,15.0,0.5,1000.0,25.0,0.5285365482171377
2889,2.0,50.0,15.0,0.5,10000.0,22.0,0.556899905204773
2890,2.0,50.0,15.0,0.7,0.0,35.0,0.5413658022880554
2891,2.0,50.0,15.0,0.7,10.0,25.0,0.5808214048544565
2892,2.0,50.0,15.0,0.7,100.0,32.0,0.5770475467046102
2893,2.0,50.0,15.0,0.7,1000.0,25.0,0.5841832558314005
2894,2.0,50.0,15.0,0.7,10000.0,34.0,0.5374957919120789
2895,2.0,50.0,20.0,0.3,0.0,24.0,0.5421729584534963
2896,2.0,50.0,20.0,0.3,10.0,23.0,0.5351376235485077
2897,2.0,50.0,20.0,0.3,100.0,24.0,0.5072847108046213
2898,2.0,50.0,20.0,0.3,1000.0,26.0,0.5077206691106161
2899,2.0,50.0,20.0,0.3,10000.0,21.0,0.5500855346520742
2900,2.0,50.0,20.0,0.5,0.0,24.0,0.5197461247444153
2901,2.0,50.0,20.0,0.5,10.0,23.0,0.5600494941075643
2902,2.0,50.0,20.0,0.5,100.0,25.0,0.5157860120137533
2903,2.0,50.0,20.0,0.5,1000.0,29.0,0.5275159577528635
2904,2.0,50.0,20.0,0.5,10000.0,21.0,0.5775409241517385
2905,2.0,50.0,20.0,0.7,0.0,25.0,0.5729767382144928
2906,2.0,50.0,20.0,0.7,10.0,31.0,0.5779035687446594
2907,2.0,50.0,20.0,0.7,100.0,24.0,0.5956609646479288
2908,2.0,50.0,20.0,0.7,1000.0,32.0,0.5124935507774353
2909,2.0,50.0,20.0,0.7,10000.0,21.0,0.5530575613180796
2910,2.0,50.0,25.0,0.3,0.0,23.0,0.5601418217023214
2911,2.0,50.0,25.0,0.3,10.0,21.0,0.5424289703369141
2912,2.0,50.0,25.0,0.3,100.0,20.0,0.5400684475898743
2913,2.0,50.0,25.0,0.3,1000.0,23.0,0.5433905919392904
2914,2.0,50.0,25.0,0.3,10000.0,22.0,0.5444723765055338
2915,2.0,50.0,25.0,0.5,0.0,21.0,0.552899032831192
2916,2.0,50.0,25.0,0.5,10.0,21.0,0.5908973316351572
2917,2.0,50.0,25.0,0.5,100.0,20.0,0.5159733990828196
2918,2.0,50.0,25.0,0.5,1000.0,22.0,0.505718449751536
2919,2.0,50.0,25.0,0.5,10000.0,22.0,0.5092509786287943
2920,2.0,50.0,25.0,0.7,0.0,25.0,0.5424985190232595
2921,2.0,50.0,25.0,0.7,10.0,22.0,0.5731689929962158
2922,2.0,50.0,25.0,0.7,100.0,20.0,0.550221453110377
2923,2.0,50.0,25.0,0.7,1000.0,25.0,0.548115481932958
2924,2.0,50.0,25.0,0.7,10000.0,23.0,0.5771275063355764
2925,2.0,50.0,30.0,0.3,0.0,22.0,0.5456465085347494
2926,2.0,50.0,30.0,0.3,10.0,24.0,0.5293887058893839
2927,2.0,50.0,30.0,0.3,100.0,22.0,0.5367254614830017
2928,2.0,50.0,30.0,0.3,1000.0,24.0,0.5686222116152445
2929,2.0,50.0,30.0,0.3,10000.0,22.0,0.5176340440909067
2930,2.0,50.0,30.0,0.5,0.0,23.0,0.5351446767648061
2931,2.0,50.0,30.0,0.5,10.0,25.0,0.5041338900725046
2932,2.0,50.0,30.0,0.5,100.0,25.0,0.5483204424381256
2933,2.0,50.0,30.0,0.5,1000.0,25.0,0.5348702470461527
2934,2.0,50.0,30.0,0.5,10000.0,22.0,0.5256333450476328
2935,2.0,50.0,30.0,0.7,0.0,23.0,0.5448931058247884
2936,2.0,50.0,30.0,0.7,10.0,23.0,0.527233213186264
2937,2.0,50.0,30.0,0.7,100.0,26.0,0.5526786347230276
2938,2.0,50.0,30.0,0.7,1000.0,25.0,0.5379150609175364
2939,2.0,50.0,30.0,0.7,10000.0,23.0,0.5480054616928101
2940,2.0,50.0,35.0,0.3,0.0,22.0,0.538743793964386
2941,2.0,50.0,35.0,0.3,10.0,24.0,0.5441809793313345
2942,2.0,50.0,35.0,0.3,100.0,22.0,0.5271106163660685
2943,2.0,50.0,35.0,0.3,1000.0,25.0,0.5178787410259247
2944,2.0,50.0,35.0,0.3,10000.0,24.0,0.5362362762292227
2945,2.0,50.0,35.0,0.5,0.0,22.0,0.5102034509181976
2946,2.0,50.0,35.0,0.5,10.0,25.0,0.5474158922831217
2947,2.0,50.0,35.0,0.5,100.0,23.0,0.54082719484965
2948,2.0,50.0,35.0,0.5,1000.0,25.0,0.5234123269716898
2949,2.0,50.0,35.0,0.5,10000.0,24.0,0.5148655772209167
2950,2.0,50.0,35.0,0.7,0.0,23.0,0.5963549613952637
2951,2.0,50.0,35.0,0.7,10.0,25.0,0.5713675518830618
2952,2.0,50.0,35.0,0.7,100.0,28.0,0.5774728258450826
2953,2.0,50.0,35.0,0.7,1000.0,23.0,0.5478895505269369
2954,2.0,50.0,35.0,0.7,10000.0,24.0,0.568986197312673
2955,2.0,50.0,40.0,0.3,0.0,27.0,0.5638498067855835
2956,2.0,50.0,40.0,0.3,10.0,26.0,0.5146582225958506
2957,2.0,50.0,40.0,0.3,100.0,21.0,0.5112408896287283
2958,2.0,50.0,40.0,0.3,1000.0,16.0,0.522096852461497
2959,2.0,50.0,40.0,0.3,10000.0,22.0,0.494248370329539
2960,2.0,50.0,40.0,0.5,0.0,27.0,0.5452069640159607
2961,2.0,50.0,40.0,0.5,10.0,25.0,0.5535271366437277
2962,2.0,50.0,40.0,0.5,100.0,23.0,0.5479813714822134
2963,2.0,50.0,40.0,0.5,1000.0,23.0,0.5245454609394073
2964,2.0,50.0,40.0,0.5,10000.0,22.0,0.5116369624932607
2965,2.0,50.0,40.0,0.7,0.0,31.0,0.5723371009031931
2966,2.0,50.0,40.0,0.7,10.0,24.0,0.5535570383071899
2967,2.0,50.0,40.0,0.7,100.0,23.0,0.5340802371501923
2968,2.0,50.0,40.0,0.7,1000.0,26.0,0.5632621149222056
2969,2.0,50.0,40.0,0.7,10000.0,23.0,0.5221065978209177
2970,2.0,50.0,45.0,0.3,0.0,27.0,0.571756641070048
2971,2.0,50.0,45.0,0.3,10.0,31.0,0.5291679402192434
2972,2.0,50.0,45.0,0.3,100.0,23.0,0.5335423946380615
2973,2.0,50.0,45.0,0.3,1000.0,30.0,0.5228258669376373
2974,2.0,50.0,45.0,0.3,10000.0,22.0,0.5266989171504974
2975,2.0,50.0,45.0,0.5,0.0,26.0,0.5499647756417593
2976,2.0,50.0,45.0,0.5,10.0,23.0,0.5785766442616781
2977,2.0,50.0,45.0,0.5,100.0,26.0,0.5451694826285044
2978,2.0,50.0,45.0,0.5,1000.0,24.0,0.5683307945728302
2979,2.0,50.0,45.0,0.5,10000.0,22.0,0.5379990041255951
2980,2.0,50.0,45.0,0.7,0.0,27.0,0.5181218584378561
2981,2.0,50.0,45.0,0.7,10.0,24.0,0.5366913179556528
2982,2.0,50.0,45.0,0.7,100.0,26.0,0.5464702943960825
2983,2.0,50.0,45.0,0.7,1000.0,26.0,0.5319669644037882
2984,2.0,50.0,45.0,0.7,10000.0,23.0,0.5662434001763662
2985,2.0,50.0,50.0,0.3,0.0,21.0,0.5232058167457581
2986,2.0,50.0,50.0,0.3,10.0,24.0,0.5382212201754252
2987,2.0,50.0,50.0,0.3,100.0,22.0,0.5544299185276031
2988,2.0,50.0,50.0,0.3,1000.0,26.0,0.5163970688978831
2989,2.0,50.0,50.0,0.3,10000.0,32.0,0.5419587393601736
2990,2.0,50.0,50.0,0.5,0.0,23.0,0.5413026511669159
2991,2.0,50.0,50.0,0.5,10.0,24.0,0.5201960404713949
2992,2.0,50.0,50.0,0.5,100.0,23.0,0.5502481162548065
2993,2.0,50.0,50.0,0.5,1000.0,26.0,0.5674533446629842
2994,2.0,50.0,50.0,0.5,10000.0,15.0,0.521991491317749
2995,2.0,50.0,50.0,0.7,0.0,25.0,0.5550414323806763
2996,2.0,50.0,50.0,0.7,10.0,25.0,0.5493524670600891
2997,2.0,50.0,50.0,0.7,100.0,25.0,0.5169863204161326
2998,2.0,50.0,50.0,0.7,1000.0,25.0,0.5374382138252258
2999,2.0,50.0,50.0,0.7,10000.0,25.0,0.5425137678782145
