,num_layers,hidden1,hidden2,dropout,random_seed,epochs_trained,val_error
0,1.0,5.0,5.0,0.3,0.0,212.0,0.22671256959438324
1,1.0,5.0,5.0,0.3,10.0,109.0,0.21381871898969015
2,1.0,5.0,5.0,0.3,100.0,165.0,0.1678029497464498
3,1.0,5.0,5.0,0.3,1000.0,175.0,0.2900744130214055
4,1.0,5.0,5.0,0.3,10000.0,190.0,0.2577153742313385
5,1.0,5.0,5.0,0.5,0.0,219.0,0.38161173462867737
6,1.0,5.0,5.0,0.5,10.0,123.0,0.3441509008407593
7,1.0,5.0,5.0,0.5,100.0,112.0,0.28986358642578125
8,1.0,5.0,5.0,0.5,1000.0,128.0,0.7121356427669525
9,1.0,5.0,5.0,0.5,10000.0,156.0,0.44818248351414997
10,1.0,5.0,5.0,0.7,0.0,125.0,0.6330386102199554
11,1.0,5.0,5.0,0.7,10.0,111.0,0.6157362163066864
12,1.0,5.0,5.0,0.7,100.0,86.0,0.5316217442353567
13,1.0,5.0,5.0,0.7,1000.0,145.0,0.8206344445546468
14,1.0,5.0,5.0,0.7,10000.0,130.0,0.6359862387180328
15,1.0,5.0,10.0,0.3,0.0,122.0,0.16778081903855005
16,1.0,5.0,10.0,0.3,10.0,185.0,0.1643680284420649
17,1.0,5.0,10.0,0.3,100.0,121.0,0.20659024516741434
18,1.0,5.0,10.0,0.3,1000.0,125.0,0.1528438851237297
19,1.0,5.0,10.0,0.3,10000.0,135.0,0.16886148850123087
20,1.0,5.0,10.0,0.5,0.0,112.0,0.2640630056460698
21,1.0,5.0,10.0,0.5,10.0,112.0,0.3065922160943349
22,1.0,5.0,10.0,0.5,100.0,172.0,0.549474835395813
23,1.0,5.0,10.0,0.5,1000.0,76.0,0.33392103513081867
24,1.0,5.0,10.0,0.5,10000.0,162.0,0.21035810311635336
25,1.0,5.0,10.0,0.7,0.0,105.0,0.42902617653210956
26,1.0,5.0,10.0,0.7,10.0,113.0,0.4885868827501933
27,1.0,5.0,10.0,0.7,100.0,88.0,0.7216772437095642
28,1.0,5.0,10.0,0.7,1000.0,70.0,0.5058172047138214
29,1.0,5.0,10.0,0.7,10000.0,139.0,0.4406403700510661
30,1.0,5.0,15.0,0.3,0.0,192.0,0.17872639000415802
31,1.0,5.0,15.0,0.3,10.0,154.0,0.14855128775040308
32,1.0,5.0,15.0,0.3,100.0,148.0,0.14402315765619278
33,1.0,5.0,15.0,0.3,1000.0,164.0,0.1463746428489685
34,1.0,5.0,15.0,0.3,10000.0,162.0,0.1673502375682195
35,1.0,5.0,15.0,0.5,0.0,128.0,0.30012208720048267
36,1.0,5.0,15.0,0.5,10.0,140.0,0.21836193899313608
37,1.0,5.0,15.0,0.5,100.0,127.0,0.24923252562681833
38,1.0,5.0,15.0,0.5,1000.0,154.0,0.20859448115030924
39,1.0,5.0,15.0,0.5,10000.0,116.0,0.24622570971647897
40,1.0,5.0,15.0,0.7,0.0,119.0,0.5269604027271271
41,1.0,5.0,15.0,0.7,10.0,157.0,0.3735208213329315
42,1.0,5.0,15.0,0.7,100.0,121.0,0.4748765528202057
43,1.0,5.0,15.0,0.7,1000.0,108.0,0.4259352684020996
44,1.0,5.0,15.0,0.7,10000.0,137.0,0.47504202524820965
45,1.0,5.0,20.0,0.3,0.0,121.0,0.14158073316017786
46,1.0,5.0,20.0,0.3,10.0,167.0,0.1263107086221377
47,1.0,5.0,20.0,0.3,100.0,102.0,0.14331964403390884
48,1.0,5.0,20.0,0.3,1000.0,127.0,0.22902310887972513
49,1.0,5.0,20.0,0.3,10000.0,99.0,0.14345664034287134
50,1.0,5.0,20.0,0.5,0.0,123.0,0.21081470946470895
51,1.0,5.0,20.0,0.5,10.0,139.0,0.20987405876318613
52,1.0,5.0,20.0,0.5,100.0,123.0,0.23882507781187692
53,1.0,5.0,20.0,0.5,1000.0,76.0,0.29900384942690533
54,1.0,5.0,20.0,0.5,10000.0,114.0,0.24154230952262878
55,1.0,5.0,20.0,0.7,0.0,103.0,0.4717261791229248
56,1.0,5.0,20.0,0.7,10.0,96.0,0.43234963218371075
57,1.0,5.0,20.0,0.7,100.0,123.0,0.4560764829317729
58,1.0,5.0,20.0,0.7,1000.0,108.0,0.4311244984467824
59,1.0,5.0,20.0,0.7,10000.0,122.0,0.3705797294775645
60,1.0,5.0,25.0,0.3,0.0,92.0,0.13447107871373495
61,1.0,5.0,25.0,0.3,10.0,107.0,0.13029590745766959
62,1.0,5.0,25.0,0.3,100.0,117.0,0.15530008574326834
63,1.0,5.0,25.0,0.3,1000.0,126.0,0.21221386889616647
64,1.0,5.0,25.0,0.3,10000.0,156.0,0.15214926501115164
65,1.0,5.0,25.0,0.5,0.0,109.0,0.19962758322556814
66,1.0,5.0,25.0,0.5,10.0,140.0,0.18339713911215463
67,1.0,5.0,25.0,0.5,100.0,151.0,0.2169588953256607
68,1.0,5.0,25.0,0.5,1000.0,89.0,0.2803342441717784
69,1.0,5.0,25.0,0.5,10000.0,142.0,0.2053965081771215
70,1.0,5.0,25.0,0.7,0.0,113.0,0.36423781514167786
71,1.0,5.0,25.0,0.7,10.0,96.0,0.4188749094804128
72,1.0,5.0,25.0,0.7,100.0,87.0,0.45566651225090027
73,1.0,5.0,25.0,0.7,1000.0,58.0,0.44721710681915283
74,1.0,5.0,25.0,0.7,10000.0,81.0,0.41055439909299213
75,1.0,5.0,30.0,0.3,0.0,92.0,0.12923762450615564
76,1.0,5.0,30.0,0.3,10.0,109.0,0.1393591562906901
77,1.0,5.0,30.0,0.3,100.0,110.0,0.17453414698441824
78,1.0,5.0,30.0,0.3,1000.0,92.0,0.2285923014084498
79,1.0,5.0,30.0,0.3,10000.0,135.0,0.13200782984495163
80,1.0,5.0,30.0,0.5,0.0,103.0,0.20862198372681937
81,1.0,5.0,30.0,0.5,10.0,116.0,0.2171225349108378
82,1.0,5.0,30.0,0.5,100.0,87.0,0.277822881937027
83,1.0,5.0,30.0,0.5,1000.0,52.0,0.3080242872238159
84,1.0,5.0,30.0,0.5,10000.0,100.0,0.23302426437536874
85,1.0,5.0,30.0,0.7,0.0,81.0,0.39380936821301776
86,1.0,5.0,30.0,0.7,10.0,48.0,0.46654752890268963
87,1.0,5.0,30.0,0.7,100.0,101.0,0.4745790660381317
88,1.0,5.0,30.0,0.7,1000.0,58.0,0.4384594261646271
89,1.0,5.0,30.0,0.7,10000.0,137.0,0.39004945755004883
90,1.0,5.0,35.0,0.3,0.0,101.0,0.16551279524962106
91,1.0,5.0,35.0,0.3,10.0,86.0,0.14388677229483923
92,1.0,5.0,35.0,0.3,100.0,95.0,0.1459026907881101
93,1.0,5.0,35.0,0.3,1000.0,135.0,0.2015713800986608
94,1.0,5.0,35.0,0.3,10000.0,107.0,0.13521306465069452
95,1.0,5.0,35.0,0.5,0.0,81.0,0.21537979443868002
96,1.0,5.0,35.0,0.5,10.0,85.0,0.24561292926470438
97,1.0,5.0,35.0,0.5,100.0,95.0,0.2100557784239451
98,1.0,5.0,35.0,0.5,1000.0,76.0,0.2943059802055359
99,1.0,5.0,35.0,0.5,10000.0,94.0,0.21721297005812326
100,1.0,5.0,35.0,0.7,0.0,76.0,0.3736495276292165
101,1.0,5.0,35.0,0.7,10.0,42.0,0.4791688124338786
102,1.0,5.0,35.0,0.7,100.0,81.0,0.40958823760350543
103,1.0,5.0,35.0,0.7,1000.0,81.0,0.4201059142748515
104,1.0,5.0,35.0,0.7,10000.0,81.0,0.40912680824597675
105,1.0,5.0,40.0,0.3,0.0,92.0,0.13348156213760376
106,1.0,5.0,40.0,0.3,10.0,136.0,0.14095637450615564
107,1.0,5.0,40.0,0.3,100.0,121.0,0.1534175549944242
108,1.0,5.0,40.0,0.3,1000.0,134.0,0.16879964371522269
109,1.0,5.0,40.0,0.3,10000.0,126.0,0.13890255987644196
110,1.0,5.0,40.0,0.5,0.0,101.0,0.20678123831748962
111,1.0,5.0,40.0,0.5,10.0,136.0,0.1999964863061905
112,1.0,5.0,40.0,0.5,100.0,122.0,0.22323906421661377
113,1.0,5.0,40.0,0.5,1000.0,68.0,0.32380441824595135
114,1.0,5.0,40.0,0.5,10000.0,58.0,0.30864327649275464
115,1.0,5.0,40.0,0.7,0.0,101.0,0.36966262261072796
116,1.0,5.0,40.0,0.7,10.0,98.0,0.36602593461672467
117,1.0,5.0,40.0,0.7,100.0,129.0,0.39248282710711163
118,1.0,5.0,40.0,0.7,1000.0,45.0,0.4781317114830017
119,1.0,5.0,40.0,0.7,10000.0,58.0,0.5201051930586497
120,1.0,5.0,45.0,0.3,0.0,92.0,0.137482816974322
121,1.0,5.0,45.0,0.3,10.0,123.0,0.1480004241069158
122,1.0,5.0,45.0,0.3,100.0,85.0,0.14637252936760584
123,1.0,5.0,45.0,0.3,1000.0,60.0,0.243800217906634
124,1.0,5.0,45.0,0.3,10000.0,109.0,0.13763000816106796
125,1.0,5.0,45.0,0.5,0.0,82.0,0.21863381564617157
126,1.0,5.0,45.0,0.5,10.0,113.0,0.27253275612990063
127,1.0,5.0,45.0,0.5,100.0,87.0,0.21883645157019296
128,1.0,5.0,45.0,0.5,1000.0,114.0,0.2898401121298472
129,1.0,5.0,45.0,0.5,10000.0,108.0,0.21236248314380646
130,1.0,5.0,45.0,0.7,0.0,116.0,0.3670348624388377
131,1.0,5.0,45.0,0.7,10.0,49.0,0.4880598982175191
132,1.0,5.0,45.0,0.7,100.0,133.0,0.37726824482282
133,1.0,5.0,45.0,0.7,1000.0,52.0,0.45276713371276855
134,1.0,5.0,45.0,0.7,10000.0,131.0,0.3142724484205246
135,1.0,5.0,50.0,0.3,0.0,111.0,0.14119656880696616
136,1.0,5.0,50.0,0.3,10.0,107.0,0.15875471631685892
137,1.0,5.0,50.0,0.3,100.0,85.0,0.15177619208892187
138,1.0,5.0,50.0,0.3,1000.0,92.0,0.23446672161420187
139,1.0,5.0,50.0,0.3,10000.0,141.0,0.15614768862724304
140,1.0,5.0,50.0,0.5,0.0,102.0,0.23425886034965515
141,1.0,5.0,50.0,0.5,10.0,96.0,0.2598708818356196
142,1.0,5.0,50.0,0.5,100.0,84.0,0.2458907018105189
143,1.0,5.0,50.0,0.5,1000.0,72.0,0.3080148895581563
144,1.0,5.0,50.0,0.5,10000.0,64.0,0.2979820470015208
145,1.0,5.0,50.0,0.7,0.0,114.0,0.435435692469279
146,1.0,5.0,50.0,0.7,10.0,133.0,0.4356060226758321
147,1.0,5.0,50.0,0.7,100.0,117.0,0.42084166407585144
148,1.0,5.0,50.0,0.7,1000.0,36.0,0.4453706343968709
149,1.0,5.0,50.0,0.7,10000.0,63.0,0.4596823751926422
150,2.0,5.0,5.0,0.3,0.0,169.0,0.16950117548306784
151,2.0,5.0,5.0,0.3,10.0,266.0,0.5673835972944895
152,2.0,5.0,5.0,0.3,100.0,174.0,0.18389851848284403
153,2.0,5.0,5.0,0.3,1000.0,191.0,0.23473434150218964
154,2.0,5.0,5.0,0.3,10000.0,129.0,0.18167327841122946
155,2.0,5.0,5.0,0.5,0.0,146.0,0.28373263279596966
156,2.0,5.0,5.0,0.5,10.0,264.0,0.6513237953186035
157,2.0,5.0,5.0,0.5,100.0,107.0,0.3234570274750392
158,2.0,5.0,5.0,0.5,1000.0,187.0,0.30034829179445904
159,2.0,5.0,5.0,0.5,10000.0,85.0,0.32462627192338306
160,2.0,5.0,5.0,0.7,0.0,154.0,0.4892069200674693
161,2.0,5.0,5.0,0.7,10.0,175.0,0.7939909299214681
162,2.0,5.0,5.0,0.7,100.0,104.0,0.5364138384660085
163,2.0,5.0,5.0,0.7,1000.0,123.0,0.5309109191099802
164,2.0,5.0,5.0,0.7,10000.0,100.0,0.547255128622055
165,2.0,5.0,10.0,0.3,0.0,127.0,0.14742794881264368
166,2.0,5.0,10.0,0.3,10.0,139.0,0.11604587982098262
167,2.0,5.0,10.0,0.3,100.0,140.0,0.1503700315952301
168,2.0,5.0,10.0,0.3,1000.0,79.0,0.25119129319985706
169,2.0,5.0,10.0,0.3,10000.0,99.0,0.177516241868337
170,2.0,5.0,10.0,0.5,0.0,134.0,0.22051225105921426
171,2.0,5.0,10.0,0.5,10.0,113.0,0.17732500036557516
172,2.0,5.0,10.0,0.5,100.0,107.0,0.22209576268990835
173,2.0,5.0,10.0,0.5,1000.0,135.0,0.2311374843120575
174,2.0,5.0,10.0,0.5,10000.0,113.0,0.19777806599934897
175,2.0,5.0,10.0,0.7,0.0,125.0,0.39617325862248737
176,2.0,5.0,10.0,0.7,10.0,110.0,0.36007551352183026
177,2.0,5.0,10.0,0.7,100.0,94.0,0.38722086946169537
178,2.0,5.0,10.0,0.7,1000.0,97.0,0.4877638320128123
179,2.0,5.0,10.0,0.7,10000.0,114.0,0.4166158338387807
180,2.0,5.0,15.0,0.3,0.0,109.0,0.14067929983139038
181,2.0,5.0,15.0,0.3,10.0,111.0,0.14575860649347305
182,2.0,5.0,15.0,0.3,100.0,241.0,0.1255111719171206
183,2.0,5.0,15.0,0.3,1000.0,177.0,0.1679733842611313
184,2.0,5.0,15.0,0.3,10000.0,135.0,0.12494182835022609
185,2.0,5.0,15.0,0.5,0.0,126.0,0.19863048195838928
186,2.0,5.0,15.0,0.5,10.0,116.0,0.19469698270161948
187,2.0,5.0,15.0,0.5,100.0,118.0,0.20455837746461233
188,2.0,5.0,15.0,0.5,1000.0,156.0,0.2507081826527913
189,2.0,5.0,15.0,0.5,10000.0,116.0,0.18879702190558115
190,2.0,5.0,15.0,0.7,0.0,83.0,0.3352331221103668
191,2.0,5.0,15.0,0.7,10.0,69.0,0.3632608155409495
192,2.0,5.0,15.0,0.7,100.0,120.0,0.3409705807765325
193,2.0,5.0,15.0,0.7,1000.0,86.0,0.42291973034540814
194,2.0,5.0,15.0,0.7,10000.0,108.0,0.3601013620694478
195,2.0,5.0,20.0,0.3,0.0,179.0,0.11857272684574127
196,2.0,5.0,20.0,0.3,10.0,89.0,0.14919044077396393
197,2.0,5.0,20.0,0.3,100.0,134.0,0.1422725940744082
198,2.0,5.0,20.0,0.3,1000.0,180.0,0.13669197261333466
199,2.0,5.0,20.0,0.3,10000.0,117.0,0.12401202817757924
200,2.0,5.0,20.0,0.5,0.0,138.0,0.18536214033762613
201,2.0,5.0,20.0,0.5,10.0,104.0,0.19521933297316232
202,2.0,5.0,20.0,0.5,100.0,124.0,0.1908844361702601
203,2.0,5.0,20.0,0.5,1000.0,135.0,0.23915508389472961
204,2.0,5.0,20.0,0.5,10000.0,117.0,0.1706994871298472
205,2.0,5.0,20.0,0.7,0.0,126.0,0.3478659490744273
206,2.0,5.0,20.0,0.7,10.0,107.0,0.32370640337467194
207,2.0,5.0,20.0,0.7,100.0,112.0,0.32579795519510907
208,2.0,5.0,20.0,0.7,1000.0,99.0,0.4202503561973572
209,2.0,5.0,20.0,0.7,10000.0,97.0,0.3108114202817281
210,2.0,5.0,25.0,0.3,0.0,124.0,0.1610835393269857
211,2.0,5.0,25.0,0.3,10.0,109.0,0.1592226723829905
212,2.0,5.0,25.0,0.3,100.0,110.0,0.1372899462779363
213,2.0,5.0,25.0,0.3,1000.0,154.0,0.13290909181038538
214,2.0,5.0,25.0,0.3,10000.0,72.0,0.13205510129531225
215,2.0,5.0,25.0,0.5,0.0,139.0,0.2263567497332891
216,2.0,5.0,25.0,0.5,10.0,96.0,0.22998384634653726
217,2.0,5.0,25.0,0.5,100.0,84.0,0.21134618918100992
218,2.0,5.0,25.0,0.5,1000.0,154.0,0.19104128579298654
219,2.0,5.0,25.0,0.5,10000.0,81.0,0.17859197656313577
220,2.0,5.0,25.0,0.7,0.0,87.0,0.36186551054318744
221,2.0,5.0,25.0,0.7,10.0,96.0,0.3703410228093465
222,2.0,5.0,25.0,0.7,100.0,104.0,0.392468124628067
223,2.0,5.0,25.0,0.7,1000.0,154.0,0.34416497250398
224,2.0,5.0,25.0,0.7,10000.0,84.0,0.3400181631247203
225,2.0,5.0,30.0,0.3,0.0,92.0,0.11903085311253865
226,2.0,5.0,30.0,0.3,10.0,103.0,0.14033344388008118
227,2.0,5.0,30.0,0.3,100.0,108.0,0.13065807272990546
228,2.0,5.0,30.0,0.3,1000.0,177.0,0.12288601944843928
229,2.0,5.0,30.0,0.3,10000.0,106.0,0.12963694830735525
230,2.0,5.0,30.0,0.5,0.0,93.0,0.19710839291413626
231,2.0,5.0,30.0,0.5,10.0,94.0,0.17866278191407522
232,2.0,5.0,30.0,0.5,100.0,120.0,0.18591819206873575
233,2.0,5.0,30.0,0.5,1000.0,74.0,0.26774998505910236
234,2.0,5.0,30.0,0.5,10000.0,85.0,0.18301465610663095
235,2.0,5.0,30.0,0.7,0.0,80.0,0.37156837185223895
236,2.0,5.0,30.0,0.7,10.0,96.0,0.30879007776578266
237,2.0,5.0,30.0,0.7,100.0,85.0,0.31151726345221203
238,2.0,5.0,30.0,0.7,1000.0,68.0,0.4104072054227193
239,2.0,5.0,30.0,0.7,10000.0,75.0,0.3338131457567215
240,2.0,5.0,35.0,0.3,0.0,130.0,0.12930434942245483
241,2.0,5.0,35.0,0.3,10.0,94.0,0.13900832335154215
242,2.0,5.0,35.0,0.3,100.0,121.0,0.1301336015264193
243,2.0,5.0,35.0,0.3,1000.0,126.0,0.13967577864726385
244,2.0,5.0,35.0,0.3,10000.0,96.0,0.1379967083533605
245,2.0,5.0,35.0,0.5,0.0,101.0,0.1979909141858419
246,2.0,5.0,35.0,0.5,10.0,85.0,0.18619056046009064
247,2.0,5.0,35.0,0.5,100.0,76.0,0.18761984507242838
248,2.0,5.0,35.0,0.5,1000.0,126.0,0.24868273238341013
249,2.0,5.0,35.0,0.5,10000.0,82.0,0.20215240120887756
250,2.0,5.0,35.0,0.7,0.0,110.0,0.29913794497648877
251,2.0,5.0,35.0,0.7,10.0,76.0,0.32196860512097675
252,2.0,5.0,35.0,0.7,100.0,104.0,0.35565200944741565
253,2.0,5.0,35.0,0.7,1000.0,107.0,0.40612634023030597
254,2.0,5.0,35.0,0.7,10000.0,82.0,0.4013613859812419
255,2.0,5.0,40.0,0.3,0.0,110.0,0.13264447450637817
256,2.0,5.0,40.0,0.3,10.0,94.0,0.12768683085838953
257,2.0,5.0,40.0,0.3,100.0,82.0,0.14788483579953512
258,2.0,5.0,40.0,0.3,1000.0,137.0,0.19709623356660208
259,2.0,5.0,40.0,0.3,10000.0,94.0,0.1474950760602951
260,2.0,5.0,40.0,0.5,0.0,106.0,0.18678395450115204
261,2.0,5.0,40.0,0.5,10.0,96.0,0.18653452396392822
262,2.0,5.0,40.0,0.5,100.0,82.0,0.22099930047988892
263,2.0,5.0,40.0,0.5,1000.0,121.0,0.23340849578380585
264,2.0,5.0,40.0,0.5,10000.0,77.0,0.22550816337267557
265,2.0,5.0,40.0,0.7,0.0,63.0,0.3994520803292592
266,2.0,5.0,40.0,0.7,10.0,70.0,0.38401393095652264
267,2.0,5.0,40.0,0.7,100.0,69.0,0.354842076698939
268,2.0,5.0,40.0,0.7,1000.0,69.0,0.40143340826034546
269,2.0,5.0,40.0,0.7,10000.0,74.0,0.4307500720024109
270,2.0,5.0,45.0,0.3,0.0,104.0,0.13616546243429184
271,2.0,5.0,45.0,0.3,10.0,94.0,0.1415168841679891
272,2.0,5.0,45.0,0.3,100.0,121.0,0.11902528007825215
273,2.0,5.0,45.0,0.3,1000.0,102.0,0.14334485431512198
274,2.0,5.0,45.0,0.3,10000.0,110.0,0.1385276069243749
275,2.0,5.0,45.0,0.5,0.0,100.0,0.19205590585867563
276,2.0,5.0,45.0,0.5,10.0,63.0,0.19374771416187286
277,2.0,5.0,45.0,0.5,100.0,104.0,0.17679686844348907
278,2.0,5.0,45.0,0.5,1000.0,87.0,0.25646881262461346
279,2.0,5.0,45.0,0.5,10000.0,84.0,0.2102919965982437
280,2.0,5.0,45.0,0.7,0.0,82.0,0.3207311729590098
281,2.0,5.0,45.0,0.7,10.0,69.0,0.3460591236750285
282,2.0,5.0,45.0,0.7,100.0,82.0,0.3551876097917557
283,2.0,5.0,45.0,0.7,1000.0,81.0,0.38486841320991516
284,2.0,5.0,45.0,0.7,10000.0,81.0,0.33755094309647876
285,2.0,5.0,50.0,0.3,0.0,124.0,0.131634292503198
286,2.0,5.0,50.0,0.3,10.0,56.0,0.15413000186284384
287,2.0,5.0,50.0,0.3,100.0,80.0,0.1549481824040413
288,2.0,5.0,50.0,0.3,1000.0,99.0,0.14389044791460037
289,2.0,5.0,50.0,0.3,10000.0,67.0,0.16739149888356528
290,2.0,5.0,50.0,0.5,0.0,104.0,0.1805915186802546
291,2.0,5.0,50.0,0.5,10.0,56.0,0.2283162772655487
292,2.0,5.0,50.0,0.5,100.0,72.0,0.22021077573299408
293,2.0,5.0,50.0,0.5,1000.0,91.0,0.2204663703838984
294,2.0,5.0,50.0,0.5,10000.0,85.0,0.25202329953511554
295,2.0,5.0,50.0,0.7,0.0,89.0,0.44582228859265643
296,2.0,5.0,50.0,0.7,10.0,42.0,0.44551175832748413
297,2.0,5.0,50.0,0.7,100.0,84.0,0.35905132194360095
298,2.0,5.0,50.0,0.7,1000.0,81.0,0.3786072830359141
299,2.0,5.0,50.0,0.7,10000.0,85.0,0.41444024443626404
300,1.0,10.0,5.0,0.3,0.0,143.0,0.14050069202979407
301,1.0,10.0,5.0,0.3,10.0,113.0,0.13487446556488672
302,1.0,10.0,5.0,0.3,100.0,109.0,0.1518219312032064
303,1.0,10.0,5.0,0.3,1000.0,79.0,0.14837676038344702
304,1.0,10.0,5.0,0.3,10000.0,133.0,0.13507063438495
305,1.0,10.0,5.0,0.5,0.0,89.0,0.2793191870053609
306,1.0,10.0,5.0,0.5,10.0,96.0,0.2318312575419744
307,1.0,10.0,5.0,0.5,100.0,150.0,0.22959712147712708
308,1.0,10.0,5.0,0.5,1000.0,107.0,0.2714892129103343
309,1.0,10.0,5.0,0.5,10000.0,85.0,0.250694861014684
310,1.0,10.0,5.0,0.7,0.0,67.0,0.44424209992090863
311,1.0,10.0,5.0,0.7,10.0,82.0,0.4144965906937917
312,1.0,10.0,5.0,0.7,100.0,111.0,0.4375072618325551
313,1.0,10.0,5.0,0.7,1000.0,65.0,0.4526224335034688
314,1.0,10.0,5.0,0.7,10000.0,76.0,0.48621290922164917
315,1.0,10.0,10.0,0.3,0.0,89.0,0.13806439439455667
316,1.0,10.0,10.0,0.3,10.0,103.0,0.16644187271595
317,1.0,10.0,10.0,0.3,100.0,144.0,0.11195949961741765
318,1.0,10.0,10.0,0.3,1000.0,147.0,0.1241153155763944
319,1.0,10.0,10.0,0.3,10000.0,124.0,0.18539355198542276
320,1.0,10.0,10.0,0.5,0.0,113.0,0.19277770817279816
321,1.0,10.0,10.0,0.5,10.0,92.0,0.24149580796559653
322,1.0,10.0,10.0,0.5,100.0,121.0,0.17442839592695236
323,1.0,10.0,10.0,0.5,1000.0,97.0,0.2097524752219518
324,1.0,10.0,10.0,0.5,10000.0,85.0,0.20580989122390747
325,1.0,10.0,10.0,0.7,0.0,71.0,0.3891972601413727
326,1.0,10.0,10.0,0.7,10.0,80.0,0.3355778902769089
327,1.0,10.0,10.0,0.7,100.0,95.0,0.3250711460908254
328,1.0,10.0,10.0,0.7,1000.0,65.0,0.3777109980583191
329,1.0,10.0,10.0,0.7,10000.0,86.0,0.3625546197096507
330,1.0,10.0,15.0,0.3,0.0,68.0,0.13005832334359488
331,1.0,10.0,15.0,0.3,10.0,81.0,0.11228718360265096
332,1.0,10.0,15.0,0.3,100.0,118.0,0.10830631603797276
333,1.0,10.0,15.0,0.3,1000.0,99.0,0.1303915431102117
334,1.0,10.0,15.0,0.3,10000.0,79.0,0.12527904162804285
335,1.0,10.0,15.0,0.5,0.0,107.0,0.15546064575513205
336,1.0,10.0,15.0,0.5,10.0,116.0,0.15026569366455078
337,1.0,10.0,15.0,0.5,100.0,104.0,0.15972110629081726
338,1.0,10.0,15.0,0.5,1000.0,98.0,0.18582256138324738
339,1.0,10.0,15.0,0.5,10000.0,58.0,0.17472846309343973
340,1.0,10.0,15.0,0.7,0.0,58.0,0.3602200547854106
341,1.0,10.0,15.0,0.7,10.0,157.0,0.24223420023918152
342,1.0,10.0,15.0,0.7,100.0,113.0,0.26717259486516315
343,1.0,10.0,15.0,0.7,1000.0,108.0,0.3008580207824707
344,1.0,10.0,15.0,0.7,10000.0,39.0,0.3833281397819519
345,1.0,10.0,20.0,0.3,0.0,138.0,0.11427976439396541
346,1.0,10.0,20.0,0.3,10.0,71.0,0.12084835767745972
347,1.0,10.0,20.0,0.3,100.0,95.0,0.1179848238825798
348,1.0,10.0,20.0,0.3,1000.0,101.0,0.11553514748811722
349,1.0,10.0,20.0,0.3,10000.0,82.0,0.13155039151509604
350,1.0,10.0,20.0,0.5,0.0,82.0,0.17363903919855753
351,1.0,10.0,20.0,0.5,10.0,77.0,0.15892896056175232
352,1.0,10.0,20.0,0.5,100.0,73.0,0.15887734293937683
353,1.0,10.0,20.0,0.5,1000.0,96.0,0.15358804166316986
354,1.0,10.0,20.0,0.5,10000.0,75.0,0.16223258773485819
355,1.0,10.0,20.0,0.7,0.0,75.0,0.306384081641833
356,1.0,10.0,20.0,0.7,10.0,110.0,0.24256825943787894
357,1.0,10.0,20.0,0.7,100.0,95.0,0.23972247540950775
358,1.0,10.0,20.0,0.7,1000.0,96.0,0.2666328549385071
359,1.0,10.0,20.0,0.7,10000.0,110.0,0.24607901771863303
360,1.0,10.0,25.0,0.3,0.0,110.0,0.11675858994325002
361,1.0,10.0,25.0,0.3,10.0,77.0,0.1121668020884196
362,1.0,10.0,25.0,0.3,100.0,101.0,0.12502200653155646
363,1.0,10.0,25.0,0.3,1000.0,82.0,0.11884150157372157
364,1.0,10.0,25.0,0.3,10000.0,66.0,0.10628276815017064
365,1.0,10.0,25.0,0.5,0.0,105.0,0.14800179998079935
366,1.0,10.0,25.0,0.5,10.0,91.0,0.15945969025293985
367,1.0,10.0,25.0,0.5,100.0,87.0,0.14704848577578863
368,1.0,10.0,25.0,0.5,1000.0,82.0,0.16787430147329965
369,1.0,10.0,25.0,0.5,10000.0,82.0,0.1569364865620931
370,1.0,10.0,25.0,0.7,0.0,127.0,0.22338217496871948
371,1.0,10.0,25.0,0.7,10.0,91.0,0.2572239935398102
372,1.0,10.0,25.0,0.7,100.0,85.0,0.24071036775906882
373,1.0,10.0,25.0,0.7,1000.0,69.0,0.2851857741673787
374,1.0,10.0,25.0,0.7,10000.0,98.0,0.252949337164561
375,1.0,10.0,30.0,0.3,0.0,68.0,0.1124109427134196
376,1.0,10.0,30.0,0.3,10.0,135.0,0.14349143703778586
377,1.0,10.0,30.0,0.3,100.0,84.0,0.10761106759309769
378,1.0,10.0,30.0,0.3,1000.0,83.0,0.11878908922274907
379,1.0,10.0,30.0,0.3,10000.0,111.0,0.10799010594685872
380,1.0,10.0,30.0,0.5,0.0,85.0,0.14748142411311468
381,1.0,10.0,30.0,0.5,10.0,95.0,0.1489773690700531
382,1.0,10.0,30.0,0.5,100.0,104.0,0.13600705315669379
383,1.0,10.0,30.0,0.5,1000.0,122.0,0.1436368003487587
384,1.0,10.0,30.0,0.5,10000.0,122.0,0.15204199155171713
385,1.0,10.0,30.0,0.7,0.0,101.0,0.24117102225621542
386,1.0,10.0,30.0,0.7,10.0,101.0,0.2306342969338099
387,1.0,10.0,30.0,0.7,100.0,91.0,0.211424320936203
388,1.0,10.0,30.0,0.7,1000.0,61.0,0.3200162649154663
389,1.0,10.0,30.0,0.7,10000.0,76.0,0.2413801302512487
390,1.0,10.0,35.0,0.3,0.0,68.0,0.12605531265338263
391,1.0,10.0,35.0,0.3,10.0,100.0,0.10844543824593227
392,1.0,10.0,35.0,0.3,100.0,121.0,0.11627898116906484
393,1.0,10.0,35.0,0.3,1000.0,100.0,0.12011663615703583
394,1.0,10.0,35.0,0.3,10000.0,82.0,0.12249780942996343
395,1.0,10.0,35.0,0.5,0.0,69.0,0.15487837294737497
396,1.0,10.0,35.0,0.5,10.0,90.0,0.1397459035118421
397,1.0,10.0,35.0,0.5,100.0,126.0,0.12975983818372092
398,1.0,10.0,35.0,0.5,1000.0,98.0,0.1597994565963745
399,1.0,10.0,35.0,0.5,10000.0,82.0,0.1617989589770635
400,1.0,10.0,35.0,0.7,0.0,69.0,0.2287120521068573
401,1.0,10.0,35.0,0.7,10.0,70.0,0.22850154340267181
402,1.0,10.0,35.0,0.7,100.0,137.0,0.23011424640814462
403,1.0,10.0,35.0,0.7,1000.0,102.0,0.23407495021820068
404,1.0,10.0,35.0,0.7,10000.0,75.0,0.23977009455362955
405,1.0,10.0,40.0,0.3,0.0,101.0,0.09944348782300949
406,1.0,10.0,40.0,0.3,10.0,90.0,0.10500640173753102
407,1.0,10.0,40.0,0.3,100.0,141.0,0.10486339281002681
408,1.0,10.0,40.0,0.3,1000.0,72.0,0.11094335714975993
409,1.0,10.0,40.0,0.3,10000.0,96.0,0.10517176489035289
410,1.0,10.0,40.0,0.5,0.0,68.0,0.14706061283747354
411,1.0,10.0,40.0,0.5,10.0,52.0,0.17305112878481546
412,1.0,10.0,40.0,0.5,100.0,86.0,0.13578311850627264
413,1.0,10.0,40.0,0.5,1000.0,82.0,0.1555369645357132
414,1.0,10.0,40.0,0.5,10000.0,96.0,0.13498280694087347
415,1.0,10.0,40.0,0.7,0.0,75.0,0.23243755102157593
416,1.0,10.0,40.0,0.7,10.0,79.0,0.20588552951812744
417,1.0,10.0,40.0,0.7,100.0,136.0,0.18815522889296213
418,1.0,10.0,40.0,0.7,1000.0,79.0,0.239983802040418
419,1.0,10.0,40.0,0.7,10000.0,58.0,0.28866248826185864
420,1.0,10.0,45.0,0.3,0.0,68.0,0.11882346371809642
421,1.0,10.0,45.0,0.3,10.0,91.0,0.11153759558995564
422,1.0,10.0,45.0,0.3,100.0,84.0,0.1156018575032552
423,1.0,10.0,45.0,0.3,1000.0,82.0,0.11588591585556667
424,1.0,10.0,45.0,0.3,10000.0,93.0,0.11129857103029887
425,1.0,10.0,45.0,0.5,0.0,69.0,0.14597342411677042
426,1.0,10.0,45.0,0.5,10.0,76.0,0.13419233510891596
427,1.0,10.0,45.0,0.5,100.0,87.0,0.14327197273572287
428,1.0,10.0,45.0,0.5,1000.0,72.0,0.15719070533911386
429,1.0,10.0,45.0,0.5,10000.0,85.0,0.15280057986577353
430,1.0,10.0,45.0,0.7,0.0,80.0,0.220919797817866
431,1.0,10.0,45.0,0.7,10.0,97.0,0.20178440709908804
432,1.0,10.0,45.0,0.7,100.0,66.0,0.24028854072093964
433,1.0,10.0,45.0,0.7,1000.0,102.0,0.2239208221435547
434,1.0,10.0,45.0,0.7,10000.0,118.0,0.23880753417809805
435,1.0,10.0,50.0,0.3,0.0,111.0,0.10525176922480266
436,1.0,10.0,50.0,0.3,10.0,71.0,0.1085038607319196
437,1.0,10.0,50.0,0.3,100.0,142.0,0.1184630145629247
438,1.0,10.0,50.0,0.3,1000.0,88.0,0.10592635720968246
439,1.0,10.0,50.0,0.3,10000.0,69.0,0.11729741841554642
440,1.0,10.0,50.0,0.5,0.0,69.0,0.1450111319621404
441,1.0,10.0,50.0,0.5,10.0,76.0,0.13887091477711996
442,1.0,10.0,50.0,0.5,100.0,117.0,0.16653610269228616
443,1.0,10.0,50.0,0.5,1000.0,60.0,0.16079573333263397
444,1.0,10.0,50.0,0.5,10000.0,84.0,0.14087388416131338
445,1.0,10.0,50.0,0.7,0.0,114.0,0.20126953721046448
446,1.0,10.0,50.0,0.7,10.0,80.0,0.21559194227059683
447,1.0,10.0,50.0,0.7,100.0,106.0,0.2828834156195323
448,1.0,10.0,50.0,0.7,1000.0,61.0,0.2693345546722412
449,1.0,10.0,50.0,0.7,10000.0,112.0,0.2268603096405665
450,2.0,10.0,5.0,0.3,0.0,89.0,0.15521463503440222
451,2.0,10.0,5.0,0.3,10.0,118.0,0.17615295946598053
452,2.0,10.0,5.0,0.3,100.0,66.0,0.2396131306886673
453,2.0,10.0,5.0,0.3,1000.0,142.0,0.22294496496518454
454,2.0,10.0,5.0,0.3,10000.0,94.0,0.13747447480758032
455,2.0,10.0,5.0,0.5,0.0,95.0,0.24828766286373138
456,2.0,10.0,5.0,0.5,10.0,76.0,0.3248210847377777
457,2.0,10.0,5.0,0.5,100.0,86.0,0.23414625227451324
458,2.0,10.0,5.0,0.5,1000.0,86.0,0.33468567331631977
459,2.0,10.0,5.0,0.5,10000.0,69.0,0.2521047641833623
460,2.0,10.0,5.0,0.7,0.0,80.0,0.45790643493334454
461,2.0,10.0,5.0,0.7,10.0,76.0,0.4604619840780894
462,2.0,10.0,5.0,0.7,100.0,84.0,0.3921294113000234
463,2.0,10.0,5.0,0.7,1000.0,118.0,0.5649662514527639
464,2.0,10.0,5.0,0.7,10000.0,58.0,0.473224401473999
465,2.0,10.0,10.0,0.3,0.0,92.0,0.11887671053409576
466,2.0,10.0,10.0,0.3,10.0,109.0,0.10667046407858531
467,2.0,10.0,10.0,0.3,100.0,109.0,0.13133475184440613
468,2.0,10.0,10.0,0.3,1000.0,106.0,0.10558474063873291
469,2.0,10.0,10.0,0.3,10000.0,82.0,0.1273482491572698
470,2.0,10.0,10.0,0.5,0.0,92.0,0.19153665006160736
471,2.0,10.0,10.0,0.5,10.0,110.0,0.16060722370942435
472,2.0,10.0,10.0,0.5,100.0,109.0,0.1846621036529541
473,2.0,10.0,10.0,0.5,1000.0,104.0,0.16451009114583334
474,2.0,10.0,10.0,0.5,10000.0,85.0,0.1796539972225825
475,2.0,10.0,10.0,0.7,0.0,113.0,0.32255146900812787
476,2.0,10.0,10.0,0.7,10.0,119.0,0.26598115265369415
477,2.0,10.0,10.0,0.7,100.0,68.0,0.3332648426294327
478,2.0,10.0,10.0,0.7,1000.0,90.0,0.3271064857641856
479,2.0,10.0,10.0,0.7,10000.0,80.0,0.3248733977476756
480,2.0,10.0,15.0,0.3,0.0,109.0,0.1237661490837733
481,2.0,10.0,15.0,0.3,10.0,73.0,0.11405928432941437
482,2.0,10.0,15.0,0.3,100.0,105.0,0.11244249592224757
483,2.0,10.0,15.0,0.3,1000.0,134.0,0.11180446793635686
484,2.0,10.0,15.0,0.3,10000.0,87.0,0.12872219582398733
485,2.0,10.0,15.0,0.5,0.0,58.0,0.16427755852540335
486,2.0,10.0,15.0,0.5,10.0,84.0,0.15599590043226877
487,2.0,10.0,15.0,0.5,100.0,90.0,0.15925956765810648
488,2.0,10.0,15.0,0.5,1000.0,77.0,0.15299827853838602
489,2.0,10.0,15.0,0.5,10000.0,82.0,0.16239213198423386
490,2.0,10.0,15.0,0.7,0.0,58.0,0.26816310981909436
491,2.0,10.0,15.0,0.7,10.0,73.0,0.267378772298495
492,2.0,10.0,15.0,0.7,100.0,129.0,0.2376484970251719
493,2.0,10.0,15.0,0.7,1000.0,61.0,0.2856392115354538
494,2.0,10.0,15.0,0.7,10000.0,85.0,0.24321482082207999
495,2.0,10.0,20.0,0.3,0.0,66.0,0.12451218316952388
496,2.0,10.0,20.0,0.3,10.0,92.0,0.11583366245031357
497,2.0,10.0,20.0,0.3,100.0,84.0,0.11587860683600108
498,2.0,10.0,20.0,0.3,1000.0,90.0,0.0902250533302625
499,2.0,10.0,20.0,0.3,10000.0,100.0,0.11071956406037013
500,2.0,10.0,20.0,0.5,0.0,68.0,0.1592049847046534
501,2.0,10.0,20.0,0.5,10.0,73.0,0.14660440882047018
502,2.0,10.0,20.0,0.5,100.0,85.0,0.13232075423002243
503,2.0,10.0,20.0,0.5,1000.0,79.0,0.13057100772857666
504,2.0,10.0,20.0,0.5,10000.0,116.0,0.1280329922835032
505,2.0,10.0,20.0,0.7,0.0,80.0,0.22010131676991782
506,2.0,10.0,20.0,0.7,10.0,54.0,0.2246404985586802
507,2.0,10.0,20.0,0.7,100.0,68.0,0.22732949256896973
508,2.0,10.0,20.0,0.7,1000.0,65.0,0.23192219932874045
509,2.0,10.0,20.0,0.7,10000.0,80.0,0.24056545396645865
510,2.0,10.0,25.0,0.3,0.0,97.0,0.1053723692893982
511,2.0,10.0,25.0,0.3,10.0,106.0,0.09054817010958989
512,2.0,10.0,25.0,0.3,100.0,101.0,0.11017778764168422
513,2.0,10.0,25.0,0.3,1000.0,120.0,0.09519477436939876
514,2.0,10.0,25.0,0.3,10000.0,82.0,0.11046093702316284
515,2.0,10.0,25.0,0.5,0.0,68.0,0.14358989397684732
516,2.0,10.0,25.0,0.5,10.0,73.0,0.12782112260659537
517,2.0,10.0,25.0,0.5,100.0,87.0,0.13943813989559808
518,2.0,10.0,25.0,0.5,1000.0,121.0,0.12366263071695964
519,2.0,10.0,25.0,0.5,10000.0,113.0,0.1419247736533483
520,2.0,10.0,25.0,0.7,0.0,80.0,0.21917575597763062
521,2.0,10.0,25.0,0.7,10.0,100.0,0.19896278778711954
522,2.0,10.0,25.0,0.7,100.0,116.0,0.1974708636601766
523,2.0,10.0,25.0,0.7,1000.0,61.0,0.24193577468395233
524,2.0,10.0,25.0,0.7,10000.0,75.0,0.2391678790251414
525,2.0,10.0,30.0,0.3,0.0,68.0,0.11296054224173228
526,2.0,10.0,30.0,0.3,10.0,95.0,0.10143566131591797
527,2.0,10.0,30.0,0.3,100.0,97.0,0.12156164149443309
528,2.0,10.0,30.0,0.3,1000.0,82.0,0.0935748020807902
529,2.0,10.0,30.0,0.3,10000.0,65.0,0.11583755165338516
530,2.0,10.0,30.0,0.5,0.0,68.0,0.14040145526329675
531,2.0,10.0,30.0,0.5,10.0,76.0,0.13046723852554956
532,2.0,10.0,30.0,0.5,100.0,83.0,0.13667492816845575
533,2.0,10.0,30.0,0.5,1000.0,60.0,0.14901072531938553
534,2.0,10.0,30.0,0.5,10000.0,82.0,0.1361853281656901
535,2.0,10.0,30.0,0.7,0.0,80.0,0.19689554969469705
536,2.0,10.0,30.0,0.7,10.0,99.0,0.19635208447774252
537,2.0,10.0,30.0,0.7,100.0,78.0,0.2216659883658091
538,2.0,10.0,30.0,0.7,1000.0,61.0,0.23147713641325632
539,2.0,10.0,30.0,0.7,10000.0,85.0,0.199306920170784
540,2.0,10.0,35.0,0.3,0.0,74.0,0.11311983068784077
541,2.0,10.0,35.0,0.3,10.0,96.0,0.1056974654396375
542,2.0,10.0,35.0,0.3,100.0,81.0,0.10305783897638321
543,2.0,10.0,35.0,0.3,1000.0,93.0,0.10305968672037125
544,2.0,10.0,35.0,0.3,10000.0,109.0,0.09648800641298294
545,2.0,10.0,35.0,0.5,0.0,68.0,0.1398582657178243
546,2.0,10.0,35.0,0.5,10.0,76.0,0.14104589074850082
547,2.0,10.0,35.0,0.5,100.0,62.0,0.15674009919166565
548,2.0,10.0,35.0,0.5,1000.0,63.0,0.13486624509096146
549,2.0,10.0,35.0,0.5,10000.0,75.0,0.1268561209241549
550,2.0,10.0,35.0,0.7,0.0,68.0,0.2251128007968267
551,2.0,10.0,35.0,0.7,10.0,73.0,0.18706620236237845
552,2.0,10.0,35.0,0.7,100.0,82.0,0.23188722133636475
553,2.0,10.0,35.0,0.7,1000.0,107.0,0.1745598465204239
554,2.0,10.0,35.0,0.7,10000.0,58.0,0.24896734456221262
555,2.0,10.0,40.0,0.3,0.0,89.0,0.11251107851664226
556,2.0,10.0,40.0,0.3,10.0,91.0,0.10247758527596791
557,2.0,10.0,40.0,0.3,100.0,84.0,0.11516008774439494
558,2.0,10.0,40.0,0.3,1000.0,103.0,0.08958882838487625
559,2.0,10.0,40.0,0.3,10000.0,82.0,0.10629103581110637
560,2.0,10.0,40.0,0.5,0.0,82.0,0.13701093445221582
561,2.0,10.0,40.0,0.5,10.0,76.0,0.12298674136400223
562,2.0,10.0,40.0,0.5,100.0,87.0,0.1509106159210205
563,2.0,10.0,40.0,0.5,1000.0,81.0,0.12699455519517264
564,2.0,10.0,40.0,0.5,10000.0,74.0,0.14791338642438254
565,2.0,10.0,40.0,0.7,0.0,77.0,0.21719918151696524
566,2.0,10.0,40.0,0.7,10.0,70.0,0.19173376262187958
567,2.0,10.0,40.0,0.7,100.0,51.0,0.23418272038300833
568,2.0,10.0,40.0,0.7,1000.0,61.0,0.22423993051052094
569,2.0,10.0,40.0,0.7,10000.0,82.0,0.21235908567905426
570,2.0,10.0,45.0,0.3,0.0,113.0,0.09855469564596812
571,2.0,10.0,45.0,0.3,10.0,91.0,0.1087093527118365
572,2.0,10.0,45.0,0.3,100.0,95.0,0.11237445722023646
573,2.0,10.0,45.0,0.3,1000.0,85.0,0.10048110783100128
574,2.0,10.0,45.0,0.3,10000.0,96.0,0.10876685132582982
575,2.0,10.0,45.0,0.5,0.0,113.0,0.12406636029481888
576,2.0,10.0,45.0,0.5,10.0,59.0,0.13803162922461829
577,2.0,10.0,45.0,0.5,100.0,65.0,0.21287319560845694
578,2.0,10.0,45.0,0.5,1000.0,102.0,0.10848968972762425
579,2.0,10.0,45.0,0.5,10000.0,81.0,0.12155179182688396
580,2.0,10.0,45.0,0.7,0.0,76.0,0.19531688590844473
581,2.0,10.0,45.0,0.7,10.0,62.0,0.20448981722195944
582,2.0,10.0,45.0,0.7,100.0,89.0,0.25855786104997
583,2.0,10.0,45.0,0.7,1000.0,108.0,0.16246579587459564
584,2.0,10.0,45.0,0.7,10000.0,75.0,0.18692292273044586
585,2.0,10.0,50.0,0.3,0.0,85.0,0.11549234390258789
586,2.0,10.0,50.0,0.3,10.0,89.0,0.10253155728181203
587,2.0,10.0,50.0,0.3,100.0,97.0,0.10238596051931381
588,2.0,10.0,50.0,0.3,1000.0,55.0,0.11676262567440669
589,2.0,10.0,50.0,0.3,10000.0,65.0,0.10780604432026546
590,2.0,10.0,50.0,0.5,0.0,82.0,0.1368508661786715
591,2.0,10.0,50.0,0.5,10.0,96.0,0.12252489974101384
592,2.0,10.0,50.0,0.5,100.0,95.0,0.12118847916523616
593,2.0,10.0,50.0,0.5,1000.0,79.0,0.13055364042520523
594,2.0,10.0,50.0,0.5,10000.0,62.0,0.13475936651229858
595,2.0,10.0,50.0,0.7,0.0,61.0,0.23008806010087332
596,2.0,10.0,50.0,0.7,10.0,70.0,0.23204378286997476
597,2.0,10.0,50.0,0.7,100.0,78.0,0.20271962881088257
598,2.0,10.0,50.0,0.7,1000.0,61.0,0.2411275009314219
599,2.0,10.0,50.0,0.7,10000.0,75.0,0.18516499797503153
600,1.0,15.0,5.0,0.3,0.0,86.0,0.16061681509017944
601,1.0,15.0,5.0,0.3,10.0,94.0,0.15029924611250559
602,1.0,15.0,5.0,0.3,100.0,77.0,0.1537881518403689
603,1.0,15.0,5.0,0.3,1000.0,146.0,0.1397904952367147
604,1.0,15.0,5.0,0.3,10000.0,111.0,0.1536314139763514
605,1.0,15.0,5.0,0.5,0.0,93.0,0.22359656790892282
606,1.0,15.0,5.0,0.5,10.0,70.0,0.22201604147752127
607,1.0,15.0,5.0,0.5,100.0,112.0,0.26991700132687885
608,1.0,15.0,5.0,0.5,1000.0,82.0,0.22273695468902588
609,1.0,15.0,5.0,0.5,10000.0,100.0,0.2579948753118515
610,1.0,15.0,5.0,0.7,0.0,62.0,0.41722429792086285
611,1.0,15.0,5.0,0.7,10.0,86.0,0.4212748408317566
612,1.0,15.0,5.0,0.7,100.0,77.0,0.44292036692301434
613,1.0,15.0,5.0,0.7,1000.0,66.0,0.4062451422214508
614,1.0,15.0,5.0,0.7,10000.0,80.0,0.4394553105036418
615,1.0,15.0,10.0,0.3,0.0,62.0,0.13225808242956796
616,1.0,15.0,10.0,0.3,10.0,109.0,0.127217598259449
617,1.0,15.0,10.0,0.3,100.0,81.0,0.12534523258606592
618,1.0,15.0,10.0,0.3,1000.0,98.0,0.13412395119667053
619,1.0,15.0,10.0,0.3,10000.0,99.0,0.15012182295322418
620,1.0,15.0,10.0,0.5,0.0,66.0,0.17362009485562643
621,1.0,15.0,10.0,0.5,10.0,94.0,0.17702637612819672
622,1.0,15.0,10.0,0.5,100.0,102.0,0.16833987335364023
623,1.0,15.0,10.0,0.5,1000.0,76.0,0.15354529271523157
624,1.0,15.0,10.0,0.5,10000.0,100.0,0.1712989260752996
625,1.0,15.0,10.0,0.7,0.0,87.0,0.29477285345395404
626,1.0,15.0,10.0,0.7,10.0,109.0,0.322504460811615
627,1.0,15.0,10.0,0.7,100.0,62.0,0.30439117054144543
628,1.0,15.0,10.0,0.7,1000.0,59.0,0.2968377371629079
629,1.0,15.0,10.0,0.7,10000.0,104.0,0.26050015290578205
630,1.0,15.0,15.0,0.3,0.0,111.0,0.10223935047785442
631,1.0,15.0,15.0,0.3,10.0,81.0,0.10985000183184941
632,1.0,15.0,15.0,0.3,100.0,93.0,0.1177237257361412
633,1.0,15.0,15.0,0.3,1000.0,84.0,0.13026881217956543
634,1.0,15.0,15.0,0.3,10000.0,69.0,0.1416980748375257
635,1.0,15.0,15.0,0.5,0.0,81.0,0.14108741531769434
636,1.0,15.0,15.0,0.5,10.0,105.0,0.14652145157257715
637,1.0,15.0,15.0,0.5,100.0,76.0,0.150546225408713
638,1.0,15.0,15.0,0.5,1000.0,89.0,0.1545033653577169
639,1.0,15.0,15.0,0.5,10000.0,100.0,0.19876315693060556
640,1.0,15.0,15.0,0.7,0.0,78.0,0.22616839905579886
641,1.0,15.0,15.0,0.7,10.0,89.0,0.22499753534793854
642,1.0,15.0,15.0,0.7,100.0,63.0,0.23147359987099966
643,1.0,15.0,15.0,0.7,1000.0,82.0,0.27070507407188416
644,1.0,15.0,15.0,0.7,10000.0,82.0,0.2588882843653361
645,1.0,15.0,20.0,0.3,0.0,114.0,0.11025722076495488
646,1.0,15.0,20.0,0.3,10.0,84.0,0.11361910899480183
647,1.0,15.0,20.0,0.3,100.0,72.0,0.10585872332255046
648,1.0,15.0,20.0,0.3,1000.0,78.0,0.12955713272094727
649,1.0,15.0,20.0,0.3,10000.0,104.0,0.12267081687847774
650,1.0,15.0,20.0,0.5,0.0,85.0,0.15050540367762247
651,1.0,15.0,20.0,0.5,10.0,104.0,0.13806898643573126
652,1.0,15.0,20.0,0.5,100.0,76.0,0.12813367446263632
653,1.0,15.0,20.0,0.5,1000.0,76.0,0.1553317109743754
654,1.0,15.0,20.0,0.5,10000.0,87.0,0.13319602608680725
655,1.0,15.0,20.0,0.7,0.0,78.0,0.22150043646494547
656,1.0,15.0,20.0,0.7,10.0,72.0,0.24034848312536874
657,1.0,15.0,20.0,0.7,100.0,99.0,0.2074647694826126
658,1.0,15.0,20.0,0.7,1000.0,76.0,0.23043712973594666
659,1.0,15.0,20.0,0.7,10000.0,53.0,0.2372088481982549
660,1.0,15.0,25.0,0.3,0.0,98.0,0.10744988918304443
661,1.0,15.0,25.0,0.3,10.0,76.0,0.11393434554338455
662,1.0,15.0,25.0,0.3,100.0,115.0,0.11348789681990941
663,1.0,15.0,25.0,0.3,1000.0,76.0,0.10727831224600475
664,1.0,15.0,25.0,0.3,10000.0,74.0,0.10799806068340938
665,1.0,15.0,25.0,0.5,0.0,66.0,0.14314464976390204
666,1.0,15.0,25.0,0.5,10.0,54.0,0.1555451899766922
667,1.0,15.0,25.0,0.5,100.0,65.0,0.15520045161247253
668,1.0,15.0,25.0,0.5,1000.0,89.0,0.12637572487195334
669,1.0,15.0,25.0,0.5,10000.0,122.0,0.11547014117240906
670,1.0,15.0,25.0,0.7,0.0,78.0,0.2031270166238149
671,1.0,15.0,25.0,0.7,10.0,61.0,0.23917930821577707
672,1.0,15.0,25.0,0.7,100.0,77.0,0.22010316948095957
673,1.0,15.0,25.0,0.7,1000.0,103.0,0.2087754507859548
674,1.0,15.0,25.0,0.7,10000.0,89.0,0.19254417717456818
675,1.0,15.0,30.0,0.3,0.0,124.0,0.10623495529095332
676,1.0,15.0,30.0,0.3,10.0,99.0,0.09893421828746796
677,1.0,15.0,30.0,0.3,100.0,72.0,0.10368554790814717
678,1.0,15.0,30.0,0.3,1000.0,103.0,0.10641476511955261
679,1.0,15.0,30.0,0.3,10000.0,68.0,0.10316765308380127
680,1.0,15.0,30.0,0.5,0.0,72.0,0.13843446969985962
681,1.0,15.0,30.0,0.5,10.0,94.0,0.12026286870241165
682,1.0,15.0,30.0,0.5,100.0,81.0,0.13093002637227377
683,1.0,15.0,30.0,0.5,1000.0,82.0,0.13939318805933
684,1.0,15.0,30.0,0.5,10000.0,91.0,0.13099131484826407
685,1.0,15.0,30.0,0.7,0.0,93.0,0.1844994823137919
686,1.0,15.0,30.0,0.7,10.0,95.0,0.1983560025691986
687,1.0,15.0,30.0,0.7,100.0,119.0,0.17399249970912933
688,1.0,15.0,30.0,0.7,1000.0,51.0,0.2660081485907237
689,1.0,15.0,30.0,0.7,10000.0,90.0,0.1842071215311686
690,1.0,15.0,35.0,0.3,0.0,88.0,0.10363199313481648
691,1.0,15.0,35.0,0.3,10.0,70.0,0.10906497140725453
692,1.0,15.0,35.0,0.3,100.0,76.0,0.1062564104795456
693,1.0,15.0,35.0,0.3,1000.0,58.0,0.11002466082572937
694,1.0,15.0,35.0,0.3,10000.0,71.0,0.1143826072414716
695,1.0,15.0,35.0,0.5,0.0,99.0,0.12875542292992273
696,1.0,15.0,35.0,0.5,10.0,57.0,0.13426131506760916
697,1.0,15.0,35.0,0.5,100.0,76.0,0.13734096040328345
698,1.0,15.0,35.0,0.5,1000.0,89.0,0.12507507453362146
699,1.0,15.0,35.0,0.5,10000.0,71.0,0.13772120823462805
700,1.0,15.0,35.0,0.7,0.0,69.0,0.1910558889309565
701,1.0,15.0,35.0,0.7,10.0,72.0,0.1911508192618688
702,1.0,15.0,35.0,0.7,100.0,76.0,0.20260359843571982
703,1.0,15.0,35.0,0.7,1000.0,89.0,0.17521647115548453
704,1.0,15.0,35.0,0.7,10000.0,102.0,0.17144603033860525
705,1.0,15.0,40.0,0.3,0.0,89.0,0.10896287113428116
706,1.0,15.0,40.0,0.3,10.0,74.0,0.11452764769395192
707,1.0,15.0,40.0,0.3,100.0,84.0,0.10867477208375931
708,1.0,15.0,40.0,0.3,1000.0,62.0,0.11367006848255794
709,1.0,15.0,40.0,0.3,10000.0,103.0,0.09335048993428548
710,1.0,15.0,40.0,0.5,0.0,97.0,0.1261898304025332
711,1.0,15.0,40.0,0.5,10.0,55.0,0.14282514651616415
712,1.0,15.0,40.0,0.5,100.0,79.0,0.13566658149162927
713,1.0,15.0,40.0,0.5,1000.0,99.0,0.1231216515103976
714,1.0,15.0,40.0,0.5,10000.0,78.0,0.1331668496131897
715,1.0,15.0,40.0,0.7,0.0,93.0,0.19099102914333344
716,1.0,15.0,40.0,0.7,10.0,89.0,0.203329935669899
717,1.0,15.0,40.0,0.7,100.0,65.0,0.20035343865553537
718,1.0,15.0,40.0,0.7,1000.0,86.0,0.17551758388678232
719,1.0,15.0,40.0,0.7,10000.0,55.0,0.2753053605556488
720,1.0,15.0,45.0,0.3,0.0,99.0,0.10698470224936803
721,1.0,15.0,45.0,0.3,10.0,74.0,0.10216192156076431
722,1.0,15.0,45.0,0.3,100.0,72.0,0.10564794639746349
723,1.0,15.0,45.0,0.3,1000.0,60.0,0.11167491475741069
724,1.0,15.0,45.0,0.3,10000.0,96.0,0.10953461875518163
725,1.0,15.0,45.0,0.5,0.0,99.0,0.12964876741170883
726,1.0,15.0,45.0,0.5,10.0,69.0,0.12959100802739462
727,1.0,15.0,45.0,0.5,100.0,72.0,0.12970630824565887
728,1.0,15.0,45.0,0.5,1000.0,73.0,0.13475141922632852
729,1.0,15.0,45.0,0.5,10000.0,100.0,0.12041440606117249
730,1.0,15.0,45.0,0.7,0.0,105.0,0.17422725756963095
731,1.0,15.0,45.0,0.7,10.0,84.0,0.178231010834376
732,1.0,15.0,45.0,0.7,100.0,72.0,0.18789639075597128
733,1.0,15.0,45.0,0.7,1000.0,83.0,0.176093320051829
734,1.0,15.0,45.0,0.7,10000.0,97.0,0.17758562664190927
735,1.0,15.0,50.0,0.3,0.0,68.0,0.11007892588774364
736,1.0,15.0,50.0,0.3,10.0,84.0,0.11038920034964879
737,1.0,15.0,50.0,0.3,100.0,99.0,0.10651447872320811
738,1.0,15.0,50.0,0.3,1000.0,56.0,0.1087410921851794
739,1.0,15.0,50.0,0.3,10000.0,75.0,0.11206553628047307
740,1.0,15.0,50.0,0.5,0.0,87.0,0.12578309327363968
741,1.0,15.0,50.0,0.5,10.0,69.0,0.14579586187998453
742,1.0,15.0,50.0,0.5,100.0,83.0,0.12039229522148769
743,1.0,15.0,50.0,0.5,1000.0,82.0,0.11863553275664647
744,1.0,15.0,50.0,0.5,10000.0,100.0,0.1267003392179807
745,1.0,15.0,50.0,0.7,0.0,87.0,0.18978109459082285
746,1.0,15.0,50.0,0.7,10.0,84.0,0.1942947953939438
747,1.0,15.0,50.0,0.7,100.0,137.0,0.16807698210080466
748,1.0,15.0,50.0,0.7,1000.0,102.0,0.17266659686962763
749,1.0,15.0,50.0,0.7,10000.0,83.0,0.23883159458637238
750,2.0,15.0,5.0,0.3,0.0,80.0,0.13074567914009094
751,2.0,15.0,5.0,0.3,10.0,76.0,0.15128818899393082
752,2.0,15.0,5.0,0.3,100.0,105.0,0.14584561437368393
753,2.0,15.0,5.0,0.3,1000.0,95.0,0.15530182669560114
754,2.0,15.0,5.0,0.3,10000.0,55.0,0.1661695937315623
755,2.0,15.0,5.0,0.5,0.0,77.0,0.21219766636689505
756,2.0,15.0,5.0,0.5,10.0,108.0,0.2945348968108495
757,2.0,15.0,5.0,0.5,100.0,105.0,0.23143901427586874
758,2.0,15.0,5.0,0.5,1000.0,76.0,0.2502984156211217
759,2.0,15.0,5.0,0.5,10000.0,65.0,0.22236902018388113
760,2.0,15.0,5.0,0.7,0.0,49.0,0.403790682554245
761,2.0,15.0,5.0,0.7,10.0,55.0,0.459524929523468
762,2.0,15.0,5.0,0.7,100.0,50.0,0.45572800437609357
763,2.0,15.0,5.0,0.7,1000.0,93.0,0.5397728383541107
764,2.0,15.0,5.0,0.7,10000.0,65.0,0.3805697560310364
765,2.0,15.0,10.0,0.3,0.0,74.0,0.1508369743824005
766,2.0,15.0,10.0,0.3,10.0,92.0,0.13505220909913382
767,2.0,15.0,10.0,0.3,100.0,76.0,0.11213254183530807
768,2.0,15.0,10.0,0.3,1000.0,70.0,0.11756155888239543
769,2.0,15.0,10.0,0.3,10000.0,93.0,0.11503701657056808
770,2.0,15.0,10.0,0.5,0.0,52.0,0.1694152057170868
771,2.0,15.0,10.0,0.5,10.0,61.0,0.1867266297340393
772,2.0,15.0,10.0,0.5,100.0,60.0,0.17139513293902078
773,2.0,15.0,10.0,0.5,1000.0,69.0,0.1552096406618754
774,2.0,15.0,10.0,0.5,10000.0,75.0,0.17766190071900687
775,2.0,15.0,10.0,0.7,0.0,46.0,0.30625172952810925
776,2.0,15.0,10.0,0.7,10.0,70.0,0.31754350662231445
777,2.0,15.0,10.0,0.7,100.0,71.0,0.2636711945136388
778,2.0,15.0,10.0,0.7,1000.0,82.0,0.3437607487042745
779,2.0,15.0,10.0,0.7,10000.0,69.0,0.3051786720752716
780,2.0,15.0,15.0,0.3,0.0,62.0,0.12216826528310776
781,2.0,15.0,15.0,0.3,10.0,81.0,0.11917475114266078
782,2.0,15.0,15.0,0.3,100.0,50.0,0.12149319052696228
783,2.0,15.0,15.0,0.3,1000.0,109.0,0.09219212581713994
784,2.0,15.0,15.0,0.3,10000.0,67.0,0.11615125586589177
785,2.0,15.0,15.0,0.5,0.0,94.0,0.12959109991788864
786,2.0,15.0,15.0,0.5,10.0,69.0,0.1460650364557902
787,2.0,15.0,15.0,0.5,100.0,84.0,0.14683694392442703
788,2.0,15.0,15.0,0.5,1000.0,76.0,0.12686022371053696
789,2.0,15.0,15.0,0.5,10000.0,67.0,0.15100312729676565
790,2.0,15.0,15.0,0.7,0.0,94.0,0.1880315492550532
791,2.0,15.0,15.0,0.7,10.0,78.0,0.2299781640370687
792,2.0,15.0,15.0,0.7,100.0,65.0,0.24951847394307455
793,2.0,15.0,15.0,0.7,1000.0,85.0,0.20407672226428986
794,2.0,15.0,15.0,0.7,10000.0,65.0,0.22683145105838776
795,2.0,15.0,20.0,0.3,0.0,68.0,0.1142559473713239
796,2.0,15.0,20.0,0.3,10.0,97.0,0.09358130147059758
797,2.0,15.0,20.0,0.3,100.0,83.0,0.11081430564324062
798,2.0,15.0,20.0,0.3,1000.0,98.0,0.09593550860881805
799,2.0,15.0,20.0,0.3,10000.0,55.0,0.10725206881761551
800,2.0,15.0,20.0,0.5,0.0,52.0,0.15406611065069833
801,2.0,15.0,20.0,0.5,10.0,69.0,0.13299241662025452
802,2.0,15.0,20.0,0.5,100.0,83.0,0.13461042195558548
803,2.0,15.0,20.0,0.5,1000.0,78.0,0.12762700766324997
804,2.0,15.0,20.0,0.5,10000.0,50.0,0.13591026763121286
805,2.0,15.0,20.0,0.7,0.0,71.0,0.22263318300247192
806,2.0,15.0,20.0,0.7,10.0,84.0,0.1788520167271296
807,2.0,15.0,20.0,0.7,100.0,65.0,0.2290686716636022
808,2.0,15.0,20.0,0.7,1000.0,95.0,0.20499548316001892
809,2.0,15.0,20.0,0.7,10000.0,48.0,0.21951321760813394
810,2.0,15.0,25.0,0.3,0.0,101.0,0.11971689760684967
811,2.0,15.0,25.0,0.3,10.0,97.0,0.09145444134871165
812,2.0,15.0,25.0,0.3,100.0,92.0,0.09360848863919576
813,2.0,15.0,25.0,0.3,1000.0,76.0,0.09996502349774043
814,2.0,15.0,25.0,0.3,10000.0,91.0,0.09784366438786189
815,2.0,15.0,25.0,0.5,0.0,49.0,0.16007121900717416
816,2.0,15.0,25.0,0.5,10.0,53.0,0.13708346833785376
817,2.0,15.0,25.0,0.5,100.0,81.0,0.11981376260519028
818,2.0,15.0,25.0,0.5,1000.0,102.0,0.1150501122077306
819,2.0,15.0,25.0,0.5,10000.0,65.0,0.12262572348117828
820,2.0,15.0,25.0,0.7,0.0,68.0,0.1989534248908361
821,2.0,15.0,25.0,0.7,10.0,72.0,0.19881191849708557
822,2.0,15.0,25.0,0.7,100.0,65.0,0.1868546356757482
823,2.0,15.0,25.0,0.7,1000.0,60.0,0.2041013389825821
824,2.0,15.0,25.0,0.7,10000.0,69.0,0.18145763874053955
825,2.0,15.0,30.0,0.3,0.0,124.0,0.10006383309761684
826,2.0,15.0,30.0,0.3,10.0,60.0,0.11473216364781062
827,2.0,15.0,30.0,0.3,100.0,84.0,0.0941861520210902
828,2.0,15.0,30.0,0.3,1000.0,93.0,0.09336850792169571
829,2.0,15.0,30.0,0.3,10000.0,56.0,0.11379105597734451
830,2.0,15.0,30.0,0.5,0.0,91.0,0.11934634794791539
831,2.0,15.0,30.0,0.5,10.0,55.0,0.1388876587152481
832,2.0,15.0,30.0,0.5,100.0,51.0,0.13372241208950678
833,2.0,15.0,30.0,0.5,1000.0,64.0,0.13119510064522424
834,2.0,15.0,30.0,0.5,10000.0,75.0,0.12311317523320515
835,2.0,15.0,30.0,0.7,0.0,67.0,0.18683871626853943
836,2.0,15.0,30.0,0.7,10.0,71.0,0.1959623247385025
837,2.0,15.0,30.0,0.7,100.0,81.0,0.1695344845453898
838,2.0,15.0,30.0,0.7,1000.0,61.0,0.17501094937324524
839,2.0,15.0,30.0,0.7,10000.0,45.0,0.18015573918819427
840,2.0,15.0,35.0,0.3,0.0,101.0,0.09081252664327621
841,2.0,15.0,35.0,0.3,10.0,74.0,0.11270676304896672
842,2.0,15.0,35.0,0.3,100.0,70.0,0.11527711401383083
843,2.0,15.0,35.0,0.3,1000.0,76.0,0.09851888070503871
844,2.0,15.0,35.0,0.3,10000.0,50.0,0.11441256105899811
845,2.0,15.0,35.0,0.5,0.0,87.0,0.1119500274459521
846,2.0,15.0,35.0,0.5,10.0,69.0,0.12472043683131535
847,2.0,15.0,35.0,0.5,100.0,103.0,0.12437092512845993
848,2.0,15.0,35.0,0.5,1000.0,82.0,0.11918725073337555
849,2.0,15.0,35.0,0.5,10000.0,88.0,0.10648569464683533
850,2.0,15.0,35.0,0.7,0.0,120.0,0.1603071540594101
851,2.0,15.0,35.0,0.7,10.0,69.0,0.1905214786529541
852,2.0,15.0,35.0,0.7,100.0,60.0,0.18095216155052185
853,2.0,15.0,35.0,0.7,1000.0,46.0,0.16677508254845938
854,2.0,15.0,35.0,0.7,10000.0,96.0,0.14740591247876486
855,2.0,15.0,40.0,0.3,0.0,75.0,0.10588675737380981
856,2.0,15.0,40.0,0.3,10.0,74.0,0.10224205752213796
857,2.0,15.0,40.0,0.3,100.0,91.0,0.10258809973796208
858,2.0,15.0,40.0,0.3,1000.0,109.0,0.08479166030883789
859,2.0,15.0,40.0,0.3,10000.0,106.0,0.0991361786921819
860,2.0,15.0,40.0,0.5,0.0,90.0,0.1281699687242508
861,2.0,15.0,40.0,0.5,10.0,52.0,0.12711977710326514
862,2.0,15.0,40.0,0.5,100.0,68.0,0.12414580086867015
863,2.0,15.0,40.0,0.5,1000.0,82.0,0.11620929340521495
864,2.0,15.0,40.0,0.5,10000.0,97.0,0.11990815649429958
865,2.0,15.0,40.0,0.7,0.0,75.0,0.18249617516994476
866,2.0,15.0,40.0,0.7,10.0,78.0,0.16056552529335022
867,2.0,15.0,40.0,0.7,100.0,65.0,0.1690826117992401
868,2.0,15.0,40.0,0.7,1000.0,88.0,0.1427405004700025
869,2.0,15.0,40.0,0.7,10000.0,55.0,0.19038831194241843
870,2.0,15.0,45.0,0.3,0.0,87.0,0.104973499973615
871,2.0,15.0,45.0,0.3,10.0,90.0,0.10018301506837209
872,2.0,15.0,45.0,0.3,100.0,84.0,0.09578426678975423
873,2.0,15.0,45.0,0.3,1000.0,95.0,0.08488460754354794
874,2.0,15.0,45.0,0.3,10000.0,73.0,0.10535018642743428
875,2.0,15.0,45.0,0.5,0.0,82.0,0.12257870535055797
876,2.0,15.0,45.0,0.5,10.0,65.0,0.13331065823634466
877,2.0,15.0,45.0,0.5,100.0,83.0,0.1011180579662323
878,2.0,15.0,45.0,0.5,1000.0,56.0,0.13206168512503305
879,2.0,15.0,45.0,0.5,10000.0,52.0,0.12132163842519124
880,2.0,15.0,45.0,0.7,0.0,80.0,0.1488641897837321
881,2.0,15.0,45.0,0.7,10.0,102.0,0.1606622338294983
882,2.0,15.0,45.0,0.7,100.0,72.0,0.15888256827990213
883,2.0,15.0,45.0,0.7,1000.0,46.0,0.1776551455259323
884,2.0,15.0,45.0,0.7,10000.0,52.0,0.16314627726872763
885,2.0,15.0,50.0,0.3,0.0,98.0,0.09296323607365291
886,2.0,15.0,50.0,0.3,10.0,60.0,0.11475496739149094
887,2.0,15.0,50.0,0.3,100.0,56.0,0.10952529807885487
888,2.0,15.0,50.0,0.3,1000.0,78.0,0.10329586764176686
889,2.0,15.0,50.0,0.3,10000.0,94.0,0.10116359343131383
890,2.0,15.0,50.0,0.5,0.0,86.0,0.10042951007684071
891,2.0,15.0,50.0,0.5,10.0,69.0,0.12417541195948918
892,2.0,15.0,50.0,0.5,100.0,104.0,0.10628354301055272
893,2.0,15.0,50.0,0.5,1000.0,84.0,0.10262872030337651
894,2.0,15.0,50.0,0.5,10000.0,89.0,0.1300782635807991
895,2.0,15.0,50.0,0.7,0.0,87.0,0.16243509451548258
896,2.0,15.0,50.0,0.7,10.0,52.0,0.18758447468280792
897,2.0,15.0,50.0,0.7,100.0,73.0,0.1517181247472763
898,2.0,15.0,50.0,0.7,1000.0,63.0,0.14194894582033157
899,2.0,15.0,50.0,0.7,10000.0,69.0,0.17231273651123047
900,1.0,20.0,5.0,0.3,0.0,90.0,0.12943781912326813
901,1.0,20.0,5.0,0.3,10.0,89.0,0.15287296722332636
902,1.0,20.0,5.0,0.3,100.0,81.0,0.16004937142133713
903,1.0,20.0,5.0,0.3,1000.0,80.0,0.1471065953373909
904,1.0,20.0,5.0,0.3,10000.0,75.0,0.18473989764849344
905,1.0,20.0,5.0,0.5,0.0,75.0,0.21626786887645721
906,1.0,20.0,5.0,0.5,10.0,76.0,0.23350854714711508
907,1.0,20.0,5.0,0.5,100.0,87.0,0.2448883354663849
908,1.0,20.0,5.0,0.5,1000.0,80.0,0.2448215832312902
909,1.0,20.0,5.0,0.5,10000.0,70.0,0.2527320683002472
910,1.0,20.0,5.0,0.7,0.0,42.0,0.4400378465652466
911,1.0,20.0,5.0,0.7,10.0,58.0,0.45824089646339417
912,1.0,20.0,5.0,0.7,100.0,68.0,0.4488362967967987
913,1.0,20.0,5.0,0.7,1000.0,65.0,0.447265088558197
914,1.0,20.0,5.0,0.7,10000.0,81.0,0.42325617869695026
915,1.0,20.0,10.0,0.3,0.0,80.0,0.11023398488759995
916,1.0,20.0,10.0,0.3,10.0,76.0,0.13102881362040839
917,1.0,20.0,10.0,0.3,100.0,67.0,0.12688300013542175
918,1.0,20.0,10.0,0.3,1000.0,75.0,0.12329260756572087
919,1.0,20.0,10.0,0.3,10000.0,65.0,0.11755291869242986
920,1.0,20.0,10.0,0.5,0.0,77.0,0.1517398109038671
921,1.0,20.0,10.0,0.5,10.0,60.0,0.20130683978398642
922,1.0,20.0,10.0,0.5,100.0,54.0,0.17519526183605194
923,1.0,20.0,10.0,0.5,1000.0,83.0,0.15374570588270822
924,1.0,20.0,10.0,0.5,10000.0,71.0,0.16858754058678946
925,1.0,20.0,10.0,0.7,0.0,60.0,0.27835020919640857
926,1.0,20.0,10.0,0.7,10.0,56.0,0.3376697450876236
927,1.0,20.0,10.0,0.7,100.0,51.0,0.274666632215182
928,1.0,20.0,10.0,0.7,1000.0,48.0,0.3096754848957062
929,1.0,20.0,10.0,0.7,10000.0,65.0,0.26883455614248913
930,1.0,20.0,15.0,0.3,0.0,68.0,0.1178625077009201
931,1.0,20.0,15.0,0.3,10.0,78.0,0.11293530215819676
932,1.0,20.0,15.0,0.3,100.0,75.0,0.10692615807056427
933,1.0,20.0,15.0,0.3,1000.0,66.0,0.11425281564394633
934,1.0,20.0,15.0,0.3,10000.0,78.0,0.12911603848139444
935,1.0,20.0,15.0,0.5,0.0,58.0,0.1481866886218389
936,1.0,20.0,15.0,0.5,10.0,76.0,0.1507229208946228
937,1.0,20.0,15.0,0.5,100.0,51.0,0.14824620385964712
938,1.0,20.0,15.0,0.5,1000.0,68.0,0.1509434034427007
939,1.0,20.0,15.0,0.5,10000.0,57.0,0.15548352897167206
940,1.0,20.0,15.0,0.7,0.0,58.0,0.2411023328701655
941,1.0,20.0,15.0,0.7,10.0,52.0,0.26494254171848297
942,1.0,20.0,15.0,0.7,100.0,76.0,0.20222777128219604
943,1.0,20.0,15.0,0.7,1000.0,64.0,0.24245405197143555
944,1.0,20.0,15.0,0.7,10000.0,80.0,0.23951638241608939
945,1.0,20.0,20.0,0.3,0.0,86.0,0.10448083281517029
946,1.0,20.0,20.0,0.3,10.0,73.0,0.10818890233834584
947,1.0,20.0,20.0,0.3,100.0,75.0,0.09794430434703827
948,1.0,20.0,20.0,0.3,1000.0,126.0,0.09763930241266887
949,1.0,20.0,20.0,0.3,10000.0,88.0,0.09879428893327713
950,1.0,20.0,20.0,0.5,0.0,71.0,0.13510612646738687
951,1.0,20.0,20.0,0.5,10.0,73.0,0.13488997519016266
952,1.0,20.0,20.0,0.5,100.0,54.0,0.1732407659292221
953,1.0,20.0,20.0,0.5,1000.0,62.0,0.1408327966928482
954,1.0,20.0,20.0,0.5,10000.0,65.0,0.11614243686199188
955,1.0,20.0,20.0,0.7,0.0,59.0,0.20600655674934387
956,1.0,20.0,20.0,0.7,10.0,67.0,0.20696987211704254
957,1.0,20.0,20.0,0.7,100.0,62.0,0.24631488819917044
958,1.0,20.0,20.0,0.7,1000.0,79.0,0.22050204873085022
959,1.0,20.0,20.0,0.7,10000.0,80.0,0.17974844574928284
960,1.0,20.0,25.0,0.3,0.0,53.0,0.10115781923135121
961,1.0,20.0,25.0,0.3,10.0,75.0,0.10213153809309006
962,1.0,20.0,25.0,0.3,100.0,86.0,0.09953161825736363
963,1.0,20.0,25.0,0.3,1000.0,75.0,0.1005300556619962
964,1.0,20.0,25.0,0.3,10000.0,72.0,0.10013845066229503
965,1.0,20.0,25.0,0.5,0.0,51.0,0.124864528576533
966,1.0,20.0,25.0,0.5,10.0,54.0,0.13031414151191711
967,1.0,20.0,25.0,0.5,100.0,75.0,0.13496765742699304
968,1.0,20.0,25.0,0.5,1000.0,63.0,0.12925861030817032
969,1.0,20.0,25.0,0.5,10000.0,65.0,0.1184563860297203
970,1.0,20.0,25.0,0.7,0.0,54.0,0.19229769706726074
971,1.0,20.0,25.0,0.7,10.0,54.0,0.1896106799443563
972,1.0,20.0,25.0,0.7,100.0,51.0,0.19629868865013123
973,1.0,20.0,25.0,0.7,1000.0,62.0,0.18464672565460205
974,1.0,20.0,25.0,0.7,10000.0,58.0,0.19604588548342386
975,1.0,20.0,30.0,0.3,0.0,68.0,0.11177864919106166
976,1.0,20.0,30.0,0.3,10.0,81.0,0.1092512880762418
977,1.0,20.0,30.0,0.3,100.0,54.0,0.11539012442032497
978,1.0,20.0,30.0,0.3,1000.0,94.0,0.0919489786028862
979,1.0,20.0,30.0,0.3,10000.0,57.0,0.10495354483524959
980,1.0,20.0,30.0,0.5,0.0,53.0,0.1294529214501381
981,1.0,20.0,30.0,0.5,10.0,62.0,0.13375236839056015
982,1.0,20.0,30.0,0.5,100.0,89.0,0.1171438917517662
983,1.0,20.0,30.0,0.5,1000.0,79.0,0.11922999223073323
984,1.0,20.0,30.0,0.5,10000.0,65.0,0.12229457994302113
985,1.0,20.0,30.0,0.7,0.0,63.0,0.1904138376315435
986,1.0,20.0,30.0,0.7,10.0,66.0,0.17862734695275626
987,1.0,20.0,30.0,0.7,100.0,105.0,0.1509949912627538
988,1.0,20.0,30.0,0.7,1000.0,72.0,0.18634313344955444
989,1.0,20.0,30.0,0.7,10000.0,96.0,0.18718894322713217
990,1.0,20.0,35.0,0.3,0.0,83.0,0.11299590269724528
991,1.0,20.0,35.0,0.3,10.0,90.0,0.12231288353602092
992,1.0,20.0,35.0,0.3,100.0,67.0,0.11059911797444026
993,1.0,20.0,35.0,0.3,1000.0,102.0,0.1068745528658231
994,1.0,20.0,35.0,0.3,10000.0,99.0,0.10145374884208043
995,1.0,20.0,35.0,0.5,0.0,58.0,0.11961965262889862
996,1.0,20.0,35.0,0.5,10.0,78.0,0.12417917946974437
997,1.0,20.0,35.0,0.5,100.0,95.0,0.29079849521319073
998,1.0,20.0,35.0,0.5,1000.0,117.0,0.12361088891824086
999,1.0,20.0,35.0,0.5,10000.0,89.0,0.11676119764645894
1000,1.0,20.0,35.0,0.7,0.0,58.0,0.17537123958269754
1001,1.0,20.0,35.0,0.7,10.0,70.0,0.1857981731494268
1002,1.0,20.0,35.0,0.7,100.0,41.0,0.18153920769691467
1003,1.0,20.0,35.0,0.7,1000.0,65.0,0.1829864631096522
1004,1.0,20.0,35.0,0.7,10000.0,71.0,0.18181984623273215
1005,1.0,20.0,40.0,0.3,0.0,67.0,0.10400938739379247
1006,1.0,20.0,40.0,0.3,10.0,52.0,0.11240391184886296
1007,1.0,20.0,40.0,0.3,100.0,72.0,0.09872706979513168
1008,1.0,20.0,40.0,0.3,1000.0,83.0,0.10652304937442143
1009,1.0,20.0,40.0,0.3,10000.0,71.0,0.10306852062543233
1010,1.0,20.0,40.0,0.5,0.0,55.0,0.1270376592874527
1011,1.0,20.0,40.0,0.5,10.0,67.0,0.12552670389413834
1012,1.0,20.0,40.0,0.5,100.0,72.0,0.1282025327285131
1013,1.0,20.0,40.0,0.5,1000.0,101.0,0.12611166387796402
1014,1.0,20.0,40.0,0.5,10000.0,71.0,0.11815506716569264
1015,1.0,20.0,40.0,0.7,0.0,75.0,0.17009116212526956
1016,1.0,20.0,40.0,0.7,10.0,70.0,0.1694380889336268
1017,1.0,20.0,40.0,0.7,100.0,65.0,0.15589521825313568
1018,1.0,20.0,40.0,0.7,1000.0,79.0,0.17119420071442923
1019,1.0,20.0,40.0,0.7,10000.0,66.0,0.17084660132726034
1020,1.0,20.0,45.0,0.3,0.0,68.0,0.10785532246033351
1021,1.0,20.0,45.0,0.3,10.0,88.0,0.09257986644903819
1022,1.0,20.0,45.0,0.3,100.0,72.0,0.10376193126042683
1023,1.0,20.0,45.0,0.3,1000.0,88.0,0.10030399511257808
1024,1.0,20.0,45.0,0.3,10000.0,65.0,0.10582062105337779
1025,1.0,20.0,45.0,0.5,0.0,68.0,0.12744386742512384
1026,1.0,20.0,45.0,0.5,10.0,63.0,0.12058010200659434
1027,1.0,20.0,45.0,0.5,100.0,90.0,0.11692464351654053
1028,1.0,20.0,45.0,0.5,1000.0,74.0,0.126624325911204
1029,1.0,20.0,45.0,0.5,10000.0,57.0,0.12085140248139699
1030,1.0,20.0,45.0,0.7,0.0,91.0,0.15545866886774698
1031,1.0,20.0,45.0,0.7,10.0,57.0,0.16460834443569183
1032,1.0,20.0,45.0,0.7,100.0,72.0,0.1603676676750183
1033,1.0,20.0,45.0,0.7,1000.0,102.0,0.1651020646095276
1034,1.0,20.0,45.0,0.7,10000.0,57.0,0.162955308953921
1035,1.0,20.0,50.0,0.3,0.0,75.0,0.10452751070261002
1036,1.0,20.0,50.0,0.3,10.0,62.0,0.10523707171281178
1037,1.0,20.0,50.0,0.3,100.0,63.0,0.10254922757546107
1038,1.0,20.0,50.0,0.3,1000.0,114.0,0.09406301379203796
1039,1.0,20.0,50.0,0.3,10000.0,65.0,0.09901147584120433
1040,1.0,20.0,50.0,0.5,0.0,51.0,0.12150213867425919
1041,1.0,20.0,50.0,0.5,10.0,91.0,0.11972070237000783
1042,1.0,20.0,50.0,0.5,100.0,53.0,0.12358137716849645
1043,1.0,20.0,50.0,0.5,1000.0,78.0,0.11456254869699478
1044,1.0,20.0,50.0,0.5,10000.0,65.0,0.11034578084945679
1045,1.0,20.0,50.0,0.7,0.0,60.0,0.15739200512568155
1046,1.0,20.0,50.0,0.7,10.0,63.0,0.16117468973000845
1047,1.0,20.0,50.0,0.7,100.0,82.0,0.1533205211162567
1048,1.0,20.0,50.0,0.7,1000.0,64.0,0.15689628571271896
1049,1.0,20.0,50.0,0.7,10000.0,60.0,0.1731119602918625
1050,2.0,20.0,5.0,0.3,0.0,74.0,0.14697561909755072
1051,2.0,20.0,5.0,0.3,10.0,50.0,0.18282721439997354
1052,2.0,20.0,5.0,0.3,100.0,289.0,0.4641081392765045
1053,2.0,20.0,5.0,0.3,1000.0,75.0,0.12960967173178992
1054,2.0,20.0,5.0,0.3,10000.0,76.0,0.16006330649058023
1055,2.0,20.0,5.0,0.5,0.0,108.0,0.1843858609596888
1056,2.0,20.0,5.0,0.5,10.0,53.0,0.2079759587844213
1057,2.0,20.0,5.0,0.5,100.0,184.0,0.6006363332271576
1058,2.0,20.0,5.0,0.5,1000.0,81.0,0.22298515836397806
1059,2.0,20.0,5.0,0.5,10000.0,69.0,0.24799255033334097
1060,2.0,20.0,5.0,0.7,0.0,70.0,0.3203131854534149
1061,2.0,20.0,5.0,0.7,10.0,76.0,0.35643677910168964
1062,2.0,20.0,5.0,0.7,100.0,101.0,0.7349750498930613
1063,2.0,20.0,5.0,0.7,1000.0,50.0,0.4031275411446889
1064,2.0,20.0,5.0,0.7,10000.0,68.0,0.41411540905634564
1065,2.0,20.0,10.0,0.3,0.0,66.0,0.11007045457760493
1066,2.0,20.0,10.0,0.3,10.0,61.0,0.11949745068947475
1067,2.0,20.0,10.0,0.3,100.0,65.0,0.12066369752089183
1068,2.0,20.0,10.0,0.3,1000.0,121.0,0.10318312048912048
1069,2.0,20.0,10.0,0.3,10000.0,82.0,0.10794832309087117
1070,2.0,20.0,10.0,0.5,0.0,68.0,0.16129658122857413
1071,2.0,20.0,10.0,0.5,10.0,83.0,0.15764238437016806
1072,2.0,20.0,10.0,0.5,100.0,65.0,0.14583972841501236
1073,2.0,20.0,10.0,0.5,1000.0,67.0,0.19522787630558014
1074,2.0,20.0,10.0,0.5,10000.0,65.0,0.13504147032896677
1075,2.0,20.0,10.0,0.7,0.0,60.0,0.24540835618972778
1076,2.0,20.0,10.0,0.7,10.0,80.0,0.25462838013966876
1077,2.0,20.0,10.0,0.7,100.0,51.0,0.2780058632294337
1078,2.0,20.0,10.0,0.7,1000.0,50.0,0.2763979782660802
1079,2.0,20.0,10.0,0.7,10000.0,47.0,0.25470805168151855
1080,2.0,20.0,15.0,0.3,0.0,68.0,0.11335935691992442
1081,2.0,20.0,15.0,0.3,10.0,97.0,0.09706207613150279
1082,2.0,20.0,15.0,0.3,100.0,71.0,0.11105559021234512
1083,2.0,20.0,15.0,0.3,1000.0,92.0,0.11188927789529164
1084,2.0,20.0,15.0,0.3,10000.0,62.0,0.12593122571706772
1085,2.0,20.0,15.0,0.5,0.0,72.0,0.14092313746611276
1086,2.0,20.0,15.0,0.5,10.0,96.0,0.12944112221399942
1087,2.0,20.0,15.0,0.5,100.0,77.0,0.11993022511402766
1088,2.0,20.0,15.0,0.5,1000.0,74.0,0.14992611855268478
1089,2.0,20.0,15.0,0.5,10000.0,75.0,0.1631630559762319
1090,2.0,20.0,15.0,0.7,0.0,58.0,0.20781608919302622
1091,2.0,20.0,15.0,0.7,10.0,66.0,0.2009544571240743
1092,2.0,20.0,15.0,0.7,100.0,51.0,0.2311841050783793
1093,2.0,20.0,15.0,0.7,1000.0,66.0,0.25048016508420307
1094,2.0,20.0,15.0,0.7,10000.0,60.0,0.24544068177541098
1095,2.0,20.0,20.0,0.3,0.0,68.0,0.10701863964398702
1096,2.0,20.0,20.0,0.3,10.0,57.0,0.1086612343788147
1097,2.0,20.0,20.0,0.3,100.0,76.0,0.10692711919546127
1098,2.0,20.0,20.0,0.3,1000.0,55.0,0.19749786953131357
1099,2.0,20.0,20.0,0.3,10000.0,52.0,0.11923786501089732
1100,2.0,20.0,20.0,0.5,0.0,76.0,0.12163691222667694
1101,2.0,20.0,20.0,0.5,10.0,89.0,0.12290539344151814
1102,2.0,20.0,20.0,0.5,100.0,84.0,0.12230042864878972
1103,2.0,20.0,20.0,0.5,1000.0,64.0,0.12118338545163472
1104,2.0,20.0,20.0,0.5,10000.0,60.0,0.13734937210877737
1105,2.0,20.0,20.0,0.7,0.0,79.0,0.19935197134812674
1106,2.0,20.0,20.0,0.7,10.0,97.0,0.1542904277642568
1107,2.0,20.0,20.0,0.7,100.0,54.0,0.19475661714871725
1108,2.0,20.0,20.0,0.7,1000.0,58.0,0.20008017619450888
1109,2.0,20.0,20.0,0.7,10000.0,42.0,0.20463122427463531
1110,2.0,20.0,25.0,0.3,0.0,82.0,0.11093471199274063
1111,2.0,20.0,25.0,0.3,10.0,67.0,0.10185126960277557
1112,2.0,20.0,25.0,0.3,100.0,54.0,0.12006066242853801
1113,2.0,20.0,25.0,0.3,1000.0,103.0,0.09413273135821025
1114,2.0,20.0,25.0,0.3,10000.0,50.0,0.13714983314275742
1115,2.0,20.0,25.0,0.5,0.0,70.0,0.12951564540465674
1116,2.0,20.0,25.0,0.5,10.0,43.0,0.13376487294832864
1117,2.0,20.0,25.0,0.5,100.0,93.0,0.11324466019868851
1118,2.0,20.0,25.0,0.5,1000.0,71.0,0.11508095016082127
1119,2.0,20.0,25.0,0.5,10000.0,78.0,0.13456110656261444
1120,2.0,20.0,25.0,0.7,0.0,54.0,0.18503797550996146
1121,2.0,20.0,25.0,0.7,10.0,72.0,0.17856299380461374
1122,2.0,20.0,25.0,0.7,100.0,48.0,0.19813272356987
1123,2.0,20.0,25.0,0.7,1000.0,60.0,0.20333021879196167
1124,2.0,20.0,25.0,0.7,10000.0,38.0,0.22315156956513724
1125,2.0,20.0,30.0,0.3,0.0,67.0,0.1012491708000501
1126,2.0,20.0,30.0,0.3,10.0,62.0,0.09091653178135554
1127,2.0,20.0,30.0,0.3,100.0,72.0,0.11096601188182831
1128,2.0,20.0,30.0,0.3,1000.0,68.0,0.10250258197387059
1129,2.0,20.0,30.0,0.3,10000.0,82.0,0.09609409670035045
1130,2.0,20.0,30.0,0.5,0.0,76.0,0.12963435798883438
1131,2.0,20.0,30.0,0.5,10.0,80.0,0.10165604203939438
1132,2.0,20.0,30.0,0.5,100.0,75.0,0.1108002985517184
1133,2.0,20.0,30.0,0.5,1000.0,95.0,0.11279737204313278
1134,2.0,20.0,30.0,0.5,10000.0,75.0,0.11304102341334026
1135,2.0,20.0,30.0,0.7,0.0,41.0,0.18159052232901254
1136,2.0,20.0,30.0,0.7,10.0,50.0,0.1648841748634974
1137,2.0,20.0,30.0,0.7,100.0,75.0,0.14826606959104538
1138,2.0,20.0,30.0,0.7,1000.0,61.0,0.19387942055861154
1139,2.0,20.0,30.0,0.7,10000.0,57.0,0.14767618725697199
1140,2.0,20.0,35.0,0.3,0.0,76.0,0.10757075746854146
1141,2.0,20.0,35.0,0.3,10.0,90.0,0.10430144021908443
1142,2.0,20.0,35.0,0.3,100.0,76.0,0.11110413571198781
1143,2.0,20.0,35.0,0.3,1000.0,84.0,0.0937176023920377
1144,2.0,20.0,35.0,0.3,10000.0,71.0,0.10915083189805348
1145,2.0,20.0,35.0,0.5,0.0,71.0,0.11924438178539276
1146,2.0,20.0,35.0,0.5,10.0,46.0,0.12567027906576791
1147,2.0,20.0,35.0,0.5,100.0,69.0,0.1129125605026881
1148,2.0,20.0,35.0,0.5,1000.0,98.0,0.1040642907222112
1149,2.0,20.0,35.0,0.5,10000.0,74.0,0.10283397634824117
1150,2.0,20.0,35.0,0.7,0.0,68.0,0.17809531589349112
1151,2.0,20.0,35.0,0.7,10.0,73.0,0.14870911339918771
1152,2.0,20.0,35.0,0.7,100.0,77.0,0.1554360936085383
1153,2.0,20.0,35.0,0.7,1000.0,60.0,0.18372795482476553
1154,2.0,20.0,35.0,0.7,10000.0,74.0,0.18054841458797455
1155,2.0,20.0,40.0,0.3,0.0,53.0,0.1058360959092776
1156,2.0,20.0,40.0,0.3,10.0,67.0,0.1056158517797788
1157,2.0,20.0,40.0,0.3,100.0,51.0,0.11108695964018504
1158,2.0,20.0,40.0,0.3,1000.0,79.0,0.09776094804207484
1159,2.0,20.0,40.0,0.3,10000.0,56.0,0.12058268239100774
1160,2.0,20.0,40.0,0.5,0.0,79.0,0.10791452725728352
1161,2.0,20.0,40.0,0.5,10.0,61.0,0.114437036216259
1162,2.0,20.0,40.0,0.5,100.0,98.0,0.11794756849606831
1163,2.0,20.0,40.0,0.5,1000.0,73.0,0.11289694905281067
1164,2.0,20.0,40.0,0.5,10000.0,65.0,0.11099631836016972
1165,2.0,20.0,40.0,0.7,0.0,65.0,0.1416301429271698
1166,2.0,20.0,40.0,0.7,10.0,54.0,0.15928192933400473
1167,2.0,20.0,40.0,0.7,100.0,51.0,0.15743071834246317
1168,2.0,20.0,40.0,0.7,1000.0,79.0,0.14367572466532388
1169,2.0,20.0,40.0,0.7,10000.0,65.0,0.15145120521386465
1170,2.0,20.0,45.0,0.3,0.0,82.0,0.09722922990719478
1171,2.0,20.0,45.0,0.3,10.0,67.0,0.09270183742046356
1172,2.0,20.0,45.0,0.3,100.0,71.0,0.11321804920832317
1173,2.0,20.0,45.0,0.3,1000.0,56.0,0.11649253964424133
1174,2.0,20.0,45.0,0.3,10000.0,46.0,0.10291621585687001
1175,2.0,20.0,45.0,0.5,0.0,68.0,0.11685149868329366
1176,2.0,20.0,45.0,0.5,10.0,59.0,0.1104932427406311
1177,2.0,20.0,45.0,0.5,100.0,75.0,0.1148300791780154
1178,2.0,20.0,45.0,0.5,1000.0,73.0,0.10429727534453075
1179,2.0,20.0,45.0,0.5,10000.0,50.0,0.11832447350025177
1180,2.0,20.0,45.0,0.7,0.0,67.0,0.14956539620955786
1181,2.0,20.0,45.0,0.7,10.0,69.0,0.16280829906463623
1182,2.0,20.0,45.0,0.7,100.0,54.0,0.1894006828467051
1183,2.0,20.0,45.0,0.7,1000.0,78.0,0.12774546444416046
1184,2.0,20.0,45.0,0.7,10000.0,42.0,0.1593495855728785
1185,2.0,20.0,50.0,0.3,0.0,72.0,0.13265303522348404
1186,2.0,20.0,50.0,0.3,10.0,89.0,0.09889098753531773
1187,2.0,20.0,50.0,0.3,100.0,84.0,0.10375979791084926
1188,2.0,20.0,50.0,0.3,1000.0,61.0,0.10319579144318898
1189,2.0,20.0,50.0,0.3,10000.0,60.0,0.09797100226084392
1190,2.0,20.0,50.0,0.5,0.0,61.0,0.13199986765782037
1191,2.0,20.0,50.0,0.5,10.0,85.0,0.12526718278725943
1192,2.0,20.0,50.0,0.5,100.0,65.0,0.1191165695587794
1193,2.0,20.0,50.0,0.5,1000.0,53.0,0.1260706086953481
1194,2.0,20.0,50.0,0.5,10000.0,84.0,0.10950107375780742
1195,2.0,20.0,50.0,0.7,0.0,72.0,0.14746100703875223
1196,2.0,20.0,50.0,0.7,10.0,54.0,0.1470289727052053
1197,2.0,20.0,50.0,0.7,100.0,65.0,0.137900710105896
1198,2.0,20.0,50.0,0.7,1000.0,52.0,0.14978287120660147
1199,2.0,20.0,50.0,0.7,10000.0,80.0,0.1332433670759201
1200,1.0,25.0,5.0,0.3,0.0,88.0,0.14407234638929367
1201,1.0,25.0,5.0,0.3,10.0,69.0,0.1579860101143519
1202,1.0,25.0,5.0,0.3,100.0,84.0,0.18443357944488525
1203,1.0,25.0,5.0,0.3,1000.0,108.0,0.18561965227127075
1204,1.0,25.0,5.0,0.3,10000.0,81.0,0.14683526009321213
1205,1.0,25.0,5.0,0.5,0.0,88.0,0.229093203941981
1206,1.0,25.0,5.0,0.5,10.0,47.0,0.2599569807449977
1207,1.0,25.0,5.0,0.5,100.0,67.0,0.33056649565696716
1208,1.0,25.0,5.0,0.5,1000.0,93.0,0.22212610642115274
1209,1.0,25.0,5.0,0.5,10000.0,72.0,0.24615342418352762
1210,1.0,25.0,5.0,0.7,0.0,53.0,0.4296438495318095
1211,1.0,25.0,5.0,0.7,10.0,48.0,0.442684402068456
1212,1.0,25.0,5.0,0.7,100.0,48.0,0.5512349108854929
1213,1.0,25.0,5.0,0.7,1000.0,49.0,0.43827781081199646
1214,1.0,25.0,5.0,0.7,10000.0,62.0,0.41971462965011597
1215,1.0,25.0,10.0,0.3,0.0,104.0,0.11469484368960063
1216,1.0,25.0,10.0,0.3,10.0,70.0,0.10843775421380997
1217,1.0,25.0,10.0,0.3,100.0,59.0,0.11519066989421844
1218,1.0,25.0,10.0,0.3,1000.0,69.0,0.11887887865304947
1219,1.0,25.0,10.0,0.3,10000.0,72.0,0.10833301146825154
1220,1.0,25.0,10.0,0.5,0.0,85.0,0.16516722242037454
1221,1.0,25.0,10.0,0.5,10.0,47.0,0.16238024334112802
1222,1.0,25.0,10.0,0.5,100.0,62.0,0.15714835127194723
1223,1.0,25.0,10.0,0.5,1000.0,69.0,0.19593981901804605
1224,1.0,25.0,10.0,0.5,10000.0,83.0,0.1495017111301422
1225,1.0,25.0,10.0,0.7,0.0,66.0,0.2614201605319977
1226,1.0,25.0,10.0,0.7,10.0,67.0,0.30537161231040955
1227,1.0,25.0,10.0,0.7,100.0,71.0,0.26316770911216736
1228,1.0,25.0,10.0,0.7,1000.0,66.0,0.2712656259536743
1229,1.0,25.0,10.0,0.7,10000.0,83.0,0.2625359396139781
1230,1.0,25.0,15.0,0.3,0.0,46.0,0.11211008081833522
1231,1.0,25.0,15.0,0.3,10.0,106.0,0.11320592959721883
1232,1.0,25.0,15.0,0.3,100.0,73.0,0.09952323138713837
1233,1.0,25.0,15.0,0.3,1000.0,52.0,0.12059787164131801
1234,1.0,25.0,15.0,0.3,10000.0,58.0,0.11346374203761418
1235,1.0,25.0,15.0,0.5,0.0,46.0,0.1430386652549108
1236,1.0,25.0,15.0,0.5,10.0,75.0,0.1856423815091451
1237,1.0,25.0,15.0,0.5,100.0,83.0,0.1465157444278399
1238,1.0,25.0,15.0,0.5,1000.0,70.0,0.13502356906731924
1239,1.0,25.0,15.0,0.5,10000.0,88.0,0.13237839192152023
1240,1.0,25.0,15.0,0.7,0.0,51.0,0.22506806254386902
1241,1.0,25.0,15.0,0.7,10.0,79.0,0.2005192091067632
1242,1.0,25.0,15.0,0.7,100.0,81.0,0.23602690796057382
1243,1.0,25.0,15.0,0.7,1000.0,86.0,0.21871253351370493
1244,1.0,25.0,15.0,0.7,10000.0,96.0,0.20534328619639078
1245,1.0,25.0,20.0,0.3,0.0,70.0,0.10153222580750783
1246,1.0,25.0,20.0,0.3,10.0,71.0,0.11330122749010722
1247,1.0,25.0,20.0,0.3,100.0,51.0,0.1091856062412262
1248,1.0,25.0,20.0,0.3,1000.0,86.0,0.10174354165792465
1249,1.0,25.0,20.0,0.3,10000.0,69.0,0.10235523929198583
1250,1.0,25.0,20.0,0.5,0.0,85.0,0.1338542327284813
1251,1.0,25.0,20.0,0.5,10.0,62.0,0.13215208301941553
1252,1.0,25.0,20.0,0.5,100.0,66.0,0.13648921251296997
1253,1.0,25.0,20.0,0.5,1000.0,79.0,0.11587138970692952
1254,1.0,25.0,20.0,0.5,10000.0,81.0,0.12459783007701238
1255,1.0,25.0,20.0,0.7,0.0,57.0,0.21527900795141855
1256,1.0,25.0,20.0,0.7,10.0,63.0,0.19617436329523721
1257,1.0,25.0,20.0,0.7,100.0,67.0,0.18642579019069672
1258,1.0,25.0,20.0,0.7,1000.0,61.0,0.1879550963640213
1259,1.0,25.0,20.0,0.7,10000.0,54.0,0.1995127002398173
1260,1.0,25.0,25.0,0.3,0.0,64.0,0.11076485117276509
1261,1.0,25.0,25.0,0.3,10.0,62.0,0.11520776649316151
1262,1.0,25.0,25.0,0.3,100.0,52.0,0.10213323682546616
1263,1.0,25.0,25.0,0.3,1000.0,66.0,0.10089127471049626
1264,1.0,25.0,25.0,0.3,10000.0,77.0,0.10280609130859375
1265,1.0,25.0,25.0,0.5,0.0,53.0,0.14428764581680298
1266,1.0,25.0,25.0,0.5,10.0,65.0,0.13995721191167831
1267,1.0,25.0,25.0,0.5,100.0,57.0,0.12608596434195837
1268,1.0,25.0,25.0,0.5,1000.0,44.0,0.12478384127219518
1269,1.0,25.0,25.0,0.5,10000.0,68.0,0.12255334357420604
1270,1.0,25.0,25.0,0.7,0.0,63.0,0.21642151971658072
1271,1.0,25.0,25.0,0.7,10.0,66.0,0.27631481488545734
1272,1.0,25.0,25.0,0.7,100.0,52.0,0.19396385053793588
1273,1.0,25.0,25.0,0.7,1000.0,69.0,0.17348567644755045
1274,1.0,25.0,25.0,0.7,10000.0,65.0,0.1757631997267405
1275,1.0,25.0,30.0,0.3,0.0,53.0,0.1100907896955808
1276,1.0,25.0,30.0,0.3,10.0,69.0,0.10370767116546631
1277,1.0,25.0,30.0,0.3,100.0,72.0,0.10848492632309596
1278,1.0,25.0,30.0,0.3,1000.0,65.0,0.10047238816817601
1279,1.0,25.0,30.0,0.3,10000.0,51.0,0.10786306858062744
1280,1.0,25.0,30.0,0.5,0.0,81.0,0.11818291495243709
1281,1.0,25.0,30.0,0.5,10.0,62.0,0.11733689655860265
1282,1.0,25.0,30.0,0.5,100.0,72.0,0.12187327444553375
1283,1.0,25.0,30.0,0.5,1000.0,69.0,0.11345918973286946
1284,1.0,25.0,30.0,0.5,10000.0,73.0,0.1422336051861445
1285,1.0,25.0,30.0,0.7,0.0,71.0,0.16358548402786255
1286,1.0,25.0,30.0,0.7,10.0,60.0,0.16544428964455923
1287,1.0,25.0,30.0,0.7,100.0,76.0,0.18053172528743744
1288,1.0,25.0,30.0,0.7,1000.0,59.0,0.1514372924963633
1289,1.0,25.0,30.0,0.7,10000.0,66.0,0.1595169504483541
1290,1.0,25.0,35.0,0.3,0.0,88.0,0.09739230076471965
1291,1.0,25.0,35.0,0.3,10.0,46.0,0.1098332405090332
1292,1.0,25.0,35.0,0.3,100.0,68.0,0.10444917778174083
1293,1.0,25.0,35.0,0.3,1000.0,59.0,0.10550269981225331
1294,1.0,25.0,35.0,0.3,10000.0,76.0,0.10242881129185359
1295,1.0,25.0,35.0,0.5,0.0,57.0,0.11587277799844742
1296,1.0,25.0,35.0,0.5,10.0,46.0,0.12293618420759837
1297,1.0,25.0,35.0,0.5,100.0,83.0,0.12112789849440257
1298,1.0,25.0,35.0,0.5,1000.0,56.0,0.13973217705885568
1299,1.0,25.0,35.0,0.5,10000.0,60.0,0.116428737839063
1300,1.0,25.0,35.0,0.7,0.0,47.0,0.15960965057214102
1301,1.0,25.0,35.0,0.7,10.0,70.0,0.16187304755051932
1302,1.0,25.0,35.0,0.7,100.0,68.0,0.29642339547475177
1303,1.0,25.0,35.0,0.7,1000.0,66.0,0.22761823733647665
1304,1.0,25.0,35.0,0.7,10000.0,74.0,0.1591121107339859
1305,1.0,25.0,40.0,0.3,0.0,81.0,0.10521438966194789
1306,1.0,25.0,40.0,0.3,10.0,69.0,0.09844726075728734
1307,1.0,25.0,40.0,0.3,100.0,66.0,0.10676499952872594
1308,1.0,25.0,40.0,0.3,1000.0,74.0,0.10159740348656972
1309,1.0,25.0,40.0,0.3,10000.0,96.0,0.09623644004265468
1310,1.0,25.0,40.0,0.5,0.0,53.0,0.12148656447728474
1311,1.0,25.0,40.0,0.5,10.0,59.0,0.10980216910441716
1312,1.0,25.0,40.0,0.5,100.0,51.0,0.11982955038547516
1313,1.0,25.0,40.0,0.5,1000.0,46.0,0.11672425518433253
1314,1.0,25.0,40.0,0.5,10000.0,79.0,0.11115554471810658
1315,1.0,25.0,40.0,0.7,0.0,59.0,0.16699452698230743
1316,1.0,25.0,40.0,0.7,10.0,45.0,0.1666447768608729
1317,1.0,25.0,40.0,0.7,100.0,71.0,0.1594394991795222
1318,1.0,25.0,40.0,0.7,1000.0,82.0,0.16315723955631256
1319,1.0,25.0,40.0,0.7,10000.0,68.0,0.14557434618473053
1320,1.0,25.0,45.0,0.3,0.0,53.0,0.09784974157810211
1321,1.0,25.0,45.0,0.3,10.0,74.0,0.10095280408859253
1322,1.0,25.0,45.0,0.3,100.0,68.0,0.10686810314655304
1323,1.0,25.0,45.0,0.3,1000.0,70.0,0.10252439727385838
1324,1.0,25.0,45.0,0.3,10000.0,99.0,0.08133938908576965
1325,1.0,25.0,45.0,0.5,0.0,67.0,0.11723654965559642
1326,1.0,25.0,45.0,0.5,10.0,66.0,0.11098293463389079
1327,1.0,25.0,45.0,0.5,100.0,68.0,0.11717106401920319
1328,1.0,25.0,45.0,0.5,1000.0,48.0,0.12924470752477646
1329,1.0,25.0,45.0,0.5,10000.0,53.0,0.11925400048494339
1330,1.0,25.0,45.0,0.7,0.0,57.0,0.15952597061793009
1331,1.0,25.0,45.0,0.7,10.0,62.0,0.14561907450358072
1332,1.0,25.0,45.0,0.7,100.0,73.0,0.15279171615839005
1333,1.0,25.0,45.0,0.7,1000.0,52.0,0.1584157645702362
1334,1.0,25.0,45.0,0.7,10000.0,98.0,0.14366897443930307
1335,1.0,25.0,50.0,0.3,0.0,71.0,0.0932009145617485
1336,1.0,25.0,50.0,0.3,10.0,82.0,0.097330242395401
1337,1.0,25.0,50.0,0.3,100.0,56.0,0.10033262272675832
1338,1.0,25.0,50.0,0.3,1000.0,56.0,0.09847443799177806
1339,1.0,25.0,50.0,0.3,10000.0,63.0,0.1016400158405304
1340,1.0,25.0,50.0,0.5,0.0,65.0,0.11244713266690572
1341,1.0,25.0,50.0,0.5,10.0,75.0,0.11667370547850926
1342,1.0,25.0,50.0,0.5,100.0,59.0,0.11485641449689865
1343,1.0,25.0,50.0,0.5,1000.0,84.0,0.11000176519155502
1344,1.0,25.0,50.0,0.5,10000.0,72.0,0.11443458000818889
1345,1.0,25.0,50.0,0.7,0.0,51.0,0.17303279538949332
1346,1.0,25.0,50.0,0.7,10.0,91.0,0.13909061004718146
1347,1.0,25.0,50.0,0.7,100.0,59.0,0.15351409961779913
1348,1.0,25.0,50.0,0.7,1000.0,65.0,0.1515815705060959
1349,1.0,25.0,50.0,0.7,10000.0,63.0,0.13802691052357355
1350,2.0,25.0,5.0,0.3,0.0,78.0,0.14769930889209112
1351,2.0,25.0,5.0,0.3,10.0,77.0,0.20042945444583893
1352,2.0,25.0,5.0,0.3,100.0,76.0,0.16408752898375192
1353,2.0,25.0,5.0,0.3,1000.0,76.0,0.12567035108804703
1354,2.0,25.0,5.0,0.3,10000.0,81.0,0.16357843577861786
1355,2.0,25.0,5.0,0.5,0.0,57.0,0.1996000111103058
1356,2.0,25.0,5.0,0.5,10.0,69.0,0.22159333527088165
1357,2.0,25.0,5.0,0.5,100.0,65.0,0.22828095157941183
1358,2.0,25.0,5.0,0.5,1000.0,78.0,0.18391190965970358
1359,2.0,25.0,5.0,0.5,10000.0,68.0,0.2637177457412084
1360,2.0,25.0,5.0,0.7,0.0,57.0,0.3574353555838267
1361,2.0,25.0,5.0,0.7,10.0,55.0,0.4290880759557088
1362,2.0,25.0,5.0,0.7,100.0,50.0,0.3497864603996277
1363,2.0,25.0,5.0,0.7,1000.0,61.0,0.34965575734774273
1364,2.0,25.0,5.0,0.7,10000.0,60.0,0.41006595889727276
1365,2.0,25.0,10.0,0.3,0.0,128.0,0.10806509604056676
1366,2.0,25.0,10.0,0.3,10.0,57.0,0.13391689459482828
1367,2.0,25.0,10.0,0.3,100.0,70.0,0.12625054270029068
1368,2.0,25.0,10.0,0.3,1000.0,48.0,0.12990244229634604
1369,2.0,25.0,10.0,0.3,10000.0,80.0,0.10750290503104527
1370,2.0,25.0,10.0,0.5,0.0,54.0,0.14487710346778235
1371,2.0,25.0,10.0,0.5,10.0,70.0,0.15796160697937012
1372,2.0,25.0,10.0,0.5,100.0,67.0,0.17418179412682852
1373,2.0,25.0,10.0,0.5,1000.0,59.0,0.14419756084680557
1374,2.0,25.0,10.0,0.5,10000.0,92.0,0.1390629584590594
1375,2.0,25.0,10.0,0.7,0.0,42.0,0.21953192353248596
1376,2.0,25.0,10.0,0.7,10.0,45.0,0.2621014167865117
1377,2.0,25.0,10.0,0.7,100.0,80.0,0.2522985637187958
1378,2.0,25.0,10.0,0.7,1000.0,48.0,0.2888278067111969
1379,2.0,25.0,10.0,0.7,10000.0,84.0,0.2622058391571045
1380,2.0,25.0,15.0,0.3,0.0,68.0,0.1109739566842715
1381,2.0,25.0,15.0,0.3,10.0,77.0,0.08757584542036057
1382,2.0,25.0,15.0,0.3,100.0,44.0,0.1992397407690684
1383,2.0,25.0,15.0,0.3,1000.0,55.0,0.14425641794999441
1384,2.0,25.0,15.0,0.3,10000.0,49.0,0.13957737882932028
1385,2.0,25.0,15.0,0.5,0.0,57.0,0.16233964761098227
1386,2.0,25.0,15.0,0.5,10.0,66.0,0.12530125677585602
1387,2.0,25.0,15.0,0.5,100.0,68.0,0.1403168042500814
1388,2.0,25.0,15.0,0.5,1000.0,66.0,0.1406742831071218
1389,2.0,25.0,15.0,0.5,10000.0,65.0,0.13378203411897024
1390,2.0,25.0,15.0,0.7,0.0,47.0,0.215415691335996
1391,2.0,25.0,15.0,0.7,10.0,66.0,0.1847596267859141
1392,2.0,25.0,15.0,0.7,100.0,68.0,0.18713241815567017
1393,2.0,25.0,15.0,0.7,1000.0,43.0,0.2638401687145233
1394,2.0,25.0,15.0,0.7,10000.0,88.0,0.2500075548887253
1395,2.0,25.0,20.0,0.3,0.0,62.0,0.10499385992685954
1396,2.0,25.0,20.0,0.3,10.0,64.0,0.09674944480260213
1397,2.0,25.0,20.0,0.3,100.0,78.0,0.18499397238095602
1398,2.0,25.0,20.0,0.3,1000.0,78.0,0.10057486097017924
1399,2.0,25.0,20.0,0.3,10000.0,84.0,0.09750135491291682
1400,2.0,25.0,20.0,0.5,0.0,79.0,0.11711517224709193
1401,2.0,25.0,20.0,0.5,10.0,70.0,0.11607442796230316
1402,2.0,25.0,20.0,0.5,100.0,82.0,0.11662908146778743
1403,2.0,25.0,20.0,0.5,1000.0,98.0,0.11806566268205643
1404,2.0,25.0,20.0,0.5,10000.0,51.0,0.1530095636844635
1405,2.0,25.0,20.0,0.7,0.0,73.0,0.20936603844165802
1406,2.0,25.0,20.0,0.7,10.0,66.0,0.14798652629057565
1407,2.0,25.0,20.0,0.7,100.0,68.0,0.15606707831223807
1408,2.0,25.0,20.0,0.7,1000.0,59.0,0.1829866866270701
1409,2.0,25.0,20.0,0.7,10000.0,42.0,0.20366058746973673
1410,2.0,25.0,25.0,0.3,0.0,115.0,0.09212588022152583
1411,2.0,25.0,25.0,0.3,10.0,71.0,0.0982670933008194
1412,2.0,25.0,25.0,0.3,100.0,52.0,0.11550719539324443
1413,2.0,25.0,25.0,0.3,1000.0,48.0,0.11936122924089432
1414,2.0,25.0,25.0,0.3,10000.0,35.0,0.16262775162855783
1415,2.0,25.0,25.0,0.5,0.0,59.0,0.1314179872473081
1416,2.0,25.0,25.0,0.5,10.0,75.0,0.10634295642375946
1417,2.0,25.0,25.0,0.5,100.0,59.0,0.12247277547915776
1418,2.0,25.0,25.0,0.5,1000.0,63.0,0.1503525823354721
1419,2.0,25.0,25.0,0.5,10000.0,41.0,0.1379691188534101
1420,2.0,25.0,25.0,0.7,0.0,56.0,0.15484575430552164
1421,2.0,25.0,25.0,0.7,10.0,81.0,0.18799367547035217
1422,2.0,25.0,25.0,0.7,100.0,51.0,0.18383949001630148
1423,2.0,25.0,25.0,0.7,1000.0,59.0,0.15617801249027252
1424,2.0,25.0,25.0,0.7,10000.0,42.0,0.1923817495505015
1425,2.0,25.0,30.0,0.3,0.0,46.0,0.14358356098333994
1426,2.0,25.0,30.0,0.3,10.0,69.0,0.1093336616953214
1427,2.0,25.0,30.0,0.3,100.0,81.0,0.11759795000155766
1428,2.0,25.0,30.0,0.3,1000.0,59.0,0.09789620339870453
1429,2.0,25.0,30.0,0.3,10000.0,60.0,0.10139401753743489
1430,2.0,25.0,30.0,0.5,0.0,73.0,0.11258187890052795
1431,2.0,25.0,30.0,0.5,10.0,91.0,0.1002373918890953
1432,2.0,25.0,30.0,0.5,100.0,51.0,0.12344993899265926
1433,2.0,25.0,30.0,0.5,1000.0,82.0,0.1044531265894572
1434,2.0,25.0,30.0,0.5,10000.0,69.0,0.11008919030427933
1435,2.0,25.0,30.0,0.7,0.0,80.0,0.16372359792391458
1436,2.0,25.0,30.0,0.7,10.0,54.0,0.14864996572335562
1437,2.0,25.0,30.0,0.7,100.0,76.0,0.14488124599059424
1438,2.0,25.0,30.0,0.7,1000.0,69.0,0.14925387998421988
1439,2.0,25.0,30.0,0.7,10000.0,58.0,0.1518032600482305
1440,2.0,25.0,35.0,0.3,0.0,66.0,0.09254498779773712
1441,2.0,25.0,35.0,0.3,10.0,45.0,0.09987622251113255
1442,2.0,25.0,35.0,0.3,100.0,47.0,0.15661283334096274
1443,2.0,25.0,35.0,0.3,1000.0,74.0,0.09227726856867473
1444,2.0,25.0,35.0,0.3,10000.0,66.0,0.10204006731510162
1445,2.0,25.0,35.0,0.5,0.0,59.0,0.11067860076824824
1446,2.0,25.0,35.0,0.5,10.0,52.0,0.12265236675739288
1447,2.0,25.0,35.0,0.5,100.0,48.0,0.1321252832810084
1448,2.0,25.0,35.0,0.5,1000.0,82.0,0.11555665979782741
1449,2.0,25.0,35.0,0.5,10000.0,74.0,0.10533435394366582
1450,2.0,25.0,35.0,0.7,0.0,57.0,0.14536742866039276
1451,2.0,25.0,35.0,0.7,10.0,52.0,0.1507121572891871
1452,2.0,25.0,35.0,0.7,100.0,78.0,0.14111261318127313
1453,2.0,25.0,35.0,0.7,1000.0,74.0,0.12386361757914226
1454,2.0,25.0,35.0,0.7,10000.0,64.0,0.13651730616887411
1455,2.0,25.0,40.0,0.3,0.0,87.0,0.08499382187922795
1456,2.0,25.0,40.0,0.3,10.0,68.0,0.0884455827375253
1457,2.0,25.0,40.0,0.3,100.0,81.0,0.0838841162621975
1458,2.0,25.0,40.0,0.3,1000.0,56.0,0.10562605410814285
1459,2.0,25.0,40.0,0.3,10000.0,40.0,0.12994065880775452
1460,2.0,25.0,40.0,0.5,0.0,64.0,0.11368683973948161
1461,2.0,25.0,40.0,0.5,10.0,39.0,0.11980544279019038
1462,2.0,25.0,40.0,0.5,100.0,65.0,0.10392662386099498
1463,2.0,25.0,40.0,0.5,1000.0,76.0,0.09376489371061325
1464,2.0,25.0,40.0,0.5,10000.0,76.0,0.10463045785824458
1465,2.0,25.0,40.0,0.7,0.0,58.0,0.1487110580007235
1466,2.0,25.0,40.0,0.7,10.0,81.0,0.2685052752494812
1467,2.0,25.0,40.0,0.7,100.0,48.0,0.15471437573432922
1468,2.0,25.0,40.0,0.7,1000.0,86.0,0.12572010854880014
1469,2.0,25.0,40.0,0.7,10000.0,51.0,0.1514375607172648
1470,2.0,25.0,45.0,0.3,0.0,84.0,0.08546490718921025
1471,2.0,25.0,45.0,0.3,10.0,67.0,0.09325083593527476
1472,2.0,25.0,45.0,0.3,100.0,81.0,0.08448878799875577
1473,2.0,25.0,45.0,0.3,1000.0,72.0,0.10427153607209523
1474,2.0,25.0,45.0,0.3,10000.0,51.0,0.10864787300427754
1475,2.0,25.0,45.0,0.5,0.0,53.0,0.11023674408594768
1476,2.0,25.0,45.0,0.5,10.0,66.0,0.10275435944398244
1477,2.0,25.0,45.0,0.5,100.0,68.0,0.0971827283501625
1478,2.0,25.0,45.0,0.5,1000.0,68.0,0.10125315686066945
1479,2.0,25.0,45.0,0.5,10000.0,52.0,0.11673319588104884
1480,2.0,25.0,45.0,0.7,0.0,71.0,0.12007725735505421
1481,2.0,25.0,45.0,0.7,10.0,62.0,0.12863494455814362
1482,2.0,25.0,45.0,0.7,100.0,87.0,0.12767986208200455
1483,2.0,25.0,45.0,0.7,1000.0,45.0,0.1987007955710093
1484,2.0,25.0,45.0,0.7,10000.0,84.0,0.1436417450507482
1485,2.0,25.0,50.0,0.3,0.0,78.0,0.08838123579819997
1486,2.0,25.0,50.0,0.3,10.0,50.0,0.11207201580206554
1487,2.0,25.0,50.0,0.3,100.0,45.0,0.1641735682884852
1488,2.0,25.0,50.0,0.3,1000.0,56.0,0.09269666423400243
1489,2.0,25.0,50.0,0.3,10000.0,89.0,0.08383938421805699
1490,2.0,25.0,50.0,0.5,0.0,87.0,0.10093880196412404
1491,2.0,25.0,50.0,0.5,10.0,61.0,0.10412590205669403
1492,2.0,25.0,50.0,0.5,100.0,86.0,0.10497162242730458
1493,2.0,25.0,50.0,0.5,1000.0,96.0,0.0977036456267039
1494,2.0,25.0,50.0,0.5,10000.0,53.0,0.1115574116508166
1495,2.0,25.0,50.0,0.7,0.0,79.0,0.15081863353649774
1496,2.0,25.0,50.0,0.7,10.0,45.0,0.11574282497167587
1497,2.0,25.0,50.0,0.7,100.0,48.0,0.14015917479991913
1498,2.0,25.0,50.0,0.7,1000.0,74.0,0.1313825249671936
1499,2.0,25.0,50.0,0.7,10000.0,68.0,0.13106139997641245
1500,1.0,30.0,5.0,0.3,0.0,93.0,0.20015793045361838
1501,1.0,30.0,5.0,0.3,10.0,76.0,0.14388392865657806
1502,1.0,30.0,5.0,0.3,100.0,92.0,0.12529625495274863
1503,1.0,30.0,5.0,0.3,1000.0,84.0,0.23382164041201273
1504,1.0,30.0,5.0,0.3,10000.0,65.0,0.1342286616563797
1505,1.0,30.0,5.0,0.5,0.0,80.0,0.33071380853652954
1506,1.0,30.0,5.0,0.5,10.0,70.0,0.19606412947177887
1507,1.0,30.0,5.0,0.5,100.0,81.0,0.2148418923219045
1508,1.0,30.0,5.0,0.5,1000.0,56.0,0.3488421142101288
1509,1.0,30.0,5.0,0.5,10000.0,69.0,0.20209209124247232
1510,1.0,30.0,5.0,0.7,0.0,94.0,0.5009006361166636
1511,1.0,30.0,5.0,0.7,10.0,77.0,0.38099202513694763
1512,1.0,30.0,5.0,0.7,100.0,81.0,0.4185224572817485
1513,1.0,30.0,5.0,0.7,1000.0,61.0,0.5382235447565714
1514,1.0,30.0,5.0,0.7,10000.0,69.0,0.36059478918711346
1515,1.0,30.0,10.0,0.3,0.0,85.0,0.13072227934996286
1516,1.0,30.0,10.0,0.3,10.0,74.0,0.11462852607170741
1517,1.0,30.0,10.0,0.3,100.0,76.0,0.12578432013591131
1518,1.0,30.0,10.0,0.3,1000.0,94.0,0.10438347607851028
1519,1.0,30.0,10.0,0.3,10000.0,84.0,0.1034662847717603
1520,1.0,30.0,10.0,0.5,0.0,50.0,0.15938961754242578
1521,1.0,30.0,10.0,0.5,10.0,59.0,0.1460839038093885
1522,1.0,30.0,10.0,0.5,100.0,54.0,0.15880403916041055
1523,1.0,30.0,10.0,0.5,1000.0,81.0,0.15954580903053284
1524,1.0,30.0,10.0,0.5,10000.0,60.0,0.15948054939508438
1525,1.0,30.0,10.0,0.7,0.0,46.0,0.26861309508482617
1526,1.0,30.0,10.0,0.7,10.0,50.0,0.23038154343763986
1527,1.0,30.0,10.0,0.7,100.0,65.0,0.27406958242257434
1528,1.0,30.0,10.0,0.7,1000.0,77.0,0.28509582082430523
1529,1.0,30.0,10.0,0.7,10000.0,51.0,0.27673056224981946
1530,1.0,30.0,15.0,0.3,0.0,68.0,0.11715333660443623
1531,1.0,30.0,15.0,0.3,10.0,70.0,0.10876058290402095
1532,1.0,30.0,15.0,0.3,100.0,54.0,0.10598088055849075
1533,1.0,30.0,15.0,0.3,1000.0,67.0,0.11201997349659602
1534,1.0,30.0,15.0,0.3,10000.0,69.0,0.11673793693383534
1535,1.0,30.0,15.0,0.5,0.0,44.0,0.1495440403620402
1536,1.0,30.0,15.0,0.5,10.0,70.0,0.11638061702251434
1537,1.0,30.0,15.0,0.5,100.0,75.0,0.13344944765170416
1538,1.0,30.0,15.0,0.5,1000.0,56.0,0.1309588501850764
1539,1.0,30.0,15.0,0.5,10000.0,64.0,0.13483013461033502
1540,1.0,30.0,15.0,0.7,0.0,59.0,0.2306299755970637
1541,1.0,30.0,15.0,0.7,10.0,57.0,0.20987489819526672
1542,1.0,30.0,15.0,0.7,100.0,52.0,0.19993367791175842
1543,1.0,30.0,15.0,0.7,1000.0,57.0,0.19702941179275513
1544,1.0,30.0,15.0,0.7,10000.0,45.0,0.2109035203854243
1545,1.0,30.0,20.0,0.3,0.0,66.0,0.10412545750538509
1546,1.0,30.0,20.0,0.3,10.0,61.0,0.11430771152178447
1547,1.0,30.0,20.0,0.3,100.0,77.0,0.10620450973510742
1548,1.0,30.0,20.0,0.3,1000.0,44.0,0.11377279957135518
1549,1.0,30.0,20.0,0.3,10000.0,53.0,0.12677404781182608
1550,1.0,30.0,20.0,0.5,0.0,59.0,0.13688161969184875
1551,1.0,30.0,20.0,0.5,10.0,58.0,0.1440283457438151
1552,1.0,30.0,20.0,0.5,100.0,72.0,0.1301568696896235
1553,1.0,30.0,20.0,0.5,1000.0,67.0,0.12804475178321204
1554,1.0,30.0,20.0,0.5,10000.0,60.0,0.1382217283050219
1555,1.0,30.0,20.0,0.7,0.0,50.0,0.22573507328828177
1556,1.0,30.0,20.0,0.7,10.0,45.0,0.20359320441881815
1557,1.0,30.0,20.0,0.7,100.0,55.0,0.18837086856365204
1558,1.0,30.0,20.0,0.7,1000.0,56.0,0.17566309372584024
1559,1.0,30.0,20.0,0.7,10000.0,60.0,0.18799391388893127
1560,1.0,30.0,25.0,0.3,0.0,68.0,0.10511439790328343
1561,1.0,30.0,25.0,0.3,10.0,49.0,0.11161859581867854
1562,1.0,30.0,25.0,0.3,100.0,54.0,0.10120562960704167
1563,1.0,30.0,25.0,0.3,1000.0,74.0,0.10386527329683304
1564,1.0,30.0,25.0,0.3,10000.0,83.0,0.08833218862613042
1565,1.0,30.0,25.0,0.5,0.0,59.0,0.11763038734594981
1566,1.0,30.0,25.0,0.5,10.0,60.0,0.13118710120519003
1567,1.0,30.0,25.0,0.5,100.0,52.0,0.12308077265818913
1568,1.0,30.0,25.0,0.5,1000.0,60.0,0.1337361385424932
1569,1.0,30.0,25.0,0.5,10000.0,69.0,0.11154140035311381
1570,1.0,30.0,25.0,0.7,0.0,46.0,0.21358524759610495
1571,1.0,30.0,25.0,0.7,10.0,61.0,0.19476471344629923
1572,1.0,30.0,25.0,0.7,100.0,52.0,0.18885119756062826
1573,1.0,30.0,25.0,0.7,1000.0,58.0,0.18045420944690704
1574,1.0,30.0,25.0,0.7,10000.0,89.0,0.14793536315361658
1575,1.0,30.0,30.0,0.3,0.0,68.0,0.10418554643789928
1576,1.0,30.0,30.0,0.3,10.0,52.0,0.10240846623977025
1577,1.0,30.0,30.0,0.3,100.0,72.0,0.09824463228384654
1578,1.0,30.0,30.0,0.3,1000.0,67.0,0.10584496210018794
1579,1.0,30.0,30.0,0.3,10000.0,52.0,0.09823480000098546
1580,1.0,30.0,30.0,0.5,0.0,46.0,0.12512206037839255
1581,1.0,30.0,30.0,0.5,10.0,52.0,0.11492917189995448
1582,1.0,30.0,30.0,0.5,100.0,96.0,0.11550841728846233
1583,1.0,30.0,30.0,0.5,1000.0,56.0,0.11270418763160706
1584,1.0,30.0,30.0,0.5,10000.0,64.0,0.12320490429798762
1585,1.0,30.0,30.0,0.7,0.0,45.0,0.17546592156092325
1586,1.0,30.0,30.0,0.7,10.0,50.0,0.14902943869431814
1587,1.0,30.0,30.0,0.7,100.0,57.0,0.15846944351991019
1588,1.0,30.0,30.0,0.7,1000.0,55.0,0.16061246395111084
1589,1.0,30.0,30.0,0.7,10000.0,60.0,0.1414195423324903
1590,1.0,30.0,35.0,0.3,0.0,68.0,0.09787123650312424
1591,1.0,30.0,35.0,0.3,10.0,74.0,0.1004126990834872
1592,1.0,30.0,35.0,0.3,100.0,57.0,0.09703037391106288
1593,1.0,30.0,35.0,0.3,1000.0,116.0,0.08475279932220776
1594,1.0,30.0,35.0,0.3,10000.0,73.0,0.09539490689833958
1595,1.0,30.0,35.0,0.5,0.0,59.0,0.11046742896238963
1596,1.0,30.0,35.0,0.5,10.0,58.0,0.11999003340800603
1597,1.0,30.0,35.0,0.5,100.0,60.0,0.10426401346921921
1598,1.0,30.0,35.0,0.5,1000.0,58.0,0.11583761870861053
1599,1.0,30.0,35.0,0.5,10000.0,84.0,0.11077433576186498
1600,1.0,30.0,35.0,0.7,0.0,84.0,0.16554328799247742
1601,1.0,30.0,35.0,0.7,10.0,41.0,0.1677437722682953
1602,1.0,30.0,35.0,0.7,100.0,67.0,0.14083871245384216
1603,1.0,30.0,35.0,0.7,1000.0,74.0,0.15707779427369437
1604,1.0,30.0,35.0,0.7,10000.0,60.0,0.14658751090367636
1605,1.0,30.0,40.0,0.3,0.0,59.0,0.10922787586847942
1606,1.0,30.0,40.0,0.3,10.0,61.0,0.09500813732544582
1607,1.0,30.0,40.0,0.3,100.0,71.0,0.0975476751724879
1608,1.0,30.0,40.0,0.3,1000.0,88.0,0.10068703939517339
1609,1.0,30.0,40.0,0.3,10000.0,71.0,0.10521981120109558
1610,1.0,30.0,40.0,0.5,0.0,71.0,0.1162455677986145
1611,1.0,30.0,40.0,0.5,10.0,67.0,0.1203057070573171
1612,1.0,30.0,40.0,0.5,100.0,52.0,0.12069905797640483
1613,1.0,30.0,40.0,0.5,1000.0,67.0,0.11053223659594853
1614,1.0,30.0,40.0,0.5,10000.0,42.0,0.11965531359116237
1615,1.0,30.0,40.0,0.7,0.0,59.0,0.1420442759990692
1616,1.0,30.0,40.0,0.7,10.0,58.0,0.1588291029135386
1617,1.0,30.0,40.0,0.7,100.0,60.0,0.13960685580968857
1618,1.0,30.0,40.0,0.7,1000.0,60.0,0.15306688845157623
1619,1.0,30.0,40.0,0.7,10000.0,52.0,0.15403755009174347
1620,1.0,30.0,45.0,0.3,0.0,56.0,0.10357210040092468
1621,1.0,30.0,45.0,0.3,10.0,74.0,0.10023113091786702
1622,1.0,30.0,45.0,0.3,100.0,84.0,0.08682086194554965
1623,1.0,30.0,45.0,0.3,1000.0,78.0,0.10557923465967178
1624,1.0,30.0,45.0,0.3,10000.0,60.0,0.11328456550836563
1625,1.0,30.0,45.0,0.5,0.0,59.0,0.11286098510026932
1626,1.0,30.0,45.0,0.5,10.0,60.0,0.10731044660011928
1627,1.0,30.0,45.0,0.5,100.0,59.0,0.11239438503980637
1628,1.0,30.0,45.0,0.5,1000.0,62.0,0.12287423759698868
1629,1.0,30.0,45.0,0.5,10000.0,55.0,0.11378610382477443
1630,1.0,30.0,45.0,0.7,0.0,55.0,0.1537095010280609
1631,1.0,30.0,45.0,0.7,10.0,48.0,0.15025203426678976
1632,1.0,30.0,45.0,0.7,100.0,52.0,0.1567351222038269
1633,1.0,30.0,45.0,0.7,1000.0,60.0,0.14765099932750067
1634,1.0,30.0,45.0,0.7,10000.0,60.0,0.1927545169989268
1635,1.0,30.0,50.0,0.3,0.0,54.0,0.11148086935281754
1636,1.0,30.0,50.0,0.3,10.0,54.0,0.1033112183213234
1637,1.0,30.0,50.0,0.3,100.0,73.0,0.09547860423723857
1638,1.0,30.0,50.0,0.3,1000.0,67.0,0.09982342272996902
1639,1.0,30.0,50.0,0.3,10000.0,83.0,0.09505922347307205
1640,1.0,30.0,50.0,0.5,0.0,69.0,0.11124376952648163
1641,1.0,30.0,50.0,0.5,10.0,50.0,0.11870571970939636
1642,1.0,30.0,50.0,0.5,100.0,51.0,0.11015185962120692
1643,1.0,30.0,50.0,0.5,1000.0,73.0,0.11271170526742935
1644,1.0,30.0,50.0,0.5,10000.0,64.0,0.10704899579286575
1645,1.0,30.0,50.0,0.7,0.0,71.0,0.15952317913373312
1646,1.0,30.0,50.0,0.7,10.0,41.0,0.13384519020716348
1647,1.0,30.0,50.0,0.7,100.0,64.0,0.14843758443991342
1648,1.0,30.0,50.0,0.7,1000.0,46.0,0.1728655199209849
1649,1.0,30.0,50.0,0.7,10000.0,60.0,0.13931897779305777
1650,2.0,30.0,5.0,0.3,0.0,49.0,0.13110708693663278
1651,2.0,30.0,5.0,0.3,10.0,81.0,0.148974247276783
1652,2.0,30.0,5.0,0.3,100.0,74.0,0.12115030984083812
1653,2.0,30.0,5.0,0.3,1000.0,103.0,0.10972524185975392
1654,2.0,30.0,5.0,0.3,10000.0,84.0,0.16010882208744684
1655,2.0,30.0,5.0,0.5,0.0,49.0,0.20876318216323853
1656,2.0,30.0,5.0,0.5,10.0,44.0,0.24504134058952332
1657,2.0,30.0,5.0,0.5,100.0,73.0,0.2152745376030604
1658,2.0,30.0,5.0,0.5,1000.0,44.0,0.1879060169061025
1659,2.0,30.0,5.0,0.5,10000.0,84.0,0.2914351423581441
1660,2.0,30.0,5.0,0.7,0.0,42.0,0.3548638125260671
1661,2.0,30.0,5.0,0.7,10.0,53.0,0.3576781253019969
1662,2.0,30.0,5.0,0.7,100.0,71.0,0.38699351747830707
1663,2.0,30.0,5.0,0.7,1000.0,48.0,0.3451589345932007
1664,2.0,30.0,5.0,0.7,10000.0,63.0,0.5195150176684061
1665,2.0,30.0,10.0,0.3,0.0,66.0,0.1248889888326327
1666,2.0,30.0,10.0,0.3,10.0,56.0,0.12164503832658131
1667,2.0,30.0,10.0,0.3,100.0,78.0,0.0976063683629036
1668,2.0,30.0,10.0,0.3,1000.0,80.0,0.10247340053319931
1669,2.0,30.0,10.0,0.3,10000.0,45.0,0.1938437521457672
1670,2.0,30.0,10.0,0.5,0.0,52.0,0.17378510534763336
1671,2.0,30.0,10.0,0.5,10.0,58.0,0.1581816573937734
1672,2.0,30.0,10.0,0.5,100.0,84.0,0.12594682474931082
1673,2.0,30.0,10.0,0.5,1000.0,49.0,0.16438174744447073
1674,2.0,30.0,10.0,0.5,10000.0,58.0,0.15434535841147104
1675,2.0,30.0,10.0,0.7,0.0,39.0,0.2566821426153183
1676,2.0,30.0,10.0,0.7,10.0,73.0,0.22822469969590506
1677,2.0,30.0,10.0,0.7,100.0,52.0,0.2690356026093165
1678,2.0,30.0,10.0,0.7,1000.0,49.0,0.23345594108104706
1679,2.0,30.0,10.0,0.7,10000.0,56.0,0.24162318805853525
1680,2.0,30.0,15.0,0.3,0.0,62.0,0.11006986598173778
1681,2.0,30.0,15.0,0.3,10.0,62.0,0.11122720191876094
1682,2.0,30.0,15.0,0.3,100.0,72.0,0.10149545470873515
1683,2.0,30.0,15.0,0.3,1000.0,38.0,0.1043732613325119
1684,2.0,30.0,15.0,0.3,10000.0,68.0,0.11083360761404037
1685,2.0,30.0,15.0,0.5,0.0,46.0,0.13337106009324393
1686,2.0,30.0,15.0,0.5,10.0,52.0,0.12368456025918324
1687,2.0,30.0,15.0,0.5,100.0,59.0,0.12499389300743739
1688,2.0,30.0,15.0,0.5,1000.0,46.0,0.12334507207075755
1689,2.0,30.0,15.0,0.5,10000.0,64.0,0.17348092794418335
1690,2.0,30.0,15.0,0.7,0.0,41.0,0.22442013025283813
1691,2.0,30.0,15.0,0.7,10.0,38.0,0.20271122455596924
1692,2.0,30.0,15.0,0.7,100.0,75.0,0.16683907806873322
1693,2.0,30.0,15.0,0.7,1000.0,50.0,0.1787003626426061
1694,2.0,30.0,15.0,0.7,10000.0,65.0,0.1971339782079061
1695,2.0,30.0,20.0,0.3,0.0,105.0,0.09581147631009419
1696,2.0,30.0,20.0,0.3,10.0,61.0,0.1042829801638921
1697,2.0,30.0,20.0,0.3,100.0,43.0,0.11580605804920197
1698,2.0,30.0,20.0,0.3,1000.0,57.0,0.09702199200789134
1699,2.0,30.0,20.0,0.3,10000.0,61.0,0.0922595610221227
1700,2.0,30.0,20.0,0.5,0.0,49.0,0.1288903628786405
1701,2.0,30.0,20.0,0.5,10.0,72.0,0.13539794087409973
1702,2.0,30.0,20.0,0.5,100.0,47.0,0.11892126003901164
1703,2.0,30.0,20.0,0.5,1000.0,71.0,0.11648797243833542
1704,2.0,30.0,20.0,0.5,10000.0,53.0,0.14831747859716415
1705,2.0,30.0,20.0,0.7,0.0,41.0,0.1975921094417572
1706,2.0,30.0,20.0,0.7,10.0,73.0,0.19439088801542917
1707,2.0,30.0,20.0,0.7,100.0,67.0,0.15211320420106253
1708,2.0,30.0,20.0,0.7,1000.0,67.0,0.18153583506743112
1709,2.0,30.0,20.0,0.7,10000.0,53.0,0.19634024302164713
1710,2.0,30.0,25.0,0.3,0.0,46.0,0.10398226976394653
1711,2.0,30.0,25.0,0.3,10.0,69.0,0.09541528175274532
1712,2.0,30.0,25.0,0.3,100.0,71.0,0.10361206034819286
1713,2.0,30.0,25.0,0.3,1000.0,58.0,0.09604174395402272
1714,2.0,30.0,25.0,0.3,10000.0,106.0,0.08732156455516815
1715,2.0,30.0,25.0,0.5,0.0,97.0,0.10903344551722209
1716,2.0,30.0,25.0,0.5,10.0,69.0,0.12950620303551355
1717,2.0,30.0,25.0,0.5,100.0,65.0,0.11407903333504994
1718,2.0,30.0,25.0,0.5,1000.0,62.0,0.11241347342729568
1719,2.0,30.0,25.0,0.5,10000.0,65.0,0.11850389589866002
1720,2.0,30.0,25.0,0.7,0.0,43.0,0.17267243067423502
1721,2.0,30.0,25.0,0.7,10.0,41.0,0.15753328303496042
1722,2.0,30.0,25.0,0.7,100.0,65.0,0.1552794227997462
1723,2.0,30.0,25.0,0.7,1000.0,57.0,0.15895437200864157
1724,2.0,30.0,25.0,0.7,10000.0,45.0,0.16568681597709656
1725,2.0,30.0,30.0,0.3,0.0,95.0,0.08510719984769821
1726,2.0,30.0,30.0,0.3,10.0,80.0,0.10236107806364696
1727,2.0,30.0,30.0,0.3,100.0,62.0,0.09556122869253159
1728,2.0,30.0,30.0,0.3,1000.0,67.0,0.10098019738992055
1729,2.0,30.0,30.0,0.3,10000.0,58.0,0.09995449086030324
1730,2.0,30.0,30.0,0.5,0.0,58.0,0.11321842422087987
1731,2.0,30.0,30.0,0.5,10.0,54.0,0.11782227456569672
1732,2.0,30.0,30.0,0.5,100.0,54.0,0.10787631571292877
1733,2.0,30.0,30.0,0.5,1000.0,52.0,0.10422090689341228
1734,2.0,30.0,30.0,0.5,10000.0,67.0,0.11488295594851176
1735,2.0,30.0,30.0,0.7,0.0,89.0,0.1320096254348755
1736,2.0,30.0,30.0,0.7,10.0,57.0,0.15473766873280206
1737,2.0,30.0,30.0,0.7,100.0,60.0,0.13465913385152817
1738,2.0,30.0,30.0,0.7,1000.0,57.0,0.1463982214530309
1739,2.0,30.0,30.0,0.7,10000.0,45.0,0.1533279021581014
1740,2.0,30.0,35.0,0.3,0.0,44.0,0.1085983191927274
1741,2.0,30.0,35.0,0.3,10.0,70.0,0.0935850019256274
1742,2.0,30.0,35.0,0.3,100.0,68.0,0.10094382365544637
1743,2.0,30.0,35.0,0.3,1000.0,84.0,0.08684679369131725
1744,2.0,30.0,35.0,0.3,10000.0,79.0,0.08259800324837367
1745,2.0,30.0,35.0,0.5,0.0,46.0,0.10357571889956792
1746,2.0,30.0,35.0,0.5,10.0,45.0,0.11968054622411728
1747,2.0,30.0,35.0,0.5,100.0,54.0,0.1085054874420166
1748,2.0,30.0,35.0,0.5,1000.0,73.0,0.1022891253232956
1749,2.0,30.0,35.0,0.5,10000.0,89.0,0.1009951780239741
1750,2.0,30.0,35.0,0.7,0.0,41.0,0.17350358764330545
1751,2.0,30.0,35.0,0.7,10.0,41.0,0.1589645892381668
1752,2.0,30.0,35.0,0.7,100.0,51.0,0.17491497099399567
1753,2.0,30.0,35.0,0.7,1000.0,55.0,0.14530170460542044
1754,2.0,30.0,35.0,0.7,10000.0,49.0,0.14843043188254038
1755,2.0,30.0,40.0,0.3,0.0,89.0,0.08343714723984401
1756,2.0,30.0,40.0,0.3,10.0,51.0,0.1120108962059021
1757,2.0,30.0,40.0,0.3,100.0,60.0,0.1548933486143748
1758,2.0,30.0,40.0,0.3,1000.0,56.0,0.10964474081993103
1759,2.0,30.0,40.0,0.3,10000.0,58.0,0.09129162381092708
1760,2.0,30.0,40.0,0.5,0.0,89.0,0.08508083845178287
1761,2.0,30.0,40.0,0.5,10.0,58.0,0.12805656095345816
1762,2.0,30.0,40.0,0.5,100.0,54.0,0.10572576771179835
1763,2.0,30.0,40.0,0.5,1000.0,49.0,0.11368142813444138
1764,2.0,30.0,40.0,0.5,10000.0,56.0,0.10624031970898311
1765,2.0,30.0,40.0,0.7,0.0,83.0,0.11294790854056676
1766,2.0,30.0,40.0,0.7,10.0,37.0,0.15637238323688507
1767,2.0,30.0,40.0,0.7,100.0,38.0,0.16800164182980856
1768,2.0,30.0,40.0,0.7,1000.0,60.0,0.1265763913591703
1769,2.0,30.0,40.0,0.7,10000.0,45.0,0.15390409032503763
1770,2.0,30.0,45.0,0.3,0.0,85.0,0.09979997823635738
1771,2.0,30.0,45.0,0.3,10.0,71.0,0.11124856024980545
1772,2.0,30.0,45.0,0.3,100.0,59.0,0.09680977215369542
1773,2.0,30.0,45.0,0.3,1000.0,86.0,0.10235258936882019
1774,2.0,30.0,45.0,0.3,10000.0,62.0,0.10662989815076192
1775,2.0,30.0,45.0,0.5,0.0,61.0,0.1339243451754252
1776,2.0,30.0,45.0,0.5,10.0,71.0,0.09538599848747253
1777,2.0,30.0,45.0,0.5,100.0,59.0,0.1064452479283015
1778,2.0,30.0,45.0,0.5,1000.0,78.0,0.09650885313749313
1779,2.0,30.0,45.0,0.5,10000.0,53.0,0.12097274263699849
1780,2.0,30.0,45.0,0.7,0.0,50.0,0.14607314268747965
1781,2.0,30.0,45.0,0.7,10.0,41.0,0.1551064650217692
1782,2.0,30.0,45.0,0.7,100.0,92.0,0.12024512390295665
1783,2.0,30.0,45.0,0.7,1000.0,72.0,0.1229549969236056
1784,2.0,30.0,45.0,0.7,10000.0,64.0,0.12180172155300777
1785,2.0,30.0,50.0,0.3,0.0,75.0,0.08648331090807915
1786,2.0,30.0,50.0,0.3,10.0,58.0,0.11643608411153157
1787,2.0,30.0,50.0,0.3,100.0,68.0,0.08878249923388164
1788,2.0,30.0,50.0,0.3,1000.0,44.0,0.11243907113869984
1789,2.0,30.0,50.0,0.3,10000.0,69.0,0.08469049135843913
1790,2.0,30.0,50.0,0.5,0.0,45.0,0.11223218093315761
1791,2.0,30.0,50.0,0.5,10.0,45.0,0.11124895761410396
1792,2.0,30.0,50.0,0.5,100.0,61.0,0.09329991787672043
1793,2.0,30.0,50.0,0.5,1000.0,62.0,0.11417025327682495
1794,2.0,30.0,50.0,0.5,10000.0,77.0,0.0971066082517306
1795,2.0,30.0,50.0,0.7,0.0,35.0,0.14448867986599603
1796,2.0,30.0,50.0,0.7,10.0,41.0,0.1612004190683365
1797,2.0,30.0,50.0,0.7,100.0,63.0,0.10565770914157231
1798,2.0,30.0,50.0,0.7,1000.0,60.0,0.12292177478472392
1799,2.0,30.0,50.0,0.7,10000.0,75.0,0.12017131845156352
1800,1.0,35.0,5.0,0.3,0.0,300.0,0.4458857327699661
1801,1.0,35.0,5.0,0.3,10.0,59.0,0.1353028267621994
1802,1.0,35.0,5.0,0.3,100.0,92.0,0.1908524533112844
1803,1.0,35.0,5.0,0.3,1000.0,281.0,0.4986756344636281
1804,1.0,35.0,5.0,0.3,10000.0,199.0,0.47697873413562775
1805,1.0,35.0,5.0,0.5,0.0,161.0,0.584823876619339
1806,1.0,35.0,5.0,0.5,10.0,63.0,0.22904455165068308
1807,1.0,35.0,5.0,0.5,100.0,62.0,0.2116075704495112
1808,1.0,35.0,5.0,0.5,1000.0,216.0,0.6049546798070272
1809,1.0,35.0,5.0,0.5,10000.0,27.0,0.662314216295878
1810,1.0,35.0,5.0,0.7,0.0,68.0,0.7181857625643412
1811,1.0,35.0,5.0,0.7,10.0,122.0,0.35292471448580426
1812,1.0,35.0,5.0,0.7,100.0,94.0,0.3419828712940216
1813,1.0,35.0,5.0,0.7,1000.0,57.0,0.8387176195780436
1814,1.0,35.0,5.0,0.7,10000.0,27.0,0.725027471780777
1815,1.0,35.0,10.0,0.3,0.0,71.0,0.11526260028282802
1816,1.0,35.0,10.0,0.3,10.0,89.0,0.12389038254817326
1817,1.0,35.0,10.0,0.3,100.0,62.0,0.1081605926156044
1818,1.0,35.0,10.0,0.3,1000.0,72.0,0.12406739592552185
1819,1.0,35.0,10.0,0.3,10000.0,65.0,0.10616623361905415
1820,1.0,35.0,10.0,0.5,0.0,71.0,0.15344318002462387
1821,1.0,35.0,10.0,0.5,10.0,45.0,0.18208282192548117
1822,1.0,35.0,10.0,0.5,100.0,81.0,0.20082195103168488
1823,1.0,35.0,10.0,0.5,1000.0,66.0,0.16240204870700836
1824,1.0,35.0,10.0,0.5,10000.0,39.0,0.13888695339361826
1825,1.0,35.0,10.0,0.7,0.0,39.0,0.2740444540977478
1826,1.0,35.0,10.0,0.7,10.0,57.0,0.3411819289127986
1827,1.0,35.0,10.0,0.7,100.0,39.0,0.2650337864955266
1828,1.0,35.0,10.0,0.7,1000.0,51.0,0.2808493326107661
1829,1.0,35.0,10.0,0.7,10000.0,65.0,0.2520456264416377
1830,1.0,35.0,15.0,0.3,0.0,59.0,0.10767246534427007
1831,1.0,35.0,15.0,0.3,10.0,69.0,0.10653546700874965
1832,1.0,35.0,15.0,0.3,100.0,72.0,0.11263636002937953
1833,1.0,35.0,15.0,0.3,1000.0,38.0,0.12754755963881811
1834,1.0,35.0,15.0,0.3,10000.0,55.0,0.10615574568510056
1835,1.0,35.0,15.0,0.5,0.0,44.0,0.13596422721942267
1836,1.0,35.0,15.0,0.5,10.0,64.0,0.14056758830944696
1837,1.0,35.0,15.0,0.5,100.0,85.0,0.1429846758643786
1838,1.0,35.0,15.0,0.5,1000.0,66.0,0.1404014751315117
1839,1.0,35.0,15.0,0.5,10000.0,64.0,0.12904568513234457
1840,1.0,35.0,15.0,0.7,0.0,44.0,0.19415280719598135
1841,1.0,35.0,15.0,0.7,10.0,44.0,0.24989672501881918
1842,1.0,35.0,15.0,0.7,100.0,55.0,0.27497867743174237
1843,1.0,35.0,15.0,0.7,1000.0,52.0,0.20842587451140085
1844,1.0,35.0,15.0,0.7,10000.0,50.0,0.19813930988311768
1845,1.0,35.0,20.0,0.3,0.0,68.0,0.10569827258586884
1846,1.0,35.0,20.0,0.3,10.0,54.0,0.11356319735447566
1847,1.0,35.0,20.0,0.3,100.0,81.0,0.1008320301771164
1848,1.0,35.0,20.0,0.3,1000.0,69.0,0.11349968115488689
1849,1.0,35.0,20.0,0.3,10000.0,54.0,0.1187743345896403
1850,1.0,35.0,20.0,0.5,0.0,53.0,0.13586944590012232
1851,1.0,35.0,20.0,0.5,10.0,64.0,0.11844310661156972
1852,1.0,35.0,20.0,0.5,100.0,62.0,0.12741169333457947
1853,1.0,35.0,20.0,0.5,1000.0,66.0,0.11742659409840901
1854,1.0,35.0,20.0,0.5,10000.0,46.0,0.14618664979934692
1855,1.0,35.0,20.0,0.7,0.0,36.0,0.23212682207425436
1856,1.0,35.0,20.0,0.7,10.0,52.0,0.19690260787804922
1857,1.0,35.0,20.0,0.7,100.0,45.0,0.2030356526374817
1858,1.0,35.0,20.0,0.7,1000.0,56.0,0.2230847974618276
1859,1.0,35.0,20.0,0.7,10000.0,49.0,0.21052397787570953
1860,1.0,35.0,25.0,0.3,0.0,48.0,0.12712756544351578
1861,1.0,35.0,25.0,0.3,10.0,73.0,0.10180839399496715
1862,1.0,35.0,25.0,0.3,100.0,65.0,0.09199982136487961
1863,1.0,35.0,25.0,0.3,1000.0,67.0,0.11357086648543675
1864,1.0,35.0,25.0,0.3,10000.0,65.0,0.10581021755933762
1865,1.0,35.0,25.0,0.5,0.0,53.0,0.11405181636412938
1866,1.0,35.0,25.0,0.5,10.0,52.0,0.12455494453509648
1867,1.0,35.0,25.0,0.5,100.0,52.0,0.11148770650227864
1868,1.0,35.0,25.0,0.5,1000.0,75.0,0.12923497955004373
1869,1.0,35.0,25.0,0.5,10000.0,65.0,0.12013156960407893
1870,1.0,35.0,25.0,0.7,0.0,63.0,0.15044328570365906
1871,1.0,35.0,25.0,0.7,10.0,47.0,0.1832378109296163
1872,1.0,35.0,25.0,0.7,100.0,52.0,0.16990872224171957
1873,1.0,35.0,25.0,0.7,1000.0,56.0,0.17182790239652
1874,1.0,35.0,25.0,0.7,10000.0,69.0,0.17919452488422394
1875,1.0,35.0,30.0,0.3,0.0,57.0,0.10396303484837215
1876,1.0,35.0,30.0,0.3,10.0,61.0,0.08984053134918213
1877,1.0,35.0,30.0,0.3,100.0,69.0,0.10476338863372803
1878,1.0,35.0,30.0,0.3,1000.0,78.0,0.10383958121140797
1879,1.0,35.0,30.0,0.3,10000.0,45.0,0.10579116890827815
1880,1.0,35.0,30.0,0.5,0.0,58.0,0.12065837035576503
1881,1.0,35.0,30.0,0.5,10.0,66.0,0.11033592373132706
1882,1.0,35.0,30.0,0.5,100.0,39.0,0.1476743072271347
1883,1.0,35.0,30.0,0.5,1000.0,66.0,0.10751786828041077
1884,1.0,35.0,30.0,0.5,10000.0,52.0,0.11271053552627563
1885,1.0,35.0,30.0,0.7,0.0,43.0,0.17843706409136453
1886,1.0,35.0,30.0,0.7,10.0,66.0,0.13758649428685507
1887,1.0,35.0,30.0,0.7,100.0,45.0,0.14751761655012766
1888,1.0,35.0,30.0,0.7,1000.0,66.0,0.1468594347437223
1889,1.0,35.0,30.0,0.7,10000.0,59.0,0.18823393185933432
1890,1.0,35.0,35.0,0.3,0.0,61.0,0.09393159796794255
1891,1.0,35.0,35.0,0.3,10.0,44.0,0.09764188528060913
1892,1.0,35.0,35.0,0.3,100.0,91.0,0.09820211430390675
1893,1.0,35.0,35.0,0.3,1000.0,78.0,0.09791438033183415
1894,1.0,35.0,35.0,0.3,10000.0,73.0,0.09932345896959305
1895,1.0,35.0,35.0,0.5,0.0,57.0,0.10383786509434383
1896,1.0,35.0,35.0,0.5,10.0,59.0,0.13651205599308014
1897,1.0,35.0,35.0,0.5,100.0,46.0,0.13097347567478815
1898,1.0,35.0,35.0,0.5,1000.0,67.0,0.11000134299198787
1899,1.0,35.0,35.0,0.5,10000.0,73.0,0.1252269446849823
1900,1.0,35.0,35.0,0.7,0.0,54.0,0.1580005387465159
1901,1.0,35.0,35.0,0.7,10.0,79.0,0.14345586051543555
1902,1.0,35.0,35.0,0.7,100.0,78.0,0.14694462219874063
1903,1.0,35.0,35.0,0.7,1000.0,48.0,0.16812958319981894
1904,1.0,35.0,35.0,0.7,10000.0,55.0,0.16530088086922964
1905,1.0,35.0,40.0,0.3,0.0,48.0,0.09993887195984523
1906,1.0,35.0,40.0,0.3,10.0,89.0,0.08273603270451228
1907,1.0,35.0,40.0,0.3,100.0,69.0,0.10001343488693237
1908,1.0,35.0,40.0,0.3,1000.0,65.0,0.09932115177313487
1909,1.0,35.0,40.0,0.3,10000.0,94.0,0.0958033228913943
1910,1.0,35.0,40.0,0.5,0.0,67.0,0.1065497820576032
1911,1.0,35.0,40.0,0.5,10.0,89.0,0.10395059982935588
1912,1.0,35.0,40.0,0.5,100.0,46.0,0.10969850420951843
1913,1.0,35.0,40.0,0.5,1000.0,80.0,0.1080789864063263
1914,1.0,35.0,40.0,0.5,10000.0,74.0,0.11294849465290706
1915,1.0,35.0,40.0,0.7,0.0,56.0,0.1458402300874392
1916,1.0,35.0,40.0,0.7,10.0,50.0,0.25924891233444214
1917,1.0,35.0,40.0,0.7,100.0,46.0,0.16473273436228433
1918,1.0,35.0,40.0,0.7,1000.0,51.0,0.1555288483699163
1919,1.0,35.0,40.0,0.7,10000.0,45.0,0.1498958244919777
1920,1.0,35.0,45.0,0.3,0.0,48.0,0.0995451807975769
1921,1.0,35.0,45.0,0.3,10.0,76.0,0.09717398633559544
1922,1.0,35.0,45.0,0.3,100.0,52.0,0.09907485544681549
1923,1.0,35.0,45.0,0.3,1000.0,72.0,0.10172805686791737
1924,1.0,35.0,45.0,0.3,10000.0,55.0,0.09970382352670033
1925,1.0,35.0,45.0,0.5,0.0,50.0,0.10944677144289017
1926,1.0,35.0,45.0,0.5,10.0,89.0,0.1180999328692754
1927,1.0,35.0,45.0,0.5,100.0,55.0,0.11167460183302562
1928,1.0,35.0,45.0,0.5,1000.0,55.0,0.11219521115223567
1929,1.0,35.0,45.0,0.5,10000.0,55.0,0.10700258860985438
1930,1.0,35.0,45.0,0.7,0.0,38.0,0.15602049231529236
1931,1.0,35.0,45.0,0.7,10.0,59.0,0.14304598420858383
1932,1.0,35.0,45.0,0.7,100.0,52.0,0.14549096177021661
1933,1.0,35.0,45.0,0.7,1000.0,39.0,0.14980898052453995
1934,1.0,35.0,45.0,0.7,10000.0,55.0,0.14610606183608374
1935,1.0,35.0,50.0,0.3,0.0,84.0,0.09195635964473088
1936,1.0,35.0,50.0,0.3,10.0,52.0,0.09435068070888519
1937,1.0,35.0,50.0,0.3,100.0,50.0,0.10134123017390569
1938,1.0,35.0,50.0,0.3,1000.0,65.0,0.10138513644536336
1939,1.0,35.0,50.0,0.3,10000.0,53.0,0.10292972127596538
1940,1.0,35.0,50.0,0.5,0.0,92.0,0.097527081767718
1941,1.0,35.0,50.0,0.5,10.0,50.0,0.10539718965689342
1942,1.0,35.0,50.0,0.5,100.0,57.0,0.11528998116652171
1943,1.0,35.0,50.0,0.5,1000.0,52.0,0.11742856353521347
1944,1.0,35.0,50.0,0.5,10000.0,61.0,0.10198044528563817
1945,1.0,35.0,50.0,0.7,0.0,71.0,0.13685029993454614
1946,1.0,35.0,50.0,0.7,10.0,38.0,0.14529923349618912
1947,1.0,35.0,50.0,0.7,100.0,46.0,0.14311300466458002
1948,1.0,35.0,50.0,0.7,1000.0,51.0,0.14576413730780283
1949,1.0,35.0,50.0,0.7,10000.0,53.0,0.15867155541976294
1950,2.0,35.0,5.0,0.3,0.0,60.0,0.12761132419109344
1951,2.0,35.0,5.0,0.3,10.0,55.0,0.133598859111468
1952,2.0,35.0,5.0,0.3,100.0,89.0,0.15681950747966766
1953,2.0,35.0,5.0,0.3,1000.0,58.0,0.12870891888936362
1954,2.0,35.0,5.0,0.3,10000.0,68.0,0.13537461310625076
1955,2.0,35.0,5.0,0.5,0.0,68.0,0.18309385577837625
1956,2.0,35.0,5.0,0.5,10.0,53.0,0.18487119177977243
1957,2.0,35.0,5.0,0.5,100.0,80.0,0.21737323701381683
1958,2.0,35.0,5.0,0.5,1000.0,35.0,0.24014791349569956
1959,2.0,35.0,5.0,0.5,10000.0,65.0,0.20236965517203012
1960,2.0,35.0,5.0,0.7,0.0,47.0,0.3233579993247986
1961,2.0,35.0,5.0,0.7,10.0,42.0,0.3284241358439128
1962,2.0,35.0,5.0,0.7,100.0,56.0,0.4307006398836772
1963,2.0,35.0,5.0,0.7,1000.0,48.0,0.36969298124313354
1964,2.0,35.0,5.0,0.7,10000.0,65.0,0.37445677320162457
1965,2.0,35.0,10.0,0.3,0.0,94.0,0.10130803783734639
1966,2.0,35.0,10.0,0.3,10.0,88.0,0.10173896451791127
1967,2.0,35.0,10.0,0.3,100.0,72.0,0.14031492670377096
1968,2.0,35.0,10.0,0.3,1000.0,57.0,0.12602084378401437
1969,2.0,35.0,10.0,0.3,10000.0,65.0,0.11613618334134419
1970,2.0,35.0,10.0,0.5,0.0,82.0,0.12587828934192657
1971,2.0,35.0,10.0,0.5,10.0,62.0,0.14045522113641104
1972,2.0,35.0,10.0,0.5,100.0,59.0,0.24002350866794586
1973,2.0,35.0,10.0,0.5,1000.0,49.0,0.15270074953635535
1974,2.0,35.0,10.0,0.5,10000.0,55.0,0.15175475676854452
1975,2.0,35.0,10.0,0.7,0.0,111.0,0.2454927364985148
1976,2.0,35.0,10.0,0.7,10.0,39.0,0.22829937438170114
1977,2.0,35.0,10.0,0.7,100.0,34.0,0.413763294617335
1978,2.0,35.0,10.0,0.7,1000.0,55.0,0.23445798953374228
1979,2.0,35.0,10.0,0.7,10000.0,51.0,0.27192623416582745
1980,2.0,35.0,15.0,0.3,0.0,81.0,0.10365271071592967
1981,2.0,35.0,15.0,0.3,10.0,78.0,0.08991759767134984
1982,2.0,35.0,15.0,0.3,100.0,48.0,0.11769917358954747
1983,2.0,35.0,15.0,0.3,1000.0,78.0,0.10410298158725102
1984,2.0,35.0,15.0,0.3,10000.0,62.0,0.12410511324803035
1985,2.0,35.0,15.0,0.5,0.0,72.0,0.15419006844361624
1986,2.0,35.0,15.0,0.5,10.0,66.0,0.1132938489317894
1987,2.0,35.0,15.0,0.5,100.0,66.0,0.12583977729082108
1988,2.0,35.0,15.0,0.5,1000.0,46.0,0.11927579591671626
1989,2.0,35.0,15.0,0.5,10000.0,35.0,0.13396441439787546
1990,2.0,35.0,15.0,0.7,0.0,46.0,0.19112667441368103
1991,2.0,35.0,15.0,0.7,10.0,66.0,0.1958031306664149
1992,2.0,35.0,15.0,0.7,100.0,45.0,0.1935566117366155
1993,2.0,35.0,15.0,0.7,1000.0,46.0,0.2029071201880773
1994,2.0,35.0,15.0,0.7,10000.0,47.0,0.18871488670508066
1995,2.0,35.0,20.0,0.3,0.0,83.0,0.11764024446407954
1996,2.0,35.0,20.0,0.3,10.0,110.0,0.08722679813702901
1997,2.0,35.0,20.0,0.3,100.0,65.0,0.17158280809720358
1998,2.0,35.0,20.0,0.3,1000.0,53.0,0.1076476698120435
1999,2.0,35.0,20.0,0.3,10000.0,88.0,0.0916159451007843
2000,2.0,35.0,20.0,0.5,0.0,92.0,0.10443644473950069
2001,2.0,35.0,20.0,0.5,10.0,66.0,0.10499538232882817
2002,2.0,35.0,20.0,0.5,100.0,48.0,0.13962286214033762
2003,2.0,35.0,20.0,0.5,1000.0,69.0,0.12179127832253774
2004,2.0,35.0,20.0,0.5,10000.0,46.0,0.1303043564160665
2005,2.0,35.0,20.0,0.7,0.0,47.0,0.1699528843164444
2006,2.0,35.0,20.0,0.7,10.0,39.0,0.20778786142667136
2007,2.0,35.0,20.0,0.7,100.0,48.0,0.18638687332471213
2008,2.0,35.0,20.0,0.7,1000.0,51.0,0.2016034573316574
2009,2.0,35.0,20.0,0.7,10000.0,63.0,0.17104353507359824
2010,2.0,35.0,25.0,0.3,0.0,73.0,0.11663498729467392
2011,2.0,35.0,25.0,0.3,10.0,62.0,0.09328994651635487
2012,2.0,35.0,25.0,0.3,100.0,61.0,0.11109524468580882
2013,2.0,35.0,25.0,0.3,1000.0,63.0,0.1215985541542371
2014,2.0,35.0,25.0,0.3,10000.0,63.0,0.10346015046040218
2015,2.0,35.0,25.0,0.5,0.0,102.0,0.0944944719473521
2016,2.0,35.0,25.0,0.5,10.0,66.0,0.10246524959802628
2017,2.0,35.0,25.0,0.5,100.0,48.0,0.1285939688483874
2018,2.0,35.0,25.0,0.5,1000.0,65.0,0.13001118352015814
2019,2.0,35.0,25.0,0.5,10000.0,42.0,0.1321290855606397
2020,2.0,35.0,25.0,0.7,0.0,70.0,0.14748263855775198
2021,2.0,35.0,25.0,0.7,10.0,72.0,0.13849249730507532
2022,2.0,35.0,25.0,0.7,100.0,39.0,0.1809579481681188
2023,2.0,35.0,25.0,0.7,1000.0,56.0,0.17189233501752219
2024,2.0,35.0,25.0,0.7,10000.0,65.0,0.14259567856788635
2025,2.0,35.0,30.0,0.3,0.0,55.0,0.09950197239716847
2026,2.0,35.0,30.0,0.3,10.0,72.0,0.09137353797753651
2027,2.0,35.0,30.0,0.3,100.0,51.0,0.1147536039352417
2028,2.0,35.0,30.0,0.3,1000.0,84.0,0.09584586694836617
2029,2.0,35.0,30.0,0.3,10000.0,49.0,0.09750647594531377
2030,2.0,35.0,30.0,0.5,0.0,39.0,0.12834051499764124
2031,2.0,35.0,30.0,0.5,10.0,77.0,0.09478942801554997
2032,2.0,35.0,30.0,0.5,100.0,59.0,0.10737616817156474
2033,2.0,35.0,30.0,0.5,1000.0,72.0,0.13108391563097635
2034,2.0,35.0,30.0,0.5,10000.0,49.0,0.10947186251481374
2035,2.0,35.0,30.0,0.7,0.0,68.0,0.1542085955540339
2036,2.0,35.0,30.0,0.7,10.0,66.0,0.13257236033678055
2037,2.0,35.0,30.0,0.7,100.0,56.0,0.14017132172981897
2038,2.0,35.0,30.0,0.7,1000.0,66.0,0.1298817296822866
2039,2.0,35.0,30.0,0.7,10000.0,45.0,0.1478384385506312
2040,2.0,35.0,35.0,0.3,0.0,47.0,0.10071456183989842
2041,2.0,35.0,35.0,0.3,10.0,96.0,0.08117836713790894
2042,2.0,35.0,35.0,0.3,100.0,57.0,0.09391020735104878
2043,2.0,35.0,35.0,0.3,1000.0,60.0,0.10358916968107224
2044,2.0,35.0,35.0,0.3,10000.0,52.0,0.10702273497978847
2045,2.0,35.0,35.0,0.5,0.0,58.0,0.1028208037217458
2046,2.0,35.0,35.0,0.5,10.0,54.0,0.10695954412221909
2047,2.0,35.0,35.0,0.5,100.0,50.0,0.11125725756088893
2048,2.0,35.0,35.0,0.5,1000.0,60.0,0.12511397649844488
2049,2.0,35.0,35.0,0.5,10000.0,70.0,0.09785708785057068
2050,2.0,35.0,35.0,0.7,0.0,53.0,0.13714672376712164
2051,2.0,35.0,35.0,0.7,10.0,70.0,0.13677910218636194
2052,2.0,35.0,35.0,0.7,100.0,75.0,0.11433369914690654
2053,2.0,35.0,35.0,0.7,1000.0,50.0,0.14371791730324426
2054,2.0,35.0,35.0,0.7,10000.0,68.0,0.12135584900776546
2055,2.0,35.0,40.0,0.3,0.0,85.0,0.1066528136531512
2056,2.0,35.0,40.0,0.3,10.0,50.0,0.10376825680335362
2057,2.0,35.0,40.0,0.3,100.0,44.0,0.09857033689816792
2058,2.0,35.0,40.0,0.3,1000.0,49.0,0.10680230458577473
2059,2.0,35.0,40.0,0.3,10000.0,52.0,0.10107191403706868
2060,2.0,35.0,40.0,0.5,0.0,68.0,0.10784090558687846
2061,2.0,35.0,40.0,0.5,10.0,64.0,0.09978566318750381
2062,2.0,35.0,40.0,0.5,100.0,59.0,0.11110109835863113
2063,2.0,35.0,40.0,0.5,1000.0,51.0,0.10820496827363968
2064,2.0,35.0,40.0,0.5,10000.0,78.0,0.09737153599659602
2065,2.0,35.0,40.0,0.7,0.0,67.0,0.11222121367851894
2066,2.0,35.0,40.0,0.7,10.0,44.0,0.1439297298590342
2067,2.0,35.0,40.0,0.7,100.0,36.0,0.15233173469702402
2068,2.0,35.0,40.0,0.7,1000.0,34.0,0.14651823540528616
2069,2.0,35.0,40.0,0.7,10000.0,77.0,0.12398020674784978
2070,2.0,35.0,45.0,0.3,0.0,46.0,0.09833164761463802
2071,2.0,35.0,45.0,0.3,10.0,53.0,0.08999970431129138
2072,2.0,35.0,45.0,0.3,100.0,69.0,0.09043855468432109
2073,2.0,35.0,45.0,0.3,1000.0,55.0,0.092247873544693
2074,2.0,35.0,45.0,0.3,10000.0,55.0,0.12370647738377254
2075,2.0,35.0,45.0,0.5,0.0,67.0,0.11077732841173808
2076,2.0,35.0,45.0,0.5,10.0,62.0,0.09066111346085866
2077,2.0,35.0,45.0,0.5,100.0,59.0,0.10113507757584254
2078,2.0,35.0,45.0,0.5,1000.0,78.0,0.10906723886728287
2079,2.0,35.0,45.0,0.5,10000.0,55.0,0.11176241934299469
2080,2.0,35.0,45.0,0.7,0.0,56.0,0.14424531161785126
2081,2.0,35.0,45.0,0.7,10.0,38.0,0.14475761105616888
2082,2.0,35.0,45.0,0.7,100.0,54.0,0.12079692383607228
2083,2.0,35.0,45.0,0.7,1000.0,78.0,0.12310303499301274
2084,2.0,35.0,45.0,0.7,10000.0,62.0,0.1392087365190188
2085,2.0,35.0,50.0,0.3,0.0,45.0,0.09357950339714687
2086,2.0,35.0,50.0,0.3,10.0,61.0,0.09597928822040558
2087,2.0,35.0,50.0,0.3,100.0,64.0,0.11164990315834682
2088,2.0,35.0,50.0,0.3,1000.0,45.0,0.10019247233867645
2089,2.0,35.0,50.0,0.3,10000.0,57.0,0.09290843953688939
2090,2.0,35.0,50.0,0.5,0.0,66.0,0.09852444132169087
2091,2.0,35.0,50.0,0.5,10.0,52.0,0.09968920548756917
2092,2.0,35.0,50.0,0.5,100.0,88.0,0.11223299552996953
2093,2.0,35.0,50.0,0.5,1000.0,63.0,0.10205322752396266
2094,2.0,35.0,50.0,0.5,10000.0,65.0,0.09468402216831844
2095,2.0,35.0,50.0,0.7,0.0,61.0,0.13687640925248465
2096,2.0,35.0,50.0,0.7,10.0,73.0,0.11386383324861526
2097,2.0,35.0,50.0,0.7,100.0,45.0,0.13184033582607904
2098,2.0,35.0,50.0,0.7,1000.0,69.0,0.13861802717049918
2099,2.0,35.0,50.0,0.7,10000.0,65.0,0.12838879972696304
2100,1.0,40.0,5.0,0.3,0.0,93.0,0.12914367268482843
2101,1.0,40.0,5.0,0.3,10.0,61.0,0.12117323527733485
2102,1.0,40.0,5.0,0.3,100.0,78.0,0.13009816904862723
2103,1.0,40.0,5.0,0.3,1000.0,81.0,0.12140964965025584
2104,1.0,40.0,5.0,0.3,10000.0,89.0,0.24359122415383658
2105,1.0,40.0,5.0,0.5,0.0,61.0,0.20930883785088858
2106,1.0,40.0,5.0,0.5,10.0,47.0,0.19563236832618713
2107,1.0,40.0,5.0,0.5,100.0,47.0,0.21712491909662882
2108,1.0,40.0,5.0,0.5,1000.0,49.0,0.20524707436561584
2109,1.0,40.0,5.0,0.5,10000.0,124.0,0.21523359417915344
2110,1.0,40.0,5.0,0.7,0.0,50.0,0.3510521153608958
2111,1.0,40.0,5.0,0.7,10.0,53.0,0.34677062431971234
2112,1.0,40.0,5.0,0.7,100.0,34.0,0.3985234598318736
2113,1.0,40.0,5.0,0.7,1000.0,49.0,0.3632023334503174
2114,1.0,40.0,5.0,0.7,10000.0,84.0,0.38936054706573486
2115,1.0,40.0,10.0,0.3,0.0,53.0,0.14206379652023315
2116,1.0,40.0,10.0,0.3,10.0,76.0,0.10352660963932674
2117,1.0,40.0,10.0,0.3,100.0,77.0,0.11706457038720448
2118,1.0,40.0,10.0,0.3,1000.0,49.0,0.11593883484601974
2119,1.0,40.0,10.0,0.3,10000.0,55.0,0.10619556655486424
2120,1.0,40.0,10.0,0.5,0.0,54.0,0.1651074836651484
2121,1.0,40.0,10.0,0.5,10.0,50.0,0.15731527407964072
2122,1.0,40.0,10.0,0.5,100.0,52.0,0.16440814236799875
2123,1.0,40.0,10.0,0.5,1000.0,66.0,0.14186273018519083
2124,1.0,40.0,10.0,0.5,10000.0,49.0,0.15960375467936197
2125,1.0,40.0,10.0,0.7,0.0,49.0,0.26232396562894184
2126,1.0,40.0,10.0,0.7,10.0,82.0,0.2251580754915873
2127,1.0,40.0,10.0,0.7,100.0,52.0,0.26819952328999835
2128,1.0,40.0,10.0,0.7,1000.0,49.0,0.2637848307689031
2129,1.0,40.0,10.0,0.7,10000.0,61.0,0.21589013437430063
2130,1.0,40.0,15.0,0.3,0.0,117.0,0.08623542760809262
2131,1.0,40.0,15.0,0.3,10.0,75.0,0.11693743367989858
2132,1.0,40.0,15.0,0.3,100.0,41.0,0.10786945124467213
2133,1.0,40.0,15.0,0.3,1000.0,46.0,0.12389998386303584
2134,1.0,40.0,15.0,0.3,10000.0,78.0,0.10009299715360005
2135,1.0,40.0,15.0,0.5,0.0,55.0,0.13749401022990546
2136,1.0,40.0,15.0,0.5,10.0,75.0,0.13302801549434662
2137,1.0,40.0,15.0,0.5,100.0,57.0,0.127524567147096
2138,1.0,40.0,15.0,0.5,1000.0,46.0,0.1519304340084394
2139,1.0,40.0,15.0,0.5,10000.0,50.0,0.13757457584142685
2140,1.0,40.0,15.0,0.7,0.0,84.0,0.20723179479440054
2141,1.0,40.0,15.0,0.7,10.0,66.0,0.20686457057793936
2142,1.0,40.0,15.0,0.7,100.0,47.0,0.1992184321085612
2143,1.0,40.0,15.0,0.7,1000.0,78.0,0.2262405902147293
2144,1.0,40.0,15.0,0.7,10000.0,38.0,0.27094515164693195
2145,1.0,40.0,20.0,0.3,0.0,46.0,0.11361473550399144
2146,1.0,40.0,20.0,0.3,10.0,51.0,0.10134442150592804
2147,1.0,40.0,20.0,0.3,100.0,55.0,0.10859569907188416
2148,1.0,40.0,20.0,0.3,1000.0,77.0,0.10735838363567989
2149,1.0,40.0,20.0,0.3,10000.0,53.0,0.10828360666831334
2150,1.0,40.0,20.0,0.5,0.0,50.0,0.14233229557673135
2151,1.0,40.0,20.0,0.5,10.0,73.0,0.20575267573197684
2152,1.0,40.0,20.0,0.5,100.0,58.0,0.1391834169626236
2153,1.0,40.0,20.0,0.5,1000.0,59.0,0.12824575354655585
2154,1.0,40.0,20.0,0.5,10000.0,57.0,0.1137378787000974
2155,1.0,40.0,20.0,0.7,0.0,50.0,0.1950237900018692
2156,1.0,40.0,20.0,0.7,10.0,42.0,0.20075421035289764
2157,1.0,40.0,20.0,0.7,100.0,58.0,0.17168950537840524
2158,1.0,40.0,20.0,0.7,1000.0,59.0,0.20650101701418558
2159,1.0,40.0,20.0,0.7,10000.0,70.0,0.15401198466618857
2160,1.0,40.0,25.0,0.3,0.0,73.0,0.09937767932812373
2161,1.0,40.0,25.0,0.3,10.0,84.0,0.08807281653086345
2162,1.0,40.0,25.0,0.3,100.0,63.0,0.09825040896733601
2163,1.0,40.0,25.0,0.3,1000.0,68.0,0.11593255400657654
2164,1.0,40.0,25.0,0.3,10000.0,69.0,0.10606460273265839
2165,1.0,40.0,25.0,0.5,0.0,68.0,0.1273233319322268
2166,1.0,40.0,25.0,0.5,10.0,69.0,0.11674090723196666
2167,1.0,40.0,25.0,0.5,100.0,47.0,0.12854695320129395
2168,1.0,40.0,25.0,0.5,1000.0,68.0,0.11091459542512894
2169,1.0,40.0,25.0,0.5,10000.0,48.0,0.13321584711472192
2170,1.0,40.0,25.0,0.7,0.0,47.0,0.190363680322965
2171,1.0,40.0,25.0,0.7,10.0,41.0,0.15862836440404257
2172,1.0,40.0,25.0,0.7,100.0,52.0,0.16293384631474814
2173,1.0,40.0,25.0,0.7,1000.0,51.0,0.17330726981163025
2174,1.0,40.0,25.0,0.7,10000.0,57.0,0.17068527142206827
2175,1.0,40.0,30.0,0.3,0.0,44.0,0.10084529966115952
2176,1.0,40.0,30.0,0.3,10.0,61.0,0.09899275253216426
2177,1.0,40.0,30.0,0.3,100.0,49.0,0.0955085555712382
2178,1.0,40.0,30.0,0.3,1000.0,62.0,0.1093675767381986
2179,1.0,40.0,30.0,0.3,10000.0,52.0,0.0956265851855278
2180,1.0,40.0,30.0,0.5,0.0,61.0,0.11671048154433568
2181,1.0,40.0,30.0,0.5,10.0,61.0,0.11520981043577194
2182,1.0,40.0,30.0,0.5,100.0,54.0,0.11938759684562683
2183,1.0,40.0,30.0,0.5,1000.0,51.0,0.12757107615470886
2184,1.0,40.0,30.0,0.5,10000.0,62.0,0.12113905449708302
2185,1.0,40.0,30.0,0.7,0.0,47.0,0.17256252467632294
2186,1.0,40.0,30.0,0.7,10.0,61.0,0.14731215685606003
2187,1.0,40.0,30.0,0.7,100.0,46.0,0.15927291909853616
2188,1.0,40.0,30.0,0.7,1000.0,75.0,0.1562922994295756
2189,1.0,40.0,30.0,0.7,10000.0,71.0,0.16194885472456613
2190,1.0,40.0,35.0,0.3,0.0,92.0,0.09361628939708073
2191,1.0,40.0,35.0,0.3,10.0,75.0,0.10388421267271042
2192,1.0,40.0,35.0,0.3,100.0,75.0,0.09479638189077377
2193,1.0,40.0,35.0,0.3,1000.0,55.0,0.10100845247507095
2194,1.0,40.0,35.0,0.3,10000.0,54.0,0.1235523447394371
2195,1.0,40.0,35.0,0.5,0.0,61.0,0.11486063649257024
2196,1.0,40.0,35.0,0.5,10.0,41.0,0.12530010690291724
2197,1.0,40.0,35.0,0.5,100.0,53.0,0.10269613067309062
2198,1.0,40.0,35.0,0.5,1000.0,95.0,0.1041807234287262
2199,1.0,40.0,35.0,0.5,10000.0,52.0,0.1227334663271904
2200,1.0,40.0,35.0,0.7,0.0,57.0,0.1418865198890368
2201,1.0,40.0,35.0,0.7,10.0,73.0,0.14229302604993185
2202,1.0,40.0,35.0,0.7,100.0,74.0,0.14205250640710196
2203,1.0,40.0,35.0,0.7,1000.0,58.0,0.15327637394269308
2204,1.0,40.0,35.0,0.7,10000.0,45.0,0.15100409587224325
2205,1.0,40.0,40.0,0.3,0.0,67.0,0.09135917822519939
2206,1.0,40.0,40.0,0.3,10.0,71.0,0.09873435646295547
2207,1.0,40.0,40.0,0.3,100.0,38.0,0.10183331370353699
2208,1.0,40.0,40.0,0.3,1000.0,49.0,0.10398094107707341
2209,1.0,40.0,40.0,0.3,10000.0,61.0,0.10293126354614894
2210,1.0,40.0,40.0,0.5,0.0,68.0,0.10328681270281474
2211,1.0,40.0,40.0,0.5,10.0,61.0,0.10738710314035416
2212,1.0,40.0,40.0,0.5,100.0,46.0,0.10886227091153462
2213,1.0,40.0,40.0,0.5,1000.0,51.0,0.11370130131642024
2214,1.0,40.0,40.0,0.5,10000.0,42.0,0.1262254516283671
2215,1.0,40.0,40.0,0.7,0.0,47.0,0.1428239420056343
2216,1.0,40.0,40.0,0.7,10.0,64.0,0.13546999295552573
2217,1.0,40.0,40.0,0.7,100.0,46.0,0.14552019039789835
2218,1.0,40.0,40.0,0.7,1000.0,59.0,0.15814822415510812
2219,1.0,40.0,40.0,0.7,10000.0,54.0,0.14434335629145303
2220,1.0,40.0,45.0,0.3,0.0,46.0,0.09520825992027919
2221,1.0,40.0,45.0,0.3,10.0,52.0,0.10095699379841487
2222,1.0,40.0,45.0,0.3,100.0,65.0,0.1022873967885971
2223,1.0,40.0,45.0,0.3,1000.0,59.0,0.10116131603717804
2224,1.0,40.0,45.0,0.3,10000.0,62.0,0.09506234278281529
2225,1.0,40.0,45.0,0.5,0.0,61.0,0.10344549268484116
2226,1.0,40.0,45.0,0.5,10.0,41.0,0.11533358941475551
2227,1.0,40.0,45.0,0.5,100.0,53.0,0.1056908443570137
2228,1.0,40.0,45.0,0.5,1000.0,49.0,0.10647834092378616
2229,1.0,40.0,45.0,0.5,10000.0,46.0,0.12049281100432079
2230,1.0,40.0,45.0,0.7,0.0,47.0,0.21430408457914987
2231,1.0,40.0,45.0,0.7,10.0,48.0,0.15388967841863632
2232,1.0,40.0,45.0,0.7,100.0,63.0,0.13627589493989944
2233,1.0,40.0,45.0,0.7,1000.0,51.0,0.15810045103232065
2234,1.0,40.0,45.0,0.7,10000.0,55.0,0.13251723597447077
2235,1.0,40.0,50.0,0.3,0.0,52.0,0.09308424095312755
2236,1.0,40.0,50.0,0.3,10.0,65.0,0.09865212192138036
2237,1.0,40.0,50.0,0.3,100.0,73.0,0.08794803048173587
2238,1.0,40.0,50.0,0.3,1000.0,55.0,0.09809590876102448
2239,1.0,40.0,50.0,0.3,10000.0,54.0,0.09333464751640956
2240,1.0,40.0,50.0,0.5,0.0,47.0,0.13211844861507416
2241,1.0,40.0,50.0,0.5,10.0,51.0,0.1152358278632164
2242,1.0,40.0,50.0,0.5,100.0,58.0,0.10699078440666199
2243,1.0,40.0,50.0,0.5,1000.0,60.0,0.09881213059027989
2244,1.0,40.0,50.0,0.5,10000.0,45.0,0.11706485102574031
2245,1.0,40.0,50.0,0.7,0.0,43.0,0.14671421547730765
2246,1.0,40.0,50.0,0.7,10.0,61.0,0.14664647479852042
2247,1.0,40.0,50.0,0.7,100.0,64.0,0.13492228090763092
2248,1.0,40.0,50.0,0.7,1000.0,72.0,0.12758422642946243
2249,1.0,40.0,50.0,0.7,10000.0,62.0,0.11974304417769115
2250,2.0,40.0,5.0,0.3,0.0,63.0,0.13507397721211115
2251,2.0,40.0,5.0,0.3,10.0,82.0,0.14591907461484274
2252,2.0,40.0,5.0,0.3,100.0,78.0,0.13981195042530695
2253,2.0,40.0,5.0,0.3,1000.0,47.0,0.20447580019632974
2254,2.0,40.0,5.0,0.3,10000.0,39.0,0.16449020306269327
2255,2.0,40.0,5.0,0.5,0.0,49.0,0.20127024253209433
2256,2.0,40.0,5.0,0.5,10.0,63.0,0.22206866244475046
2257,2.0,40.0,5.0,0.5,100.0,47.0,0.23797468841075897
2258,2.0,40.0,5.0,0.5,1000.0,108.0,0.18039933343728384
2259,2.0,40.0,5.0,0.5,10000.0,57.0,0.20609305799007416
2260,2.0,40.0,5.0,0.7,0.0,49.0,0.31750206152598065
2261,2.0,40.0,5.0,0.7,10.0,59.0,0.4122908016045888
2262,2.0,40.0,5.0,0.7,100.0,46.0,0.4361160099506378
2263,2.0,40.0,5.0,0.7,1000.0,57.0,0.32667745153109234
2264,2.0,40.0,5.0,0.7,10000.0,40.0,0.3521849413712819
2265,2.0,40.0,10.0,0.3,0.0,68.0,0.10364675273497899
2266,2.0,40.0,10.0,0.3,10.0,39.0,0.12513038516044617
2267,2.0,40.0,10.0,0.3,100.0,70.0,0.10724947104851405
2268,2.0,40.0,10.0,0.3,1000.0,49.0,0.14949373652537665
2269,2.0,40.0,10.0,0.3,10000.0,65.0,0.09569580604632695
2270,2.0,40.0,10.0,0.5,0.0,57.0,0.14256239434083304
2271,2.0,40.0,10.0,0.5,10.0,61.0,0.1493978053331375
2272,2.0,40.0,10.0,0.5,100.0,67.0,0.1378717546661695
2273,2.0,40.0,10.0,0.5,1000.0,82.0,0.19411590695381165
2274,2.0,40.0,10.0,0.5,10000.0,68.0,0.1603532334168752
2275,2.0,40.0,10.0,0.7,0.0,41.0,0.24262098471323648
2276,2.0,40.0,10.0,0.7,10.0,61.0,0.21243725220362344
2277,2.0,40.0,10.0,0.7,100.0,62.0,0.28083207706610364
2278,2.0,40.0,10.0,0.7,1000.0,47.0,0.3448894868294398
2279,2.0,40.0,10.0,0.7,10000.0,46.0,0.24415548145771027
2280,2.0,40.0,15.0,0.3,0.0,79.0,0.10103365778923035
2281,2.0,40.0,15.0,0.3,10.0,58.0,0.10912960271040599
2282,2.0,40.0,15.0,0.3,100.0,41.0,0.10778314371903737
2283,2.0,40.0,15.0,0.3,1000.0,46.0,0.10089581708113353
2284,2.0,40.0,15.0,0.3,10000.0,54.0,0.11833517501751582
2285,2.0,40.0,15.0,0.5,0.0,53.0,0.12928837786118189
2286,2.0,40.0,15.0,0.5,10.0,44.0,0.12853164970874786
2287,2.0,40.0,15.0,0.5,100.0,41.0,0.12254661818345387
2288,2.0,40.0,15.0,0.5,1000.0,53.0,0.11171120156844457
2289,2.0,40.0,15.0,0.5,10000.0,49.0,0.13461774090925852
2290,2.0,40.0,15.0,0.7,0.0,46.0,0.17595508694648743
2291,2.0,40.0,15.0,0.7,10.0,75.0,0.1849630723396937
2292,2.0,40.0,15.0,0.7,100.0,39.0,0.1862351099650065
2293,2.0,40.0,15.0,0.7,1000.0,46.0,0.19379542271296182
2294,2.0,40.0,15.0,0.7,10000.0,36.0,0.2529299010833104
2295,2.0,40.0,20.0,0.3,0.0,65.0,0.09512800474961598
2296,2.0,40.0,20.0,0.3,10.0,57.0,0.10309529056151708
2297,2.0,40.0,20.0,0.3,100.0,47.0,0.10713913291692734
2298,2.0,40.0,20.0,0.3,1000.0,42.0,0.18261167903741202
2299,2.0,40.0,20.0,0.3,10000.0,65.0,0.10166018456220627
2300,2.0,40.0,20.0,0.5,0.0,49.0,0.11066074917713802
2301,2.0,40.0,20.0,0.5,10.0,45.0,0.12018973380327225
2302,2.0,40.0,20.0,0.5,100.0,55.0,0.127951813240846
2303,2.0,40.0,20.0,0.5,1000.0,51.0,0.11070655783017476
2304,2.0,40.0,20.0,0.5,10000.0,84.0,0.11138265331586202
2305,2.0,40.0,20.0,0.7,0.0,47.0,0.19015649457772574
2306,2.0,40.0,20.0,0.7,10.0,42.0,0.18974720438321432
2307,2.0,40.0,20.0,0.7,100.0,54.0,0.16865672171115875
2308,2.0,40.0,20.0,0.7,1000.0,49.0,0.16817737619082132
2309,2.0,40.0,20.0,0.7,10000.0,42.0,0.18548273046811423
2310,2.0,40.0,25.0,0.3,0.0,68.0,0.10750856250524521
2311,2.0,40.0,25.0,0.3,10.0,61.0,0.10617188860972722
2312,2.0,40.0,25.0,0.3,100.0,49.0,0.10352013756831487
2313,2.0,40.0,25.0,0.3,1000.0,44.0,0.12196703255176544
2314,2.0,40.0,25.0,0.3,10000.0,69.0,0.1072116494178772
2315,2.0,40.0,25.0,0.5,0.0,60.0,0.11992619434992473
2316,2.0,40.0,25.0,0.5,10.0,40.0,0.1239350934823354
2317,2.0,40.0,25.0,0.5,100.0,50.0,0.11438557257254918
2318,2.0,40.0,25.0,0.5,1000.0,61.0,0.1142130841811498
2319,2.0,40.0,25.0,0.5,10000.0,46.0,0.16074428459008536
2320,2.0,40.0,25.0,0.7,0.0,42.0,0.1714913696050644
2321,2.0,40.0,25.0,0.7,10.0,40.0,0.16466687619686127
2322,2.0,40.0,25.0,0.7,100.0,64.0,0.14864442745844522
2323,2.0,40.0,25.0,0.7,1000.0,35.0,0.15922434131304422
2324,2.0,40.0,25.0,0.7,10000.0,60.0,0.15943951408068338
2325,2.0,40.0,30.0,0.3,0.0,49.0,0.10306084156036377
2326,2.0,40.0,30.0,0.3,10.0,46.0,0.1151658445596695
2327,2.0,40.0,30.0,0.3,100.0,64.0,0.09112027039130528
2328,2.0,40.0,30.0,0.3,1000.0,46.0,0.09601439783970515
2329,2.0,40.0,30.0,0.3,10000.0,50.0,0.09673571089903514
2330,2.0,40.0,30.0,0.5,0.0,58.0,0.10977577169736226
2331,2.0,40.0,30.0,0.5,10.0,44.0,0.10944555948177974
2332,2.0,40.0,30.0,0.5,100.0,68.0,0.1021622692545255
2333,2.0,40.0,30.0,0.5,1000.0,44.0,0.11987533420324326
2334,2.0,40.0,30.0,0.5,10000.0,53.0,0.10582661628723145
2335,2.0,40.0,30.0,0.7,0.0,47.0,0.15851902465025583
2336,2.0,40.0,30.0,0.7,10.0,61.0,0.1354337881008784
2337,2.0,40.0,30.0,0.7,100.0,57.0,0.151889239748319
2338,2.0,40.0,30.0,0.7,1000.0,59.0,0.14082441478967667
2339,2.0,40.0,30.0,0.7,10000.0,56.0,0.1557334636648496
2340,2.0,40.0,35.0,0.3,0.0,53.0,0.10941477368275325
2341,2.0,40.0,35.0,0.3,10.0,48.0,0.10020250578721364
2342,2.0,40.0,35.0,0.3,100.0,80.0,0.09938608855009079
2343,2.0,40.0,35.0,0.3,1000.0,59.0,0.09493616968393326
2344,2.0,40.0,35.0,0.3,10000.0,37.0,0.13393313189347586
2345,2.0,40.0,35.0,0.5,0.0,49.0,0.10672083745400111
2346,2.0,40.0,35.0,0.5,10.0,73.0,0.09426231185595195
2347,2.0,40.0,35.0,0.5,100.0,55.0,0.1151463935772578
2348,2.0,40.0,35.0,0.5,1000.0,49.0,0.11020221809546153
2349,2.0,40.0,35.0,0.5,10000.0,56.0,0.11365154882272084
2350,2.0,40.0,35.0,0.7,0.0,49.0,0.1391267478466034
2351,2.0,40.0,35.0,0.7,10.0,85.0,0.11583434045314789
2352,2.0,40.0,35.0,0.7,100.0,41.0,0.15292462209860483
2353,2.0,40.0,35.0,0.7,1000.0,37.0,0.14497117946545282
2354,2.0,40.0,35.0,0.7,10000.0,54.0,0.16484276950359344
2355,2.0,40.0,40.0,0.3,0.0,49.0,0.1083062415321668
2356,2.0,40.0,40.0,0.3,10.0,52.0,0.1015289102991422
2357,2.0,40.0,40.0,0.3,100.0,65.0,0.08823720117410024
2358,2.0,40.0,40.0,0.3,1000.0,46.0,0.09478703141212463
2359,2.0,40.0,40.0,0.3,10000.0,72.0,0.08834187313914299
2360,2.0,40.0,40.0,0.5,0.0,49.0,0.12696255495150885
2361,2.0,40.0,40.0,0.5,10.0,58.0,0.10359183450539906
2362,2.0,40.0,40.0,0.5,100.0,68.0,0.09297319998343785
2363,2.0,40.0,40.0,0.5,1000.0,65.0,0.10194854686657588
2364,2.0,40.0,40.0,0.5,10000.0,54.0,0.09942538787921269
2365,2.0,40.0,40.0,0.7,0.0,71.0,0.10615178445974986
2366,2.0,40.0,40.0,0.7,10.0,40.0,0.144386055568854
2367,2.0,40.0,40.0,0.7,100.0,50.0,0.154204693933328
2368,2.0,40.0,40.0,0.7,1000.0,51.0,0.12512115140755972
2369,2.0,40.0,40.0,0.7,10000.0,64.0,0.14314649005730948
2370,2.0,40.0,45.0,0.3,0.0,49.0,0.10801118115584056
2371,2.0,40.0,45.0,0.3,10.0,53.0,0.09782970199982326
2372,2.0,40.0,45.0,0.3,100.0,55.0,0.10979546854893367
2373,2.0,40.0,45.0,0.3,1000.0,60.0,0.09537433336178462
2374,2.0,40.0,45.0,0.3,10000.0,49.0,0.11352157096068065
2375,2.0,40.0,45.0,0.5,0.0,76.0,0.08866038794318835
2376,2.0,40.0,45.0,0.5,10.0,58.0,0.10561270266771317
2377,2.0,40.0,45.0,0.5,100.0,55.0,0.11797146002451579
2378,2.0,40.0,45.0,0.5,1000.0,49.0,0.10252632200717926
2379,2.0,40.0,45.0,0.5,10000.0,52.0,0.10626189162333806
2380,2.0,40.0,45.0,0.7,0.0,61.0,0.10825024793545406
2381,2.0,40.0,45.0,0.7,10.0,43.0,0.1257220928867658
2382,2.0,40.0,45.0,0.7,100.0,80.0,0.13086294631163278
2383,2.0,40.0,45.0,0.7,1000.0,62.0,0.12034229189157486
2384,2.0,40.0,45.0,0.7,10000.0,64.0,0.1261306752761205
2385,2.0,40.0,50.0,0.3,0.0,40.0,0.09951144456863403
2386,2.0,40.0,50.0,0.3,10.0,54.0,0.1069673423965772
2387,2.0,40.0,50.0,0.3,100.0,69.0,0.09846308827400208
2388,2.0,40.0,50.0,0.3,1000.0,63.0,0.09179425239562988
2389,2.0,40.0,50.0,0.3,10000.0,57.0,0.08981691052516301
2390,2.0,40.0,50.0,0.5,0.0,49.0,0.10432939976453781
2391,2.0,40.0,50.0,0.5,10.0,71.0,0.27106302976608276
2392,2.0,40.0,50.0,0.5,100.0,45.0,0.09805571287870407
2393,2.0,40.0,50.0,0.5,1000.0,86.0,0.087547251333793
2394,2.0,40.0,50.0,0.5,10000.0,53.0,0.11994143078724544
2395,2.0,40.0,50.0,0.7,0.0,61.0,0.12180091440677643
2396,2.0,40.0,50.0,0.7,10.0,41.0,0.1346470589439074
2397,2.0,40.0,50.0,0.7,100.0,64.0,0.1261364867289861
2398,2.0,40.0,50.0,0.7,1000.0,53.0,0.13790042201677957
2399,2.0,40.0,50.0,0.7,10000.0,72.0,0.12275053560733795
2400,1.0,45.0,5.0,0.3,0.0,49.0,0.13481218367815018
2401,1.0,45.0,5.0,0.3,10.0,111.0,0.12308870752652486
2402,1.0,45.0,5.0,0.3,100.0,76.0,0.19380904734134674
2403,1.0,45.0,5.0,0.3,1000.0,57.0,0.14438690741856894
2404,1.0,45.0,5.0,0.3,10000.0,54.0,0.1260007843375206
2405,1.0,45.0,5.0,0.5,0.0,49.0,0.21098128457864126
2406,1.0,45.0,5.0,0.5,10.0,53.0,0.2113552987575531
2407,1.0,45.0,5.0,0.5,100.0,59.0,0.310792272289594
2408,1.0,45.0,5.0,0.5,1000.0,75.0,0.18943456808725992
2409,1.0,45.0,5.0,0.5,10000.0,60.0,0.20146746436754862
2410,1.0,45.0,5.0,0.7,0.0,73.0,0.35551650325457257
2411,1.0,45.0,5.0,0.7,10.0,42.0,0.3603307108084361
2412,1.0,45.0,5.0,0.7,100.0,62.0,0.4967087010542552
2413,1.0,45.0,5.0,0.7,1000.0,66.0,0.2878096749385198
2414,1.0,45.0,5.0,0.7,10000.0,54.0,0.35279567042986554
2415,1.0,45.0,10.0,0.3,0.0,71.0,0.14948937793572745
2416,1.0,45.0,10.0,0.3,10.0,71.0,0.10620012879371643
2417,1.0,45.0,10.0,0.3,100.0,47.0,0.12660307188828787
2418,1.0,45.0,10.0,0.3,1000.0,46.0,0.12079829970995586
2419,1.0,45.0,10.0,0.3,10000.0,55.0,0.12178448339303334
2420,1.0,45.0,10.0,0.5,0.0,65.0,0.21913549800713858
2421,1.0,45.0,10.0,0.5,10.0,61.0,0.16498864690462747
2422,1.0,45.0,10.0,0.5,100.0,47.0,0.16819928834835687
2423,1.0,45.0,10.0,0.5,1000.0,63.0,0.14262998352448145
2424,1.0,45.0,10.0,0.5,10000.0,75.0,0.15921189387639365
2425,1.0,45.0,10.0,0.7,0.0,51.0,0.36635270714759827
2426,1.0,45.0,10.0,0.7,10.0,83.0,0.3067929446697235
2427,1.0,45.0,10.0,0.7,100.0,45.0,0.2621876845757167
2428,1.0,45.0,10.0,0.7,1000.0,49.0,0.23133007188638052
2429,1.0,45.0,10.0,0.7,10000.0,64.0,0.28797870377699536
2430,1.0,45.0,15.0,0.3,0.0,46.0,0.12078345070282619
2431,1.0,45.0,15.0,0.3,10.0,60.0,0.11200047036012013
2432,1.0,45.0,15.0,0.3,100.0,68.0,0.1086016595363617
2433,1.0,45.0,15.0,0.3,1000.0,66.0,0.10089591642220815
2434,1.0,45.0,15.0,0.3,10000.0,60.0,0.10922469695409139
2435,1.0,45.0,15.0,0.5,0.0,58.0,0.14414237439632416
2436,1.0,45.0,15.0,0.5,10.0,64.0,0.12587305903434753
2437,1.0,45.0,15.0,0.5,100.0,46.0,0.14134719967842102
2438,1.0,45.0,15.0,0.5,1000.0,46.0,0.12667991717656454
2439,1.0,45.0,15.0,0.5,10000.0,64.0,0.123966746032238
2440,1.0,45.0,15.0,0.7,0.0,45.0,0.2001654456059138
2441,1.0,45.0,15.0,0.7,10.0,40.0,0.21500922242800394
2442,1.0,45.0,15.0,0.7,100.0,63.0,0.1855433682600657
2443,1.0,45.0,15.0,0.7,1000.0,50.0,0.2088529864947001
2444,1.0,45.0,15.0,0.7,10000.0,46.0,0.19702875117460886
2445,1.0,45.0,20.0,0.3,0.0,66.0,0.10022028038899104
2446,1.0,45.0,20.0,0.3,10.0,90.0,0.0944268877307574
2447,1.0,45.0,20.0,0.3,100.0,61.0,0.10991335660219193
2448,1.0,45.0,20.0,0.3,1000.0,71.0,0.10631971061229706
2449,1.0,45.0,20.0,0.3,10000.0,62.0,0.1033710166811943
2450,1.0,45.0,20.0,0.5,0.0,66.0,0.11748929073413213
2451,1.0,45.0,20.0,0.5,10.0,68.0,0.12876135359207788
2452,1.0,45.0,20.0,0.5,100.0,47.0,0.12864766269922256
2453,1.0,45.0,20.0,0.5,1000.0,69.0,0.1233777180314064
2454,1.0,45.0,20.0,0.5,10000.0,58.0,0.15693090856075287
2455,1.0,45.0,20.0,0.7,0.0,40.0,0.19706301391124725
2456,1.0,45.0,20.0,0.7,10.0,45.0,0.18036717673142752
2457,1.0,45.0,20.0,0.7,100.0,47.0,0.16835778454939523
2458,1.0,45.0,20.0,0.7,1000.0,76.0,0.19228905936082205
2459,1.0,45.0,20.0,0.7,10000.0,50.0,0.1874544620513916
2460,1.0,45.0,25.0,0.3,0.0,68.0,0.09604380776484807
2461,1.0,45.0,25.0,0.3,10.0,55.0,0.10226136942704518
2462,1.0,45.0,25.0,0.3,100.0,56.0,0.10544559856255849
2463,1.0,45.0,25.0,0.3,1000.0,67.0,0.09640676279862721
2464,1.0,45.0,25.0,0.3,10000.0,58.0,0.10148518532514572
2465,1.0,45.0,25.0,0.5,0.0,53.0,0.11778278648853302
2466,1.0,45.0,25.0,0.5,10.0,53.0,0.11744408061106999
2467,1.0,45.0,25.0,0.5,100.0,52.0,0.1142677515745163
2468,1.0,45.0,25.0,0.5,1000.0,84.0,0.1190622275074323
2469,1.0,45.0,25.0,0.5,10000.0,90.0,0.11797611663738887
2470,1.0,45.0,25.0,0.7,0.0,46.0,0.16570037603378296
2471,1.0,45.0,25.0,0.7,10.0,48.0,0.1478362704316775
2472,1.0,45.0,25.0,0.7,100.0,51.0,0.1606059471766154
2473,1.0,45.0,25.0,0.7,1000.0,68.0,0.15810034175713858
2474,1.0,45.0,25.0,0.7,10000.0,57.0,0.1767527014017105
2475,1.0,45.0,30.0,0.3,0.0,54.0,0.1162689874569575
2476,1.0,45.0,30.0,0.3,10.0,61.0,0.09758699685335159
2477,1.0,45.0,30.0,0.3,100.0,51.0,0.09602363655964534
2478,1.0,45.0,30.0,0.3,1000.0,54.0,0.10932271182537079
2479,1.0,45.0,30.0,0.3,10000.0,52.0,0.10294949014981587
2480,1.0,45.0,30.0,0.5,0.0,65.0,0.1161589448650678
2481,1.0,45.0,30.0,0.5,10.0,71.0,0.10861295213301976
2482,1.0,45.0,30.0,0.5,100.0,82.0,0.11279106140136719
2483,1.0,45.0,30.0,0.5,1000.0,52.0,0.12183001140753429
2484,1.0,45.0,30.0,0.5,10000.0,58.0,0.11474278072516124
2485,1.0,45.0,30.0,0.7,0.0,55.0,0.1620850215355555
2486,1.0,45.0,30.0,0.7,10.0,38.0,0.1729569435119629
2487,1.0,45.0,30.0,0.7,100.0,64.0,0.15109656751155853
2488,1.0,45.0,30.0,0.7,1000.0,52.0,0.15674492716789246
2489,1.0,45.0,30.0,0.7,10000.0,45.0,0.1845603734254837
2490,1.0,45.0,35.0,0.3,0.0,61.0,0.10461937139431636
2491,1.0,45.0,35.0,0.3,10.0,57.0,0.09308269123236339
2492,1.0,45.0,35.0,0.3,100.0,75.0,0.09930247813463211
2493,1.0,45.0,35.0,0.3,1000.0,55.0,0.11051568637291591
2494,1.0,45.0,35.0,0.3,10000.0,75.0,0.09687064339717229
2495,1.0,45.0,35.0,0.5,0.0,61.0,0.14453647285699844
2496,1.0,45.0,35.0,0.5,10.0,73.0,0.10167395571867625
2497,1.0,45.0,35.0,0.5,100.0,62.0,0.10676824301481247
2498,1.0,45.0,35.0,0.5,1000.0,55.0,0.12190734098354976
2499,1.0,45.0,35.0,0.5,10000.0,58.0,0.11365712434053421
2500,1.0,45.0,35.0,0.7,0.0,54.0,0.14300816506147385
2501,1.0,45.0,35.0,0.7,10.0,68.0,0.1405330573519071
2502,1.0,45.0,35.0,0.7,100.0,77.0,0.1416207253932953
2503,1.0,45.0,35.0,0.7,1000.0,39.0,0.14620823661486307
2504,1.0,45.0,35.0,0.7,10000.0,48.0,0.16839214662710825
2505,1.0,45.0,40.0,0.3,0.0,44.0,0.09688351800044377
2506,1.0,45.0,40.0,0.3,10.0,71.0,0.09612560272216797
2507,1.0,45.0,40.0,0.3,100.0,68.0,0.0939204568664233
2508,1.0,45.0,40.0,0.3,1000.0,88.0,0.10103500634431839
2509,1.0,45.0,40.0,0.3,10000.0,58.0,0.0874122604727745
2510,1.0,45.0,40.0,0.5,0.0,46.0,0.12049284825722377
2511,1.0,45.0,40.0,0.5,10.0,64.0,0.10573892295360565
2512,1.0,45.0,40.0,0.5,100.0,68.0,0.1071655402580897
2513,1.0,45.0,40.0,0.5,1000.0,64.0,0.10339566071828206
2514,1.0,45.0,40.0,0.5,10000.0,47.0,0.10013251006603241
2515,1.0,45.0,40.0,0.7,0.0,41.0,0.14756126205126444
2516,1.0,45.0,40.0,0.7,10.0,51.0,0.1554101308186849
2517,1.0,45.0,40.0,0.7,100.0,38.0,0.14802709221839905
2518,1.0,45.0,40.0,0.7,1000.0,55.0,0.15730492770671844
2519,1.0,45.0,40.0,0.7,10000.0,57.0,0.1328282132744789
2520,1.0,45.0,45.0,0.3,0.0,37.0,0.10293078670899074
2521,1.0,45.0,45.0,0.3,10.0,41.0,0.09976733972628911
2522,1.0,45.0,45.0,0.3,100.0,80.0,0.11157754311958949
2523,1.0,45.0,45.0,0.3,1000.0,70.0,0.09020758916934331
2524,1.0,45.0,45.0,0.3,10000.0,60.0,0.08725309123595555
2525,1.0,45.0,45.0,0.5,0.0,55.0,0.10265988856554031
2526,1.0,45.0,45.0,0.5,10.0,43.0,0.10595309485991795
2527,1.0,45.0,45.0,0.5,100.0,49.0,0.1123261625568072
2528,1.0,45.0,45.0,0.5,1000.0,62.0,0.10464240362246831
2529,1.0,45.0,45.0,0.5,10000.0,55.0,0.1405663564801216
2530,1.0,45.0,45.0,0.7,0.0,69.0,0.1528903767466545
2531,1.0,45.0,45.0,0.7,10.0,57.0,0.12396539996067683
2532,1.0,45.0,45.0,0.7,100.0,51.0,0.1492505595088005
2533,1.0,45.0,45.0,0.7,1000.0,46.0,0.12778235971927643
2534,1.0,45.0,45.0,0.7,10000.0,55.0,0.14530925452709198
2535,1.0,45.0,50.0,0.3,0.0,62.0,0.10317332049210866
2536,1.0,45.0,50.0,0.3,10.0,94.0,0.09333796302477519
2537,1.0,45.0,50.0,0.3,100.0,56.0,0.09525416046380997
2538,1.0,45.0,50.0,0.3,1000.0,94.0,0.08182975649833679
2539,1.0,45.0,50.0,0.3,10000.0,53.0,0.09500426302353542
2540,1.0,45.0,50.0,0.5,0.0,38.0,0.11164950331052144
2541,1.0,45.0,50.0,0.5,10.0,45.0,0.11004011581341426
2542,1.0,45.0,50.0,0.5,100.0,56.0,0.11179705212513606
2543,1.0,45.0,50.0,0.5,1000.0,52.0,0.10132988293965657
2544,1.0,45.0,50.0,0.5,10000.0,67.0,0.09407974531253178
2545,1.0,45.0,50.0,0.7,0.0,37.0,0.14114805807669958
2546,1.0,45.0,50.0,0.7,10.0,69.0,0.12478714932998021
2547,1.0,45.0,50.0,0.7,100.0,58.0,0.14911629259586334
2548,1.0,45.0,50.0,0.7,1000.0,80.0,0.14190095911423364
2549,1.0,45.0,50.0,0.7,10000.0,54.0,0.12362672885258992
2550,2.0,45.0,5.0,0.3,0.0,62.0,0.13863679021596909
2551,2.0,45.0,5.0,0.3,10.0,40.0,0.1771369328101476
2552,2.0,45.0,5.0,0.3,100.0,80.0,0.13226557026306787
2553,2.0,45.0,5.0,0.3,1000.0,69.0,0.128131369749705
2554,2.0,45.0,5.0,0.3,10000.0,100.0,0.17141658067703247
2555,2.0,45.0,5.0,0.5,0.0,82.0,0.19551917910575867
2556,2.0,45.0,5.0,0.5,10.0,65.0,0.21910864114761353
2557,2.0,45.0,5.0,0.5,100.0,47.0,0.19896017014980316
2558,2.0,45.0,5.0,0.5,1000.0,48.0,0.19515564541021982
2559,2.0,45.0,5.0,0.5,10000.0,69.0,0.329020435611407
2560,2.0,45.0,5.0,0.7,0.0,63.0,0.37701693177223206
2561,2.0,45.0,5.0,0.7,10.0,53.0,0.3926145136356354
2562,2.0,45.0,5.0,0.7,100.0,62.0,0.3451782564322154
2563,2.0,45.0,5.0,0.7,1000.0,46.0,0.38275577624638873
2564,2.0,45.0,5.0,0.7,10000.0,54.0,0.48713844021161395
2565,2.0,45.0,10.0,0.3,0.0,70.0,0.11403518170118332
2566,2.0,45.0,10.0,0.3,10.0,55.0,0.1296390121181806
2567,2.0,45.0,10.0,0.3,100.0,29.0,0.22524797916412354
2568,2.0,45.0,10.0,0.3,1000.0,49.0,0.20375293493270874
2569,2.0,45.0,10.0,0.3,10000.0,40.0,0.11503274490435918
2570,2.0,45.0,10.0,0.5,0.0,37.0,0.15697630743185678
2571,2.0,45.0,10.0,0.5,10.0,55.0,0.22184613843758902
2572,2.0,45.0,10.0,0.5,100.0,55.0,0.13059566418329874
2573,2.0,45.0,10.0,0.5,1000.0,44.0,0.15094901621341705
2574,2.0,45.0,10.0,0.5,10000.0,57.0,0.15505926559368768
2575,2.0,45.0,10.0,0.7,0.0,69.0,0.22159249583880106
2576,2.0,45.0,10.0,0.7,10.0,50.0,0.3602624088525772
2577,2.0,45.0,10.0,0.7,100.0,63.0,0.19470372796058655
2578,2.0,45.0,10.0,0.7,1000.0,39.0,0.2631206413110097
2579,2.0,45.0,10.0,0.7,10000.0,36.0,0.25430503984292346
2580,2.0,45.0,15.0,0.3,0.0,44.0,0.09944350769122441
2581,2.0,45.0,15.0,0.3,10.0,96.0,0.09858452032009761
2582,2.0,45.0,15.0,0.3,100.0,47.0,0.13932620733976364
2583,2.0,45.0,15.0,0.3,1000.0,46.0,0.1009114533662796
2584,2.0,45.0,15.0,0.3,10000.0,52.0,0.10020359108845393
2585,2.0,45.0,15.0,0.5,0.0,42.0,0.14266884326934814
2586,2.0,45.0,15.0,0.5,10.0,53.0,0.15260599553585052
2587,2.0,45.0,15.0,0.5,100.0,47.0,0.1487276256084442
2588,2.0,45.0,15.0,0.5,1000.0,55.0,0.11437079062064488
2589,2.0,45.0,15.0,0.5,10000.0,62.0,0.12943987051645914
2590,2.0,45.0,15.0,0.7,0.0,51.0,0.182856152455012
2591,2.0,45.0,15.0,0.7,10.0,52.0,0.22646117210388184
2592,2.0,45.0,15.0,0.7,100.0,57.0,0.2723083347082138
2593,2.0,45.0,15.0,0.7,1000.0,72.0,0.18684518337249756
2594,2.0,45.0,15.0,0.7,10000.0,49.0,0.208882803718249
2595,2.0,45.0,20.0,0.3,0.0,50.0,0.0990857904156049
2596,2.0,45.0,20.0,0.3,10.0,63.0,0.11142164220412572
2597,2.0,45.0,20.0,0.3,100.0,26.0,0.18849843740463257
2598,2.0,45.0,20.0,0.3,1000.0,45.0,0.11172510931889217
2599,2.0,45.0,20.0,0.3,10000.0,58.0,0.09983296195665996
2600,2.0,45.0,20.0,0.5,0.0,61.0,0.12481808662414551
2601,2.0,45.0,20.0,0.5,10.0,50.0,0.13968349744876227
2602,2.0,45.0,20.0,0.5,100.0,50.0,0.12518067409594855
2603,2.0,45.0,20.0,0.5,1000.0,57.0,0.11232553422451019
2604,2.0,45.0,20.0,0.5,10000.0,58.0,0.10866719235976537
2605,2.0,45.0,20.0,0.7,0.0,45.0,0.18249606092770895
2606,2.0,45.0,20.0,0.7,10.0,66.0,0.17980816960334778
2607,2.0,45.0,20.0,0.7,100.0,66.0,0.14739358921845755
2608,2.0,45.0,20.0,0.7,1000.0,49.0,0.18671572705109915
2609,2.0,45.0,20.0,0.7,10000.0,46.0,0.14463861534992853
2610,2.0,45.0,25.0,0.3,0.0,49.0,0.12094835937023163
2611,2.0,45.0,25.0,0.3,10.0,69.0,0.18580617010593414
2612,2.0,45.0,25.0,0.3,100.0,50.0,0.10149574279785156
2613,2.0,45.0,25.0,0.3,1000.0,46.0,0.10722045103708903
2614,2.0,45.0,25.0,0.3,10000.0,84.0,0.09075157592693965
2615,2.0,45.0,25.0,0.5,0.0,33.0,0.12698001911242804
2616,2.0,45.0,25.0,0.5,10.0,47.0,0.10783987989028294
2617,2.0,45.0,25.0,0.5,100.0,42.0,0.15578389664491019
2618,2.0,45.0,25.0,0.5,1000.0,44.0,0.11887607475121816
2619,2.0,45.0,25.0,0.5,10000.0,65.0,0.11593820403019588
2620,2.0,45.0,25.0,0.7,0.0,46.0,0.157427911957105
2621,2.0,45.0,25.0,0.7,10.0,48.0,0.14948798716068268
2622,2.0,45.0,25.0,0.7,100.0,51.0,0.15804887314637503
2623,2.0,45.0,25.0,0.7,1000.0,47.0,0.16402106483777365
2624,2.0,45.0,25.0,0.7,10000.0,57.0,0.13628678023815155
2625,2.0,45.0,30.0,0.3,0.0,42.0,0.11104853202899297
2626,2.0,45.0,30.0,0.3,10.0,72.0,0.08916191011667252
2627,2.0,45.0,30.0,0.3,100.0,52.0,0.10636655737956364
2628,2.0,45.0,30.0,0.3,1000.0,68.0,0.12142832328875859
2629,2.0,45.0,30.0,0.3,10000.0,66.0,0.08922063062588374
2630,2.0,45.0,30.0,0.5,0.0,42.0,0.12833674003680548
2631,2.0,45.0,30.0,0.5,10.0,53.0,0.1010102704167366
2632,2.0,45.0,30.0,0.5,100.0,52.0,0.12490299592415492
2633,2.0,45.0,30.0,0.5,1000.0,43.0,0.11763715495665868
2634,2.0,45.0,30.0,0.5,10000.0,58.0,0.12022692213455836
2635,2.0,45.0,30.0,0.7,0.0,38.0,0.1695589373509089
2636,2.0,45.0,30.0,0.7,10.0,66.0,0.1646672934293747
2637,2.0,45.0,30.0,0.7,100.0,70.0,0.15487738450368246
2638,2.0,45.0,30.0,0.7,1000.0,44.0,0.15567254026730856
2639,2.0,45.0,30.0,0.7,10000.0,50.0,0.13438115765651068
2640,2.0,45.0,35.0,0.3,0.0,46.0,0.09152166297038396
2641,2.0,45.0,35.0,0.3,10.0,75.0,0.13604381183783212
2642,2.0,45.0,35.0,0.3,100.0,68.0,0.09527713805437088
2643,2.0,45.0,35.0,0.3,1000.0,53.0,0.10766113301118214
2644,2.0,45.0,35.0,0.3,10000.0,38.0,0.09014324347178142
2645,2.0,45.0,35.0,0.5,0.0,44.0,0.12291374802589417
2646,2.0,45.0,35.0,0.5,10.0,41.0,0.11178351442019145
2647,2.0,45.0,35.0,0.5,100.0,53.0,0.1475465620557467
2648,2.0,45.0,35.0,0.5,1000.0,67.0,0.11002951860427856
2649,2.0,45.0,35.0,0.5,10000.0,43.0,0.10260527829329173
2650,2.0,45.0,35.0,0.7,0.0,35.0,0.12710766245921454
2651,2.0,45.0,35.0,0.7,10.0,53.0,0.14668194949626923
2652,2.0,45.0,35.0,0.7,100.0,67.0,0.12922728806734085
2653,2.0,45.0,35.0,0.7,1000.0,39.0,0.17670785387357077
2654,2.0,45.0,35.0,0.7,10000.0,100.0,0.1127740666270256
2655,2.0,45.0,40.0,0.3,0.0,46.0,0.1460914040605227
2656,2.0,45.0,40.0,0.3,10.0,77.0,0.12221648544073105
2657,2.0,45.0,40.0,0.3,100.0,75.0,0.10061183323462804
2658,2.0,45.0,40.0,0.3,1000.0,76.0,0.12042996535698573
2659,2.0,45.0,40.0,0.3,10000.0,46.0,0.09625171621640523
2660,2.0,45.0,40.0,0.5,0.0,68.0,0.0996487761537234
2661,2.0,45.0,40.0,0.5,10.0,56.0,0.11191315948963165
2662,2.0,45.0,40.0,0.5,100.0,82.0,0.12077049414316814
2663,2.0,45.0,40.0,0.5,1000.0,67.0,0.09790673106908798
2664,2.0,45.0,40.0,0.5,10000.0,46.0,0.10516895602146785
2665,2.0,45.0,40.0,0.7,0.0,48.0,0.11598111937443416
2666,2.0,45.0,40.0,0.7,10.0,47.0,0.1298604557911555
2667,2.0,45.0,40.0,0.7,100.0,73.0,0.15353280305862427
2668,2.0,45.0,40.0,0.7,1000.0,55.0,0.12166494379440944
2669,2.0,45.0,40.0,0.7,10000.0,33.0,0.1582458863655726
2670,2.0,45.0,45.0,0.3,0.0,53.0,0.11254685620466869
2671,2.0,45.0,45.0,0.3,10.0,85.0,0.09614650905132294
2672,2.0,45.0,45.0,0.3,100.0,26.0,0.1875270406405131
2673,2.0,45.0,45.0,0.3,1000.0,54.0,0.09436352302630742
2674,2.0,45.0,45.0,0.3,10000.0,84.0,0.08784997214873631
2675,2.0,45.0,45.0,0.5,0.0,44.0,0.11003902802864711
2676,2.0,45.0,45.0,0.5,10.0,68.0,0.08813781663775444
2677,2.0,45.0,45.0,0.5,100.0,49.0,0.106183260679245
2678,2.0,45.0,45.0,0.5,1000.0,54.0,0.10872612396876018
2679,2.0,45.0,45.0,0.5,10000.0,50.0,0.11023858189582825
2680,2.0,45.0,45.0,0.7,0.0,50.0,0.1347809707125028
2681,2.0,45.0,45.0,0.7,10.0,73.0,0.11766717334588368
2682,2.0,45.0,45.0,0.7,100.0,63.0,0.1310076266527176
2683,2.0,45.0,45.0,0.7,1000.0,51.0,0.15692808975776038
2684,2.0,45.0,45.0,0.7,10000.0,64.0,0.1156351442138354
2685,2.0,45.0,50.0,0.3,0.0,44.0,0.09112074722846349
2686,2.0,45.0,50.0,0.3,10.0,52.0,0.09437305976947148
2687,2.0,45.0,50.0,0.3,100.0,47.0,0.10068799306948979
2688,2.0,45.0,50.0,0.3,1000.0,44.0,0.0918161819378535
2689,2.0,45.0,50.0,0.3,10000.0,48.0,0.09062305341164271
2690,2.0,45.0,50.0,0.5,0.0,69.0,0.09342837085326512
2691,2.0,45.0,50.0,0.5,10.0,41.0,0.1017698347568512
2692,2.0,45.0,50.0,0.5,100.0,49.0,0.11466848601897557
2693,2.0,45.0,50.0,0.5,1000.0,64.0,0.09383745243151982
2694,2.0,45.0,50.0,0.5,10000.0,55.0,0.10054689894119899
2695,2.0,45.0,50.0,0.7,0.0,35.0,0.15659847358862558
2696,2.0,45.0,50.0,0.7,10.0,69.0,0.10593862334887187
2697,2.0,45.0,50.0,0.7,100.0,60.0,0.12289890646934509
2698,2.0,45.0,50.0,0.7,1000.0,71.0,0.12749581535657248
2699,2.0,45.0,50.0,0.7,10000.0,55.0,0.12850333005189896
2700,1.0,50.0,5.0,0.3,0.0,63.0,0.15103202561537424
2701,1.0,50.0,5.0,0.3,10.0,61.0,0.1383991464972496
2702,1.0,50.0,5.0,0.3,100.0,61.0,0.12480095525582631
2703,1.0,50.0,5.0,0.3,1000.0,84.0,0.2014695554971695
2704,1.0,50.0,5.0,0.3,10000.0,76.0,0.14903957148392996
2705,1.0,50.0,5.0,0.5,0.0,54.0,0.2006939003864924
2706,1.0,50.0,5.0,0.5,10.0,47.0,0.2067417949438095
2707,1.0,50.0,5.0,0.5,100.0,62.0,0.20176262160142264
2708,1.0,50.0,5.0,0.5,1000.0,84.0,0.32680418093999225
2709,1.0,50.0,5.0,0.5,10000.0,53.0,0.2540396253267924
2710,1.0,50.0,5.0,0.7,0.0,40.0,0.35769834121068317
2711,1.0,50.0,5.0,0.7,10.0,47.0,0.3453110953172048
2712,1.0,50.0,5.0,0.7,100.0,50.0,0.3592805167039235
2713,1.0,50.0,5.0,0.7,1000.0,66.0,0.5209375818570455
2714,1.0,50.0,5.0,0.7,10000.0,48.0,0.4477154811223348
2715,1.0,50.0,10.0,0.3,0.0,84.0,0.1042299469312032
2716,1.0,50.0,10.0,0.3,10.0,63.0,0.11104502032200496
2717,1.0,50.0,10.0,0.3,100.0,86.0,0.19219094514846802
2718,1.0,50.0,10.0,0.3,1000.0,49.0,0.12594018379847208
2719,1.0,50.0,10.0,0.3,10000.0,53.0,0.13104438036680222
2720,1.0,50.0,10.0,0.5,0.0,54.0,0.1739776829878489
2721,1.0,50.0,10.0,0.5,10.0,54.0,0.16739635666211447
2722,1.0,50.0,10.0,0.5,100.0,83.0,0.3118572582801183
2723,1.0,50.0,10.0,0.5,1000.0,76.0,0.17076103885968527
2724,1.0,50.0,10.0,0.5,10000.0,65.0,0.148793525993824
2725,1.0,50.0,10.0,0.7,0.0,41.0,0.24870086709658304
2726,1.0,50.0,10.0,0.7,10.0,54.0,0.23168072601159415
2727,1.0,50.0,10.0,0.7,100.0,99.0,0.4693649709224701
2728,1.0,50.0,10.0,0.7,1000.0,49.0,0.27090616524219513
2729,1.0,50.0,10.0,0.7,10000.0,51.0,0.21853425105412802
2730,1.0,50.0,15.0,0.3,0.0,81.0,0.0967885081966718
2731,1.0,50.0,15.0,0.3,10.0,40.0,0.10743631670872371
2732,1.0,50.0,15.0,0.3,100.0,78.0,0.10169081141551335
2733,1.0,50.0,15.0,0.3,1000.0,50.0,0.14041613042354584
2734,1.0,50.0,15.0,0.3,10000.0,58.0,0.08997434626022975
2735,1.0,50.0,15.0,0.5,0.0,40.0,0.18559883534908295
2736,1.0,50.0,15.0,0.5,10.0,35.0,0.13988643139600754
2737,1.0,50.0,15.0,0.5,100.0,51.0,0.1303191358844439
2738,1.0,50.0,15.0,0.5,1000.0,56.0,0.13247386614481607
2739,1.0,50.0,15.0,0.5,10000.0,69.0,0.12133867293596268
2740,1.0,50.0,15.0,0.7,0.0,51.0,0.20041496058305105
2741,1.0,50.0,15.0,0.7,10.0,40.0,0.19282452762126923
2742,1.0,50.0,15.0,0.7,100.0,39.0,0.21369766195615134
2743,1.0,50.0,15.0,0.7,1000.0,43.0,0.21893384059270224
2744,1.0,50.0,15.0,0.7,10000.0,56.0,0.18568606674671173
2745,1.0,50.0,20.0,0.3,0.0,85.0,0.09771789858738582
2746,1.0,50.0,20.0,0.3,10.0,41.0,0.10242106020450592
2747,1.0,50.0,20.0,0.3,100.0,47.0,0.09454033027092616
2748,1.0,50.0,20.0,0.3,1000.0,100.0,0.10406624774138133
2749,1.0,50.0,20.0,0.3,10000.0,53.0,0.10157785067955653
2750,1.0,50.0,20.0,0.5,0.0,52.0,0.13919534037510553
2751,1.0,50.0,20.0,0.5,10.0,45.0,0.13902630160252252
2752,1.0,50.0,20.0,0.5,100.0,47.0,0.12125307569901149
2753,1.0,50.0,20.0,0.5,1000.0,59.0,0.11795719216267268
2754,1.0,50.0,20.0,0.5,10000.0,85.0,0.10704556107521057
2755,1.0,50.0,20.0,0.7,0.0,47.0,0.16855009396870932
2756,1.0,50.0,20.0,0.7,10.0,45.0,0.19623965521653494
2757,1.0,50.0,20.0,0.7,100.0,40.0,0.1757917453845342
2758,1.0,50.0,20.0,0.7,1000.0,52.0,0.16331676145394644
2759,1.0,50.0,20.0,0.7,10000.0,57.0,0.23600709438323975
2760,1.0,50.0,25.0,0.3,0.0,76.0,0.09584385653336842
2761,1.0,50.0,25.0,0.3,10.0,69.0,0.10516419510046641
2762,1.0,50.0,25.0,0.3,100.0,49.0,0.10152084877093633
2763,1.0,50.0,25.0,0.3,1000.0,57.0,0.10535482813914616
2764,1.0,50.0,25.0,0.3,10000.0,71.0,0.09888570259014766
2765,1.0,50.0,25.0,0.5,0.0,68.0,0.12352041403452556
2766,1.0,50.0,25.0,0.5,10.0,69.0,0.11899897952874501
2767,1.0,50.0,25.0,0.5,100.0,43.0,0.11458161224921544
2768,1.0,50.0,25.0,0.5,1000.0,60.0,0.11138867835203807
2769,1.0,50.0,25.0,0.5,10000.0,36.0,0.11639031271139781
2770,1.0,50.0,25.0,0.7,0.0,39.0,0.1680921713511149
2771,1.0,50.0,25.0,0.7,10.0,48.0,0.15246166785558066
2772,1.0,50.0,25.0,0.7,100.0,53.0,0.1623615970214208
2773,1.0,50.0,25.0,0.7,1000.0,57.0,0.16421271363894144
2774,1.0,50.0,25.0,0.7,10000.0,57.0,0.15799754858016968
2775,1.0,50.0,30.0,0.3,0.0,55.0,0.10125687966744105
2776,1.0,50.0,30.0,0.3,10.0,35.0,0.10883434613545735
2777,1.0,50.0,30.0,0.3,100.0,49.0,0.11111194143692653
2778,1.0,50.0,30.0,0.3,1000.0,68.0,0.0870303971072038
2779,1.0,50.0,30.0,0.3,10000.0,48.0,0.09044996897379558
2780,1.0,50.0,30.0,0.5,0.0,45.0,0.10978443672259648
2781,1.0,50.0,30.0,0.5,10.0,35.0,0.11466679225365321
2782,1.0,50.0,30.0,0.5,100.0,41.0,0.112460362414519
2783,1.0,50.0,30.0,0.5,1000.0,52.0,0.11280633260806401
2784,1.0,50.0,30.0,0.5,10000.0,57.0,0.10080547382434209
2785,1.0,50.0,30.0,0.7,0.0,47.0,0.21921855211257935
2786,1.0,50.0,30.0,0.7,10.0,38.0,0.1453730116287867
2787,1.0,50.0,30.0,0.7,100.0,68.0,0.1406786541144053
2788,1.0,50.0,30.0,0.7,1000.0,43.0,0.1676669418811798
2789,1.0,50.0,30.0,0.7,10000.0,39.0,0.14304390301307043
2790,1.0,50.0,35.0,0.3,0.0,56.0,0.08795491854349773
2791,1.0,50.0,35.0,0.3,10.0,55.0,0.1104087308049202
2792,1.0,50.0,35.0,0.3,100.0,83.0,0.09143871689836185
2793,1.0,50.0,35.0,0.3,1000.0,64.0,0.09714755912621816
2794,1.0,50.0,35.0,0.3,10000.0,50.0,0.10636884967486064
2795,1.0,50.0,35.0,0.5,0.0,46.0,0.1158764014641444
2796,1.0,50.0,35.0,0.5,10.0,45.0,0.10420757035414378
2797,1.0,50.0,35.0,0.5,100.0,57.0,0.11457355072100957
2798,1.0,50.0,35.0,0.5,1000.0,55.0,0.11067190021276474
2799,1.0,50.0,35.0,0.5,10000.0,58.0,0.13744943837324777
2800,1.0,50.0,35.0,0.7,0.0,57.0,0.12945137172937393
2801,1.0,50.0,35.0,0.7,10.0,50.0,0.1458840916554133
2802,1.0,50.0,35.0,0.7,100.0,46.0,0.1302501087387403
2803,1.0,50.0,35.0,0.7,1000.0,50.0,0.15850520133972168
2804,1.0,50.0,35.0,0.7,10000.0,49.0,0.1505762462814649
2805,1.0,50.0,40.0,0.3,0.0,59.0,0.08958738297224045
2806,1.0,50.0,40.0,0.3,10.0,55.0,0.09687759230534236
2807,1.0,50.0,40.0,0.3,100.0,49.0,0.10001719494660695
2808,1.0,50.0,40.0,0.3,1000.0,48.0,0.09763946384191513
2809,1.0,50.0,40.0,0.3,10000.0,59.0,0.09874191631873448
2810,1.0,50.0,40.0,0.5,0.0,77.0,0.10199370235204697
2811,1.0,50.0,40.0,0.5,10.0,69.0,0.09949707239866257
2812,1.0,50.0,40.0,0.5,100.0,38.0,0.11313091963529587
2813,1.0,50.0,40.0,0.5,1000.0,58.0,0.10649384558200836
2814,1.0,50.0,40.0,0.5,10000.0,49.0,0.11029424021641414
2815,1.0,50.0,40.0,0.7,0.0,54.0,0.12965372453133264
2816,1.0,50.0,40.0,0.7,10.0,48.0,0.12938241908947626
2817,1.0,50.0,40.0,0.7,100.0,59.0,0.12756258497635523
2818,1.0,50.0,40.0,0.7,1000.0,55.0,0.13722671816746393
2819,1.0,50.0,40.0,0.7,10000.0,54.0,0.14315233131249747
2820,1.0,50.0,45.0,0.3,0.0,72.0,0.09542761743068695
2821,1.0,50.0,45.0,0.3,10.0,66.0,0.1215234324336052
2822,1.0,50.0,45.0,0.3,100.0,49.0,0.0945105329155922
2823,1.0,50.0,45.0,0.3,1000.0,55.0,0.09477739781141281
2824,1.0,50.0,45.0,0.3,10000.0,46.0,0.10542370875676473
2825,1.0,50.0,45.0,0.5,0.0,59.0,0.10743746658166249
2826,1.0,50.0,45.0,0.5,10.0,43.0,0.10627447068691254
2827,1.0,50.0,45.0,0.5,100.0,37.0,0.11036038647095363
2828,1.0,50.0,45.0,0.5,1000.0,40.0,0.10204297055800755
2829,1.0,50.0,45.0,0.5,10000.0,44.0,0.11012099186579387
2830,1.0,50.0,45.0,0.7,0.0,44.0,0.15326333294312158
2831,1.0,50.0,45.0,0.7,10.0,45.0,0.1331710790594419
2832,1.0,50.0,45.0,0.7,100.0,48.0,0.16285408039887747
2833,1.0,50.0,45.0,0.7,1000.0,48.0,0.14753174781799316
2834,1.0,50.0,45.0,0.7,10000.0,46.0,0.1348646953701973
2835,1.0,50.0,50.0,0.3,0.0,55.0,0.0942038322488467
2836,1.0,50.0,50.0,0.3,10.0,55.0,0.09013836830854416
2837,1.0,50.0,50.0,0.3,100.0,61.0,0.1227148820956548
2838,1.0,50.0,50.0,0.3,1000.0,83.0,0.09372455875078838
2839,1.0,50.0,50.0,0.3,10000.0,73.0,0.11470857014258702
2840,1.0,50.0,50.0,0.5,0.0,59.0,0.10209875553846359
2841,1.0,50.0,50.0,0.5,10.0,60.0,0.09671685099601746
2842,1.0,50.0,50.0,0.5,100.0,61.0,0.11386219660441081
2843,1.0,50.0,50.0,0.5,1000.0,50.0,0.10991546263297398
2844,1.0,50.0,50.0,0.5,10000.0,77.0,0.09592156608899434
2845,1.0,50.0,50.0,0.7,0.0,40.0,0.14177021384239197
2846,1.0,50.0,50.0,0.7,10.0,46.0,0.12379913032054901
2847,1.0,50.0,50.0,0.7,100.0,81.0,0.1281032289067904
2848,1.0,50.0,50.0,0.7,1000.0,54.0,0.13090470929940543
2849,1.0,50.0,50.0,0.7,10000.0,65.0,0.12064749250809352
2850,2.0,50.0,5.0,0.3,0.0,68.0,0.1454210728406906
2851,2.0,50.0,5.0,0.3,10.0,73.0,0.11864121009906133
2852,2.0,50.0,5.0,0.3,100.0,53.0,0.14757696290810904
2853,2.0,50.0,5.0,0.3,1000.0,62.0,0.12304537246624629
2854,2.0,50.0,5.0,0.3,10000.0,80.0,0.16731815040111542
2855,2.0,50.0,5.0,0.5,0.0,39.0,0.20978855590025583
2856,2.0,50.0,5.0,0.5,10.0,41.0,0.2585579703251521
2857,2.0,50.0,5.0,0.5,100.0,67.0,0.23620277643203735
2858,2.0,50.0,5.0,0.5,1000.0,35.0,0.1773771345615387
2859,2.0,50.0,5.0,0.5,10000.0,43.0,0.2262675662835439
2860,2.0,50.0,5.0,0.7,0.0,40.0,0.3488362232844035
2861,2.0,50.0,5.0,0.7,10.0,44.0,0.40169045329093933
2862,2.0,50.0,5.0,0.7,100.0,50.0,0.38685378432273865
2863,2.0,50.0,5.0,0.7,1000.0,45.0,0.32640401522318524
2864,2.0,50.0,5.0,0.7,10000.0,68.0,0.3646276791890462
2865,2.0,50.0,10.0,0.3,0.0,81.0,0.10097195208072662
2866,2.0,50.0,10.0,0.3,10.0,61.0,0.10310862213373184
2867,2.0,50.0,10.0,0.3,100.0,43.0,0.2042482147614161
2868,2.0,50.0,10.0,0.3,1000.0,49.0,0.10535685221354167
2869,2.0,50.0,10.0,0.3,10000.0,38.0,0.1166088804602623
2870,2.0,50.0,10.0,0.5,0.0,39.0,0.19188091158866882
2871,2.0,50.0,10.0,0.5,10.0,70.0,0.14184482395648956
2872,2.0,50.0,10.0,0.5,100.0,47.0,0.14276008307933807
2873,2.0,50.0,10.0,0.5,1000.0,57.0,0.13793136179447174
2874,2.0,50.0,10.0,0.5,10000.0,51.0,0.13393084704875946
2875,2.0,50.0,10.0,0.7,0.0,54.0,0.29547550280888873
2876,2.0,50.0,10.0,0.7,10.0,60.0,0.24950043360392252
2877,2.0,50.0,10.0,0.7,100.0,61.0,0.2256126751502355
2878,2.0,50.0,10.0,0.7,1000.0,42.0,0.20163141191005707
2879,2.0,50.0,10.0,0.7,10000.0,51.0,0.26740386585394543
2880,2.0,50.0,15.0,0.3,0.0,76.0,0.11458619435628255
2881,2.0,50.0,15.0,0.3,10.0,80.0,0.09956814348697662
2882,2.0,50.0,15.0,0.3,100.0,91.0,0.09131836394468944
2883,2.0,50.0,15.0,0.3,1000.0,44.0,0.10947103798389435
2884,2.0,50.0,15.0,0.3,10000.0,56.0,0.10267062981923421
2885,2.0,50.0,15.0,0.5,0.0,46.0,0.14530434956153235
2886,2.0,50.0,15.0,0.5,10.0,77.0,0.12351915736993153
2887,2.0,50.0,15.0,0.5,100.0,91.0,0.12636922299861908
2888,2.0,50.0,15.0,0.5,1000.0,68.0,0.12695814917484918
2889,2.0,50.0,15.0,0.5,10000.0,57.0,0.13781649122635523
2890,2.0,50.0,15.0,0.7,0.0,42.0,0.19677367309729257
2891,2.0,50.0,15.0,0.7,10.0,48.0,0.19156400859355927
2892,2.0,50.0,15.0,0.7,100.0,78.0,0.19196713964144388
2893,2.0,50.0,15.0,0.7,1000.0,59.0,0.1783969352642695
2894,2.0,50.0,15.0,0.7,10000.0,49.0,0.21119274199008942
2895,2.0,50.0,20.0,0.3,0.0,77.0,0.0927513415614764
2896,2.0,50.0,20.0,0.3,10.0,57.0,0.1067558874686559
2897,2.0,50.0,20.0,0.3,100.0,61.0,0.1445346474647522
2898,2.0,50.0,20.0,0.3,1000.0,68.0,0.09465368837118149
2899,2.0,50.0,20.0,0.3,10000.0,64.0,0.09771175682544708
2900,2.0,50.0,20.0,0.5,0.0,40.0,0.12308901051680247
2901,2.0,50.0,20.0,0.5,10.0,65.0,0.11677783230940501
2902,2.0,50.0,20.0,0.5,100.0,49.0,0.1372340495387713
2903,2.0,50.0,20.0,0.5,1000.0,44.0,0.12764861434698105
2904,2.0,50.0,20.0,0.5,10000.0,36.0,0.12263337522745132
2905,2.0,50.0,20.0,0.7,0.0,49.0,0.16470959782600403
2906,2.0,50.0,20.0,0.7,10.0,35.0,0.1553050329287847
2907,2.0,50.0,20.0,0.7,100.0,66.0,0.18558740119139353
2908,2.0,50.0,20.0,0.7,1000.0,48.0,0.19068565467993417
2909,2.0,50.0,20.0,0.7,10000.0,56.0,0.17126827438672385
2910,2.0,50.0,25.0,0.3,0.0,74.0,0.11087135225534439
2911,2.0,50.0,25.0,0.3,10.0,47.0,0.10714368770519893
2912,2.0,50.0,25.0,0.3,100.0,59.0,0.0934386005004247
2913,2.0,50.0,25.0,0.3,1000.0,36.0,0.09396287053823471
2914,2.0,50.0,25.0,0.3,10000.0,62.0,0.0966431125998497
2915,2.0,50.0,25.0,0.5,0.0,53.0,0.11537508914868037
2916,2.0,50.0,25.0,0.5,10.0,53.0,0.11383673548698425
2917,2.0,50.0,25.0,0.5,100.0,56.0,0.1235481823484103
2918,2.0,50.0,25.0,0.5,1000.0,35.0,0.11022717257340749
2919,2.0,50.0,25.0,0.5,10000.0,48.0,0.11125189314285915
2920,2.0,50.0,25.0,0.7,0.0,44.0,0.17789624134699503
2921,2.0,50.0,25.0,0.7,10.0,37.0,0.16955394546190897
2922,2.0,50.0,25.0,0.7,100.0,51.0,0.17864693204561868
2923,2.0,50.0,25.0,0.7,1000.0,35.0,0.14262216786543527
2924,2.0,50.0,25.0,0.7,10000.0,53.0,0.17789831260840097
2925,2.0,50.0,30.0,0.3,0.0,50.0,0.09862864017486572
2926,2.0,50.0,30.0,0.3,10.0,50.0,0.0937784140308698
2927,2.0,50.0,30.0,0.3,100.0,56.0,0.1070706695318222
2928,2.0,50.0,30.0,0.3,1000.0,50.0,0.094353752831618
2929,2.0,50.0,30.0,0.3,10000.0,48.0,0.10042180866003036
2930,2.0,50.0,30.0,0.5,0.0,42.0,0.1377553567290306
2931,2.0,50.0,30.0,0.5,10.0,59.0,0.12392315765221913
2932,2.0,50.0,30.0,0.5,100.0,53.0,0.1204566905895869
2933,2.0,50.0,30.0,0.5,1000.0,56.0,0.09925829122463863
2934,2.0,50.0,30.0,0.5,10000.0,57.0,0.10160560409228007
2935,2.0,50.0,30.0,0.7,0.0,39.0,0.13265315691630045
2936,2.0,50.0,30.0,0.7,10.0,56.0,0.1351285775502523
2937,2.0,50.0,30.0,0.7,100.0,57.0,0.14275115231672922
2938,2.0,50.0,30.0,0.7,1000.0,52.0,0.1455129310488701
2939,2.0,50.0,30.0,0.7,10000.0,64.0,0.15588627010583878
2940,2.0,50.0,35.0,0.3,0.0,52.0,0.09951508541901906
2941,2.0,50.0,35.0,0.3,10.0,42.0,0.10823845366636912
2942,2.0,50.0,35.0,0.3,100.0,52.0,0.10901924719413121
2943,2.0,50.0,35.0,0.3,1000.0,49.0,0.0945351372162501
2944,2.0,50.0,35.0,0.3,10000.0,38.0,0.10024355848630269
2945,2.0,50.0,35.0,0.5,0.0,54.0,0.10427382836739223
2946,2.0,50.0,35.0,0.5,10.0,39.0,0.11605791747570038
2947,2.0,50.0,35.0,0.5,100.0,57.0,0.12921600540479025
2948,2.0,50.0,35.0,0.5,1000.0,56.0,0.10778466860453288
2949,2.0,50.0,35.0,0.5,10000.0,49.0,0.11657855908075969
2950,2.0,50.0,35.0,0.7,0.0,54.0,0.1296673690279325
2951,2.0,50.0,35.0,0.7,10.0,45.0,0.14831840991973877
2952,2.0,50.0,35.0,0.7,100.0,33.0,0.14191475013891855
2953,2.0,50.0,35.0,0.7,1000.0,39.0,0.1428896685441335
2954,2.0,50.0,35.0,0.7,10000.0,52.0,0.1401860440770785
2955,2.0,50.0,40.0,0.3,0.0,72.0,0.09114143500725429
2956,2.0,50.0,40.0,0.3,10.0,46.0,0.12617716938257217
2957,2.0,50.0,40.0,0.3,100.0,45.0,0.09187257538239162
2958,2.0,50.0,40.0,0.3,1000.0,46.0,0.11527013778686523
2959,2.0,50.0,40.0,0.3,10000.0,40.0,0.09414153297742207
2960,2.0,50.0,40.0,0.5,0.0,44.0,0.12182381004095078
2961,2.0,50.0,40.0,0.5,10.0,52.0,0.12640575071175894
2962,2.0,50.0,40.0,0.5,100.0,51.0,0.10616287340720494
2963,2.0,50.0,40.0,0.5,1000.0,50.0,0.10155947754780452
2964,2.0,50.0,40.0,0.5,10000.0,45.0,0.10213988025983174
2965,2.0,50.0,40.0,0.7,0.0,75.0,0.1049969916542371
2966,2.0,50.0,40.0,0.7,10.0,40.0,0.13481136908133826
2967,2.0,50.0,40.0,0.7,100.0,68.0,0.12980059534311295
2968,2.0,50.0,40.0,0.7,1000.0,79.0,0.111043781042099
2969,2.0,50.0,40.0,0.7,10000.0,53.0,0.1344695265094439
2970,2.0,50.0,45.0,0.3,0.0,72.0,0.09123796969652176
2971,2.0,50.0,45.0,0.3,10.0,41.0,0.09783938278754552
2972,2.0,50.0,45.0,0.3,100.0,50.0,0.100437526901563
2973,2.0,50.0,45.0,0.3,1000.0,51.0,0.09115162243445714
2974,2.0,50.0,45.0,0.3,10000.0,51.0,0.0930980717142423
2975,2.0,50.0,45.0,0.5,0.0,65.0,0.09452989200750987
2976,2.0,50.0,45.0,0.5,10.0,59.0,0.0954560711979866
2977,2.0,50.0,45.0,0.5,100.0,66.0,0.09634829064210255
2978,2.0,50.0,45.0,0.5,1000.0,43.0,0.10673558215300243
2979,2.0,50.0,45.0,0.5,10000.0,49.0,0.1031710331638654
2980,2.0,50.0,45.0,0.7,0.0,52.0,0.12893507381280264
2981,2.0,50.0,45.0,0.7,10.0,41.0,0.13928594688574472
2982,2.0,50.0,45.0,0.7,100.0,73.0,0.12179244061311086
2983,2.0,50.0,45.0,0.7,1000.0,50.0,0.13378014167149863
2984,2.0,50.0,45.0,0.7,10000.0,74.0,0.1335888331135114
2985,2.0,50.0,50.0,0.3,0.0,43.0,0.10069745282332103
2986,2.0,50.0,50.0,0.3,10.0,59.0,0.08847276369730632
2987,2.0,50.0,50.0,0.3,100.0,58.0,0.11581122130155563
2988,2.0,50.0,50.0,0.3,1000.0,57.0,0.09496542563041051
2989,2.0,50.0,50.0,0.3,10000.0,58.0,0.10144199679295222
2990,2.0,50.0,50.0,0.5,0.0,39.0,0.12058823307355244
2991,2.0,50.0,50.0,0.5,10.0,57.0,0.09596647570530574
2992,2.0,50.0,50.0,0.5,100.0,70.0,0.09521883477767308
2993,2.0,50.0,50.0,0.5,1000.0,43.0,0.10102204730113347
2994,2.0,50.0,50.0,0.5,10000.0,43.0,0.10089821616808574
2995,2.0,50.0,50.0,0.7,0.0,39.0,0.13579227775335312
2996,2.0,50.0,50.0,0.7,10.0,41.0,0.13951114565134048
2997,2.0,50.0,50.0,0.7,100.0,58.0,0.12448224425315857
2998,2.0,50.0,50.0,0.7,1000.0,56.0,0.13662644972403845
2999,2.0,50.0,50.0,0.7,10000.0,68.0,0.12891339510679245
