,num_layers,hidden1,hidden2,dropout,random_seed,epochs_trained,val_error
0,1.0,5.0,5.0,0.3,0.0,167.0,0.11414029697577159
1,1.0,5.0,5.0,0.3,10.0,168.0,0.10996194183826447
2,1.0,5.0,5.0,0.3,100.0,210.0,0.11043532192707062
3,1.0,5.0,5.0,0.3,1000.0,300.0,0.25354306151469547
4,1.0,5.0,5.0,0.3,10000.0,139.0,0.1309885730346044
5,1.0,5.0,5.0,0.5,0.0,134.0,0.18639634797970453
6,1.0,5.0,5.0,0.5,10.0,149.0,0.15345398088296255
7,1.0,5.0,5.0,0.5,100.0,110.0,0.13687911132971445
8,1.0,5.0,5.0,0.5,1000.0,238.0,0.31111058592796326
9,1.0,5.0,5.0,0.5,10000.0,128.0,0.18783815205097198
10,1.0,5.0,5.0,0.7,0.0,115.0,0.3093504458665848
11,1.0,5.0,5.0,0.7,10.0,126.0,0.2651468515396118
12,1.0,5.0,5.0,0.7,100.0,78.0,0.22985788186391196
13,1.0,5.0,5.0,0.7,1000.0,134.0,0.3926340987284978
14,1.0,5.0,5.0,0.7,10000.0,128.0,0.31773271163304645
15,1.0,5.0,10.0,0.3,0.0,122.0,0.1092736894885699
16,1.0,5.0,10.0,0.3,10.0,127.0,0.10321308920780818
17,1.0,5.0,10.0,0.3,100.0,208.0,0.08029585828383763
18,1.0,5.0,10.0,0.3,1000.0,112.0,0.10561150809129079
19,1.0,5.0,10.0,0.3,10000.0,141.0,0.11261885364850362
20,1.0,5.0,10.0,0.5,0.0,134.0,0.11714035272598267
21,1.0,5.0,10.0,0.5,10.0,118.0,0.11658565948406856
22,1.0,5.0,10.0,0.5,100.0,122.0,0.15394897510608038
23,1.0,5.0,10.0,0.5,1000.0,129.0,0.11213083565235138
24,1.0,5.0,10.0,0.5,10000.0,97.0,0.12246943265199661
25,1.0,5.0,10.0,0.7,0.0,164.0,0.17935613046089807
26,1.0,5.0,10.0,0.7,10.0,87.0,0.187103604276975
27,1.0,5.0,10.0,0.7,100.0,202.0,0.2473113238811493
28,1.0,5.0,10.0,0.7,1000.0,73.0,0.18833580613136292
29,1.0,5.0,10.0,0.7,10000.0,128.0,0.17196122805277506
30,1.0,5.0,15.0,0.3,0.0,159.0,0.10323068251212437
31,1.0,5.0,15.0,0.3,10.0,132.0,0.11071080217758815
32,1.0,5.0,15.0,0.3,100.0,162.0,0.09291191895802815
33,1.0,5.0,15.0,0.3,1000.0,88.0,0.09829077621301015
34,1.0,5.0,15.0,0.3,10000.0,172.0,0.10921422143777211
35,1.0,5.0,15.0,0.5,0.0,150.0,0.14474967618783316
36,1.0,5.0,15.0,0.5,10.0,102.0,0.12878231952587763
37,1.0,5.0,15.0,0.5,100.0,96.0,0.1150110016266505
38,1.0,5.0,15.0,0.5,1000.0,96.0,0.10759023080269496
39,1.0,5.0,15.0,0.5,10000.0,139.0,0.12484443684418996
40,1.0,5.0,15.0,0.7,0.0,125.0,0.2736827979485194
41,1.0,5.0,15.0,0.7,10.0,164.0,0.1750091016292572
42,1.0,5.0,15.0,0.7,100.0,78.0,0.20343734323978424
43,1.0,5.0,15.0,0.7,1000.0,95.0,0.16353055834770203
44,1.0,5.0,15.0,0.7,10000.0,80.0,0.19385933379332224
45,1.0,5.0,20.0,0.3,0.0,124.0,0.10922681291898091
46,1.0,5.0,20.0,0.3,10.0,79.0,0.10838691393534343
47,1.0,5.0,20.0,0.3,100.0,101.0,0.11399449159701665
48,1.0,5.0,20.0,0.3,1000.0,86.0,0.09813983986775081
49,1.0,5.0,20.0,0.3,10000.0,100.0,0.11135671039422353
50,1.0,5.0,20.0,0.5,0.0,85.0,0.13803074260552725
51,1.0,5.0,20.0,0.5,10.0,99.0,0.11055839558442433
52,1.0,5.0,20.0,0.5,100.0,105.0,0.11605681478977203
53,1.0,5.0,20.0,0.5,1000.0,132.0,0.1102134461204211
54,1.0,5.0,20.0,0.5,10000.0,96.0,0.11497933169205983
55,1.0,5.0,20.0,0.7,0.0,112.0,0.17726397514343262
56,1.0,5.0,20.0,0.7,10.0,104.0,0.16520481059948602
57,1.0,5.0,20.0,0.7,100.0,96.0,0.1601362278064092
58,1.0,5.0,20.0,0.7,1000.0,130.0,0.15253052860498428
59,1.0,5.0,20.0,0.7,10000.0,90.0,0.16421059022347131
60,1.0,5.0,25.0,0.3,0.0,121.0,0.10292179137468338
61,1.0,5.0,25.0,0.3,10.0,107.0,0.11313687264919281
62,1.0,5.0,25.0,0.3,100.0,145.0,0.11014282455046971
63,1.0,5.0,25.0,0.3,1000.0,97.0,0.10217781861623128
64,1.0,5.0,25.0,0.3,10000.0,90.0,0.10413950930039088
65,1.0,5.0,25.0,0.5,0.0,113.0,0.11733764161666234
66,1.0,5.0,25.0,0.5,10.0,133.0,0.11530059824387233
67,1.0,5.0,25.0,0.5,100.0,138.0,0.11611353854338329
68,1.0,5.0,25.0,0.5,1000.0,94.0,0.11144061386585236
69,1.0,5.0,25.0,0.5,10000.0,96.0,0.1110370581348737
70,1.0,5.0,25.0,0.7,0.0,87.0,0.15797200302282968
71,1.0,5.0,25.0,0.7,10.0,101.0,0.16121175388495126
72,1.0,5.0,25.0,0.7,100.0,96.0,0.18716598550478616
73,1.0,5.0,25.0,0.7,1000.0,88.0,0.15495064109563828
74,1.0,5.0,25.0,0.7,10000.0,73.0,0.1683922360340754
75,1.0,5.0,30.0,0.3,0.0,106.0,0.10044945776462555
76,1.0,5.0,30.0,0.3,10.0,95.0,0.10911434888839722
77,1.0,5.0,30.0,0.3,100.0,125.0,0.09625521302223206
78,1.0,5.0,30.0,0.3,1000.0,74.0,0.09698126465082169
79,1.0,5.0,30.0,0.3,10000.0,107.0,0.10353057831525803
80,1.0,5.0,30.0,0.5,0.0,134.0,0.10495855410893758
81,1.0,5.0,30.0,0.5,10.0,88.0,0.11123025417327881
82,1.0,5.0,30.0,0.5,100.0,136.0,0.11648690203825633
83,1.0,5.0,30.0,0.5,1000.0,96.0,0.10098271568616231
84,1.0,5.0,30.0,0.5,10000.0,97.0,0.11322222650051117
85,1.0,5.0,30.0,0.7,0.0,82.0,0.17350397755702338
86,1.0,5.0,30.0,0.7,10.0,74.0,0.16732047001520792
87,1.0,5.0,30.0,0.7,100.0,99.0,0.20216659704844156
88,1.0,5.0,30.0,0.7,1000.0,62.0,0.14773610482613245
89,1.0,5.0,30.0,0.7,10000.0,62.0,0.1712120125691096
90,1.0,5.0,35.0,0.3,0.0,205.0,0.08965166285634041
91,1.0,5.0,35.0,0.3,10.0,95.0,0.11316211769978206
92,1.0,5.0,35.0,0.3,100.0,75.0,0.09968019276857376
93,1.0,5.0,35.0,0.3,1000.0,108.0,0.11015202353398006
94,1.0,5.0,35.0,0.3,10000.0,73.0,0.10860603551069896
95,1.0,5.0,35.0,0.5,0.0,176.0,0.09588185946146648
96,1.0,5.0,35.0,0.5,10.0,77.0,0.11869013061126073
97,1.0,5.0,35.0,0.5,100.0,98.0,0.1053553397456805
98,1.0,5.0,35.0,0.5,1000.0,95.0,0.11310218274593353
99,1.0,5.0,35.0,0.5,10000.0,96.0,0.1118346353371938
100,1.0,5.0,35.0,0.7,0.0,113.0,0.14590944101413092
101,1.0,5.0,35.0,0.7,10.0,66.0,0.18222914139429727
102,1.0,5.0,35.0,0.7,100.0,111.0,0.16084308177232742
103,1.0,5.0,35.0,0.7,1000.0,69.0,0.1549697866042455
104,1.0,5.0,35.0,0.7,10000.0,63.0,0.17354057480891547
105,1.0,5.0,40.0,0.3,0.0,136.0,0.10402268916368484
106,1.0,5.0,40.0,0.3,10.0,98.0,0.10527783632278442
107,1.0,5.0,40.0,0.3,100.0,113.0,0.10904753704865773
108,1.0,5.0,40.0,0.3,1000.0,107.0,0.10558027029037476
109,1.0,5.0,40.0,0.3,10000.0,99.0,0.10607556502024333
110,1.0,5.0,40.0,0.5,0.0,113.0,0.11260068168242772
111,1.0,5.0,40.0,0.5,10.0,94.0,0.11085256934165955
112,1.0,5.0,40.0,0.5,100.0,68.0,0.1284766967097918
113,1.0,5.0,40.0,0.5,1000.0,83.0,0.11619560420513153
114,1.0,5.0,40.0,0.5,10000.0,70.0,0.12070242315530777
115,1.0,5.0,40.0,0.7,0.0,92.0,0.15217670053243637
116,1.0,5.0,40.0,0.7,10.0,88.0,0.1607165684302648
117,1.0,5.0,40.0,0.7,100.0,63.0,0.21642765899499258
118,1.0,5.0,40.0,0.7,1000.0,63.0,0.17119924227396646
119,1.0,5.0,40.0,0.7,10000.0,66.0,0.18559189389149347
120,1.0,5.0,45.0,0.3,0.0,104.0,0.10971488306919734
121,1.0,5.0,45.0,0.3,10.0,79.0,0.10951936493317287
122,1.0,5.0,45.0,0.3,100.0,101.0,0.11011280864477158
123,1.0,5.0,45.0,0.3,1000.0,71.0,0.10130226612091064
124,1.0,5.0,45.0,0.3,10000.0,79.0,0.10389373451471329
125,1.0,5.0,45.0,0.5,0.0,134.0,0.12192612886428833
126,1.0,5.0,45.0,0.5,10.0,101.0,0.11095473418633144
127,1.0,5.0,45.0,0.5,100.0,86.0,0.11812914411226909
128,1.0,5.0,45.0,0.5,1000.0,95.0,0.10808819035689037
129,1.0,5.0,45.0,0.5,10000.0,70.0,0.11241197834412257
130,1.0,5.0,45.0,0.7,0.0,126.0,0.1772353003422419
131,1.0,5.0,45.0,0.7,10.0,58.0,0.17632649590571722
132,1.0,5.0,45.0,0.7,100.0,69.0,0.20356802642345428
133,1.0,5.0,45.0,0.7,1000.0,45.0,0.16233317057291666
134,1.0,5.0,45.0,0.7,10000.0,102.0,0.15277918924887976
135,1.0,5.0,50.0,0.3,0.0,105.0,0.10948862880468369
136,1.0,5.0,50.0,0.3,10.0,99.0,0.10814278572797775
137,1.0,5.0,50.0,0.3,100.0,111.0,0.11373132467269897
138,1.0,5.0,50.0,0.3,1000.0,103.0,0.10531071076790492
139,1.0,5.0,50.0,0.3,10000.0,100.0,0.10599936793247859
140,1.0,5.0,50.0,0.5,0.0,146.0,0.11918133745590846
141,1.0,5.0,50.0,0.5,10.0,94.0,0.11544533322254817
142,1.0,5.0,50.0,0.5,100.0,85.0,0.12259322653214137
143,1.0,5.0,50.0,0.5,1000.0,93.0,0.11318099002043407
144,1.0,5.0,50.0,0.5,10000.0,72.0,0.11625986794630687
145,1.0,5.0,50.0,0.7,0.0,92.0,0.17704348266124725
146,1.0,5.0,50.0,0.7,10.0,47.0,0.17374865214029947
147,1.0,5.0,50.0,0.7,100.0,62.0,0.19328067948420843
148,1.0,5.0,50.0,0.7,1000.0,45.0,0.15527044981718063
149,1.0,5.0,50.0,0.7,10000.0,67.0,0.1746809259057045
150,2.0,5.0,5.0,0.3,0.0,123.0,0.09543489168087642
151,2.0,5.0,5.0,0.3,10.0,300.0,0.29141299426555634
152,2.0,5.0,5.0,0.3,100.0,139.0,0.09918459753195445
153,2.0,5.0,5.0,0.3,1000.0,136.0,0.10866032540798187
154,2.0,5.0,5.0,0.3,10000.0,139.0,0.12403155118227005
155,2.0,5.0,5.0,0.5,0.0,94.0,0.14080974459648132
156,2.0,5.0,5.0,0.5,10.0,185.0,0.38870006799697876
157,2.0,5.0,5.0,0.5,100.0,97.0,0.13843313107887903
158,2.0,5.0,5.0,0.5,1000.0,96.0,0.15285765628019968
159,2.0,5.0,5.0,0.5,10000.0,85.0,0.1522496740023295
160,2.0,5.0,5.0,0.7,0.0,112.0,0.2510858625173569
161,2.0,5.0,5.0,0.7,10.0,157.0,0.4343583683172862
162,2.0,5.0,5.0,0.7,100.0,104.0,0.2580826133489609
163,2.0,5.0,5.0,0.7,1000.0,118.0,0.24227602779865265
164,2.0,5.0,5.0,0.7,10000.0,84.0,0.2577708562215169
165,2.0,5.0,10.0,0.3,0.0,99.0,0.08085742841164271
166,2.0,5.0,10.0,0.3,10.0,89.0,0.09358104566733043
167,2.0,5.0,10.0,0.3,100.0,80.0,0.09419456248482068
168,2.0,5.0,10.0,0.3,1000.0,100.0,0.1005621279279391
169,2.0,5.0,10.0,0.3,10000.0,120.0,0.0912963052590688
170,2.0,5.0,10.0,0.5,0.0,94.0,0.1371962899963061
171,2.0,5.0,10.0,0.5,10.0,87.0,0.10437577217817307
172,2.0,5.0,10.0,0.5,100.0,96.0,0.10725367814302444
173,2.0,5.0,10.0,0.5,1000.0,113.0,0.10990271220604579
174,2.0,5.0,10.0,0.5,10000.0,68.0,0.11490771919488907
175,2.0,5.0,10.0,0.7,0.0,88.0,0.19201580186684927
176,2.0,5.0,10.0,0.7,10.0,85.0,0.16102979083855948
177,2.0,5.0,10.0,0.7,100.0,78.0,0.1739704037706057
178,2.0,5.0,10.0,0.7,1000.0,113.0,0.1752506047487259
179,2.0,5.0,10.0,0.7,10000.0,84.0,0.1699224536617597
180,2.0,5.0,15.0,0.3,0.0,129.0,0.08080166205763817
181,2.0,5.0,15.0,0.3,10.0,89.0,0.08660166213909785
182,2.0,5.0,15.0,0.3,100.0,110.0,0.09603805343310039
183,2.0,5.0,15.0,0.3,1000.0,83.0,0.08398980398972829
184,2.0,5.0,15.0,0.3,10000.0,224.0,0.07799857358137767
185,2.0,5.0,15.0,0.5,0.0,107.0,0.10037069022655487
186,2.0,5.0,15.0,0.5,10.0,75.0,0.09844611336787541
187,2.0,5.0,15.0,0.5,100.0,168.0,0.0940523495276769
188,2.0,5.0,15.0,0.5,1000.0,123.0,0.09089599798123042
189,2.0,5.0,15.0,0.5,10000.0,69.0,0.10579506556193034
190,2.0,5.0,15.0,0.7,0.0,95.0,0.14960993826389313
191,2.0,5.0,15.0,0.7,10.0,72.0,0.15591736137866974
192,2.0,5.0,15.0,0.7,100.0,94.0,0.19095512231191
193,2.0,5.0,15.0,0.7,1000.0,79.0,0.1631565714875857
194,2.0,5.0,15.0,0.7,10000.0,67.0,0.1725283513466517
195,2.0,5.0,20.0,0.3,0.0,111.0,0.0832166609664758
196,2.0,5.0,20.0,0.3,10.0,109.0,0.08443540086348851
197,2.0,5.0,20.0,0.3,100.0,67.0,0.09568718572457631
198,2.0,5.0,20.0,0.3,1000.0,144.0,0.08125658830006917
199,2.0,5.0,20.0,0.3,10000.0,71.0,0.09055965766310692
200,2.0,5.0,20.0,0.5,0.0,91.0,0.09953716645638148
201,2.0,5.0,20.0,0.5,10.0,74.0,0.09823565930128098
202,2.0,5.0,20.0,0.5,100.0,86.0,0.10137326767047246
203,2.0,5.0,20.0,0.5,1000.0,103.0,0.10706080247958501
204,2.0,5.0,20.0,0.5,10000.0,95.0,0.09210359180967014
205,2.0,5.0,20.0,0.7,0.0,77.0,0.1746391902367274
206,2.0,5.0,20.0,0.7,10.0,72.0,0.15267363439003626
207,2.0,5.0,20.0,0.7,100.0,76.0,0.14316261063019434
208,2.0,5.0,20.0,0.7,1000.0,84.0,0.15858838707208633
209,2.0,5.0,20.0,0.7,10000.0,87.0,0.14863985776901245
210,2.0,5.0,25.0,0.3,0.0,102.0,0.08742714921633403
211,2.0,5.0,25.0,0.3,10.0,56.0,0.08771345516045888
212,2.0,5.0,25.0,0.3,100.0,81.0,0.08258579298853874
213,2.0,5.0,25.0,0.3,1000.0,107.0,0.07832158356904984
214,2.0,5.0,25.0,0.3,10000.0,76.0,0.09727812310059865
215,2.0,5.0,25.0,0.5,0.0,89.0,0.1072731465101242
216,2.0,5.0,25.0,0.5,10.0,63.0,0.09904640913009644
217,2.0,5.0,25.0,0.5,100.0,97.0,0.09932837635278702
218,2.0,5.0,25.0,0.5,1000.0,127.0,0.08879114935795467
219,2.0,5.0,25.0,0.5,10000.0,127.0,0.11663805445035298
220,2.0,5.0,25.0,0.7,0.0,104.0,0.16760816176732382
221,2.0,5.0,25.0,0.7,10.0,73.0,0.1618049442768097
222,2.0,5.0,25.0,0.7,100.0,96.0,0.17381318658590317
223,2.0,5.0,25.0,0.7,1000.0,72.0,0.1572429115573565
224,2.0,5.0,25.0,0.7,10000.0,78.0,0.1535395880540212
225,2.0,5.0,30.0,0.3,0.0,73.0,0.06959790736436844
226,2.0,5.0,30.0,0.3,10.0,52.0,0.09349436561266582
227,2.0,5.0,30.0,0.3,100.0,63.0,0.102127805352211
228,2.0,5.0,30.0,0.3,1000.0,99.0,0.07480961332718532
229,2.0,5.0,30.0,0.3,10000.0,69.0,0.09224983801444371
230,2.0,5.0,30.0,0.5,0.0,133.0,0.09310637166102727
231,2.0,5.0,30.0,0.5,10.0,62.0,0.10140511641899745
232,2.0,5.0,30.0,0.5,100.0,73.0,0.10463795314232509
233,2.0,5.0,30.0,0.5,1000.0,96.0,0.08993088205655415
234,2.0,5.0,30.0,0.5,10000.0,70.0,0.10228511939446132
235,2.0,5.0,30.0,0.7,0.0,93.0,0.16997869064410528
236,2.0,5.0,30.0,0.7,10.0,62.0,0.14064077039559683
237,2.0,5.0,30.0,0.7,100.0,96.0,0.143443929652373
238,2.0,5.0,30.0,0.7,1000.0,72.0,0.14852781842152277
239,2.0,5.0,30.0,0.7,10000.0,66.0,0.14442664633194605
240,2.0,5.0,35.0,0.3,0.0,133.0,0.09007015824317932
241,2.0,5.0,35.0,0.3,10.0,112.0,0.110182985663414
242,2.0,5.0,35.0,0.3,100.0,57.0,0.09442917009194692
243,2.0,5.0,35.0,0.3,1000.0,62.0,0.09747842450936635
244,2.0,5.0,35.0,0.3,10000.0,61.0,0.10483172784248988
245,2.0,5.0,35.0,0.5,0.0,133.0,0.09412771711746852
246,2.0,5.0,35.0,0.5,10.0,93.0,0.105694480240345
247,2.0,5.0,35.0,0.5,100.0,59.0,0.10065712283054988
248,2.0,5.0,35.0,0.5,1000.0,66.0,0.10354536523421605
249,2.0,5.0,35.0,0.5,10000.0,72.0,0.1062327226003011
250,2.0,5.0,35.0,0.7,0.0,72.0,0.14777441322803497
251,2.0,5.0,35.0,0.7,10.0,67.0,0.1604868397116661
252,2.0,5.0,35.0,0.7,100.0,78.0,0.14467629293600717
253,2.0,5.0,35.0,0.7,1000.0,69.0,0.1587676703929901
254,2.0,5.0,35.0,0.7,10000.0,71.0,0.16571137805779776
255,2.0,5.0,40.0,0.3,0.0,103.0,0.0823701707025369
256,2.0,5.0,40.0,0.3,10.0,53.0,0.09783765921990077
257,2.0,5.0,40.0,0.3,100.0,77.0,0.10211294641097386
258,2.0,5.0,40.0,0.3,1000.0,134.0,0.08984741071859996
259,2.0,5.0,40.0,0.3,10000.0,155.0,0.08436041822036107
260,2.0,5.0,40.0,0.5,0.0,71.0,0.10197694351275761
261,2.0,5.0,40.0,0.5,10.0,74.0,0.10305654257535934
262,2.0,5.0,40.0,0.5,100.0,73.0,0.10585448642571767
263,2.0,5.0,40.0,0.5,1000.0,123.0,0.08620539804299672
264,2.0,5.0,40.0,0.5,10000.0,82.0,0.09744712462027867
265,2.0,5.0,40.0,0.7,0.0,62.0,0.1725915918747584
266,2.0,5.0,40.0,0.7,10.0,46.0,0.16172616183757782
267,2.0,5.0,40.0,0.7,100.0,73.0,0.14125881095727286
268,2.0,5.0,40.0,0.7,1000.0,84.0,0.1372936318318049
269,2.0,5.0,40.0,0.7,10000.0,67.0,0.18149645626544952
270,2.0,5.0,45.0,0.3,0.0,93.0,0.09400829921166103
271,2.0,5.0,45.0,0.3,10.0,47.0,0.10248920569817226
272,2.0,5.0,45.0,0.3,100.0,65.0,0.10239420582850774
273,2.0,5.0,45.0,0.3,1000.0,80.0,0.09946748117605846
274,2.0,5.0,45.0,0.3,10000.0,61.0,0.1018548384308815
275,2.0,5.0,45.0,0.5,0.0,120.0,0.09109450876712799
276,2.0,5.0,45.0,0.5,10.0,54.0,0.10651096204916637
277,2.0,5.0,45.0,0.5,100.0,68.0,0.10134407132863998
278,2.0,5.0,45.0,0.5,1000.0,60.0,0.11130023996035258
279,2.0,5.0,45.0,0.5,10000.0,69.0,0.11441238721211751
280,2.0,5.0,45.0,0.7,0.0,63.0,0.14421392977237701
281,2.0,5.0,45.0,0.7,10.0,64.0,0.14789645870526633
282,2.0,5.0,45.0,0.7,100.0,57.0,0.15168117731809616
283,2.0,5.0,45.0,0.7,1000.0,60.0,0.1900180528561274
284,2.0,5.0,45.0,0.7,10000.0,66.0,0.16515883803367615
285,2.0,5.0,50.0,0.3,0.0,69.0,0.07611013576388359
286,2.0,5.0,50.0,0.3,10.0,52.0,0.09530384590228398
287,2.0,5.0,50.0,0.3,100.0,67.0,0.09280388057231903
288,2.0,5.0,50.0,0.3,1000.0,50.0,0.09459640334049861
289,2.0,5.0,50.0,0.3,10000.0,68.0,0.07908482104539871
290,2.0,5.0,50.0,0.5,0.0,87.0,0.08584749201933543
291,2.0,5.0,50.0,0.5,10.0,46.0,0.10248766839504242
292,2.0,5.0,50.0,0.5,100.0,59.0,0.0994717925786972
293,2.0,5.0,50.0,0.5,1000.0,60.0,0.10352397213379542
294,2.0,5.0,50.0,0.5,10000.0,56.0,0.10329507291316986
295,2.0,5.0,50.0,0.7,0.0,91.0,0.13780329128106436
296,2.0,5.0,50.0,0.7,10.0,46.0,0.1602458506822586
297,2.0,5.0,50.0,0.7,100.0,59.0,0.14906011521816254
298,2.0,5.0,50.0,0.7,1000.0,43.0,0.15885377675294876
299,2.0,5.0,50.0,0.7,10000.0,54.0,0.19486459096272787
300,1.0,10.0,5.0,0.3,0.0,115.0,0.09091964860757192
301,1.0,10.0,5.0,0.3,10.0,113.0,0.091151458521684
302,1.0,10.0,5.0,0.3,100.0,147.0,0.09290848424037297
303,1.0,10.0,5.0,0.3,1000.0,144.0,0.09020976473887761
304,1.0,10.0,5.0,0.3,10000.0,104.0,0.10460253556569417
305,1.0,10.0,5.0,0.5,0.0,99.0,0.09595616161823273
306,1.0,10.0,5.0,0.5,10.0,82.0,0.11553396781285603
307,1.0,10.0,5.0,0.5,100.0,92.0,0.12066102772951126
308,1.0,10.0,5.0,0.5,1000.0,95.0,0.09925892949104309
309,1.0,10.0,5.0,0.5,10000.0,85.0,0.11802913745244344
310,1.0,10.0,5.0,0.7,0.0,63.0,0.15607922275861105
311,1.0,10.0,5.0,0.7,10.0,77.0,0.18955289820830026
312,1.0,10.0,5.0,0.7,100.0,95.0,0.1878816932439804
313,1.0,10.0,5.0,0.7,1000.0,73.0,0.17233581095933914
314,1.0,10.0,5.0,0.7,10000.0,75.0,0.18549597263336182
315,1.0,10.0,10.0,0.3,0.0,64.0,0.10809903343518575
316,1.0,10.0,10.0,0.3,10.0,126.0,0.0911012701690197
317,1.0,10.0,10.0,0.3,100.0,80.0,0.09621158987283707
318,1.0,10.0,10.0,0.3,1000.0,117.0,0.10901934156815211
319,1.0,10.0,10.0,0.3,10000.0,89.0,0.10781387488047282
320,1.0,10.0,10.0,0.5,0.0,120.0,0.11813794821500778
321,1.0,10.0,10.0,0.5,10.0,123.0,0.09077498937646548
322,1.0,10.0,10.0,0.5,100.0,96.0,0.10612178842226665
323,1.0,10.0,10.0,0.5,1000.0,102.0,0.11643203596274058
324,1.0,10.0,10.0,0.5,10000.0,96.0,0.11101573208967845
325,1.0,10.0,10.0,0.7,0.0,90.0,0.1646514187256495
326,1.0,10.0,10.0,0.7,10.0,77.0,0.1392646332581838
327,1.0,10.0,10.0,0.7,100.0,77.0,0.14070133616526923
328,1.0,10.0,10.0,0.7,1000.0,92.0,0.15600577493508658
329,1.0,10.0,10.0,0.7,10000.0,67.0,0.1610094408194224
330,1.0,10.0,15.0,0.3,0.0,55.0,0.10505604495604833
331,1.0,10.0,15.0,0.3,10.0,81.0,0.11191004763046901
332,1.0,10.0,15.0,0.3,100.0,118.0,0.07625275105237961
333,1.0,10.0,15.0,0.3,1000.0,76.0,0.10970694323380788
334,1.0,10.0,15.0,0.3,10000.0,61.0,0.10845245917638142
335,1.0,10.0,15.0,0.5,0.0,70.0,0.10321999589602153
336,1.0,10.0,15.0,0.5,10.0,102.0,0.10882460077603658
337,1.0,10.0,15.0,0.5,100.0,96.0,0.08396754786372185
338,1.0,10.0,15.0,0.5,1000.0,93.0,0.11362276474634807
339,1.0,10.0,15.0,0.5,10000.0,89.0,0.10305183629194896
340,1.0,10.0,15.0,0.7,0.0,68.0,0.1366351197163264
341,1.0,10.0,15.0,0.7,10.0,59.0,0.1347202161947886
342,1.0,10.0,15.0,0.7,100.0,77.0,0.12556974589824677
343,1.0,10.0,15.0,0.7,1000.0,59.0,0.1568981632590294
344,1.0,10.0,15.0,0.7,10000.0,66.0,0.12608439972003302
345,1.0,10.0,20.0,0.3,0.0,66.0,0.10011003663142522
346,1.0,10.0,20.0,0.3,10.0,173.0,0.09094082564115524
347,1.0,10.0,20.0,0.3,100.0,76.0,0.10633628318707149
348,1.0,10.0,20.0,0.3,1000.0,57.0,0.10782284041245778
349,1.0,10.0,20.0,0.3,10000.0,74.0,0.1091728409131368
350,1.0,10.0,20.0,0.5,0.0,99.0,0.09983733793099721
351,1.0,10.0,20.0,0.5,10.0,182.0,0.08770484725634257
352,1.0,10.0,20.0,0.5,100.0,59.0,0.10435675829648972
353,1.0,10.0,20.0,0.5,1000.0,78.0,0.10788729786872864
354,1.0,10.0,20.0,0.5,10000.0,70.0,0.1102395976583163
355,1.0,10.0,20.0,0.7,0.0,71.0,0.12711872160434723
356,1.0,10.0,20.0,0.7,10.0,87.0,0.11881202459335327
357,1.0,10.0,20.0,0.7,100.0,68.0,0.12622924397389093
358,1.0,10.0,20.0,0.7,1000.0,78.0,0.13173781583706537
359,1.0,10.0,20.0,0.7,10000.0,95.0,0.1223223606745402
360,1.0,10.0,25.0,0.3,0.0,47.0,0.10814843326807022
361,1.0,10.0,25.0,0.3,10.0,153.0,0.0818957897524039
362,1.0,10.0,25.0,0.3,100.0,59.0,0.10887376715739568
363,1.0,10.0,25.0,0.3,1000.0,80.0,0.1124204620718956
364,1.0,10.0,25.0,0.3,10000.0,68.0,0.11381987979014714
365,1.0,10.0,25.0,0.5,0.0,71.0,0.10423205544551213
366,1.0,10.0,25.0,0.5,10.0,59.0,0.10177175452311833
367,1.0,10.0,25.0,0.5,100.0,59.0,0.10683157791694005
368,1.0,10.0,25.0,0.5,1000.0,74.0,0.10949097822109859
369,1.0,10.0,25.0,0.5,10000.0,75.0,0.11139990637699763
370,1.0,10.0,25.0,0.7,0.0,69.0,0.11766856908798218
371,1.0,10.0,25.0,0.7,10.0,110.0,0.10853930314381917
372,1.0,10.0,25.0,0.7,100.0,68.0,0.116535651187102
373,1.0,10.0,25.0,0.7,1000.0,114.0,0.118035855392615
374,1.0,10.0,25.0,0.7,10000.0,70.0,0.12434951961040497
375,1.0,10.0,30.0,0.3,0.0,66.0,0.10786381363868713
376,1.0,10.0,30.0,0.3,10.0,195.0,0.08706139773130417
377,1.0,10.0,30.0,0.3,100.0,66.0,0.10801934450864792
378,1.0,10.0,30.0,0.3,1000.0,60.0,0.10958396891752879
379,1.0,10.0,30.0,0.3,10000.0,75.0,0.11435288687547047
380,1.0,10.0,30.0,0.5,0.0,65.0,0.10567838450272878
381,1.0,10.0,30.0,0.5,10.0,183.0,0.08310324822862943
382,1.0,10.0,30.0,0.5,100.0,67.0,0.1047267069419225
383,1.0,10.0,30.0,0.5,1000.0,68.0,0.10927416880925496
384,1.0,10.0,30.0,0.5,10000.0,78.0,0.10911260048548381
385,1.0,10.0,30.0,0.7,0.0,99.0,0.11765843629837036
386,1.0,10.0,30.0,0.7,10.0,77.0,0.11828187108039856
387,1.0,10.0,30.0,0.7,100.0,61.0,0.11488151301940282
388,1.0,10.0,30.0,0.7,1000.0,73.0,0.11852880318959554
389,1.0,10.0,30.0,0.7,10000.0,76.0,0.12248487522204717
390,1.0,10.0,35.0,0.3,0.0,58.0,0.1041058674454689
391,1.0,10.0,35.0,0.3,10.0,49.0,0.11699056625366211
392,1.0,10.0,35.0,0.3,100.0,43.0,0.10405052701632182
393,1.0,10.0,35.0,0.3,1000.0,73.0,0.11385701348384221
394,1.0,10.0,35.0,0.3,10000.0,51.0,0.11076674113670985
395,1.0,10.0,35.0,0.5,0.0,56.0,0.10289135823647182
396,1.0,10.0,35.0,0.5,10.0,60.0,0.10830726722876231
397,1.0,10.0,35.0,0.5,100.0,60.0,0.10055770973364513
398,1.0,10.0,35.0,0.5,1000.0,62.0,0.10818396757046382
399,1.0,10.0,35.0,0.5,10000.0,63.0,0.10706450045108795
400,1.0,10.0,35.0,0.7,0.0,57.0,0.11470687637726466
401,1.0,10.0,35.0,0.7,10.0,101.0,0.11459496865669887
402,1.0,10.0,35.0,0.7,100.0,82.0,0.11498722434043884
403,1.0,10.0,35.0,0.7,1000.0,78.0,0.11642701923847198
404,1.0,10.0,35.0,0.7,10000.0,66.0,0.11504578093687694
405,1.0,10.0,40.0,0.3,0.0,47.0,0.10075544069210689
406,1.0,10.0,40.0,0.3,10.0,159.0,0.08859143778681755
407,1.0,10.0,40.0,0.3,100.0,49.0,0.10318974157174428
408,1.0,10.0,40.0,0.3,1000.0,79.0,0.10961242765188217
409,1.0,10.0,40.0,0.3,10000.0,68.0,0.11119333902994792
410,1.0,10.0,40.0,0.5,0.0,134.0,0.08731296037634213
411,1.0,10.0,40.0,0.5,10.0,134.0,0.08645833035310109
412,1.0,10.0,40.0,0.5,100.0,54.0,0.09996264676253001
413,1.0,10.0,40.0,0.5,1000.0,76.0,0.10619125763575236
414,1.0,10.0,40.0,0.5,10000.0,69.0,0.10836922625700633
415,1.0,10.0,40.0,0.7,0.0,81.0,0.10298444082339604
416,1.0,10.0,40.0,0.7,10.0,92.0,0.11193619171778361
417,1.0,10.0,40.0,0.7,100.0,62.0,0.10721334566672643
418,1.0,10.0,40.0,0.7,1000.0,113.0,0.11646003276109695
419,1.0,10.0,40.0,0.7,10000.0,66.0,0.11375479400157928
420,1.0,10.0,45.0,0.3,0.0,51.0,0.10973336050907771
421,1.0,10.0,45.0,0.3,10.0,64.0,0.11471909036238988
422,1.0,10.0,45.0,0.3,100.0,63.0,0.10594156136115392
423,1.0,10.0,45.0,0.3,1000.0,63.0,0.11038646101951599
424,1.0,10.0,45.0,0.3,10000.0,49.0,0.11464804410934448
425,1.0,10.0,45.0,0.5,0.0,52.0,0.10550108055273692
426,1.0,10.0,45.0,0.5,10.0,50.0,0.11007070044676463
427,1.0,10.0,45.0,0.5,100.0,62.0,0.10254877805709839
428,1.0,10.0,45.0,0.5,1000.0,74.0,0.10597843180100124
429,1.0,10.0,45.0,0.5,10000.0,67.0,0.10676865031321843
430,1.0,10.0,45.0,0.7,0.0,58.0,0.11514320224523544
431,1.0,10.0,45.0,0.7,10.0,60.0,0.11805640657742818
432,1.0,10.0,45.0,0.7,100.0,68.0,0.11177906145652135
433,1.0,10.0,45.0,0.7,1000.0,72.0,0.11567763239145279
434,1.0,10.0,45.0,0.7,10000.0,66.0,0.11291716247797012
435,1.0,10.0,50.0,0.3,0.0,103.0,0.09338059027989705
436,1.0,10.0,50.0,0.3,10.0,65.0,0.11345881968736649
437,1.0,10.0,50.0,0.3,100.0,64.0,0.10360147307316463
438,1.0,10.0,50.0,0.3,1000.0,59.0,0.1178013135989507
439,1.0,10.0,50.0,0.3,10000.0,68.0,0.11300294101238251
440,1.0,10.0,50.0,0.5,0.0,94.0,0.08900479227304459
441,1.0,10.0,50.0,0.5,10.0,59.0,0.10953329751888911
442,1.0,10.0,50.0,0.5,100.0,64.0,0.1000802144408226
443,1.0,10.0,50.0,0.5,1000.0,80.0,0.10953374455372493
444,1.0,10.0,50.0,0.5,10000.0,63.0,0.10768164445956548
445,1.0,10.0,50.0,0.7,0.0,58.0,0.11019279559453328
446,1.0,10.0,50.0,0.7,10.0,59.0,0.11583447953065236
447,1.0,10.0,50.0,0.7,100.0,62.0,0.11924649029970169
448,1.0,10.0,50.0,0.7,1000.0,78.0,0.11958652983109157
449,1.0,10.0,50.0,0.7,10000.0,55.0,0.11551818996667862
450,2.0,10.0,5.0,0.3,0.0,106.0,0.11897276590267818
451,2.0,10.0,5.0,0.3,10.0,147.0,0.09725742042064667
452,2.0,10.0,5.0,0.3,100.0,98.0,0.08530546724796295
453,2.0,10.0,5.0,0.3,1000.0,78.0,0.11868913968404134
454,2.0,10.0,5.0,0.3,10000.0,59.0,0.09313402697443962
455,2.0,10.0,5.0,0.5,0.0,109.0,0.12883959213892618
456,2.0,10.0,5.0,0.5,10.0,126.0,0.1268754998842875
457,2.0,10.0,5.0,0.5,100.0,92.0,0.09362390140692393
458,2.0,10.0,5.0,0.5,1000.0,92.0,0.1816283017396927
459,2.0,10.0,5.0,0.5,10000.0,70.0,0.1400681659579277
460,2.0,10.0,5.0,0.7,0.0,90.0,0.21963774164517721
461,2.0,10.0,5.0,0.7,10.0,103.0,0.21320066352685293
462,2.0,10.0,5.0,0.7,100.0,54.0,0.17104143897692362
463,2.0,10.0,5.0,0.7,1000.0,96.0,0.28746641675631207
464,2.0,10.0,5.0,0.7,10000.0,103.0,0.18922556936740875
465,2.0,10.0,10.0,0.3,0.0,56.0,0.10506630688905716
466,2.0,10.0,10.0,0.3,10.0,54.0,0.10223798453807831
467,2.0,10.0,10.0,0.3,100.0,67.0,0.0990813026825587
468,2.0,10.0,10.0,0.3,1000.0,126.0,0.09315268447001775
469,2.0,10.0,10.0,0.3,10000.0,69.0,0.09784614543120067
470,2.0,10.0,10.0,0.5,0.0,69.0,0.09392587840557098
471,2.0,10.0,10.0,0.5,10.0,62.0,0.10409767677386601
472,2.0,10.0,10.0,0.5,100.0,67.0,0.10673888524373372
473,2.0,10.0,10.0,0.5,1000.0,78.0,0.10663153976202011
474,2.0,10.0,10.0,0.5,10000.0,61.0,0.10782938698927562
475,2.0,10.0,10.0,0.7,0.0,73.0,0.14979972938696542
476,2.0,10.0,10.0,0.7,10.0,77.0,0.12299443284670512
477,2.0,10.0,10.0,0.7,100.0,55.0,0.14970673123995462
478,2.0,10.0,10.0,0.7,1000.0,72.0,0.1455940306186676
479,2.0,10.0,10.0,0.7,10000.0,50.0,0.15307801216840744
480,2.0,10.0,15.0,0.3,0.0,60.0,0.09673699239889781
481,2.0,10.0,15.0,0.3,10.0,52.0,0.10184761136770248
482,2.0,10.0,15.0,0.3,100.0,53.0,0.09407356878121693
483,2.0,10.0,15.0,0.3,1000.0,41.0,0.10451131810744603
484,2.0,10.0,15.0,0.3,10000.0,62.0,0.09683935095866521
485,2.0,10.0,15.0,0.5,0.0,70.0,0.09637375672658284
486,2.0,10.0,15.0,0.5,10.0,57.0,0.0997001255551974
487,2.0,10.0,15.0,0.5,100.0,59.0,0.10153618454933167
488,2.0,10.0,15.0,0.5,1000.0,61.0,0.10572825868924458
489,2.0,10.0,15.0,0.5,10000.0,70.0,0.09899285684029262
490,2.0,10.0,15.0,0.7,0.0,69.0,0.12119741241137187
491,2.0,10.0,15.0,0.7,10.0,72.0,0.12397946914037068
492,2.0,10.0,15.0,0.7,100.0,78.0,0.13254283865292868
493,2.0,10.0,15.0,0.7,1000.0,81.0,0.12673988193273544
494,2.0,10.0,15.0,0.7,10000.0,61.0,0.1294591004649798
495,2.0,10.0,20.0,0.3,0.0,48.0,0.10279427965482076
496,2.0,10.0,20.0,0.3,10.0,41.0,0.10803368439277013
497,2.0,10.0,20.0,0.3,100.0,67.0,0.09846213708321254
498,2.0,10.0,20.0,0.3,1000.0,41.0,0.10301116853952408
499,2.0,10.0,20.0,0.3,10000.0,68.0,0.09729105482498805
500,2.0,10.0,20.0,0.5,0.0,48.0,0.10471337040265401
501,2.0,10.0,20.0,0.5,10.0,45.0,0.10726503282785416
502,2.0,10.0,20.0,0.5,100.0,68.0,0.09745788822571437
503,2.0,10.0,20.0,0.5,1000.0,44.0,0.10469226539134979
504,2.0,10.0,20.0,0.5,10000.0,52.0,0.09100449333588283
505,2.0,10.0,20.0,0.7,0.0,61.0,0.11498954395453136
506,2.0,10.0,20.0,0.7,10.0,71.0,0.12516313046216965
507,2.0,10.0,20.0,0.7,100.0,67.0,0.11271961778402328
508,2.0,10.0,20.0,0.7,1000.0,73.0,0.11431096245845158
509,2.0,10.0,20.0,0.7,10000.0,90.0,0.09990835934877396
510,2.0,10.0,25.0,0.3,0.0,46.0,0.0974459374944369
511,2.0,10.0,25.0,0.3,10.0,55.0,0.08414023990432422
512,2.0,10.0,25.0,0.3,100.0,39.0,0.096035731335481
513,2.0,10.0,25.0,0.3,1000.0,55.0,0.10359416405359904
514,2.0,10.0,25.0,0.3,10000.0,66.0,0.08544951677322388
515,2.0,10.0,25.0,0.5,0.0,46.0,0.09427161763111751
516,2.0,10.0,25.0,0.5,10.0,59.0,0.0939181720217069
517,2.0,10.0,25.0,0.5,100.0,50.0,0.09499265005191167
518,2.0,10.0,25.0,0.5,1000.0,50.0,0.10632258901993434
519,2.0,10.0,25.0,0.5,10000.0,95.0,0.08150619516770045
520,2.0,10.0,25.0,0.7,0.0,57.0,0.10819634298483531
521,2.0,10.0,25.0,0.7,10.0,46.0,0.11645289013783137
522,2.0,10.0,25.0,0.7,100.0,50.0,0.11336541424194972
523,2.0,10.0,25.0,0.7,1000.0,73.0,0.11644314726193745
524,2.0,10.0,25.0,0.7,10000.0,54.0,0.12836472193400064
525,2.0,10.0,30.0,0.3,0.0,46.0,0.09979495654503505
526,2.0,10.0,30.0,0.3,10.0,41.0,0.10069124400615692
527,2.0,10.0,30.0,0.3,100.0,43.0,0.1048969899614652
528,2.0,10.0,30.0,0.3,1000.0,45.0,0.10232401639223099
529,2.0,10.0,30.0,0.3,10000.0,85.0,0.08191634838779767
530,2.0,10.0,30.0,0.5,0.0,45.0,0.09983760366837184
531,2.0,10.0,30.0,0.5,10.0,56.0,0.09696576744318008
532,2.0,10.0,30.0,0.5,100.0,59.0,0.10231438527504604
533,2.0,10.0,30.0,0.5,1000.0,60.0,0.09887954592704773
534,2.0,10.0,30.0,0.5,10000.0,91.0,0.08537494887908299
535,2.0,10.0,30.0,0.7,0.0,69.0,0.10560297966003418
536,2.0,10.0,30.0,0.7,10.0,64.0,0.11265202860037486
537,2.0,10.0,30.0,0.7,100.0,64.0,0.11037124196688335
538,2.0,10.0,30.0,0.7,1000.0,56.0,0.10765425612529118
539,2.0,10.0,30.0,0.7,10000.0,87.0,0.10495960960785548
540,2.0,10.0,35.0,0.3,0.0,37.0,0.10052694628636043
541,2.0,10.0,35.0,0.3,10.0,45.0,0.11507954945166905
542,2.0,10.0,35.0,0.3,100.0,45.0,0.09913291285435359
543,2.0,10.0,35.0,0.3,1000.0,36.0,0.10078568011522293
544,2.0,10.0,35.0,0.3,10000.0,41.0,0.09645759811004002
545,2.0,10.0,35.0,0.5,0.0,63.0,0.09181621919075648
546,2.0,10.0,35.0,0.5,10.0,50.0,0.10649549961090088
547,2.0,10.0,35.0,0.5,100.0,50.0,0.0944858913620313
548,2.0,10.0,35.0,0.5,1000.0,34.0,0.09745119760433833
549,2.0,10.0,35.0,0.5,10000.0,50.0,0.09297732760508855
550,2.0,10.0,35.0,0.7,0.0,51.0,0.10675715903441112
551,2.0,10.0,35.0,0.7,10.0,59.0,0.11672034114599228
552,2.0,10.0,35.0,0.7,100.0,49.0,0.11078878740469615
553,2.0,10.0,35.0,0.7,1000.0,52.0,0.10575947165489197
554,2.0,10.0,35.0,0.7,10000.0,46.0,0.12021335959434509
555,2.0,10.0,40.0,0.3,0.0,42.0,0.09659155954917271
556,2.0,10.0,40.0,0.3,10.0,44.0,0.11299506574869156
557,2.0,10.0,40.0,0.3,100.0,44.0,0.10020788758993149
558,2.0,10.0,40.0,0.3,1000.0,40.0,0.0989545111854871
559,2.0,10.0,40.0,0.3,10000.0,54.0,0.10450560847918193
560,2.0,10.0,40.0,0.5,0.0,44.0,0.09183874477942784
561,2.0,10.0,40.0,0.5,10.0,51.0,0.10701887309551239
562,2.0,10.0,40.0,0.5,100.0,93.0,0.0978260189294815
563,2.0,10.0,40.0,0.5,1000.0,45.0,0.09746431310971577
564,2.0,10.0,40.0,0.5,10000.0,53.0,0.09783581892649333
565,2.0,10.0,40.0,0.7,0.0,51.0,0.11098550011714299
566,2.0,10.0,40.0,0.7,10.0,64.0,0.11513513326644897
567,2.0,10.0,40.0,0.7,100.0,87.0,0.10866216073433559
568,2.0,10.0,40.0,0.7,1000.0,52.0,0.11231971780459087
569,2.0,10.0,40.0,0.7,10000.0,60.0,0.1055421531200409
570,2.0,10.0,45.0,0.3,0.0,34.0,0.09914265324672063
571,2.0,10.0,45.0,0.3,10.0,42.0,0.10179407646258672
572,2.0,10.0,45.0,0.3,100.0,39.0,0.09478029112021129
573,2.0,10.0,45.0,0.3,1000.0,36.0,0.10325437535842259
574,2.0,10.0,45.0,0.3,10000.0,61.0,0.10631838937600453
575,2.0,10.0,45.0,0.5,0.0,35.0,0.0947561686237653
576,2.0,10.0,45.0,0.5,10.0,49.0,0.09736538181702296
577,2.0,10.0,45.0,0.5,100.0,42.0,0.09274143973986308
578,2.0,10.0,45.0,0.5,1000.0,41.0,0.09954844663540523
579,2.0,10.0,45.0,0.5,10000.0,61.0,0.10244101037581761
580,2.0,10.0,45.0,0.7,0.0,56.0,0.11531692494948705
581,2.0,10.0,45.0,0.7,10.0,40.0,0.11561173448959987
582,2.0,10.0,45.0,0.7,100.0,62.0,0.11148519814014435
583,2.0,10.0,45.0,0.7,1000.0,44.0,0.11085457354784012
584,2.0,10.0,45.0,0.7,10000.0,76.0,0.1114090159535408
585,2.0,10.0,50.0,0.3,0.0,46.0,0.09998679906129837
586,2.0,10.0,50.0,0.3,10.0,53.0,0.102541983127594
587,2.0,10.0,50.0,0.3,100.0,39.0,0.10340420405069987
588,2.0,10.0,50.0,0.3,1000.0,42.0,0.10149815678596497
589,2.0,10.0,50.0,0.3,10000.0,45.0,0.0987937202056249
590,2.0,10.0,50.0,0.5,0.0,45.0,0.10393420606851578
591,2.0,10.0,50.0,0.5,10.0,57.0,0.09829872846603394
592,2.0,10.0,50.0,0.5,100.0,37.0,0.09889429807662964
593,2.0,10.0,50.0,0.5,1000.0,47.0,0.09686115632454555
594,2.0,10.0,50.0,0.5,10000.0,45.0,0.09464507798353831
595,2.0,10.0,50.0,0.7,0.0,44.0,0.11752751717964809
596,2.0,10.0,50.0,0.7,10.0,51.0,0.1097288578748703
597,2.0,10.0,50.0,0.7,100.0,42.0,0.10706427196661632
598,2.0,10.0,50.0,0.7,1000.0,56.0,0.1112477829058965
599,2.0,10.0,50.0,0.7,10000.0,44.0,0.10882045825322469
600,1.0,15.0,5.0,0.3,0.0,49.0,0.0916995033621788
601,1.0,15.0,5.0,0.3,10.0,115.0,0.1111762672662735
602,1.0,15.0,5.0,0.3,100.0,196.0,0.09072087208429973
603,1.0,15.0,5.0,0.3,1000.0,79.0,0.09338858475287755
604,1.0,15.0,5.0,0.3,10000.0,98.0,0.10366278390089671
605,1.0,15.0,5.0,0.5,0.0,78.0,0.11471073081096013
606,1.0,15.0,5.0,0.5,10.0,74.0,0.11815708627303441
607,1.0,15.0,5.0,0.5,100.0,57.0,0.13041973610719046
608,1.0,15.0,5.0,0.5,1000.0,93.0,0.1040614868203799
609,1.0,15.0,5.0,0.5,10000.0,74.0,0.1305320461591085
610,1.0,15.0,5.0,0.7,0.0,65.0,0.18626755475997925
611,1.0,15.0,5.0,0.7,10.0,55.0,0.18356535335381827
612,1.0,15.0,5.0,0.7,100.0,47.0,0.211011936267217
613,1.0,15.0,5.0,0.7,1000.0,66.0,0.1749185174703598
614,1.0,15.0,5.0,0.7,10000.0,94.0,0.1997798631588618
615,1.0,15.0,10.0,0.3,0.0,79.0,0.10231043150027593
616,1.0,15.0,10.0,0.3,10.0,158.0,0.09259056548277537
617,1.0,15.0,10.0,0.3,100.0,62.0,0.10286266853411992
618,1.0,15.0,10.0,0.3,1000.0,97.0,0.08856254691878955
619,1.0,15.0,10.0,0.3,10000.0,66.0,0.11096516251564026
620,1.0,15.0,10.0,0.5,0.0,69.0,0.10989473511775334
621,1.0,15.0,10.0,0.5,10.0,77.0,0.11299649626016617
622,1.0,15.0,10.0,0.5,100.0,69.0,0.10620581358671188
623,1.0,15.0,10.0,0.5,1000.0,58.0,0.10014677047729492
624,1.0,15.0,10.0,0.5,10000.0,101.0,0.1120239645242691
625,1.0,15.0,10.0,0.7,0.0,61.0,0.1511396492520968
626,1.0,15.0,10.0,0.7,10.0,55.0,0.14867938061555228
627,1.0,15.0,10.0,0.7,100.0,72.0,0.1364958311120669
628,1.0,15.0,10.0,0.7,1000.0,68.0,0.1352130894859632
629,1.0,15.0,10.0,0.7,10000.0,72.0,0.13940855612357458
630,1.0,15.0,15.0,0.3,0.0,61.0,0.1086210384964943
631,1.0,15.0,15.0,0.3,10.0,52.0,0.1101236492395401
632,1.0,15.0,15.0,0.3,100.0,57.0,0.10396987696488698
633,1.0,15.0,15.0,0.3,1000.0,36.0,0.10747326413790385
634,1.0,15.0,15.0,0.3,10000.0,63.0,0.11603225270907085
635,1.0,15.0,15.0,0.5,0.0,61.0,0.10281756271918614
636,1.0,15.0,15.0,0.5,10.0,58.0,0.10944359749555588
637,1.0,15.0,15.0,0.5,100.0,48.0,0.10360288619995117
638,1.0,15.0,15.0,0.5,1000.0,37.0,0.10420965154965718
639,1.0,15.0,15.0,0.5,10000.0,70.0,0.11000671982765198
640,1.0,15.0,15.0,0.7,0.0,65.0,0.11861951152483623
641,1.0,15.0,15.0,0.7,10.0,94.0,0.11713588734467824
642,1.0,15.0,15.0,0.7,100.0,48.0,0.124056672056516
643,1.0,15.0,15.0,0.7,1000.0,45.0,0.11724448452393214
644,1.0,15.0,15.0,0.7,10000.0,66.0,0.12480519463618596
645,1.0,15.0,20.0,0.3,0.0,73.0,0.10914866377909978
646,1.0,15.0,20.0,0.3,10.0,59.0,0.10654682914415996
647,1.0,15.0,20.0,0.3,100.0,46.0,0.1116623009244601
648,1.0,15.0,20.0,0.3,1000.0,47.0,0.10564226160446803
649,1.0,15.0,20.0,0.3,10000.0,66.0,0.1082897037267685
650,1.0,15.0,20.0,0.5,0.0,66.0,0.10920769969622295
651,1.0,15.0,20.0,0.5,10.0,74.0,0.10293889790773392
652,1.0,15.0,20.0,0.5,100.0,45.0,0.10904450217882793
653,1.0,15.0,20.0,0.5,1000.0,45.0,0.0983463724454244
654,1.0,15.0,20.0,0.5,10000.0,80.0,0.10369859884182613
655,1.0,15.0,20.0,0.7,0.0,70.0,0.12049123148123424
656,1.0,15.0,20.0,0.7,10.0,66.0,0.11523852248986562
657,1.0,15.0,20.0,0.7,100.0,80.0,0.11845116317272186
658,1.0,15.0,20.0,0.7,1000.0,58.0,0.11682804425557454
659,1.0,15.0,20.0,0.7,10000.0,62.0,0.11219584941864014
660,1.0,15.0,25.0,0.3,0.0,52.0,0.11277011533578236
661,1.0,15.0,25.0,0.3,10.0,55.0,0.11571232974529266
662,1.0,15.0,25.0,0.3,100.0,49.0,0.11289436370134354
663,1.0,15.0,25.0,0.3,1000.0,35.0,0.1087993582089742
664,1.0,15.0,25.0,0.3,10000.0,45.0,0.12021357814470927
665,1.0,15.0,25.0,0.5,0.0,55.0,0.10671718666950862
666,1.0,15.0,25.0,0.5,10.0,44.0,0.10938379416863124
667,1.0,15.0,25.0,0.5,100.0,51.0,0.10723865280548732
668,1.0,15.0,25.0,0.5,1000.0,44.0,0.1020080993572871
669,1.0,15.0,25.0,0.5,10000.0,49.0,0.11334815124670665
670,1.0,15.0,25.0,0.7,0.0,57.0,0.11179087311029434
671,1.0,15.0,25.0,0.7,10.0,47.0,0.11699735124905904
672,1.0,15.0,25.0,0.7,100.0,60.0,0.11898446331421535
673,1.0,15.0,25.0,0.7,1000.0,43.0,0.11034310360749562
674,1.0,15.0,25.0,0.7,10000.0,41.0,0.11579007158676784
675,1.0,15.0,30.0,0.3,0.0,52.0,0.11289870987335841
676,1.0,15.0,30.0,0.3,10.0,45.0,0.11344137042760849
677,1.0,15.0,30.0,0.3,100.0,43.0,0.11168928444385529
678,1.0,15.0,30.0,0.3,1000.0,55.0,0.10988352447748184
679,1.0,15.0,30.0,0.3,10000.0,63.0,0.11562273154656093
680,1.0,15.0,30.0,0.5,0.0,53.0,0.10828414559364319
681,1.0,15.0,30.0,0.5,10.0,52.0,0.10935690502325694
682,1.0,15.0,30.0,0.5,100.0,46.0,0.10610583176215489
683,1.0,15.0,30.0,0.5,1000.0,56.0,0.10473887622356415
684,1.0,15.0,30.0,0.5,10000.0,63.0,0.10907535006602605
685,1.0,15.0,30.0,0.7,0.0,65.0,0.11166960249344508
686,1.0,15.0,30.0,0.7,10.0,65.0,0.10917227466901143
687,1.0,15.0,30.0,0.7,100.0,59.0,0.1077715555826823
688,1.0,15.0,30.0,0.7,1000.0,59.0,0.10558171321948369
689,1.0,15.0,30.0,0.7,10000.0,66.0,0.10975479334592819
690,1.0,15.0,35.0,0.3,0.0,65.0,0.11501498023668925
691,1.0,15.0,35.0,0.3,10.0,50.0,0.10626489172379176
692,1.0,15.0,35.0,0.3,100.0,40.0,0.10678195705016454
693,1.0,15.0,35.0,0.3,1000.0,51.0,0.11270853877067566
694,1.0,15.0,35.0,0.3,10000.0,82.0,0.11768031865358353
695,1.0,15.0,35.0,0.5,0.0,53.0,0.10777045289675395
696,1.0,15.0,35.0,0.5,10.0,50.0,0.10432570676008861
697,1.0,15.0,35.0,0.5,100.0,45.0,0.10273085286219914
698,1.0,15.0,35.0,0.5,1000.0,51.0,0.10655083258946736
699,1.0,15.0,35.0,0.5,10000.0,65.0,0.11252137273550034
700,1.0,15.0,35.0,0.7,0.0,57.0,0.10977597534656525
701,1.0,15.0,35.0,0.7,10.0,66.0,0.10831424345572789
702,1.0,15.0,35.0,0.7,100.0,48.0,0.10855367034673691
703,1.0,15.0,35.0,0.7,1000.0,63.0,0.1089137891928355
704,1.0,15.0,35.0,0.7,10000.0,84.0,0.11025408655405045
705,1.0,15.0,40.0,0.3,0.0,48.0,0.10484166443347931
706,1.0,15.0,40.0,0.3,10.0,58.0,0.11091298361619313
707,1.0,15.0,40.0,0.3,100.0,40.0,0.1096909965078036
708,1.0,15.0,40.0,0.3,1000.0,73.0,0.10072710365056992
709,1.0,15.0,40.0,0.3,10000.0,48.0,0.11968122919400533
710,1.0,15.0,40.0,0.5,0.0,55.0,0.10613436003526051
711,1.0,15.0,40.0,0.5,10.0,58.0,0.11275735000769298
712,1.0,15.0,40.0,0.5,100.0,39.0,0.10703309128681819
713,1.0,15.0,40.0,0.5,1000.0,57.0,0.10371806720892589
714,1.0,15.0,40.0,0.5,10000.0,49.0,0.115172545115153
715,1.0,15.0,40.0,0.7,0.0,61.0,0.10581822196642558
716,1.0,15.0,40.0,0.7,10.0,73.0,0.11084383726119995
717,1.0,15.0,40.0,0.7,100.0,44.0,0.11094673971335094
718,1.0,15.0,40.0,0.7,1000.0,64.0,0.1075861006975174
719,1.0,15.0,40.0,0.7,10000.0,55.0,0.10915985455115636
720,1.0,15.0,45.0,0.3,0.0,45.0,0.11431022485097249
721,1.0,15.0,45.0,0.3,10.0,44.0,0.1134553129474322
722,1.0,15.0,45.0,0.3,100.0,40.0,0.11079228669404984
723,1.0,15.0,45.0,0.3,1000.0,33.0,0.10977323601643245
724,1.0,15.0,45.0,0.3,10000.0,62.0,0.12217382341623306
725,1.0,15.0,45.0,0.5,0.0,37.0,0.10786035160223643
726,1.0,15.0,45.0,0.5,10.0,53.0,0.11031365146239598
727,1.0,15.0,45.0,0.5,100.0,46.0,0.10764840493599574
728,1.0,15.0,45.0,0.5,1000.0,44.0,0.10342068473498027
729,1.0,15.0,45.0,0.5,10000.0,62.0,0.11481645206610362
730,1.0,15.0,45.0,0.7,0.0,57.0,0.10888802508513133
731,1.0,15.0,45.0,0.7,10.0,49.0,0.10801924765110016
732,1.0,15.0,45.0,0.7,100.0,48.0,0.10743408898512523
733,1.0,15.0,45.0,0.7,1000.0,44.0,0.10490148266156514
734,1.0,15.0,45.0,0.7,10000.0,65.0,0.10968865950902303
735,1.0,15.0,50.0,0.3,0.0,60.0,0.11514325936635335
736,1.0,15.0,50.0,0.3,10.0,45.0,0.11311947305997212
737,1.0,15.0,50.0,0.3,100.0,40.0,0.11122900247573853
738,1.0,15.0,50.0,0.3,1000.0,51.0,0.11310337732235591
739,1.0,15.0,50.0,0.3,10000.0,64.0,0.12584931403398514
740,1.0,15.0,50.0,0.5,0.0,55.0,0.10831101983785629
741,1.0,15.0,50.0,0.5,10.0,45.0,0.10977711528539658
742,1.0,15.0,50.0,0.5,100.0,45.0,0.10574277987082799
743,1.0,15.0,50.0,0.5,1000.0,39.0,0.10625661661227544
744,1.0,15.0,50.0,0.5,10000.0,63.0,0.11704345792531967
745,1.0,15.0,50.0,0.7,0.0,61.0,0.10801877329746883
746,1.0,15.0,50.0,0.7,10.0,59.0,0.11167692641417186
747,1.0,15.0,50.0,0.7,100.0,59.0,0.10701581339041392
748,1.0,15.0,50.0,0.7,1000.0,58.0,0.10749525080124538
749,1.0,15.0,50.0,0.7,10000.0,79.0,0.11046958218018214
750,2.0,15.0,5.0,0.3,0.0,100.0,0.08594118555386861
751,2.0,15.0,5.0,0.3,10.0,100.0,0.10103947917620341
752,2.0,15.0,5.0,0.3,100.0,144.0,0.09100381036599477
753,2.0,15.0,5.0,0.3,1000.0,69.0,0.10567633559306462
754,2.0,15.0,5.0,0.3,10000.0,59.0,0.10295135031143825
755,2.0,15.0,5.0,0.5,0.0,49.0,0.11419235914945602
756,2.0,15.0,5.0,0.5,10.0,77.0,0.12082806477944057
757,2.0,15.0,5.0,0.5,100.0,58.0,0.12741732348998389
758,2.0,15.0,5.0,0.5,1000.0,88.0,0.11724251012007396
759,2.0,15.0,5.0,0.5,10000.0,68.0,0.11904997875293095
760,2.0,15.0,5.0,0.7,0.0,38.0,0.17835495869318643
761,2.0,15.0,5.0,0.7,10.0,65.0,0.21520892779032388
762,2.0,15.0,5.0,0.7,100.0,51.0,0.22019867599010468
763,2.0,15.0,5.0,0.7,1000.0,61.0,0.2670854429403941
764,2.0,15.0,5.0,0.7,10000.0,68.0,0.17280033230781555
765,2.0,15.0,10.0,0.3,0.0,46.0,0.10213755816221237
766,2.0,15.0,10.0,0.3,10.0,72.0,0.10339279472827911
767,2.0,15.0,10.0,0.3,100.0,109.0,0.09525848428408305
768,2.0,15.0,10.0,0.3,1000.0,60.0,0.09564567108949025
769,2.0,15.0,10.0,0.3,10000.0,59.0,0.09267752120892207
770,2.0,15.0,10.0,0.5,0.0,58.0,0.10849989950656891
771,2.0,15.0,10.0,0.5,10.0,71.0,0.10717751334110896
772,2.0,15.0,10.0,0.5,100.0,47.0,0.11033913989861806
773,2.0,15.0,10.0,0.5,1000.0,52.0,0.11097398648659389
774,2.0,15.0,10.0,0.5,10000.0,72.0,0.12027593950430553
775,2.0,15.0,10.0,0.7,0.0,62.0,0.14065208782752356
776,2.0,15.0,10.0,0.7,10.0,44.0,0.15379911164442697
777,2.0,15.0,10.0,0.7,100.0,51.0,0.14840985586245856
778,2.0,15.0,10.0,0.7,1000.0,72.0,0.14412359644969305
779,2.0,15.0,10.0,0.7,10000.0,72.0,0.1312568560242653
780,2.0,15.0,15.0,0.3,0.0,82.0,0.09572283675273259
781,2.0,15.0,15.0,0.3,10.0,58.0,0.1040814643104871
782,2.0,15.0,15.0,0.3,100.0,40.0,0.10031595826148987
783,2.0,15.0,15.0,0.3,1000.0,32.0,0.09644665817419688
784,2.0,15.0,15.0,0.3,10000.0,92.0,0.0916767567396164
785,2.0,15.0,15.0,0.5,0.0,56.0,0.1006306658188502
786,2.0,15.0,15.0,0.5,10.0,44.0,0.09972418347994487
787,2.0,15.0,15.0,0.5,100.0,43.0,0.10193635026613872
788,2.0,15.0,15.0,0.5,1000.0,61.0,0.09679628908634186
789,2.0,15.0,15.0,0.5,10000.0,56.0,0.09476840992768605
790,2.0,15.0,15.0,0.7,0.0,79.0,0.09917196383078893
791,2.0,15.0,15.0,0.7,10.0,48.0,0.12005439400672913
792,2.0,15.0,15.0,0.7,100.0,43.0,0.12307049582401912
793,2.0,15.0,15.0,0.7,1000.0,45.0,0.11775111655394237
794,2.0,15.0,15.0,0.7,10000.0,59.0,0.10920291642347972
795,2.0,15.0,20.0,0.3,0.0,45.0,0.09852026651302974
796,2.0,15.0,20.0,0.3,10.0,45.0,0.10846683382987976
797,2.0,15.0,20.0,0.3,100.0,45.0,0.10359855989615123
798,2.0,15.0,20.0,0.3,1000.0,35.0,0.09398553272088368
799,2.0,15.0,20.0,0.3,10000.0,83.0,0.0864001636703809
800,2.0,15.0,20.0,0.5,0.0,37.0,0.09995135913292567
801,2.0,15.0,20.0,0.5,10.0,57.0,0.1032531460126241
802,2.0,15.0,20.0,0.5,100.0,62.0,0.10197161883115768
803,2.0,15.0,20.0,0.5,1000.0,34.0,0.09570796166857083
804,2.0,15.0,20.0,0.5,10000.0,54.0,0.0923488587141037
805,2.0,15.0,20.0,0.7,0.0,61.0,0.11362462987502416
806,2.0,15.0,20.0,0.7,10.0,66.0,0.10796262572209041
807,2.0,15.0,20.0,0.7,100.0,47.0,0.13607845455408096
808,2.0,15.0,20.0,0.7,1000.0,44.0,0.1084222396214803
809,2.0,15.0,20.0,0.7,10000.0,75.0,0.10844527184963226
810,2.0,15.0,25.0,0.3,0.0,70.0,0.10838615149259567
811,2.0,15.0,25.0,0.3,10.0,33.0,0.10870572924613953
812,2.0,15.0,25.0,0.3,100.0,40.0,0.10518543422222137
813,2.0,15.0,25.0,0.3,1000.0,35.0,0.1001371443271637
814,2.0,15.0,25.0,0.3,10000.0,69.0,0.10570780436197917
815,2.0,15.0,25.0,0.5,0.0,74.0,0.09620702266693115
816,2.0,15.0,25.0,0.5,10.0,39.0,0.10566348334153493
817,2.0,15.0,25.0,0.5,100.0,40.0,0.10137936224540074
818,2.0,15.0,25.0,0.5,1000.0,37.0,0.09490244835615158
819,2.0,15.0,25.0,0.5,10000.0,65.0,0.10174510876337688
820,2.0,15.0,25.0,0.7,0.0,62.0,0.10243924955526988
821,2.0,15.0,25.0,0.7,10.0,73.0,0.1084944208463033
822,2.0,15.0,25.0,0.7,100.0,47.0,0.10744455456733704
823,2.0,15.0,25.0,0.7,1000.0,43.0,0.10256204505761464
824,2.0,15.0,25.0,0.7,10000.0,59.0,0.10733282566070557
825,2.0,15.0,30.0,0.3,0.0,34.0,0.10434109965960185
826,2.0,15.0,30.0,0.3,10.0,33.0,0.09282892942428589
827,2.0,15.0,30.0,0.3,100.0,35.0,0.09762773911158244
828,2.0,15.0,30.0,0.3,1000.0,46.0,0.09978772948185603
829,2.0,15.0,30.0,0.3,10000.0,49.0,0.09866464634736379
830,2.0,15.0,30.0,0.5,0.0,37.0,0.10073724389076233
831,2.0,15.0,30.0,0.5,10.0,36.0,0.09301406890153885
832,2.0,15.0,30.0,0.5,100.0,40.0,0.09436146169900894
833,2.0,15.0,30.0,0.5,1000.0,41.0,0.09784313042958577
834,2.0,15.0,30.0,0.5,10000.0,49.0,0.09628011534611385
835,2.0,15.0,30.0,0.7,0.0,57.0,0.11128938694794972
836,2.0,15.0,30.0,0.7,10.0,48.0,0.10293907175461452
837,2.0,15.0,30.0,0.7,100.0,43.0,0.10493184129397075
838,2.0,15.0,30.0,0.7,1000.0,43.0,0.10250358780225118
839,2.0,15.0,30.0,0.7,10000.0,59.0,0.10553519676129024
840,2.0,15.0,35.0,0.3,0.0,34.0,0.11129658669233322
841,2.0,15.0,35.0,0.3,10.0,45.0,0.10714016358057658
842,2.0,15.0,35.0,0.3,100.0,33.0,0.10157544910907745
843,2.0,15.0,35.0,0.3,1000.0,38.0,0.10574766248464584
844,2.0,15.0,35.0,0.3,10000.0,45.0,0.09691031277179718
845,2.0,15.0,35.0,0.5,0.0,37.0,0.10646553585926692
846,2.0,15.0,35.0,0.5,10.0,44.0,0.10407048463821411
847,2.0,15.0,35.0,0.5,100.0,45.0,0.09775203714768092
848,2.0,15.0,35.0,0.5,1000.0,38.0,0.10303719093402226
849,2.0,15.0,35.0,0.5,10000.0,44.0,0.09335591147343318
850,2.0,15.0,35.0,0.7,0.0,36.0,0.11147235830624898
851,2.0,15.0,35.0,0.7,10.0,66.0,0.10961388796567917
852,2.0,15.0,35.0,0.7,100.0,41.0,0.10045354068279266
853,2.0,15.0,35.0,0.7,1000.0,45.0,0.10443974783023198
854,2.0,15.0,35.0,0.7,10000.0,52.0,0.09598664442698161
855,2.0,15.0,40.0,0.3,0.0,45.0,0.10625083247820537
856,2.0,15.0,40.0,0.3,10.0,33.0,0.10544876009225845
857,2.0,15.0,40.0,0.3,100.0,33.0,0.10284802317619324
858,2.0,15.0,40.0,0.3,1000.0,28.0,0.10411507387955983
859,2.0,15.0,40.0,0.3,10000.0,35.0,0.10127720236778259
860,2.0,15.0,40.0,0.5,0.0,36.0,0.10363869120677312
861,2.0,15.0,40.0,0.5,10.0,33.0,0.10049892216920853
862,2.0,15.0,40.0,0.5,100.0,33.0,0.0986289232969284
863,2.0,15.0,40.0,0.5,1000.0,28.0,0.10132032881180446
864,2.0,15.0,40.0,0.5,10000.0,35.0,0.09790408114592235
865,2.0,15.0,40.0,0.7,0.0,57.0,0.10827357321977615
866,2.0,15.0,40.0,0.7,10.0,48.0,0.10505315909783046
867,2.0,15.0,40.0,0.7,100.0,47.0,0.11815501252810161
868,2.0,15.0,40.0,0.7,1000.0,43.0,0.10525071620941162
869,2.0,15.0,40.0,0.7,10000.0,39.0,0.10145534078280131
870,2.0,15.0,45.0,0.3,0.0,42.0,0.10371307283639908
871,2.0,15.0,45.0,0.3,10.0,30.0,0.09924968083699544
872,2.0,15.0,45.0,0.3,100.0,33.0,0.10782600939273834
873,2.0,15.0,45.0,0.3,1000.0,28.0,0.10410895943641663
874,2.0,15.0,45.0,0.3,10000.0,120.0,0.0882892335454623
875,2.0,15.0,45.0,0.5,0.0,36.0,0.0981641411781311
876,2.0,15.0,45.0,0.5,10.0,38.0,0.09690110137065251
877,2.0,15.0,45.0,0.5,100.0,32.0,0.1044112170735995
878,2.0,15.0,45.0,0.5,1000.0,29.0,0.09760837256908417
879,2.0,15.0,45.0,0.5,10000.0,44.0,0.09647034853696823
880,2.0,15.0,45.0,0.7,0.0,41.0,0.0988253007332484
881,2.0,15.0,45.0,0.7,10.0,48.0,0.10258961468935013
882,2.0,15.0,45.0,0.7,100.0,47.0,0.1067459558447202
883,2.0,15.0,45.0,0.7,1000.0,37.0,0.10675451656182607
884,2.0,15.0,45.0,0.7,10000.0,43.0,0.1020929788549741
885,2.0,15.0,50.0,0.3,0.0,30.0,0.10377320398886998
886,2.0,15.0,50.0,0.3,10.0,35.0,0.10970247785250346
887,2.0,15.0,50.0,0.3,100.0,40.0,0.10226574291785558
888,2.0,15.0,50.0,0.3,1000.0,35.0,0.10130664706230164
889,2.0,15.0,50.0,0.3,10000.0,78.0,0.09047076851129532
890,2.0,15.0,50.0,0.5,0.0,34.0,0.10158996284008026
891,2.0,15.0,50.0,0.5,10.0,41.0,0.10412910332282384
892,2.0,15.0,50.0,0.5,100.0,39.0,0.10061263044675191
893,2.0,15.0,50.0,0.5,1000.0,39.0,0.09576567510763805
894,2.0,15.0,50.0,0.5,10000.0,35.0,0.09811991949876149
895,2.0,15.0,50.0,0.7,0.0,57.0,0.10412218918402989
896,2.0,15.0,50.0,0.7,10.0,37.0,0.10801574836174647
897,2.0,15.0,50.0,0.7,100.0,51.0,0.10542663435141246
898,2.0,15.0,50.0,0.7,1000.0,58.0,0.09869855145613353
899,2.0,15.0,50.0,0.7,10000.0,41.0,0.10255154967308044
900,1.0,20.0,5.0,0.3,0.0,65.0,0.10224053263664246
901,1.0,20.0,5.0,0.3,10.0,104.0,0.09231049567461014
902,1.0,20.0,5.0,0.3,100.0,57.0,0.09636557350556056
903,1.0,20.0,5.0,0.3,1000.0,61.0,0.10183687011400859
904,1.0,20.0,5.0,0.3,10000.0,55.0,0.11923834433158238
905,1.0,20.0,5.0,0.5,0.0,58.0,0.11480449140071869
906,1.0,20.0,5.0,0.5,10.0,62.0,0.13085887332757315
907,1.0,20.0,5.0,0.5,100.0,57.0,0.12762079884608588
908,1.0,20.0,5.0,0.5,1000.0,68.0,0.12694647163152695
909,1.0,20.0,5.0,0.5,10000.0,51.0,0.12969301144282022
910,1.0,20.0,5.0,0.7,0.0,62.0,0.17537473638852438
911,1.0,20.0,5.0,0.7,10.0,72.0,0.2012693484624227
912,1.0,20.0,5.0,0.7,100.0,54.0,0.20795013010501862
913,1.0,20.0,5.0,0.7,1000.0,60.0,0.2087944746017456
914,1.0,20.0,5.0,0.7,10000.0,59.0,0.19956533114115396
915,1.0,20.0,10.0,0.3,0.0,38.0,0.10158984859784444
916,1.0,20.0,10.0,0.3,10.0,122.0,0.11826023211081822
917,1.0,20.0,10.0,0.3,100.0,50.0,0.10558335234721501
918,1.0,20.0,10.0,0.3,1000.0,94.0,0.10680557539065678
919,1.0,20.0,10.0,0.3,10000.0,51.0,0.10642185558875401
920,1.0,20.0,10.0,0.5,0.0,39.0,0.09926646202802658
921,1.0,20.0,10.0,0.5,10.0,52.0,0.1125983049472173
922,1.0,20.0,10.0,0.5,100.0,49.0,0.10231526692708333
923,1.0,20.0,10.0,0.5,1000.0,47.0,0.10402262459198634
924,1.0,20.0,10.0,0.5,10000.0,48.0,0.10796118527650833
925,1.0,20.0,10.0,0.7,0.0,65.0,0.1310394803682963
926,1.0,20.0,10.0,0.7,10.0,52.0,0.1534800852338473
927,1.0,20.0,10.0,0.7,100.0,40.0,0.12550141414006552
928,1.0,20.0,10.0,0.7,1000.0,39.0,0.13194778313239416
929,1.0,20.0,10.0,0.7,10000.0,48.0,0.1304584170381228
930,1.0,20.0,15.0,0.3,0.0,52.0,0.10054098814725876
931,1.0,20.0,15.0,0.3,10.0,85.0,0.10013004144032796
932,1.0,20.0,15.0,0.3,100.0,53.0,0.11485163619120915
933,1.0,20.0,15.0,0.3,1000.0,105.0,0.0957770124077797
934,1.0,20.0,15.0,0.3,10000.0,50.0,0.11121753851572673
935,1.0,20.0,15.0,0.5,0.0,50.0,0.09919380148251851
936,1.0,20.0,15.0,0.5,10.0,46.0,0.10034715135892232
937,1.0,20.0,15.0,0.5,100.0,58.0,0.10565337787071864
938,1.0,20.0,15.0,0.5,1000.0,65.0,0.09984948486089706
939,1.0,20.0,15.0,0.5,10000.0,60.0,0.10747431218624115
940,1.0,20.0,15.0,0.7,0.0,58.0,0.11572997520367305
941,1.0,20.0,15.0,0.7,10.0,43.0,0.1253215471903483
942,1.0,20.0,15.0,0.7,100.0,60.0,0.10826341807842255
943,1.0,20.0,15.0,0.7,1000.0,48.0,0.11874452730019887
944,1.0,20.0,15.0,0.7,10000.0,58.0,0.11911240468422572
945,1.0,20.0,20.0,0.3,0.0,37.0,0.10085343569517136
946,1.0,20.0,20.0,0.3,10.0,62.0,0.11059429744879405
947,1.0,20.0,20.0,0.3,100.0,45.0,0.10707803318897884
948,1.0,20.0,20.0,0.3,1000.0,47.0,0.1011645719408989
949,1.0,20.0,20.0,0.3,10000.0,35.0,0.11101372539997101
950,1.0,20.0,20.0,0.5,0.0,40.0,0.09688585499922435
951,1.0,20.0,20.0,0.5,10.0,51.0,0.10436873137950897
952,1.0,20.0,20.0,0.5,100.0,59.0,0.10403016706307729
953,1.0,20.0,20.0,0.5,1000.0,40.0,0.09996711959441502
954,1.0,20.0,20.0,0.5,10000.0,48.0,0.10697934776544571
955,1.0,20.0,20.0,0.7,0.0,39.0,0.1049249991774559
956,1.0,20.0,20.0,0.7,10.0,51.0,0.11130651583274205
957,1.0,20.0,20.0,0.7,100.0,67.0,0.11219337334235509
958,1.0,20.0,20.0,0.7,1000.0,50.0,0.1090251828233401
959,1.0,20.0,20.0,0.7,10000.0,58.0,0.10819628586371739
960,1.0,20.0,25.0,0.3,0.0,47.0,0.11194641143083572
961,1.0,20.0,25.0,0.3,10.0,53.0,0.11040906608104706
962,1.0,20.0,25.0,0.3,100.0,44.0,0.11171222478151321
963,1.0,20.0,25.0,0.3,1000.0,59.0,0.10767198354005814
964,1.0,20.0,25.0,0.3,10000.0,40.0,0.10758865127960841
965,1.0,20.0,25.0,0.5,0.0,59.0,0.10729847103357315
966,1.0,20.0,25.0,0.5,10.0,49.0,0.10722577075163524
967,1.0,20.0,25.0,0.5,100.0,44.0,0.10540517419576645
968,1.0,20.0,25.0,0.5,1000.0,31.0,0.10288707663615544
969,1.0,20.0,25.0,0.5,10000.0,44.0,0.10304314891497295
970,1.0,20.0,25.0,0.7,0.0,61.0,0.1144964595635732
971,1.0,20.0,25.0,0.7,10.0,46.0,0.1081715722878774
972,1.0,20.0,25.0,0.7,100.0,47.0,0.10535310208797455
973,1.0,20.0,25.0,0.7,1000.0,35.0,0.10803558677434921
974,1.0,20.0,25.0,0.7,10000.0,55.0,0.1070264329512914
975,1.0,20.0,30.0,0.3,0.0,43.0,0.11189801494280498
976,1.0,20.0,30.0,0.3,10.0,52.0,0.11719621221224467
977,1.0,20.0,30.0,0.3,100.0,35.0,0.10922628392775853
978,1.0,20.0,30.0,0.3,1000.0,42.0,0.10745945324500401
979,1.0,20.0,30.0,0.3,10000.0,35.0,0.11401406675577164
980,1.0,20.0,30.0,0.5,0.0,39.0,0.1033272494872411
981,1.0,20.0,30.0,0.5,10.0,44.0,0.11102037628491719
982,1.0,20.0,30.0,0.5,100.0,37.0,0.10531975328922272
983,1.0,20.0,30.0,0.5,1000.0,43.0,0.10876195132732391
984,1.0,20.0,30.0,0.5,10000.0,33.0,0.10724571098883946
985,1.0,20.0,30.0,0.7,0.0,55.0,0.10154896477858226
986,1.0,20.0,30.0,0.7,10.0,41.0,0.11210459719101588
987,1.0,20.0,30.0,0.7,100.0,43.0,0.10688941925764084
988,1.0,20.0,30.0,0.7,1000.0,53.0,0.10888898869355519
989,1.0,20.0,30.0,0.7,10000.0,54.0,0.10873791327079137
990,1.0,20.0,35.0,0.3,0.0,34.0,0.11317333827416103
991,1.0,20.0,35.0,0.3,10.0,32.0,0.11706608285506566
992,1.0,20.0,35.0,0.3,100.0,44.0,0.11107079684734344
993,1.0,20.0,35.0,0.3,1000.0,122.0,0.09490186472733815
994,1.0,20.0,35.0,0.3,10000.0,40.0,0.11544872323671977
995,1.0,20.0,35.0,0.5,0.0,34.0,0.10602920999129613
996,1.0,20.0,35.0,0.5,10.0,35.0,0.1095265621940295
997,1.0,20.0,35.0,0.5,100.0,44.0,0.1053781807422638
998,1.0,20.0,35.0,0.5,1000.0,36.0,0.10392655183871587
999,1.0,20.0,35.0,0.5,10000.0,43.0,0.10956859091917674
1000,1.0,20.0,35.0,0.7,0.0,51.0,0.10360820591449738
1001,1.0,20.0,35.0,0.7,10.0,42.0,0.10839020957549413
1002,1.0,20.0,35.0,0.7,100.0,43.0,0.10676711052656174
1003,1.0,20.0,35.0,0.7,1000.0,53.0,0.10770530253648758
1004,1.0,20.0,35.0,0.7,10000.0,41.0,0.10947649677594502
1005,1.0,20.0,40.0,0.3,0.0,37.0,0.1047525405883789
1006,1.0,20.0,40.0,0.3,10.0,33.0,0.11350837846597035
1007,1.0,20.0,40.0,0.3,100.0,39.0,0.10691650956869125
1008,1.0,20.0,40.0,0.3,1000.0,53.0,0.1116635724902153
1009,1.0,20.0,40.0,0.3,10000.0,40.0,0.11338377247254054
1010,1.0,20.0,40.0,0.5,0.0,37.0,0.1003935734430949
1011,1.0,20.0,40.0,0.5,10.0,32.0,0.10936019072930019
1012,1.0,20.0,40.0,0.5,100.0,44.0,0.10650580128033955
1013,1.0,20.0,40.0,0.5,1000.0,39.0,0.10745448370774587
1014,1.0,20.0,40.0,0.5,10000.0,40.0,0.10892752557992935
1015,1.0,20.0,40.0,0.7,0.0,58.0,0.10042216628789902
1016,1.0,20.0,40.0,0.7,10.0,46.0,0.10880667219559352
1017,1.0,20.0,40.0,0.7,100.0,43.0,0.10691769917805989
1018,1.0,20.0,40.0,0.7,1000.0,42.0,0.10575316101312637
1019,1.0,20.0,40.0,0.7,10000.0,44.0,0.10467526316642761
1020,1.0,20.0,45.0,0.3,0.0,37.0,0.11150201658407848
1021,1.0,20.0,45.0,0.3,10.0,53.0,0.10885109007358551
1022,1.0,20.0,45.0,0.3,100.0,44.0,0.1135978897412618
1023,1.0,20.0,45.0,0.3,1000.0,35.0,0.10899732758601506
1024,1.0,20.0,45.0,0.3,10000.0,35.0,0.11321507145961125
1025,1.0,20.0,45.0,0.5,0.0,37.0,0.10595510403315227
1026,1.0,20.0,45.0,0.5,10.0,34.0,0.10539884368578593
1027,1.0,20.0,45.0,0.5,100.0,38.0,0.104865829149882
1028,1.0,20.0,45.0,0.5,1000.0,36.0,0.1035272479057312
1029,1.0,20.0,45.0,0.5,10000.0,43.0,0.10862371077140172
1030,1.0,20.0,45.0,0.7,0.0,49.0,0.10866750280062358
1031,1.0,20.0,45.0,0.7,10.0,39.0,0.10743111371994019
1032,1.0,20.0,45.0,0.7,100.0,43.0,0.10429745415846507
1033,1.0,20.0,45.0,0.7,1000.0,53.0,0.10886569817860921
1034,1.0,20.0,45.0,0.7,10000.0,58.0,0.10709535578886668
1035,1.0,20.0,50.0,0.3,0.0,37.0,0.10929420838753383
1036,1.0,20.0,50.0,0.3,10.0,34.0,0.11448352287213008
1037,1.0,20.0,50.0,0.3,100.0,44.0,0.11851840962966283
1038,1.0,20.0,50.0,0.3,1000.0,30.0,0.1086501677831014
1039,1.0,20.0,50.0,0.3,10000.0,36.0,0.11530496180057526
1040,1.0,20.0,50.0,0.5,0.0,37.0,0.10363322496414185
1041,1.0,20.0,50.0,0.5,10.0,34.0,0.10977393388748169
1042,1.0,20.0,50.0,0.5,100.0,44.0,0.11097417275110881
1043,1.0,20.0,50.0,0.5,1000.0,36.0,0.10385326544443767
1044,1.0,20.0,50.0,0.5,10000.0,37.0,0.10786631455024083
1045,1.0,20.0,50.0,0.7,0.0,41.0,0.10231456408898036
1046,1.0,20.0,50.0,0.7,10.0,46.0,0.1091848760843277
1047,1.0,20.0,50.0,0.7,100.0,43.0,0.10780247549215953
1048,1.0,20.0,50.0,0.7,1000.0,56.0,0.10288628439108531
1049,1.0,20.0,50.0,0.7,10000.0,39.0,0.10867087543010712
1050,2.0,20.0,5.0,0.3,0.0,77.0,0.09659057855606079
1051,2.0,20.0,5.0,0.3,10.0,51.0,0.09711370120445888
1052,2.0,20.0,5.0,0.3,100.0,263.0,0.24372119704882303
1053,2.0,20.0,5.0,0.3,1000.0,44.0,0.09564038862784703
1054,2.0,20.0,5.0,0.3,10000.0,65.0,0.11732575049002965
1055,2.0,20.0,5.0,0.5,0.0,85.0,0.10602573305368423
1056,2.0,20.0,5.0,0.5,10.0,77.0,0.11645401269197464
1057,2.0,20.0,5.0,0.5,100.0,254.0,0.30393944680690765
1058,2.0,20.0,5.0,0.5,1000.0,106.0,0.11301808307568233
1059,2.0,20.0,5.0,0.5,10000.0,50.0,0.13247072199980417
1060,2.0,20.0,5.0,0.7,0.0,35.0,0.14926204333702722
1061,2.0,20.0,5.0,0.7,10.0,55.0,0.16734573245048523
1062,2.0,20.0,5.0,0.7,100.0,113.0,0.3744737058877945
1063,2.0,20.0,5.0,0.7,1000.0,78.0,0.17961686849594116
1064,2.0,20.0,5.0,0.7,10000.0,43.0,0.19927031795183817
1065,2.0,20.0,10.0,0.3,0.0,49.0,0.09438929458459218
1066,2.0,20.0,10.0,0.3,10.0,109.0,0.09499856581290562
1067,2.0,20.0,10.0,0.3,100.0,66.0,0.0903671607375145
1068,2.0,20.0,10.0,0.3,1000.0,43.0,0.09604223072528839
1069,2.0,20.0,10.0,0.3,10000.0,40.0,0.08188254882891972
1070,2.0,20.0,10.0,0.5,0.0,58.0,0.09507220486799876
1071,2.0,20.0,10.0,0.5,10.0,55.0,0.10106631616751353
1072,2.0,20.0,10.0,0.5,100.0,47.0,0.09849505126476288
1073,2.0,20.0,10.0,0.5,1000.0,44.0,0.10457384834686916
1074,2.0,20.0,10.0,0.5,10000.0,71.0,0.08230749517679214
1075,2.0,20.0,10.0,0.7,0.0,48.0,0.13004122177759805
1076,2.0,20.0,10.0,0.7,10.0,65.0,0.13461394111315408
1077,2.0,20.0,10.0,0.7,100.0,40.0,0.13995164881149927
1078,2.0,20.0,10.0,0.7,1000.0,73.0,0.1406435618797938
1079,2.0,20.0,10.0,0.7,10000.0,51.0,0.13130749017000198
1080,2.0,20.0,15.0,0.3,0.0,40.0,0.10098693023125331
1081,2.0,20.0,15.0,0.3,10.0,35.0,0.09998704493045807
1082,2.0,20.0,15.0,0.3,100.0,37.0,0.10452440132697423
1083,2.0,20.0,15.0,0.3,1000.0,95.0,0.09124382585287094
1084,2.0,20.0,15.0,0.3,10000.0,53.0,0.09699553002913792
1085,2.0,20.0,15.0,0.5,0.0,45.0,0.09677887211243312
1086,2.0,20.0,15.0,0.5,10.0,40.0,0.09457948803901672
1087,2.0,20.0,15.0,0.5,100.0,40.0,0.10298216839631398
1088,2.0,20.0,15.0,0.5,1000.0,53.0,0.09527382999658585
1089,2.0,20.0,15.0,0.5,10000.0,55.0,0.10158460090557735
1090,2.0,20.0,15.0,0.7,0.0,39.0,0.11060210814078648
1091,2.0,20.0,15.0,0.7,10.0,58.0,0.10799169292052586
1092,2.0,20.0,15.0,0.7,100.0,43.0,0.11202023426691692
1093,2.0,20.0,15.0,0.7,1000.0,39.0,0.1208572785059611
1094,2.0,20.0,15.0,0.7,10000.0,37.0,0.12114953498045604
1095,2.0,20.0,20.0,0.3,0.0,37.0,0.10195393860340118
1096,2.0,20.0,20.0,0.3,10.0,59.0,0.10773750146230061
1097,2.0,20.0,20.0,0.3,100.0,42.0,0.09476540237665176
1098,2.0,20.0,20.0,0.3,1000.0,68.0,0.09538888931274414
1099,2.0,20.0,20.0,0.3,10000.0,34.0,0.09080428133408229
1100,2.0,20.0,20.0,0.5,0.0,48.0,0.09984187533458073
1101,2.0,20.0,20.0,0.5,10.0,40.0,0.09772775322198868
1102,2.0,20.0,20.0,0.5,100.0,42.0,0.09793802102406819
1103,2.0,20.0,20.0,0.5,1000.0,76.0,0.0847071682413419
1104,2.0,20.0,20.0,0.5,10000.0,34.0,0.09561662872632344
1105,2.0,20.0,20.0,0.7,0.0,55.0,0.10596434275309245
1106,2.0,20.0,20.0,0.7,10.0,62.0,0.10132307310899098
1107,2.0,20.0,20.0,0.7,100.0,40.0,0.11199941486120224
1108,2.0,20.0,20.0,0.7,1000.0,44.0,0.10934975743293762
1109,2.0,20.0,20.0,0.7,10000.0,40.0,0.1130842591325442
1110,2.0,20.0,25.0,0.3,0.0,67.0,0.09969739615917206
1111,2.0,20.0,25.0,0.3,10.0,36.0,0.10317419469356537
1112,2.0,20.0,25.0,0.3,100.0,39.0,0.10586014141639073
1113,2.0,20.0,25.0,0.3,1000.0,30.0,0.10106020172437032
1114,2.0,20.0,25.0,0.3,10000.0,35.0,0.1011975680788358
1115,2.0,20.0,25.0,0.5,0.0,34.0,0.09782126049200694
1116,2.0,20.0,25.0,0.5,10.0,40.0,0.10071562727292378
1117,2.0,20.0,25.0,0.5,100.0,38.0,0.10090733567873637
1118,2.0,20.0,25.0,0.5,1000.0,33.0,0.09624530375003815
1119,2.0,20.0,25.0,0.5,10000.0,34.0,0.0980173150698344
1120,2.0,20.0,25.0,0.7,0.0,48.0,0.10226863871018092
1121,2.0,20.0,25.0,0.7,10.0,46.0,0.11076989521582921
1122,2.0,20.0,25.0,0.7,100.0,42.0,0.11113298187653224
1123,2.0,20.0,25.0,0.7,1000.0,37.0,0.09930303196112315
1124,2.0,20.0,25.0,0.7,10000.0,39.0,0.10522678742806117
1125,2.0,20.0,30.0,0.3,0.0,30.0,0.09577370434999466
1126,2.0,20.0,30.0,0.3,10.0,31.0,0.09793560206890106
1127,2.0,20.0,30.0,0.3,100.0,42.0,0.0921684056520462
1128,2.0,20.0,30.0,0.3,1000.0,47.0,0.10050184776385625
1129,2.0,20.0,30.0,0.3,10000.0,28.0,0.10014683504899342
1130,2.0,20.0,30.0,0.5,0.0,35.0,0.09557577967643738
1131,2.0,20.0,30.0,0.5,10.0,34.0,0.09701770295699437
1132,2.0,20.0,30.0,0.5,100.0,39.0,0.09353716174761455
1133,2.0,20.0,30.0,0.5,1000.0,37.0,0.09985529631376266
1134,2.0,20.0,30.0,0.5,10000.0,33.0,0.09623573472102483
1135,2.0,20.0,30.0,0.7,0.0,44.0,0.10598077873388927
1136,2.0,20.0,30.0,0.7,10.0,47.0,0.10069913913806279
1137,2.0,20.0,30.0,0.7,100.0,42.0,0.10645246505737305
1138,2.0,20.0,30.0,0.7,1000.0,44.0,0.11322169254223506
1139,2.0,20.0,30.0,0.7,10000.0,38.0,0.09828360627094905
1140,2.0,20.0,35.0,0.3,0.0,28.0,0.10303067415952682
1141,2.0,20.0,35.0,0.3,10.0,29.0,0.10589078565438588
1142,2.0,20.0,35.0,0.3,100.0,32.0,0.1055156613389651
1143,2.0,20.0,35.0,0.3,1000.0,42.0,0.10090502848227818
1144,2.0,20.0,35.0,0.3,10000.0,33.0,0.0992191309730212
1145,2.0,20.0,35.0,0.5,0.0,28.0,0.09812372674544652
1146,2.0,20.0,35.0,0.5,10.0,34.0,0.10051665206750234
1147,2.0,20.0,35.0,0.5,100.0,32.0,0.10298084219296773
1148,2.0,20.0,35.0,0.5,1000.0,51.0,0.09802070756753285
1149,2.0,20.0,35.0,0.5,10000.0,35.0,0.09551184127728145
1150,2.0,20.0,35.0,0.7,0.0,48.0,0.1003057931860288
1151,2.0,20.0,35.0,0.7,10.0,36.0,0.10247988998889923
1152,2.0,20.0,35.0,0.7,100.0,42.0,0.10510579248269399
1153,2.0,20.0,35.0,0.7,1000.0,44.0,0.10017263392607371
1154,2.0,20.0,35.0,0.7,10000.0,42.0,0.10096164296070735
1155,2.0,20.0,40.0,0.3,0.0,26.0,0.1049125740925471
1156,2.0,20.0,40.0,0.3,10.0,31.0,0.10459172477324803
1157,2.0,20.0,40.0,0.3,100.0,33.0,0.1062273879845937
1158,2.0,20.0,40.0,0.3,1000.0,33.0,0.10269755870103836
1159,2.0,20.0,40.0,0.3,10000.0,34.0,0.09888279438018799
1160,2.0,20.0,40.0,0.5,0.0,31.0,0.10308317343393962
1161,2.0,20.0,40.0,0.5,10.0,32.0,0.10074264804522197
1162,2.0,20.0,40.0,0.5,100.0,32.0,0.10105821738640468
1163,2.0,20.0,40.0,0.5,1000.0,33.0,0.09882521132628123
1164,2.0,20.0,40.0,0.5,10000.0,34.0,0.09786996493736903
1165,2.0,20.0,40.0,0.7,0.0,32.0,0.10132761051257451
1166,2.0,20.0,40.0,0.7,10.0,31.0,0.09952575465043385
1167,2.0,20.0,40.0,0.7,100.0,42.0,0.10762796550989151
1168,2.0,20.0,40.0,0.7,1000.0,36.0,0.10357922067244847
1169,2.0,20.0,40.0,0.7,10000.0,41.0,0.10573701560497284
1170,2.0,20.0,45.0,0.3,0.0,34.0,0.10307613760232925
1171,2.0,20.0,45.0,0.3,10.0,31.0,0.10990539938211441
1172,2.0,20.0,45.0,0.3,100.0,35.0,0.10648149251937866
1173,2.0,20.0,45.0,0.3,1000.0,27.0,0.10325418164332707
1174,2.0,20.0,45.0,0.3,10000.0,30.0,0.10415346423784892
1175,2.0,20.0,45.0,0.5,0.0,33.0,0.09898541122674942
1176,2.0,20.0,45.0,0.5,10.0,34.0,0.1045299122730891
1177,2.0,20.0,45.0,0.5,100.0,30.0,0.10176670054594676
1178,2.0,20.0,45.0,0.5,1000.0,34.0,0.10064515223105748
1179,2.0,20.0,45.0,0.5,10000.0,35.0,0.09917955348889033
1180,2.0,20.0,45.0,0.7,0.0,42.0,0.09839525818824768
1181,2.0,20.0,45.0,0.7,10.0,41.0,0.10405570516983668
1182,2.0,20.0,45.0,0.7,100.0,42.0,0.10735258708397548
1183,2.0,20.0,45.0,0.7,1000.0,38.0,0.09774871915578842
1184,2.0,20.0,45.0,0.7,10000.0,34.0,0.1033648078640302
1185,2.0,20.0,50.0,0.3,0.0,33.0,0.10538351784149806
1186,2.0,20.0,50.0,0.3,10.0,31.0,0.10803212970495224
1187,2.0,20.0,50.0,0.3,100.0,32.0,0.10737515240907669
1188,2.0,20.0,50.0,0.3,1000.0,57.0,0.10149733473857243
1189,2.0,20.0,50.0,0.3,10000.0,36.0,0.09957441439231236
1190,2.0,20.0,50.0,0.5,0.0,37.0,0.09978518138329188
1191,2.0,20.0,50.0,0.5,10.0,32.0,0.10197373727957408
1192,2.0,20.0,50.0,0.5,100.0,32.0,0.10570524136225383
1193,2.0,20.0,50.0,0.5,1000.0,66.0,0.0985256905357043
1194,2.0,20.0,50.0,0.5,10000.0,35.0,0.0967328945795695
1195,2.0,20.0,50.0,0.7,0.0,68.0,0.10500204935669899
1196,2.0,20.0,50.0,0.7,10.0,39.0,0.1000489592552185
1197,2.0,20.0,50.0,0.7,100.0,36.0,0.1031898632645607
1198,2.0,20.0,50.0,0.7,1000.0,35.0,0.1024508997797966
1199,2.0,20.0,50.0,0.7,10000.0,41.0,0.10308886071046193
1200,1.0,25.0,5.0,0.3,0.0,78.0,0.09481323758761089
1201,1.0,25.0,5.0,0.3,10.0,70.0,0.1158703938126564
1202,1.0,25.0,5.0,0.3,100.0,82.0,0.11169226219256718
1203,1.0,25.0,5.0,0.3,1000.0,64.0,0.10619231561819713
1204,1.0,25.0,5.0,0.3,10000.0,96.0,0.10361674427986145
1205,1.0,25.0,5.0,0.5,0.0,79.0,0.1142818753918012
1206,1.0,25.0,5.0,0.5,10.0,55.0,0.12478594233592351
1207,1.0,25.0,5.0,0.5,100.0,53.0,0.1573302075266838
1208,1.0,25.0,5.0,0.5,1000.0,87.0,0.1155710940559705
1209,1.0,25.0,5.0,0.5,10000.0,54.0,0.1283624271551768
1210,1.0,25.0,5.0,0.7,0.0,48.0,0.206232950091362
1211,1.0,25.0,5.0,0.7,10.0,63.0,0.20211627086003622
1212,1.0,25.0,5.0,0.7,100.0,52.0,0.2522018353144328
1213,1.0,25.0,5.0,0.7,1000.0,69.0,0.18975421786308289
1214,1.0,25.0,5.0,0.7,10000.0,49.0,0.20029749969641367
1215,1.0,25.0,10.0,0.3,0.0,97.0,0.09560052802165349
1216,1.0,25.0,10.0,0.3,10.0,66.0,0.09189477066198985
1217,1.0,25.0,10.0,0.3,100.0,46.0,0.09597485264142354
1218,1.0,25.0,10.0,0.3,1000.0,63.0,0.12665241211652756
1219,1.0,25.0,10.0,0.3,10000.0,36.0,0.10615816712379456
1220,1.0,25.0,10.0,0.5,0.0,48.0,0.1020527755220731
1221,1.0,25.0,10.0,0.5,10.0,40.0,0.10612156242132187
1222,1.0,25.0,10.0,0.5,100.0,108.0,0.09131414194901784
1223,1.0,25.0,10.0,0.5,1000.0,58.0,0.09880208472410838
1224,1.0,25.0,10.0,0.5,10000.0,53.0,0.1096371163924535
1225,1.0,25.0,10.0,0.7,0.0,51.0,0.12362552434206009
1226,1.0,25.0,10.0,0.7,10.0,55.0,0.138620895644029
1227,1.0,25.0,10.0,0.7,100.0,53.0,0.1292648290594419
1228,1.0,25.0,10.0,0.7,1000.0,44.0,0.12492243200540543
1229,1.0,25.0,10.0,0.7,10000.0,53.0,0.13174033910036087
1230,1.0,25.0,15.0,0.3,0.0,33.0,0.10706907262404759
1231,1.0,25.0,15.0,0.3,10.0,98.0,0.09147207687298457
1232,1.0,25.0,15.0,0.3,100.0,114.0,0.07952128599087398
1233,1.0,25.0,15.0,0.3,1000.0,96.0,0.09585204472144444
1234,1.0,25.0,15.0,0.3,10000.0,40.0,0.10263469070196152
1235,1.0,25.0,15.0,0.5,0.0,34.0,0.10667805870374043
1236,1.0,25.0,15.0,0.5,10.0,39.0,0.10051811734835307
1237,1.0,25.0,15.0,0.5,100.0,62.0,0.10103552043437958
1238,1.0,25.0,15.0,0.5,1000.0,49.0,0.1035019780198733
1239,1.0,25.0,15.0,0.5,10000.0,58.0,0.10246919592221577
1240,1.0,25.0,15.0,0.7,0.0,48.0,0.11981774121522903
1241,1.0,25.0,15.0,0.7,10.0,41.0,0.11630843331416447
1242,1.0,25.0,15.0,0.7,100.0,42.0,0.11965671678384145
1243,1.0,25.0,15.0,0.7,1000.0,44.0,0.11388672639926274
1244,1.0,25.0,15.0,0.7,10000.0,32.0,0.12556011229753494
1245,1.0,25.0,20.0,0.3,0.0,35.0,0.10733487208684285
1246,1.0,25.0,20.0,0.3,10.0,37.0,0.11091485371192296
1247,1.0,25.0,20.0,0.3,100.0,67.0,0.08573776483535767
1248,1.0,25.0,20.0,0.3,1000.0,33.0,0.11095326642195384
1249,1.0,25.0,20.0,0.3,10000.0,50.0,0.10791353633006413
1250,1.0,25.0,20.0,0.5,0.0,41.0,0.10345141589641571
1251,1.0,25.0,20.0,0.5,10.0,35.0,0.10450886934995651
1252,1.0,25.0,20.0,0.5,100.0,37.0,0.09719166407982509
1253,1.0,25.0,20.0,0.5,1000.0,35.0,0.10734327882528305
1254,1.0,25.0,20.0,0.5,10000.0,47.0,0.10542242974042892
1255,1.0,25.0,20.0,0.7,0.0,37.0,0.11450315018494923
1256,1.0,25.0,20.0,0.7,10.0,36.0,0.11275164534648259
1257,1.0,25.0,20.0,0.7,100.0,51.0,0.10310190419356029
1258,1.0,25.0,20.0,0.7,1000.0,48.0,0.11187356462081273
1259,1.0,25.0,20.0,0.7,10000.0,54.0,0.11161743849515915
1260,1.0,25.0,25.0,0.3,0.0,31.0,0.10810624808073044
1261,1.0,25.0,25.0,0.3,10.0,35.0,0.10985913127660751
1262,1.0,25.0,25.0,0.3,100.0,32.0,0.10264995445807774
1263,1.0,25.0,25.0,0.3,1000.0,35.0,0.1102892557779948
1264,1.0,25.0,25.0,0.3,10000.0,27.0,0.11165875693162282
1265,1.0,25.0,25.0,0.5,0.0,37.0,0.10615116109450658
1266,1.0,25.0,25.0,0.5,10.0,40.0,0.1039930780728658
1267,1.0,25.0,25.0,0.5,100.0,36.0,0.09917203585306804
1268,1.0,25.0,25.0,0.5,1000.0,40.0,0.10253785302241643
1269,1.0,25.0,25.0,0.5,10000.0,28.0,0.10603201886018117
1270,1.0,25.0,25.0,0.7,0.0,43.0,0.11117654790480931
1271,1.0,25.0,25.0,0.7,10.0,46.0,0.10461737463871638
1272,1.0,25.0,25.0,0.7,100.0,51.0,0.10101477801799774
1273,1.0,25.0,25.0,0.7,1000.0,43.0,0.10624283055464427
1274,1.0,25.0,25.0,0.7,10000.0,42.0,0.10576638827721278
1275,1.0,25.0,30.0,0.3,0.0,30.0,0.10944659759600957
1276,1.0,25.0,30.0,0.3,10.0,28.0,0.10662435243527095
1277,1.0,25.0,30.0,0.3,100.0,32.0,0.1074099987745285
1278,1.0,25.0,30.0,0.3,1000.0,36.0,0.10484504203001659
1279,1.0,25.0,30.0,0.3,10000.0,31.0,0.10721881439288457
1280,1.0,25.0,30.0,0.5,0.0,34.0,0.1045757308602333
1281,1.0,25.0,30.0,0.5,10.0,31.0,0.10295012344916661
1282,1.0,25.0,30.0,0.5,100.0,35.0,0.10143593698740005
1283,1.0,25.0,30.0,0.5,1000.0,40.0,0.1046938772002856
1284,1.0,25.0,30.0,0.5,10000.0,34.0,0.10370806852976482
1285,1.0,25.0,30.0,0.7,0.0,35.0,0.10860507686932881
1286,1.0,25.0,30.0,0.7,10.0,46.0,0.10602244983116786
1287,1.0,25.0,30.0,0.7,100.0,42.0,0.10426431894302368
1288,1.0,25.0,30.0,0.7,1000.0,41.0,0.10474133988221486
1289,1.0,25.0,30.0,0.7,10000.0,54.0,0.10586021840572357
1290,1.0,25.0,35.0,0.3,0.0,31.0,0.1124864195783933
1291,1.0,25.0,35.0,0.3,10.0,31.0,0.11052275200684865
1292,1.0,25.0,35.0,0.3,100.0,35.0,0.11018654455741246
1293,1.0,25.0,35.0,0.3,1000.0,29.0,0.10678796221812566
1294,1.0,25.0,35.0,0.3,10000.0,29.0,0.11084369321664174
1295,1.0,25.0,35.0,0.5,0.0,33.0,0.10875279953082402
1296,1.0,25.0,35.0,0.5,10.0,31.0,0.10554288824399312
1297,1.0,25.0,35.0,0.5,100.0,35.0,0.10543150703112285
1298,1.0,25.0,35.0,0.5,1000.0,39.0,0.10478492329518001
1299,1.0,25.0,35.0,0.5,10000.0,31.0,0.10478935639063518
1300,1.0,25.0,35.0,0.7,0.0,40.0,0.11263450980186462
1301,1.0,25.0,35.0,0.7,10.0,36.0,0.10703795403242111
1302,1.0,25.0,35.0,0.7,100.0,33.0,0.10362561047077179
1303,1.0,25.0,35.0,0.7,1000.0,36.0,0.10014187296231587
1304,1.0,25.0,35.0,0.7,10000.0,42.0,0.10261207073926926
1305,1.0,25.0,40.0,0.3,0.0,26.0,0.11164948095877965
1306,1.0,25.0,40.0,0.3,10.0,31.0,0.11021513491868973
1307,1.0,25.0,40.0,0.3,100.0,35.0,0.10764802992343903
1308,1.0,25.0,40.0,0.3,1000.0,32.0,0.11027966191371281
1309,1.0,25.0,40.0,0.3,10000.0,27.0,0.11396329353253047
1310,1.0,25.0,40.0,0.5,0.0,26.0,0.10505428165197372
1311,1.0,25.0,40.0,0.5,10.0,31.0,0.10477466136217117
1312,1.0,25.0,40.0,0.5,100.0,35.0,0.10230456292629242
1313,1.0,25.0,40.0,0.5,1000.0,32.0,0.10544233024120331
1314,1.0,25.0,40.0,0.5,10000.0,32.0,0.10576239228248596
1315,1.0,25.0,40.0,0.7,0.0,28.0,0.10227683434883754
1316,1.0,25.0,40.0,0.7,10.0,44.0,0.10798207422097524
1317,1.0,25.0,40.0,0.7,100.0,40.0,0.10229788968960445
1318,1.0,25.0,40.0,0.7,1000.0,32.0,0.10494983196258545
1319,1.0,25.0,40.0,0.7,10000.0,44.0,0.10223127156496048
1320,1.0,25.0,45.0,0.3,0.0,23.0,0.11259259283542633
1321,1.0,25.0,45.0,0.3,10.0,31.0,0.11393594245115916
1322,1.0,25.0,45.0,0.3,100.0,35.0,0.10612032065788905
1323,1.0,25.0,45.0,0.3,1000.0,22.0,0.10929314295450847
1324,1.0,25.0,45.0,0.3,10000.0,31.0,0.11421933521827062
1325,1.0,25.0,45.0,0.5,0.0,24.0,0.10688606401284535
1326,1.0,25.0,45.0,0.5,10.0,38.0,0.10774912436803182
1327,1.0,25.0,45.0,0.5,100.0,32.0,0.10387338697910309
1328,1.0,25.0,45.0,0.5,1000.0,39.0,0.10610046237707138
1329,1.0,25.0,45.0,0.5,10000.0,35.0,0.10780784984429677
1330,1.0,25.0,45.0,0.7,0.0,27.0,0.10356500993172328
1331,1.0,25.0,45.0,0.7,10.0,57.0,0.10437921186288197
1332,1.0,25.0,45.0,0.7,100.0,38.0,0.10431541502475739
1333,1.0,25.0,45.0,0.7,1000.0,34.0,0.1020740494132042
1334,1.0,25.0,45.0,0.7,10000.0,37.0,0.10407486806313197
1335,1.0,25.0,50.0,0.3,0.0,35.0,0.1132325033346812
1336,1.0,25.0,50.0,0.3,10.0,31.0,0.11010772734880447
1337,1.0,25.0,50.0,0.3,100.0,31.0,0.11248345424731572
1338,1.0,25.0,50.0,0.3,1000.0,38.0,0.11425971488157909
1339,1.0,25.0,50.0,0.3,10000.0,26.0,0.10841262092192967
1340,1.0,25.0,50.0,0.5,0.0,26.0,0.10489447911580403
1341,1.0,25.0,50.0,0.5,10.0,31.0,0.10620057086149852
1342,1.0,25.0,50.0,0.5,100.0,29.0,0.10363469024499257
1343,1.0,25.0,50.0,0.5,1000.0,37.0,0.10839128245910008
1344,1.0,25.0,50.0,0.5,10000.0,36.0,0.10548734913269679
1345,1.0,25.0,50.0,0.7,0.0,36.0,0.10501676549514134
1346,1.0,25.0,50.0,0.7,10.0,39.0,0.10383216540018718
1347,1.0,25.0,50.0,0.7,100.0,28.0,0.09876364717880885
1348,1.0,25.0,50.0,0.7,1000.0,38.0,0.10581336170434952
1349,1.0,25.0,50.0,0.7,10000.0,44.0,0.10255201657613118
1350,2.0,25.0,5.0,0.3,0.0,75.0,0.08656348039706548
1351,2.0,25.0,5.0,0.3,10.0,118.0,0.08387106657028198
1352,2.0,25.0,5.0,0.3,100.0,56.0,0.09670443087816238
1353,2.0,25.0,5.0,0.3,1000.0,76.0,0.09111219396193822
1354,2.0,25.0,5.0,0.3,10000.0,63.0,0.09732563545306523
1355,2.0,25.0,5.0,0.5,0.0,78.0,0.09973030785719554
1356,2.0,25.0,5.0,0.5,10.0,65.0,0.13339335719744363
1357,2.0,25.0,5.0,0.5,100.0,61.0,0.10965246955553691
1358,2.0,25.0,5.0,0.5,1000.0,44.0,0.10727864503860474
1359,2.0,25.0,5.0,0.5,10000.0,53.0,0.126010924577713
1360,2.0,25.0,5.0,0.7,0.0,45.0,0.15140512585639954
1361,2.0,25.0,5.0,0.7,10.0,41.0,0.20267251630624136
1362,2.0,25.0,5.0,0.7,100.0,39.0,0.14755750447511673
1363,2.0,25.0,5.0,0.7,1000.0,38.0,0.15602387487888336
1364,2.0,25.0,5.0,0.7,10000.0,46.0,0.1920710653066635
1365,2.0,25.0,10.0,0.3,0.0,30.0,0.1018319030602773
1366,2.0,25.0,10.0,0.3,10.0,58.0,0.09474203487237294
1367,2.0,25.0,10.0,0.3,100.0,52.0,0.09268294274806976
1368,2.0,25.0,10.0,0.3,1000.0,43.0,0.09549819181362788
1369,2.0,25.0,10.0,0.3,10000.0,89.0,0.08230356499552727
1370,2.0,25.0,10.0,0.5,0.0,34.0,0.09824277460575104
1371,2.0,25.0,10.0,0.5,10.0,55.0,0.09916705389817555
1372,2.0,25.0,10.0,0.5,100.0,73.0,0.10365478942791621
1373,2.0,25.0,10.0,0.5,1000.0,44.0,0.09674123177925746
1374,2.0,25.0,10.0,0.5,10000.0,54.0,0.10032930473486583
1375,2.0,25.0,10.0,0.7,0.0,35.0,0.1080344170331955
1376,2.0,25.0,10.0,0.7,10.0,55.0,0.1322737087806066
1377,2.0,25.0,10.0,0.7,100.0,60.0,0.12416285028060277
1378,2.0,25.0,10.0,0.7,1000.0,39.0,0.12079573422670364
1379,2.0,25.0,10.0,0.7,10000.0,57.0,0.13963735600312552
1380,2.0,25.0,15.0,0.3,0.0,32.0,0.09805961201588313
1381,2.0,25.0,15.0,0.3,10.0,68.0,0.08789317930738132
1382,2.0,25.0,15.0,0.3,100.0,28.0,0.09527569512526195
1383,2.0,25.0,15.0,0.3,1000.0,63.0,0.09926329553127289
1384,2.0,25.0,15.0,0.3,10000.0,33.0,0.1028222143650055
1385,2.0,25.0,15.0,0.5,0.0,34.0,0.09804392357667287
1386,2.0,25.0,15.0,0.5,10.0,52.0,0.09369070827960968
1387,2.0,25.0,15.0,0.5,100.0,42.0,0.09383039176464081
1388,2.0,25.0,15.0,0.5,1000.0,42.0,0.10300271958112717
1389,2.0,25.0,15.0,0.5,10000.0,35.0,0.10043684393167496
1390,2.0,25.0,15.0,0.7,0.0,34.0,0.1155868594845136
1391,2.0,25.0,15.0,0.7,10.0,36.0,0.10609858731428783
1392,2.0,25.0,15.0,0.7,100.0,33.0,0.11554871251185735
1393,2.0,25.0,15.0,0.7,1000.0,42.0,0.13292466600735983
1394,2.0,25.0,15.0,0.7,10000.0,37.0,0.11110524088144302
1395,2.0,25.0,20.0,0.3,0.0,30.0,0.09568755328655243
1396,2.0,25.0,20.0,0.3,10.0,31.0,0.10062925517559052
1397,2.0,25.0,20.0,0.3,100.0,53.0,0.08735737204551697
1398,2.0,25.0,20.0,0.3,1000.0,35.0,0.10060399522384007
1399,2.0,25.0,20.0,0.3,10000.0,36.0,0.09394186238447826
1400,2.0,25.0,20.0,0.5,0.0,29.0,0.095989890396595
1401,2.0,25.0,20.0,0.5,10.0,35.0,0.09748282780249913
1402,2.0,25.0,20.0,0.5,100.0,34.0,0.09354126701752345
1403,2.0,25.0,20.0,0.5,1000.0,36.0,0.09954643497864406
1404,2.0,25.0,20.0,0.5,10000.0,53.0,0.09284081310033798
1405,2.0,25.0,20.0,0.7,0.0,32.0,0.10360712309678395
1406,2.0,25.0,20.0,0.7,10.0,41.0,0.10255686690409978
1407,2.0,25.0,20.0,0.7,100.0,34.0,0.10557128737370174
1408,2.0,25.0,20.0,0.7,1000.0,39.0,0.11353933314482371
1409,2.0,25.0,20.0,0.7,10000.0,49.0,0.10752139488855998
1410,2.0,25.0,25.0,0.3,0.0,30.0,0.10483005394538243
1411,2.0,25.0,25.0,0.3,10.0,71.0,0.12972904245058695
1412,2.0,25.0,25.0,0.3,100.0,31.0,0.10002817710240682
1413,2.0,25.0,25.0,0.3,1000.0,26.0,0.10098063449064891
1414,2.0,25.0,25.0,0.3,10000.0,26.0,0.09818827857573827
1415,2.0,25.0,25.0,0.5,0.0,30.0,0.10489606112241745
1416,2.0,25.0,25.0,0.5,10.0,41.0,0.1008264993627866
1417,2.0,25.0,25.0,0.5,100.0,29.0,0.0989312082529068
1418,2.0,25.0,25.0,0.5,1000.0,36.0,0.09880734980106354
1419,2.0,25.0,25.0,0.5,10000.0,32.0,0.09684766332308452
1420,2.0,25.0,25.0,0.7,0.0,28.0,0.10527375092109044
1421,2.0,25.0,25.0,0.7,10.0,52.0,0.10535185287396114
1422,2.0,25.0,25.0,0.7,100.0,47.0,0.10985919088125229
1423,2.0,25.0,25.0,0.7,1000.0,35.0,0.10574206461509068
1424,2.0,25.0,25.0,0.7,10000.0,42.0,0.09833962221940358
1425,2.0,25.0,30.0,0.3,0.0,26.0,0.10510573784510295
1426,2.0,25.0,30.0,0.3,10.0,26.0,0.10144562274217606
1427,2.0,25.0,30.0,0.3,100.0,28.0,0.10032861679792404
1428,2.0,25.0,30.0,0.3,1000.0,28.0,0.0981259395678838
1429,2.0,25.0,30.0,0.3,10000.0,26.0,0.1031296302874883
1430,2.0,25.0,30.0,0.5,0.0,27.0,0.10050423443317413
1431,2.0,25.0,30.0,0.5,10.0,33.0,0.09985457360744476
1432,2.0,25.0,30.0,0.5,100.0,32.0,0.0983200619618098
1433,2.0,25.0,30.0,0.5,1000.0,36.0,0.0969931756456693
1434,2.0,25.0,30.0,0.5,10000.0,26.0,0.10090452680985133
1435,2.0,25.0,30.0,0.7,0.0,37.0,0.10192116349935532
1436,2.0,25.0,30.0,0.7,10.0,39.0,0.10191060602664948
1437,2.0,25.0,30.0,0.7,100.0,32.0,0.0967307264606158
1438,2.0,25.0,30.0,0.7,1000.0,39.0,0.09884651005268097
1439,2.0,25.0,30.0,0.7,10000.0,32.0,0.10333076616128285
1440,2.0,25.0,35.0,0.3,0.0,26.0,0.10538698484500249
1441,2.0,25.0,35.0,0.3,10.0,28.0,0.10425012061993282
1442,2.0,25.0,35.0,0.3,100.0,28.0,0.10129513343175252
1443,2.0,25.0,35.0,0.3,1000.0,26.0,0.10516417523225148
1444,2.0,25.0,35.0,0.3,10000.0,36.0,0.09564381589492162
1445,2.0,25.0,35.0,0.5,0.0,29.0,0.10313681016365688
1446,2.0,25.0,35.0,0.5,10.0,28.0,0.1015669455130895
1447,2.0,25.0,35.0,0.5,100.0,27.0,0.09703339139620464
1448,2.0,25.0,35.0,0.5,1000.0,29.0,0.10278590520222981
1449,2.0,25.0,35.0,0.5,10000.0,34.0,0.09382993976275127
1450,2.0,25.0,35.0,0.7,0.0,35.0,0.101878027121226
1451,2.0,25.0,35.0,0.7,10.0,40.0,0.10419652859369914
1452,2.0,25.0,35.0,0.7,100.0,33.0,0.10318484405676524
1453,2.0,25.0,35.0,0.7,1000.0,47.0,0.1059539665778478
1454,2.0,25.0,35.0,0.7,10000.0,32.0,0.09416074802478154
1455,2.0,25.0,40.0,0.3,0.0,26.0,0.10533493012189865
1456,2.0,25.0,40.0,0.3,10.0,27.0,0.10655227800210317
1457,2.0,25.0,40.0,0.3,100.0,28.0,0.10010175158580144
1458,2.0,25.0,40.0,0.3,1000.0,32.0,0.10308035711447398
1459,2.0,25.0,40.0,0.3,10000.0,27.0,0.10289464394251506
1460,2.0,25.0,40.0,0.5,0.0,31.0,0.10094455381234486
1461,2.0,25.0,40.0,0.5,10.0,27.0,0.10351517051458359
1462,2.0,25.0,40.0,0.5,100.0,29.0,0.09613313277562459
1463,2.0,25.0,40.0,0.5,1000.0,31.0,0.10056363046169281
1464,2.0,25.0,40.0,0.5,10000.0,33.0,0.09936404476563136
1465,2.0,25.0,40.0,0.7,0.0,32.0,0.10304037481546402
1466,2.0,25.0,40.0,0.7,10.0,40.0,0.1035996824502945
1467,2.0,25.0,40.0,0.7,100.0,42.0,0.09380662441253662
1468,2.0,25.0,40.0,0.7,1000.0,41.0,0.10151549428701401
1469,2.0,25.0,40.0,0.7,10000.0,34.0,0.09903968373934428
1470,2.0,25.0,45.0,0.3,0.0,32.0,0.10575340191523235
1471,2.0,25.0,45.0,0.3,10.0,24.0,0.10464253276586533
1472,2.0,25.0,45.0,0.3,100.0,26.0,0.10454253604014714
1473,2.0,25.0,45.0,0.3,1000.0,29.0,0.10596428563197453
1474,2.0,25.0,45.0,0.3,10000.0,28.0,0.10905272761980693
1475,2.0,25.0,45.0,0.5,0.0,30.0,0.10276301205158234
1476,2.0,25.0,45.0,0.5,10.0,26.0,0.10338862737019856
1477,2.0,25.0,45.0,0.5,100.0,27.0,0.09813623875379562
1478,2.0,25.0,45.0,0.5,1000.0,30.0,0.10223348687092464
1479,2.0,25.0,45.0,0.5,10000.0,27.0,0.1009290764729182
1480,2.0,25.0,45.0,0.7,0.0,32.0,0.1048685039083163
1481,2.0,25.0,45.0,0.7,10.0,29.0,0.09911470363537471
1482,2.0,25.0,45.0,0.7,100.0,33.0,0.09768679738044739
1483,2.0,25.0,45.0,0.7,1000.0,35.0,0.10172942280769348
1484,2.0,25.0,45.0,0.7,10000.0,32.0,0.09852660695711772
1485,2.0,25.0,50.0,0.3,0.0,24.0,0.10508513947327931
1486,2.0,25.0,50.0,0.3,10.0,28.0,0.1089088221391042
1487,2.0,25.0,50.0,0.3,100.0,25.0,0.10286159813404083
1488,2.0,25.0,50.0,0.3,1000.0,32.0,0.10670800010363261
1489,2.0,25.0,50.0,0.3,10000.0,26.0,0.10245507458845775
1490,2.0,25.0,50.0,0.5,0.0,24.0,0.10009253273407619
1491,2.0,25.0,50.0,0.5,10.0,26.0,0.10522058357795079
1492,2.0,25.0,50.0,0.5,100.0,28.0,0.10105690856774648
1493,2.0,25.0,50.0,0.5,1000.0,33.0,0.1035550187031428
1494,2.0,25.0,50.0,0.5,10000.0,26.0,0.0973268672823906
1495,2.0,25.0,50.0,0.7,0.0,35.0,0.10124233116706212
1496,2.0,25.0,50.0,0.7,10.0,24.0,0.10050283372402191
1497,2.0,25.0,50.0,0.7,100.0,27.0,0.09867431720097859
1498,2.0,25.0,50.0,0.7,1000.0,34.0,0.10004942367474239
1499,2.0,25.0,50.0,0.7,10000.0,27.0,0.09609371920426686
1500,1.0,30.0,5.0,0.3,0.0,64.0,0.12365152686834335
1501,1.0,30.0,5.0,0.3,10.0,53.0,0.10469545423984528
1502,1.0,30.0,5.0,0.3,100.0,81.0,0.12372954934835434
1503,1.0,30.0,5.0,0.3,1000.0,95.0,0.10821476330359776
1504,1.0,30.0,5.0,0.3,10000.0,113.0,0.09419116129477818
1505,1.0,30.0,5.0,0.5,0.0,73.0,0.1574723869562149
1506,1.0,30.0,5.0,0.5,10.0,51.0,0.112587404747804
1507,1.0,30.0,5.0,0.5,100.0,61.0,0.12605723987023035
1508,1.0,30.0,5.0,0.5,1000.0,67.0,0.15659687668085098
1509,1.0,30.0,5.0,0.5,10000.0,51.0,0.11151407659053802
1510,1.0,30.0,5.0,0.7,0.0,62.0,0.2523314555486043
1511,1.0,30.0,5.0,0.7,10.0,47.0,0.17270679771900177
1512,1.0,30.0,5.0,0.7,100.0,39.0,0.2564758012692134
1513,1.0,30.0,5.0,0.7,1000.0,44.0,0.26346243917942047
1514,1.0,30.0,5.0,0.7,10000.0,51.0,0.17136579751968384
1515,1.0,30.0,10.0,0.3,0.0,80.0,0.09854402393102646
1516,1.0,30.0,10.0,0.3,10.0,39.0,0.10546769698460896
1517,1.0,30.0,10.0,0.3,100.0,35.0,0.10441191494464874
1518,1.0,30.0,10.0,0.3,1000.0,37.0,0.10615485161542892
1519,1.0,30.0,10.0,0.3,10000.0,107.0,0.08856250097354253
1520,1.0,30.0,10.0,0.5,0.0,43.0,0.10106047242879868
1521,1.0,30.0,10.0,0.5,10.0,38.0,0.10388875752687454
1522,1.0,30.0,10.0,0.5,100.0,44.0,0.1064121921857198
1523,1.0,30.0,10.0,0.5,1000.0,73.0,0.10837313284476598
1524,1.0,30.0,10.0,0.5,10000.0,51.0,0.10508587459723155
1525,1.0,30.0,10.0,0.7,0.0,51.0,0.12318677703539531
1526,1.0,30.0,10.0,0.7,10.0,47.0,0.12736915796995163
1527,1.0,30.0,10.0,0.7,100.0,44.0,0.13457637280225754
1528,1.0,30.0,10.0,0.7,1000.0,51.0,0.12852273136377335
1529,1.0,30.0,10.0,0.7,10000.0,55.0,0.12952562173207602
1530,1.0,30.0,15.0,0.3,0.0,66.0,0.10547504077355067
1531,1.0,30.0,15.0,0.3,10.0,36.0,0.10788834095001221
1532,1.0,30.0,15.0,0.3,100.0,32.0,0.10942068944374721
1533,1.0,30.0,15.0,0.3,1000.0,30.0,0.10835630198319753
1534,1.0,30.0,15.0,0.3,10000.0,34.0,0.10797435790300369
1535,1.0,30.0,15.0,0.5,0.0,55.0,0.09701590985059738
1536,1.0,30.0,15.0,0.5,10.0,43.0,0.10525319973627727
1537,1.0,30.0,15.0,0.5,100.0,47.0,0.10585316767295201
1538,1.0,30.0,15.0,0.5,1000.0,30.0,0.10333357999722163
1539,1.0,30.0,15.0,0.5,10000.0,33.0,0.1048370177547137
1540,1.0,30.0,15.0,0.7,0.0,50.0,0.1158229907353719
1541,1.0,30.0,15.0,0.7,10.0,56.0,0.11233628292878468
1542,1.0,30.0,15.0,0.7,100.0,44.0,0.114112988114357
1543,1.0,30.0,15.0,0.7,1000.0,45.0,0.11306142310301463
1544,1.0,30.0,15.0,0.7,10000.0,64.0,0.114930955072244
1545,1.0,30.0,20.0,0.3,0.0,34.0,0.10658419628938039
1546,1.0,30.0,20.0,0.3,10.0,33.0,0.10733102510372798
1547,1.0,30.0,20.0,0.3,100.0,35.0,0.10574234028657277
1548,1.0,30.0,20.0,0.3,1000.0,34.0,0.11220773309469223
1549,1.0,30.0,20.0,0.3,10000.0,29.0,0.10996252795060475
1550,1.0,30.0,20.0,0.5,0.0,33.0,0.10258377095063527
1551,1.0,30.0,20.0,0.5,10.0,32.0,0.10189029574394226
1552,1.0,30.0,20.0,0.5,100.0,34.0,0.10240185757478078
1553,1.0,30.0,20.0,0.5,1000.0,30.0,0.107242484887441
1554,1.0,30.0,20.0,0.5,10000.0,27.0,0.10455762098232906
1555,1.0,30.0,20.0,0.7,0.0,33.0,0.11470000445842743
1556,1.0,30.0,20.0,0.7,10.0,38.0,0.10346294194459915
1557,1.0,30.0,20.0,0.7,100.0,43.0,0.11792247245709102
1558,1.0,30.0,20.0,0.7,1000.0,44.0,0.11139487475156784
1559,1.0,30.0,20.0,0.7,10000.0,32.0,0.10868437091509502
1560,1.0,30.0,25.0,0.3,0.0,30.0,0.11006761093934377
1561,1.0,30.0,25.0,0.3,10.0,30.0,0.11036031941572826
1562,1.0,30.0,25.0,0.3,100.0,40.0,0.11060355852047603
1563,1.0,30.0,25.0,0.3,1000.0,35.0,0.11594168345133464
1564,1.0,30.0,25.0,0.3,10000.0,34.0,0.11351631085077922
1565,1.0,30.0,25.0,0.5,0.0,37.0,0.10669513046741486
1566,1.0,30.0,25.0,0.5,10.0,35.0,0.10474405189355214
1567,1.0,30.0,25.0,0.5,100.0,50.0,0.1066286563873291
1568,1.0,30.0,25.0,0.5,1000.0,32.0,0.10787030557791392
1569,1.0,30.0,25.0,0.5,10000.0,35.0,0.10437887658675511
1570,1.0,30.0,25.0,0.7,0.0,49.0,0.1087110663453738
1571,1.0,30.0,25.0,0.7,10.0,54.0,0.11068801333506902
1572,1.0,30.0,25.0,0.7,100.0,44.0,0.11176246404647827
1573,1.0,30.0,25.0,0.7,1000.0,36.0,0.11205673466126125
1574,1.0,30.0,25.0,0.7,10000.0,39.0,0.10325103749831517
1575,1.0,30.0,30.0,0.3,0.0,29.0,0.10366545369227727
1576,1.0,30.0,30.0,0.3,10.0,27.0,0.11008311559756596
1577,1.0,30.0,30.0,0.3,100.0,31.0,0.11558521538972855
1578,1.0,30.0,30.0,0.3,1000.0,30.0,0.10968464116255443
1579,1.0,30.0,30.0,0.3,10000.0,26.0,0.10601029793421428
1580,1.0,30.0,30.0,0.5,0.0,33.0,0.10049391289552052
1581,1.0,30.0,30.0,0.5,10.0,27.0,0.10427467028299968
1582,1.0,30.0,30.0,0.5,100.0,33.0,0.10878519713878632
1583,1.0,30.0,30.0,0.5,1000.0,32.0,0.10638433943192165
1584,1.0,30.0,30.0,0.5,10000.0,26.0,0.10262236992518108
1585,1.0,30.0,30.0,0.7,0.0,32.0,0.11018331348896027
1586,1.0,30.0,30.0,0.7,10.0,31.0,0.10579729080200195
1587,1.0,30.0,30.0,0.7,100.0,41.0,0.1082744300365448
1588,1.0,30.0,30.0,0.7,1000.0,36.0,0.10577560216188431
1589,1.0,30.0,30.0,0.7,10000.0,32.0,0.10222326964139938
1590,1.0,30.0,35.0,0.3,0.0,34.0,0.11555518954992294
1591,1.0,30.0,35.0,0.3,10.0,26.0,0.11063484102487564
1592,1.0,30.0,35.0,0.3,100.0,32.0,0.11467080314954121
1593,1.0,30.0,35.0,0.3,1000.0,29.0,0.1080053448677063
1594,1.0,30.0,35.0,0.3,10000.0,26.0,0.10936557998259862
1595,1.0,30.0,35.0,0.5,0.0,24.0,0.1045384332537651
1596,1.0,30.0,35.0,0.5,10.0,25.0,0.10341391464074452
1597,1.0,30.0,35.0,0.5,100.0,32.0,0.10870316872994105
1598,1.0,30.0,35.0,0.5,1000.0,30.0,0.10480037828286488
1599,1.0,30.0,35.0,0.5,10000.0,33.0,0.10626612355311711
1600,1.0,30.0,35.0,0.7,0.0,25.0,0.10306389878193538
1601,1.0,30.0,35.0,0.7,10.0,28.0,0.10487004369497299
1602,1.0,30.0,35.0,0.7,100.0,31.0,0.10696784158547719
1603,1.0,30.0,35.0,0.7,1000.0,33.0,0.10585137208302815
1604,1.0,30.0,35.0,0.7,10000.0,32.0,0.10233762363592784
1605,1.0,30.0,40.0,0.3,0.0,30.0,0.1103467767437299
1606,1.0,30.0,40.0,0.3,10.0,30.0,0.11140785117944081
1607,1.0,30.0,40.0,0.3,100.0,33.0,0.11554042001565297
1608,1.0,30.0,40.0,0.3,1000.0,28.0,0.1120872696240743
1609,1.0,30.0,40.0,0.3,10000.0,34.0,0.10988331586122513
1610,1.0,30.0,40.0,0.5,0.0,27.0,0.1073972557981809
1611,1.0,30.0,40.0,0.5,10.0,30.0,0.10451867928107579
1612,1.0,30.0,40.0,0.5,100.0,33.0,0.10894553363323212
1613,1.0,30.0,40.0,0.5,1000.0,27.0,0.1053503726919492
1614,1.0,30.0,40.0,0.5,10000.0,34.0,0.10515629996856053
1615,1.0,30.0,40.0,0.7,0.0,26.0,0.10233986874421437
1616,1.0,30.0,40.0,0.7,10.0,34.0,0.10249120493729909
1617,1.0,30.0,40.0,0.7,100.0,44.0,0.10446530332167943
1618,1.0,30.0,40.0,0.7,1000.0,31.0,0.10587245474259059
1619,1.0,30.0,40.0,0.7,10000.0,36.0,0.1018037994702657
1620,1.0,30.0,45.0,0.3,0.0,34.0,0.10870444774627686
1621,1.0,30.0,45.0,0.3,10.0,30.0,0.11126818507909775
1622,1.0,30.0,45.0,0.3,100.0,30.0,0.1146151249607404
1623,1.0,30.0,45.0,0.3,1000.0,23.0,0.10996507356564204
1624,1.0,30.0,45.0,0.3,10000.0,33.0,0.1115356981754303
1625,1.0,30.0,45.0,0.5,0.0,34.0,0.10425958037376404
1626,1.0,30.0,45.0,0.5,10.0,30.0,0.1070736547311147
1627,1.0,30.0,45.0,0.5,100.0,33.0,0.11050181587537129
1628,1.0,30.0,45.0,0.5,1000.0,24.0,0.10505020866791408
1629,1.0,30.0,45.0,0.5,10000.0,30.0,0.10596524924039841
1630,1.0,30.0,45.0,0.7,0.0,33.0,0.10311547915140788
1631,1.0,30.0,45.0,0.7,10.0,26.0,0.10191405316193898
1632,1.0,30.0,45.0,0.7,100.0,36.0,0.10565168907245
1633,1.0,30.0,45.0,0.7,1000.0,27.0,0.10256257901589076
1634,1.0,30.0,45.0,0.7,10000.0,33.0,0.10280696302652359
1635,1.0,30.0,50.0,0.3,0.0,25.0,0.10994060337543488
1636,1.0,30.0,50.0,0.3,10.0,26.0,0.11130597690741222
1637,1.0,30.0,50.0,0.3,100.0,26.0,0.1157857080300649
1638,1.0,30.0,50.0,0.3,1000.0,31.0,0.10880204041798909
1639,1.0,30.0,50.0,0.3,10000.0,35.0,0.10867693275213242
1640,1.0,30.0,50.0,0.5,0.0,27.0,0.10494726896286011
1641,1.0,30.0,50.0,0.5,10.0,26.0,0.10649109135071437
1642,1.0,30.0,50.0,0.5,100.0,26.0,0.10831528902053833
1643,1.0,30.0,50.0,0.5,1000.0,27.0,0.10443151990572612
1644,1.0,30.0,50.0,0.5,10000.0,35.0,0.1040579080581665
1645,1.0,30.0,50.0,0.7,0.0,37.0,0.10147373626629512
1646,1.0,30.0,50.0,0.7,10.0,28.0,0.10357055813074112
1647,1.0,30.0,50.0,0.7,100.0,27.0,0.10306995362043381
1648,1.0,30.0,50.0,0.7,1000.0,36.0,0.10420222580432892
1649,1.0,30.0,50.0,0.7,10000.0,41.0,0.10248810052871704
1650,2.0,30.0,5.0,0.3,0.0,56.0,0.08527898788452148
1651,2.0,30.0,5.0,0.3,10.0,37.0,0.10183677077293396
1652,2.0,30.0,5.0,0.3,100.0,75.0,0.10970314592123032
1653,2.0,30.0,5.0,0.3,1000.0,34.0,0.09878744433323543
1654,2.0,30.0,5.0,0.3,10000.0,92.0,0.11146967361370723
1655,2.0,30.0,5.0,0.5,0.0,59.0,0.10240459442138672
1656,2.0,30.0,5.0,0.5,10.0,34.0,0.10292161504427592
1657,2.0,30.0,5.0,0.5,100.0,90.0,0.11858215679725011
1658,2.0,30.0,5.0,0.5,1000.0,36.0,0.10945051660140355
1659,2.0,30.0,5.0,0.5,10000.0,84.0,0.1575405846039454
1660,2.0,30.0,5.0,0.7,0.0,38.0,0.16989631950855255
1661,2.0,30.0,5.0,0.7,10.0,41.0,0.13577664146820703
1662,2.0,30.0,5.0,0.7,100.0,63.0,0.19116433461507162
1663,2.0,30.0,5.0,0.7,1000.0,36.0,0.15132201462984085
1664,2.0,30.0,5.0,0.7,10000.0,46.0,0.26156869033972424
1665,2.0,30.0,10.0,0.3,0.0,30.0,0.09800703078508377
1666,2.0,30.0,10.0,0.3,10.0,81.0,0.08759104957183202
1667,2.0,30.0,10.0,0.3,100.0,78.0,0.09240369002024333
1668,2.0,30.0,10.0,0.3,1000.0,33.0,0.09793396542469661
1669,2.0,30.0,10.0,0.3,10000.0,65.0,0.08686970050136249
1670,2.0,30.0,10.0,0.5,0.0,36.0,0.10551151384909947
1671,2.0,30.0,10.0,0.5,10.0,89.0,0.09464405725399654
1672,2.0,30.0,10.0,0.5,100.0,78.0,0.10074587414662044
1673,2.0,30.0,10.0,0.5,1000.0,45.0,0.1005028709769249
1674,2.0,30.0,10.0,0.5,10000.0,73.0,0.09873185927669208
1675,2.0,30.0,10.0,0.7,0.0,37.0,0.14570008466641107
1676,2.0,30.0,10.0,0.7,10.0,47.0,0.12463739017645518
1677,2.0,30.0,10.0,0.7,100.0,44.0,0.14482255031665167
1678,2.0,30.0,10.0,0.7,1000.0,34.0,0.12136691311995189
1679,2.0,30.0,10.0,0.7,10000.0,53.0,0.1306910216808319
1680,2.0,30.0,15.0,0.3,0.0,49.0,0.0995544617374738
1681,2.0,30.0,15.0,0.3,10.0,30.0,0.10305713613828023
1682,2.0,30.0,15.0,0.3,100.0,31.0,0.10225536674261093
1683,2.0,30.0,15.0,0.3,1000.0,35.0,0.10502173006534576
1684,2.0,30.0,15.0,0.3,10000.0,33.0,0.10236285875240962
1685,2.0,30.0,15.0,0.5,0.0,74.0,0.08796774720152219
1686,2.0,30.0,15.0,0.5,10.0,33.0,0.09711709370215733
1687,2.0,30.0,15.0,0.5,100.0,32.0,0.10096139957507451
1688,2.0,30.0,15.0,0.5,1000.0,41.0,0.10269086559613545
1689,2.0,30.0,15.0,0.5,10000.0,35.0,0.10141377399365108
1690,2.0,30.0,15.0,0.7,0.0,82.0,0.09560352812210719
1691,2.0,30.0,15.0,0.7,10.0,56.0,0.11472431321938832
1692,2.0,30.0,15.0,0.7,100.0,59.0,0.1107795387506485
1693,2.0,30.0,15.0,0.7,1000.0,43.0,0.11588932573795319
1694,2.0,30.0,15.0,0.7,10000.0,28.0,0.11524820079406102
1695,2.0,30.0,20.0,0.3,0.0,28.0,0.10064744452635448
1696,2.0,30.0,20.0,0.3,10.0,29.0,0.10418065388997395
1697,2.0,30.0,20.0,0.3,100.0,27.0,0.1019446924328804
1698,2.0,30.0,20.0,0.3,1000.0,30.0,0.09877988199392955
1699,2.0,30.0,20.0,0.3,10000.0,38.0,0.10036178429921468
1700,2.0,30.0,20.0,0.5,0.0,30.0,0.10228400925795238
1701,2.0,30.0,20.0,0.5,10.0,35.0,0.10205468287070592
1702,2.0,30.0,20.0,0.5,100.0,30.0,0.09992332011461258
1703,2.0,30.0,20.0,0.5,1000.0,30.0,0.10017157097657521
1704,2.0,30.0,20.0,0.5,10000.0,37.0,0.09993934631347656
1705,2.0,30.0,20.0,0.7,0.0,32.0,0.11316157629092534
1706,2.0,30.0,20.0,0.7,10.0,34.0,0.10713955760002136
1707,2.0,30.0,20.0,0.7,100.0,47.0,0.10941705852746964
1708,2.0,30.0,20.0,0.7,1000.0,34.0,0.10667821764945984
1709,2.0,30.0,20.0,0.7,10000.0,32.0,0.1111698920528094
1710,2.0,30.0,25.0,0.3,0.0,28.0,0.10267749428749084
1711,2.0,30.0,25.0,0.3,10.0,25.0,0.10442486902077992
1712,2.0,30.0,25.0,0.3,100.0,30.0,0.10197455684343974
1713,2.0,30.0,25.0,0.3,1000.0,26.0,0.10476290186246236
1714,2.0,30.0,25.0,0.3,10000.0,29.0,0.10393522431453069
1715,2.0,30.0,25.0,0.5,0.0,36.0,0.10130840043226878
1716,2.0,30.0,25.0,0.5,10.0,30.0,0.10164112100998561
1717,2.0,30.0,25.0,0.5,100.0,36.0,0.09970222910245259
1718,2.0,30.0,25.0,0.5,1000.0,26.0,0.10120547314484914
1719,2.0,30.0,25.0,0.5,10000.0,27.0,0.10039114703734715
1720,2.0,30.0,25.0,0.7,0.0,38.0,0.1048009196917216
1721,2.0,30.0,25.0,0.7,10.0,36.0,0.10275409619013469
1722,2.0,30.0,25.0,0.7,100.0,38.0,0.1052749827504158
1723,2.0,30.0,25.0,0.7,1000.0,36.0,0.10560645163059235
1724,2.0,30.0,25.0,0.7,10000.0,27.0,0.10502508531014125
1725,2.0,30.0,30.0,0.3,0.0,28.0,0.09801545242468516
1726,2.0,30.0,30.0,0.3,10.0,27.0,0.10379723211129506
1727,2.0,30.0,30.0,0.3,100.0,25.0,0.10636820147434871
1728,2.0,30.0,30.0,0.3,1000.0,26.0,0.10341697186231613
1729,2.0,30.0,30.0,0.3,10000.0,26.0,0.10340105990568797
1730,2.0,30.0,30.0,0.5,0.0,27.0,0.10024061053991318
1731,2.0,30.0,30.0,0.5,10.0,26.0,0.10006331404050191
1732,2.0,30.0,30.0,0.5,100.0,26.0,0.1038340652982394
1733,2.0,30.0,30.0,0.5,1000.0,30.0,0.10109884291887283
1734,2.0,30.0,30.0,0.5,10000.0,23.0,0.09902949382861455
1735,2.0,30.0,30.0,0.7,0.0,92.0,0.09432330603400867
1736,2.0,30.0,30.0,0.7,10.0,46.0,0.09950434416532516
1737,2.0,30.0,30.0,0.7,100.0,32.0,0.10403402646382649
1738,2.0,30.0,30.0,0.7,1000.0,32.0,0.10008295128742854
1739,2.0,30.0,30.0,0.7,10000.0,28.0,0.10385568688313167
1740,2.0,30.0,35.0,0.3,0.0,28.0,0.10497436672449112
1741,2.0,30.0,35.0,0.3,10.0,30.0,0.10477319359779358
1742,2.0,30.0,35.0,0.3,100.0,23.0,0.10489819943904877
1743,2.0,30.0,35.0,0.3,1000.0,26.0,0.10433355470498402
1744,2.0,30.0,35.0,0.3,10000.0,35.0,0.10375124464432399
1745,2.0,30.0,35.0,0.5,0.0,28.0,0.09978993237018585
1746,2.0,30.0,35.0,0.5,10.0,32.0,0.10106806953748067
1747,2.0,30.0,35.0,0.5,100.0,22.0,0.0996995468934377
1748,2.0,30.0,35.0,0.5,1000.0,25.0,0.10085753351449966
1749,2.0,30.0,35.0,0.5,10000.0,34.0,0.10051458825667699
1750,2.0,30.0,35.0,0.7,0.0,32.0,0.10460847864548366
1751,2.0,30.0,35.0,0.7,10.0,32.0,0.10102574775616328
1752,2.0,30.0,35.0,0.7,100.0,28.0,0.09839834272861481
1753,2.0,30.0,35.0,0.7,1000.0,32.0,0.10231934239466985
1754,2.0,30.0,35.0,0.7,10000.0,40.0,0.10308099041382472
1755,2.0,30.0,40.0,0.3,0.0,23.0,0.10517240812381108
1756,2.0,30.0,40.0,0.3,10.0,30.0,0.10554461926221848
1757,2.0,30.0,40.0,0.3,100.0,26.0,0.10757615665594737
1758,2.0,30.0,40.0,0.3,1000.0,23.0,0.1030949279665947
1759,2.0,30.0,40.0,0.3,10000.0,23.0,0.10483269641796748
1760,2.0,30.0,40.0,0.5,0.0,24.0,0.10012407600879669
1761,2.0,30.0,40.0,0.5,10.0,32.0,0.10079387327035268
1762,2.0,30.0,40.0,0.5,100.0,30.0,0.10260930160681407
1763,2.0,30.0,40.0,0.5,1000.0,23.0,0.10130445410807927
1764,2.0,30.0,40.0,0.5,10000.0,26.0,0.10225287576516469
1765,2.0,30.0,40.0,0.7,0.0,26.0,0.09967932353417079
1766,2.0,30.0,40.0,0.7,10.0,34.0,0.09914262592792511
1767,2.0,30.0,40.0,0.7,100.0,28.0,0.10082592566808064
1768,2.0,30.0,40.0,0.7,1000.0,31.0,0.10549196849266688
1769,2.0,30.0,40.0,0.7,10000.0,27.0,0.10473910967508952
1770,2.0,30.0,45.0,0.3,0.0,27.0,0.10494661331176758
1771,2.0,30.0,45.0,0.3,10.0,27.0,0.10455321023861568
1772,2.0,30.0,45.0,0.3,100.0,24.0,0.10004988064368565
1773,2.0,30.0,45.0,0.3,1000.0,23.0,0.10536204526821773
1774,2.0,30.0,45.0,0.3,10000.0,23.0,0.10375516364971797
1775,2.0,30.0,45.0,0.5,0.0,27.0,0.10141017784674962
1776,2.0,30.0,45.0,0.5,10.0,26.0,0.1035155678788821
1777,2.0,30.0,45.0,0.5,100.0,30.0,0.10059309999148051
1778,2.0,30.0,45.0,0.5,1000.0,23.0,0.10110976298650105
1779,2.0,30.0,45.0,0.5,10000.0,23.0,0.10131505380074184
1780,2.0,30.0,45.0,0.7,0.0,28.0,0.1009989008307457
1781,2.0,30.0,45.0,0.7,10.0,30.0,0.10227785756190617
1782,2.0,30.0,45.0,0.7,100.0,40.0,0.1021843155225118
1783,2.0,30.0,45.0,0.7,1000.0,26.0,0.1012473776936531
1784,2.0,30.0,45.0,0.7,10000.0,33.0,0.103318952023983
1785,2.0,30.0,50.0,0.3,0.0,23.0,0.10152214517196019
1786,2.0,30.0,50.0,0.3,10.0,25.0,0.1080591802795728
1787,2.0,30.0,50.0,0.3,100.0,23.0,0.11021154622236888
1788,2.0,30.0,50.0,0.3,1000.0,25.0,0.10667937248945236
1789,2.0,30.0,50.0,0.3,10000.0,25.0,0.1069340854883194
1790,2.0,30.0,50.0,0.5,0.0,27.0,0.09816194325685501
1791,2.0,30.0,50.0,0.5,10.0,25.0,0.10208259522914886
1792,2.0,30.0,50.0,0.5,100.0,22.0,0.10423218458890915
1793,2.0,30.0,50.0,0.5,1000.0,27.0,0.10398559520641963
1794,2.0,30.0,50.0,0.5,10000.0,25.0,0.10092813024918239
1795,2.0,30.0,50.0,0.7,0.0,28.0,0.09705973168214162
1796,2.0,30.0,50.0,0.7,10.0,27.0,0.10180622587601344
1797,2.0,30.0,50.0,0.7,100.0,28.0,0.10203558951616287
1798,2.0,30.0,50.0,0.7,1000.0,26.0,0.1023737241824468
1799,2.0,30.0,50.0,0.7,10000.0,26.0,0.10281280179818471
1800,1.0,35.0,5.0,0.3,0.0,265.0,0.25259120762348175
1801,1.0,35.0,5.0,0.3,10.0,92.0,0.08865913252035777
1802,1.0,35.0,5.0,0.3,100.0,40.0,0.09019248684247334
1803,1.0,35.0,5.0,0.3,1000.0,290.0,0.2563360134760539
1804,1.0,35.0,5.0,0.3,10000.0,285.0,0.23676201204458872
1805,1.0,35.0,5.0,0.5,0.0,15.0,0.3417120923598607
1806,1.0,35.0,5.0,0.5,10.0,52.0,0.12644225607315698
1807,1.0,35.0,5.0,0.5,100.0,52.0,0.09873141100009282
1808,1.0,35.0,5.0,0.5,1000.0,214.0,0.31989915172259015
1809,1.0,35.0,5.0,0.5,10000.0,130.0,0.31255051493644714
1810,1.0,35.0,5.0,0.7,0.0,39.0,0.3790024518966675
1811,1.0,35.0,5.0,0.7,10.0,93.0,0.1749876985947291
1812,1.0,35.0,5.0,0.7,100.0,61.0,0.15127315123875937
1813,1.0,35.0,5.0,0.7,1000.0,139.0,0.3851770758628845
1814,1.0,35.0,5.0,0.7,10000.0,52.0,0.3739120215177536
1815,1.0,35.0,10.0,0.3,0.0,35.0,0.10581313073635101
1816,1.0,35.0,10.0,0.3,10.0,53.0,0.1183997318148613
1817,1.0,35.0,10.0,0.3,100.0,113.0,0.09466827909151714
1818,1.0,35.0,10.0,0.3,1000.0,156.0,0.08163552482922871
1819,1.0,35.0,10.0,0.3,10000.0,36.0,0.10216494649648666
1820,1.0,35.0,10.0,0.5,0.0,33.0,0.10812999059756596
1821,1.0,35.0,10.0,0.5,10.0,47.0,0.11548119286696117
1822,1.0,35.0,10.0,0.5,100.0,42.0,0.1062282423178355
1823,1.0,35.0,10.0,0.5,1000.0,50.0,0.10044649491707484
1824,1.0,35.0,10.0,0.5,10000.0,44.0,0.10664230585098267
1825,1.0,35.0,10.0,0.7,0.0,32.0,0.13268288224935532
1826,1.0,35.0,10.0,0.7,10.0,44.0,0.14668592562278113
1827,1.0,35.0,10.0,0.7,100.0,37.0,0.1363910734653473
1828,1.0,35.0,10.0,0.7,1000.0,49.0,0.1397736743092537
1829,1.0,35.0,10.0,0.7,10000.0,40.0,0.12483810881773631
1830,1.0,35.0,15.0,0.3,0.0,32.0,0.10675932218631108
1831,1.0,35.0,15.0,0.3,10.0,43.0,0.1008363092939059
1832,1.0,35.0,15.0,0.3,100.0,108.0,0.11239346861839294
1833,1.0,35.0,15.0,0.3,1000.0,31.0,0.10810919106006622
1834,1.0,35.0,15.0,0.3,10000.0,33.0,0.10544366141160329
1835,1.0,35.0,15.0,0.5,0.0,33.0,0.10345864295959473
1836,1.0,35.0,15.0,0.5,10.0,42.0,0.10177458077669144
1837,1.0,35.0,15.0,0.5,100.0,54.0,0.10122946153084438
1838,1.0,35.0,15.0,0.5,1000.0,44.0,0.10602463285128276
1839,1.0,35.0,15.0,0.5,10000.0,35.0,0.10547217726707458
1840,1.0,35.0,15.0,0.7,0.0,44.0,0.10963929196198781
1841,1.0,35.0,15.0,0.7,10.0,35.0,0.12551802148421606
1842,1.0,35.0,15.0,0.7,100.0,43.0,0.12666807820399603
1843,1.0,35.0,15.0,0.7,1000.0,48.0,0.1158579761783282
1844,1.0,35.0,15.0,0.7,10000.0,54.0,0.11511991669734319
1845,1.0,35.0,20.0,0.3,0.0,29.0,0.10857645670572917
1846,1.0,35.0,20.0,0.3,10.0,34.0,0.10533867279688518
1847,1.0,35.0,20.0,0.3,100.0,34.0,0.10626749942700069
1848,1.0,35.0,20.0,0.3,1000.0,31.0,0.10675340394179027
1849,1.0,35.0,20.0,0.3,10000.0,35.0,0.11200600365797679
1850,1.0,35.0,20.0,0.5,0.0,34.0,0.1057960366209348
1851,1.0,35.0,20.0,0.5,10.0,34.0,0.10443439582983653
1852,1.0,35.0,20.0,0.5,100.0,34.0,0.10126336912314098
1853,1.0,35.0,20.0,0.5,1000.0,36.0,0.10255767653385799
1854,1.0,35.0,20.0,0.5,10000.0,37.0,0.10375716785589854
1855,1.0,35.0,20.0,0.7,0.0,33.0,0.12303004662195842
1856,1.0,35.0,20.0,0.7,10.0,37.0,0.11101594318946202
1857,1.0,35.0,20.0,0.7,100.0,29.0,0.1079766849676768
1858,1.0,35.0,20.0,0.7,1000.0,43.0,0.1040647601087888
1859,1.0,35.0,20.0,0.7,10000.0,46.0,0.11196150630712509
1860,1.0,35.0,25.0,0.3,0.0,30.0,0.112559641400973
1861,1.0,35.0,25.0,0.3,10.0,34.0,0.1085146168867747
1862,1.0,35.0,25.0,0.3,100.0,89.0,0.08478397627671559
1863,1.0,35.0,25.0,0.3,1000.0,35.0,0.10891322543223698
1864,1.0,35.0,25.0,0.3,10000.0,35.0,0.10852036625146866
1865,1.0,35.0,25.0,0.5,0.0,27.0,0.10684678951899211
1866,1.0,35.0,25.0,0.5,10.0,26.0,0.10352668166160583
1867,1.0,35.0,25.0,0.5,100.0,31.0,0.10314464072386424
1868,1.0,35.0,25.0,0.5,1000.0,38.0,0.10168401648600896
1869,1.0,35.0,25.0,0.5,10000.0,35.0,0.10377319902181625
1870,1.0,35.0,25.0,0.7,0.0,38.0,0.1068618893623352
1871,1.0,35.0,25.0,0.7,10.0,40.0,0.10692476481199265
1872,1.0,35.0,25.0,0.7,100.0,31.0,0.1083455706636111
1873,1.0,35.0,25.0,0.7,1000.0,43.0,0.10586220522721608
1874,1.0,35.0,25.0,0.7,10000.0,39.0,0.11360680560270946
1875,1.0,35.0,30.0,0.3,0.0,30.0,0.10854913791020711
1876,1.0,35.0,30.0,0.3,10.0,26.0,0.11117272078990936
1877,1.0,35.0,30.0,0.3,100.0,34.0,0.1081264391541481
1878,1.0,35.0,30.0,0.3,1000.0,35.0,0.10918297370274861
1879,1.0,35.0,30.0,0.3,10000.0,26.0,0.10877636571725209
1880,1.0,35.0,30.0,0.5,0.0,30.0,0.10473956664403279
1881,1.0,35.0,30.0,0.5,10.0,25.0,0.10263852030038834
1882,1.0,35.0,30.0,0.5,100.0,34.0,0.10705957561731339
1883,1.0,35.0,30.0,0.5,1000.0,35.0,0.10405807693799336
1884,1.0,35.0,30.0,0.5,10000.0,26.0,0.10508019477128983
1885,1.0,35.0,30.0,0.7,0.0,44.0,0.1080309475461642
1886,1.0,35.0,30.0,0.7,10.0,32.0,0.10415222495794296
1887,1.0,35.0,30.0,0.7,100.0,41.0,0.10694030423959096
1888,1.0,35.0,30.0,0.7,1000.0,30.0,0.10534021506706874
1889,1.0,35.0,30.0,0.7,10000.0,35.0,0.106236236790816
1890,1.0,35.0,35.0,0.3,0.0,29.0,0.11148147284984589
1891,1.0,35.0,35.0,0.3,10.0,30.0,0.10941430429617564
1892,1.0,35.0,35.0,0.3,100.0,34.0,0.10744019597768784
1893,1.0,35.0,35.0,0.3,1000.0,28.0,0.10865744948387146
1894,1.0,35.0,35.0,0.3,10000.0,29.0,0.10955880085627238
1895,1.0,35.0,35.0,0.5,0.0,30.0,0.10658138245344162
1896,1.0,35.0,35.0,0.5,10.0,30.0,0.10604841510454814
1897,1.0,35.0,35.0,0.5,100.0,34.0,0.1038781280318896
1898,1.0,35.0,35.0,0.5,1000.0,28.0,0.10562801361083984
1899,1.0,35.0,35.0,0.5,10000.0,26.0,0.1052137091755867
1900,1.0,35.0,35.0,0.7,0.0,35.0,0.10686302681763966
1901,1.0,35.0,35.0,0.7,10.0,34.0,0.10450457284847896
1902,1.0,35.0,35.0,0.7,100.0,37.0,0.10539823522170384
1903,1.0,35.0,35.0,0.7,1000.0,40.0,0.10696177432934444
1904,1.0,35.0,35.0,0.7,10000.0,32.0,0.10892018179098766
1905,1.0,35.0,40.0,0.3,0.0,29.0,0.10972922792037328
1906,1.0,35.0,40.0,0.3,10.0,31.0,0.10997465252876282
1907,1.0,35.0,40.0,0.3,100.0,24.0,0.10845278451840083
1908,1.0,35.0,40.0,0.3,1000.0,28.0,0.11019815256198247
1909,1.0,35.0,40.0,0.3,10000.0,33.0,0.10913598289092381
1910,1.0,35.0,40.0,0.5,0.0,31.0,0.10489225387573242
1911,1.0,35.0,40.0,0.5,10.0,27.0,0.10586633533239365
1912,1.0,35.0,40.0,0.5,100.0,31.0,0.10540274033943813
1913,1.0,35.0,40.0,0.5,1000.0,27.0,0.10450621694326401
1914,1.0,35.0,40.0,0.5,10000.0,26.0,0.10445216049750645
1915,1.0,35.0,40.0,0.7,0.0,34.0,0.10165530194838841
1916,1.0,35.0,40.0,0.7,10.0,33.0,0.10347313433885574
1917,1.0,35.0,40.0,0.7,100.0,26.0,0.10237409919500351
1918,1.0,35.0,40.0,0.7,1000.0,26.0,0.10315392414728801
1919,1.0,35.0,40.0,0.7,10000.0,38.0,0.10364693403244019
1920,1.0,35.0,45.0,0.3,0.0,29.0,0.11037094394365947
1921,1.0,35.0,45.0,0.3,10.0,31.0,0.10872198144594829
1922,1.0,35.0,45.0,0.3,100.0,21.0,0.10882552713155746
1923,1.0,35.0,45.0,0.3,1000.0,31.0,0.11385038495063782
1924,1.0,35.0,45.0,0.3,10000.0,29.0,0.10792908817529678
1925,1.0,35.0,45.0,0.5,0.0,27.0,0.10829143971204758
1926,1.0,35.0,45.0,0.5,10.0,28.0,0.10244079679250717
1927,1.0,35.0,45.0,0.5,100.0,22.0,0.10712577899297078
1928,1.0,35.0,45.0,0.5,1000.0,28.0,0.10928830752770106
1929,1.0,35.0,45.0,0.5,10000.0,24.0,0.10457358260949452
1930,1.0,35.0,45.0,0.7,0.0,34.0,0.10385379443566005
1931,1.0,35.0,45.0,0.7,10.0,33.0,0.10444142917792003
1932,1.0,35.0,45.0,0.7,100.0,28.0,0.10238104561964671
1933,1.0,35.0,45.0,0.7,1000.0,33.0,0.10495563348134358
1934,1.0,35.0,45.0,0.7,10000.0,38.0,0.10669305423895518
1935,1.0,35.0,50.0,0.3,0.0,27.0,0.11141483734051387
1936,1.0,35.0,50.0,0.3,10.0,25.0,0.1099738876024882
1937,1.0,35.0,50.0,0.3,100.0,26.0,0.11348315825064977
1938,1.0,35.0,50.0,0.3,1000.0,25.0,0.11024472614129384
1939,1.0,35.0,50.0,0.3,10000.0,33.0,0.10833343366781871
1940,1.0,35.0,50.0,0.5,0.0,27.0,0.10807989786068599
1941,1.0,35.0,50.0,0.5,10.0,25.0,0.1051536574959755
1942,1.0,35.0,50.0,0.5,100.0,25.0,0.10753870507081349
1943,1.0,35.0,50.0,0.5,1000.0,28.0,0.1050879533092181
1944,1.0,35.0,50.0,0.5,10000.0,27.0,0.10383956879377365
1945,1.0,35.0,50.0,0.7,0.0,29.0,0.10520575692256291
1946,1.0,35.0,50.0,0.7,10.0,32.0,0.10351950426896413
1947,1.0,35.0,50.0,0.7,100.0,26.0,0.10436637202898662
1948,1.0,35.0,50.0,0.7,1000.0,26.0,0.10213521619637807
1949,1.0,35.0,50.0,0.7,10000.0,33.0,0.10223621626694997
1950,2.0,35.0,5.0,0.3,0.0,85.0,0.13784769674142203
1951,2.0,35.0,5.0,0.3,10.0,52.0,0.09951059768597285
1952,2.0,35.0,5.0,0.3,100.0,51.0,0.10207953304052353
1953,2.0,35.0,5.0,0.3,1000.0,40.0,0.09779265274604161
1954,2.0,35.0,5.0,0.3,10000.0,69.0,0.08418674518664677
1955,2.0,35.0,5.0,0.5,0.0,34.0,0.10551002373298009
1956,2.0,35.0,5.0,0.5,10.0,83.0,0.1170060286919276
1957,2.0,35.0,5.0,0.5,100.0,62.0,0.10705469051996867
1958,2.0,35.0,5.0,0.5,1000.0,37.0,0.10652560740709305
1959,2.0,35.0,5.0,0.5,10000.0,48.0,0.10835051039854686
1960,2.0,35.0,5.0,0.7,0.0,34.0,0.13737397640943527
1961,2.0,35.0,5.0,0.7,10.0,77.0,0.14915447433789572
1962,2.0,35.0,5.0,0.7,100.0,34.0,0.1984170526266098
1963,2.0,35.0,5.0,0.7,1000.0,30.0,0.1776930739482244
1964,2.0,35.0,5.0,0.7,10000.0,29.0,0.16631768395503363
1965,2.0,35.0,10.0,0.3,0.0,52.0,0.09004805982112885
1966,2.0,35.0,10.0,0.3,10.0,29.0,0.09957960247993469
1967,2.0,35.0,10.0,0.3,100.0,65.0,0.09778655817111333
1968,2.0,35.0,10.0,0.3,1000.0,34.0,0.09810715913772583
1969,2.0,35.0,10.0,0.3,10000.0,43.0,0.0987928236524264
1970,2.0,35.0,10.0,0.5,0.0,50.0,0.09941451251506805
1971,2.0,35.0,10.0,0.5,10.0,35.0,0.09975689897934596
1972,2.0,35.0,10.0,0.5,100.0,45.0,0.11536833147207896
1973,2.0,35.0,10.0,0.5,1000.0,51.0,0.10200851658980052
1974,2.0,35.0,10.0,0.5,10000.0,39.0,0.10160214950640996
1975,2.0,35.0,10.0,0.7,0.0,48.0,0.1255774274468422
1976,2.0,35.0,10.0,0.7,10.0,43.0,0.11235964049895604
1977,2.0,35.0,10.0,0.7,100.0,54.0,0.17242605239152908
1978,2.0,35.0,10.0,0.7,1000.0,35.0,0.1368054375052452
1979,2.0,35.0,10.0,0.7,10000.0,39.0,0.1414181093374888
1980,2.0,35.0,15.0,0.3,0.0,35.0,0.09658723324537277
1981,2.0,35.0,15.0,0.3,10.0,30.0,0.1011317918697993
1982,2.0,35.0,15.0,0.3,100.0,31.0,0.10011894255876541
1983,2.0,35.0,15.0,0.3,1000.0,26.0,0.09170000503460567
1984,2.0,35.0,15.0,0.3,10000.0,26.0,0.09742832680543263
1985,2.0,35.0,15.0,0.5,0.0,28.0,0.09777937084436417
1986,2.0,35.0,15.0,0.5,10.0,30.0,0.10279690474271774
1987,2.0,35.0,15.0,0.5,100.0,35.0,0.09780056526263554
1988,2.0,35.0,15.0,0.5,1000.0,30.0,0.09813390672206879
1989,2.0,35.0,15.0,0.5,10000.0,96.0,0.10254531602064769
1990,2.0,35.0,15.0,0.7,0.0,33.0,0.10747410108645757
1991,2.0,35.0,15.0,0.7,10.0,37.0,0.11653307328621547
1992,2.0,35.0,15.0,0.7,100.0,30.0,0.11039367566506068
1993,2.0,35.0,15.0,0.7,1000.0,41.0,0.11071798205375671
1994,2.0,35.0,15.0,0.7,10000.0,57.0,0.10805418093999226
1995,2.0,35.0,20.0,0.3,0.0,25.0,0.10323743273814519
1996,2.0,35.0,20.0,0.3,10.0,35.0,0.10307708382606506
1997,2.0,35.0,20.0,0.3,100.0,30.0,0.10216449449459712
1998,2.0,35.0,20.0,0.3,1000.0,25.0,0.10230044772227605
1999,2.0,35.0,20.0,0.3,10000.0,29.0,0.09860663115978241
2000,2.0,35.0,20.0,0.5,0.0,27.0,0.10168202469746272
2001,2.0,35.0,20.0,0.5,10.0,34.0,0.10301521420478821
2002,2.0,35.0,20.0,0.5,100.0,33.0,0.0998110647002856
2003,2.0,35.0,20.0,0.5,1000.0,26.0,0.10140366852283478
2004,2.0,35.0,20.0,0.5,10000.0,29.0,0.09722714374462764
2005,2.0,35.0,20.0,0.7,0.0,44.0,0.10840047150850296
2006,2.0,35.0,20.0,0.7,10.0,40.0,0.11170194546381633
2007,2.0,35.0,20.0,0.7,100.0,35.0,0.10453926523526509
2008,2.0,35.0,20.0,0.7,1000.0,44.0,0.11275838315486908
2009,2.0,35.0,20.0,0.7,10000.0,28.0,0.10224710901578267
2010,2.0,35.0,25.0,0.3,0.0,26.0,0.10683879007895787
2011,2.0,35.0,25.0,0.3,10.0,31.0,0.10244700064261754
2012,2.0,35.0,25.0,0.3,100.0,26.0,0.10380956282218297
2013,2.0,35.0,25.0,0.3,1000.0,30.0,0.09406486650307973
2014,2.0,35.0,25.0,0.3,10000.0,29.0,0.09873923907677333
2015,2.0,35.0,25.0,0.5,0.0,26.0,0.10258821646372478
2016,2.0,35.0,25.0,0.5,10.0,28.0,0.10196910550196965
2017,2.0,35.0,25.0,0.5,100.0,25.0,0.10312234610319138
2018,2.0,35.0,25.0,0.5,1000.0,37.0,0.09650623301664989
2019,2.0,35.0,25.0,0.5,10000.0,29.0,0.09916379551092784
2020,2.0,35.0,25.0,0.7,0.0,28.0,0.10379416247208913
2021,2.0,35.0,25.0,0.7,10.0,37.0,0.10812968760728836
2022,2.0,35.0,25.0,0.7,100.0,28.0,0.10404802113771439
2023,2.0,35.0,25.0,0.7,1000.0,43.0,0.11132081349690755
2024,2.0,35.0,25.0,0.7,10000.0,28.0,0.1072540283203125
2025,2.0,35.0,30.0,0.3,0.0,23.0,0.10202647000551224
2026,2.0,35.0,30.0,0.3,10.0,23.0,0.10356064140796661
2027,2.0,35.0,30.0,0.3,100.0,25.0,0.10712483525276184
2028,2.0,35.0,30.0,0.3,1000.0,23.0,0.10274708022673924
2029,2.0,35.0,30.0,0.3,10000.0,26.0,0.10026890536149342
2030,2.0,35.0,30.0,0.5,0.0,23.0,0.0995575562119484
2031,2.0,35.0,30.0,0.5,10.0,24.0,0.10101690391699474
2032,2.0,35.0,30.0,0.5,100.0,25.0,0.1012781411409378
2033,2.0,35.0,30.0,0.5,1000.0,22.0,0.09905192504326503
2034,2.0,35.0,30.0,0.5,10000.0,26.0,0.0998885730902354
2035,2.0,35.0,30.0,0.7,0.0,29.0,0.10265690584977467
2036,2.0,35.0,30.0,0.7,10.0,33.0,0.09775026142597198
2037,2.0,35.0,30.0,0.7,100.0,30.0,0.1042379414041837
2038,2.0,35.0,30.0,0.7,1000.0,25.0,0.1005084291100502
2039,2.0,35.0,30.0,0.7,10000.0,31.0,0.100351981818676
2040,2.0,35.0,35.0,0.3,0.0,27.0,0.10317702094713847
2041,2.0,35.0,35.0,0.3,10.0,23.0,0.10247651239236195
2042,2.0,35.0,35.0,0.3,100.0,33.0,0.1052890345454216
2043,2.0,35.0,35.0,0.3,1000.0,25.0,0.09806155165036519
2044,2.0,35.0,35.0,0.3,10000.0,26.0,0.09923166284958522
2045,2.0,35.0,35.0,0.5,0.0,27.0,0.0996625969807307
2046,2.0,35.0,35.0,0.5,10.0,25.0,0.09935931613047917
2047,2.0,35.0,35.0,0.5,100.0,33.0,0.10029855867226918
2048,2.0,35.0,35.0,0.5,1000.0,28.0,0.09717617680629094
2049,2.0,35.0,35.0,0.5,10000.0,26.0,0.0997116540869077
2050,2.0,35.0,35.0,0.7,0.0,35.0,0.10176143546899159
2051,2.0,35.0,35.0,0.7,10.0,28.0,0.10363072901964188
2052,2.0,35.0,35.0,0.7,100.0,29.0,0.10093859086434047
2053,2.0,35.0,35.0,0.7,1000.0,25.0,0.10022528221209843
2054,2.0,35.0,35.0,0.7,10000.0,28.0,0.10403604805469513
2055,2.0,35.0,40.0,0.3,0.0,26.0,0.1055242990454038
2056,2.0,35.0,40.0,0.3,10.0,26.0,0.10679592937231064
2057,2.0,35.0,40.0,0.3,100.0,24.0,0.10369945814212163
2058,2.0,35.0,40.0,0.3,1000.0,23.0,0.1059345801671346
2059,2.0,35.0,40.0,0.3,10000.0,24.0,0.10284890979528427
2060,2.0,35.0,40.0,0.5,0.0,27.0,0.10307487348715465
2061,2.0,35.0,40.0,0.5,10.0,23.0,0.10049628218015035
2062,2.0,35.0,40.0,0.5,100.0,33.0,0.09993290901184082
2063,2.0,35.0,40.0,0.5,1000.0,24.0,0.10262664904197057
2064,2.0,35.0,40.0,0.5,10000.0,22.0,0.0988822802901268
2065,2.0,35.0,40.0,0.7,0.0,33.0,0.10256545494000117
2066,2.0,35.0,40.0,0.7,10.0,28.0,0.10329127311706543
2067,2.0,35.0,40.0,0.7,100.0,30.0,0.09813566257556279
2068,2.0,35.0,40.0,0.7,1000.0,26.0,0.10198521614074707
2069,2.0,35.0,40.0,0.7,10000.0,26.0,0.09811894098917644
2070,2.0,35.0,45.0,0.3,0.0,27.0,0.10279178371032079
2071,2.0,35.0,45.0,0.3,10.0,24.0,0.10326599578062694
2072,2.0,35.0,45.0,0.3,100.0,24.0,0.10638721287250519
2073,2.0,35.0,45.0,0.3,1000.0,22.0,0.10645444442828496
2074,2.0,35.0,45.0,0.3,10000.0,21.0,0.10425786674022675
2075,2.0,35.0,45.0,0.5,0.0,27.0,0.10105258723100026
2076,2.0,35.0,45.0,0.5,10.0,21.0,0.0993493174513181
2077,2.0,35.0,45.0,0.5,100.0,22.0,0.10670013974110286
2078,2.0,35.0,45.0,0.5,1000.0,20.0,0.10363596181074779
2079,2.0,35.0,45.0,0.5,10000.0,22.0,0.10165710250536601
2080,2.0,35.0,45.0,0.7,0.0,34.0,0.10277110834916432
2081,2.0,35.0,45.0,0.7,10.0,26.0,0.09977927555640538
2082,2.0,35.0,45.0,0.7,100.0,31.0,0.10339144865671794
2083,2.0,35.0,45.0,0.7,1000.0,24.0,0.10400525232156117
2084,2.0,35.0,45.0,0.7,10000.0,28.0,0.100526658197244
2085,2.0,35.0,50.0,0.3,0.0,26.0,0.10680834700663884
2086,2.0,35.0,50.0,0.3,10.0,24.0,0.10554707795381546
2087,2.0,35.0,50.0,0.3,100.0,20.0,0.10255018373330434
2088,2.0,35.0,50.0,0.3,1000.0,22.0,0.10555616517861684
2089,2.0,35.0,50.0,0.3,10000.0,20.0,0.10493035117785136
2090,2.0,35.0,50.0,0.5,0.0,26.0,0.10197511812051137
2091,2.0,35.0,50.0,0.5,10.0,25.0,0.10198452323675156
2092,2.0,35.0,50.0,0.5,100.0,24.0,0.09979783246914546
2093,2.0,35.0,50.0,0.5,1000.0,24.0,0.10161739587783813
2094,2.0,35.0,50.0,0.5,10000.0,26.0,0.10226306319236755
2095,2.0,35.0,50.0,0.7,0.0,25.0,0.09996447712182999
2096,2.0,35.0,50.0,0.7,10.0,37.0,0.10168600330750148
2097,2.0,35.0,50.0,0.7,100.0,29.0,0.10041509320338567
2098,2.0,35.0,50.0,0.7,1000.0,26.0,0.09974143654108047
2099,2.0,35.0,50.0,0.7,10000.0,28.0,0.1002598578731219
2100,1.0,40.0,5.0,0.3,0.0,117.0,0.1089723731080691
2101,1.0,40.0,5.0,0.3,10.0,99.0,0.10812509308258693
2102,1.0,40.0,5.0,0.3,100.0,45.0,0.1049878125389417
2103,1.0,40.0,5.0,0.3,1000.0,88.0,0.09032199035088222
2104,1.0,40.0,5.0,0.3,10000.0,118.0,0.09674956897894542
2105,1.0,40.0,5.0,0.5,0.0,78.0,0.11271649599075317
2106,1.0,40.0,5.0,0.5,10.0,89.0,0.10602301607529323
2107,1.0,40.0,5.0,0.5,100.0,36.0,0.1046200121442477
2108,1.0,40.0,5.0,0.5,1000.0,52.0,0.11919964849948883
2109,1.0,40.0,5.0,0.5,10000.0,102.0,0.12170318762461345
2110,1.0,40.0,5.0,0.7,0.0,42.0,0.18547896047433218
2111,1.0,40.0,5.0,0.7,10.0,51.0,0.1730792075395584
2112,1.0,40.0,5.0,0.7,100.0,34.0,0.13464447855949402
2113,1.0,40.0,5.0,0.7,1000.0,37.0,0.1824240287144979
2114,1.0,40.0,5.0,0.7,10000.0,114.0,0.13671404123306274
2115,1.0,40.0,10.0,0.3,0.0,100.0,0.09411267687877019
2116,1.0,40.0,10.0,0.3,10.0,29.0,0.10602188855409622
2117,1.0,40.0,10.0,0.3,100.0,37.0,0.09920833508173625
2118,1.0,40.0,10.0,0.3,1000.0,31.0,0.10476562132438023
2119,1.0,40.0,10.0,0.3,10000.0,32.0,0.10222707440455754
2120,1.0,40.0,10.0,0.5,0.0,53.0,0.10854574541250865
2121,1.0,40.0,10.0,0.5,10.0,53.0,0.10608455290397008
2122,1.0,40.0,10.0,0.5,100.0,40.0,0.10133408258358638
2123,1.0,40.0,10.0,0.5,1000.0,35.0,0.1037029226620992
2124,1.0,40.0,10.0,0.5,10000.0,40.0,0.10145103186368942
2125,1.0,40.0,10.0,0.7,0.0,34.0,0.14127109696467718
2126,1.0,40.0,10.0,0.7,10.0,41.0,0.11977465202411015
2127,1.0,40.0,10.0,0.7,100.0,34.0,0.1387970969080925
2128,1.0,40.0,10.0,0.7,1000.0,35.0,0.13102633506059647
2129,1.0,40.0,10.0,0.7,10000.0,40.0,0.12256693591674168
2130,1.0,40.0,15.0,0.3,0.0,31.0,0.10456621398528416
2131,1.0,40.0,15.0,0.3,10.0,40.0,0.10526223729054134
2132,1.0,40.0,15.0,0.3,100.0,35.0,0.10559278229872386
2133,1.0,40.0,15.0,0.3,1000.0,73.0,0.09434608618418376
2134,1.0,40.0,15.0,0.3,10000.0,110.0,0.09539095560709636
2135,1.0,40.0,15.0,0.5,0.0,33.0,0.10275406142075856
2136,1.0,40.0,15.0,0.5,10.0,37.0,0.10279389470815659
2137,1.0,40.0,15.0,0.5,100.0,41.0,0.10254562894503276
2138,1.0,40.0,15.0,0.5,1000.0,43.0,0.1003462200363477
2139,1.0,40.0,15.0,0.5,10000.0,40.0,0.10608211408058803
2140,1.0,40.0,15.0,0.7,0.0,35.0,0.11879619210958481
2141,1.0,40.0,15.0,0.7,10.0,34.0,0.11154583344856898
2142,1.0,40.0,15.0,0.7,100.0,30.0,0.11204664905865987
2143,1.0,40.0,15.0,0.7,1000.0,28.0,0.12051719923814137
2144,1.0,40.0,15.0,0.7,10000.0,60.0,0.1252677987019221
2145,1.0,40.0,20.0,0.3,0.0,29.0,0.10606678575277328
2146,1.0,40.0,20.0,0.3,10.0,36.0,0.10889003177483876
2147,1.0,40.0,20.0,0.3,100.0,31.0,0.10762922714153926
2148,1.0,40.0,20.0,0.3,1000.0,35.0,0.10664504021406174
2149,1.0,40.0,20.0,0.3,10000.0,24.0,0.10618394613265991
2150,1.0,40.0,20.0,0.5,0.0,31.0,0.10346800833940506
2151,1.0,40.0,20.0,0.5,10.0,35.0,0.10604601353406906
2152,1.0,40.0,20.0,0.5,100.0,35.0,0.10619277507066727
2153,1.0,40.0,20.0,0.5,1000.0,32.0,0.10155189782381058
2154,1.0,40.0,20.0,0.5,10000.0,29.0,0.1056509514649709
2155,1.0,40.0,20.0,0.7,0.0,31.0,0.10504541794459026
2156,1.0,40.0,20.0,0.7,10.0,38.0,0.11158743749062221
2157,1.0,40.0,20.0,0.7,100.0,36.0,0.1165819838643074
2158,1.0,40.0,20.0,0.7,1000.0,43.0,0.11255227277676265
2159,1.0,40.0,20.0,0.7,10000.0,33.0,0.11138671388228734
2160,1.0,40.0,25.0,0.3,0.0,34.0,0.11019667983055115
2161,1.0,40.0,25.0,0.3,10.0,26.0,0.11401694764693578
2162,1.0,40.0,25.0,0.3,100.0,30.0,0.10078444580237071
2163,1.0,40.0,25.0,0.3,1000.0,28.0,0.1071684534351031
2164,1.0,40.0,25.0,0.3,10000.0,26.0,0.10274994124968846
2165,1.0,40.0,25.0,0.5,0.0,32.0,0.10583169261614482
2166,1.0,40.0,25.0,0.5,10.0,28.0,0.10780556499958038
2167,1.0,40.0,25.0,0.5,100.0,31.0,0.10098324467738469
2168,1.0,40.0,25.0,0.5,1000.0,28.0,0.10461442917585373
2169,1.0,40.0,25.0,0.5,10000.0,34.0,0.09865172952413559
2170,1.0,40.0,25.0,0.7,0.0,28.0,0.11072421073913574
2171,1.0,40.0,25.0,0.7,10.0,34.0,0.10729620357354482
2172,1.0,40.0,25.0,0.7,100.0,37.0,0.10452499985694885
2173,1.0,40.0,25.0,0.7,1000.0,37.0,0.10206441829601924
2174,1.0,40.0,25.0,0.7,10000.0,26.0,0.10197774320840836
2175,1.0,40.0,30.0,0.3,0.0,26.0,0.10888643314441045
2176,1.0,40.0,30.0,0.3,10.0,24.0,0.11064229160547256
2177,1.0,40.0,30.0,0.3,100.0,31.0,0.10932209839423497
2178,1.0,40.0,30.0,0.3,1000.0,34.0,0.1102493405342102
2179,1.0,40.0,30.0,0.3,10000.0,26.0,0.10496506343285243
2180,1.0,40.0,30.0,0.5,0.0,26.0,0.10504730542500813
2181,1.0,40.0,30.0,0.5,10.0,23.0,0.10662089536587398
2182,1.0,40.0,30.0,0.5,100.0,34.0,0.10580310970544815
2183,1.0,40.0,30.0,0.5,1000.0,34.0,0.10518259803454082
2184,1.0,40.0,30.0,0.5,10000.0,26.0,0.10117534796396892
2185,1.0,40.0,30.0,0.7,0.0,28.0,0.10984112322330475
2186,1.0,40.0,30.0,0.7,10.0,28.0,0.10323131829500198
2187,1.0,40.0,30.0,0.7,100.0,56.0,0.10601065307855606
2188,1.0,40.0,30.0,0.7,1000.0,30.0,0.10755754510561626
2189,1.0,40.0,30.0,0.7,10000.0,29.0,0.10463079313437144
2190,1.0,40.0,35.0,0.3,0.0,25.0,0.10879032562176387
2191,1.0,40.0,35.0,0.3,10.0,29.0,0.1098287080725034
2192,1.0,40.0,35.0,0.3,100.0,27.0,0.10914154350757599
2193,1.0,40.0,35.0,0.3,1000.0,25.0,0.11282715946435928
2194,1.0,40.0,35.0,0.3,10000.0,29.0,0.1110880970954895
2195,1.0,40.0,35.0,0.5,0.0,26.0,0.1040000965197881
2196,1.0,40.0,35.0,0.5,10.0,29.0,0.10490927845239639
2197,1.0,40.0,35.0,0.5,100.0,32.0,0.10735134283701579
2198,1.0,40.0,35.0,0.5,1000.0,25.0,0.10648402820030849
2199,1.0,40.0,35.0,0.5,10000.0,34.0,0.10484301547209422
2200,1.0,40.0,35.0,0.7,0.0,27.0,0.1014506866534551
2201,1.0,40.0,35.0,0.7,10.0,24.0,0.10074215630690257
2202,1.0,40.0,35.0,0.7,100.0,34.0,0.10569517562786739
2203,1.0,40.0,35.0,0.7,1000.0,37.0,0.10438140481710434
2204,1.0,40.0,35.0,0.7,10000.0,35.0,0.10182193169991176
2205,1.0,40.0,40.0,0.3,0.0,32.0,0.10903005301952362
2206,1.0,40.0,40.0,0.3,10.0,28.0,0.11394914736350377
2207,1.0,40.0,40.0,0.3,100.0,27.0,0.11081447700659434
2208,1.0,40.0,40.0,0.3,1000.0,28.0,0.10882827391227086
2209,1.0,40.0,40.0,0.3,10000.0,27.0,0.10629883160193761
2210,1.0,40.0,40.0,0.5,0.0,26.0,0.10847854614257812
2211,1.0,40.0,40.0,0.5,10.0,29.0,0.10772524277369182
2212,1.0,40.0,40.0,0.5,100.0,32.0,0.11041586101055145
2213,1.0,40.0,40.0,0.5,1000.0,24.0,0.103836290538311
2214,1.0,40.0,40.0,0.5,10000.0,27.0,0.10270591080188751
2215,1.0,40.0,40.0,0.7,0.0,27.0,0.10439560065666835
2216,1.0,40.0,40.0,0.7,10.0,25.0,0.1036509449283282
2217,1.0,40.0,40.0,0.7,100.0,36.0,0.1080460175871849
2218,1.0,40.0,40.0,0.7,1000.0,30.0,0.10239501297473907
2219,1.0,40.0,40.0,0.7,10000.0,28.0,0.10030338168144226
2220,1.0,40.0,45.0,0.3,0.0,25.0,0.11143941183884938
2221,1.0,40.0,45.0,0.3,10.0,29.0,0.11204152305920918
2222,1.0,40.0,45.0,0.3,100.0,33.0,0.1161247193813324
2223,1.0,40.0,45.0,0.3,1000.0,27.0,0.11211020996173222
2224,1.0,40.0,45.0,0.3,10000.0,30.0,0.10978952050209045
2225,1.0,40.0,45.0,0.5,0.0,25.0,0.10650980720917384
2226,1.0,40.0,45.0,0.5,10.0,29.0,0.10700880984465282
2227,1.0,40.0,45.0,0.5,100.0,32.0,0.10928357392549515
2228,1.0,40.0,45.0,0.5,1000.0,25.0,0.10673660536607106
2229,1.0,40.0,45.0,0.5,10000.0,24.0,0.10368932783603668
2230,1.0,40.0,45.0,0.7,0.0,25.0,0.10499065121014912
2231,1.0,40.0,45.0,0.7,10.0,25.0,0.10242787003517151
2232,1.0,40.0,45.0,0.7,100.0,31.0,0.10606647779544194
2233,1.0,40.0,45.0,0.7,1000.0,29.0,0.1037634660800298
2234,1.0,40.0,45.0,0.7,10000.0,28.0,0.10052210837602615
2235,1.0,40.0,50.0,0.3,0.0,23.0,0.11086310942967732
2236,1.0,40.0,50.0,0.3,10.0,29.0,0.10819756239652634
2237,1.0,40.0,50.0,0.3,100.0,25.0,0.11104544252157211
2238,1.0,40.0,50.0,0.3,1000.0,23.0,0.11416761080423991
2239,1.0,40.0,50.0,0.3,10000.0,25.0,0.10770505418380101
2240,1.0,40.0,50.0,0.5,0.0,25.0,0.10848956058422725
2241,1.0,40.0,50.0,0.5,10.0,29.0,0.10402678201595943
2242,1.0,40.0,50.0,0.5,100.0,32.0,0.10870271176099777
2243,1.0,40.0,50.0,0.5,1000.0,23.0,0.10703693330287933
2244,1.0,40.0,50.0,0.5,10000.0,25.0,0.1039568434158961
2245,1.0,40.0,50.0,0.7,0.0,23.0,0.10450110832850139
2246,1.0,40.0,50.0,0.7,10.0,30.0,0.10230071345965068
2247,1.0,40.0,50.0,0.7,100.0,25.0,0.10307467977205913
2248,1.0,40.0,50.0,0.7,1000.0,22.0,0.1041144331296285
2249,1.0,40.0,50.0,0.7,10000.0,26.0,0.10182977219422658
2250,2.0,40.0,5.0,0.3,0.0,46.0,0.10336615890264511
2251,2.0,40.0,5.0,0.3,10.0,96.0,0.08334245284398396
2252,2.0,40.0,5.0,0.3,100.0,63.0,0.12855747093756995
2253,2.0,40.0,5.0,0.3,1000.0,41.0,0.09530015289783478
2254,2.0,40.0,5.0,0.3,10000.0,80.0,0.07901393373807271
2255,2.0,40.0,5.0,0.5,0.0,36.0,0.10253453503052394
2256,2.0,40.0,5.0,0.5,10.0,62.0,0.11758878330389659
2257,2.0,40.0,5.0,0.5,100.0,43.0,0.11912691593170166
2258,2.0,40.0,5.0,0.5,1000.0,44.0,0.10923149685064952
2259,2.0,40.0,5.0,0.5,10000.0,61.0,0.10962316393852234
2260,2.0,40.0,5.0,0.7,0.0,38.0,0.14277924845616022
2261,2.0,40.0,5.0,0.7,10.0,54.0,0.19560910761356354
2262,2.0,40.0,5.0,0.7,100.0,43.0,0.1980413148800532
2263,2.0,40.0,5.0,0.7,1000.0,35.0,0.1445280835032463
2264,2.0,40.0,5.0,0.7,10000.0,40.0,0.17404650151729584
2265,2.0,40.0,10.0,0.3,0.0,25.0,0.10054988414049149
2266,2.0,40.0,10.0,0.3,10.0,26.0,0.10270250340302785
2267,2.0,40.0,10.0,0.3,100.0,62.0,0.100331611931324
2268,2.0,40.0,10.0,0.3,1000.0,96.0,0.08497299502293269
2269,2.0,40.0,10.0,0.3,10000.0,82.0,0.08303916951020558
2270,2.0,40.0,10.0,0.5,0.0,34.0,0.10895000646511714
2271,2.0,40.0,10.0,0.5,10.0,35.0,0.10464903463919957
2272,2.0,40.0,10.0,0.5,100.0,56.0,0.10822019229332606
2273,2.0,40.0,10.0,0.5,1000.0,68.0,0.12081979960203171
2274,2.0,40.0,10.0,0.5,10000.0,40.0,0.09735792875289917
2275,2.0,40.0,10.0,0.7,0.0,27.0,0.12678350259860358
2276,2.0,40.0,10.0,0.7,10.0,51.0,0.11496172100305557
2277,2.0,40.0,10.0,0.7,100.0,76.0,0.14116760094960532
2278,2.0,40.0,10.0,0.7,1000.0,49.0,0.18047775824864706
2279,2.0,40.0,10.0,0.7,10000.0,40.0,0.12182626873254776
2280,2.0,40.0,15.0,0.3,0.0,28.0,0.10222045332193375
2281,2.0,40.0,15.0,0.3,10.0,26.0,0.09866377959648769
2282,2.0,40.0,15.0,0.3,100.0,24.0,0.10025286922852199
2283,2.0,40.0,15.0,0.3,1000.0,49.0,0.10124324013789494
2284,2.0,40.0,15.0,0.3,10000.0,27.0,0.09885901461044948
2285,2.0,40.0,15.0,0.5,0.0,27.0,0.10244260728359222
2286,2.0,40.0,15.0,0.5,10.0,34.0,0.09856442362070084
2287,2.0,40.0,15.0,0.5,100.0,28.0,0.09811674803495407
2288,2.0,40.0,15.0,0.5,1000.0,41.0,0.10071531186501186
2289,2.0,40.0,15.0,0.5,10000.0,28.0,0.09788683305184047
2290,2.0,40.0,15.0,0.7,0.0,32.0,0.10802886635065079
2291,2.0,40.0,15.0,0.7,10.0,37.0,0.10828793793916702
2292,2.0,40.0,15.0,0.7,100.0,35.0,0.10431345800558726
2293,2.0,40.0,15.0,0.7,1000.0,44.0,0.10830690960089366
2294,2.0,40.0,15.0,0.7,10000.0,28.0,0.10996865232785542
2295,2.0,40.0,20.0,0.3,0.0,27.0,0.10332739104827245
2296,2.0,40.0,20.0,0.3,10.0,23.0,0.10026067743698756
2297,2.0,40.0,20.0,0.3,100.0,27.0,0.10171111673116684
2298,2.0,40.0,20.0,0.3,1000.0,31.0,0.10053418576717377
2299,2.0,40.0,20.0,0.3,10000.0,33.0,0.1016943355401357
2300,2.0,40.0,20.0,0.5,0.0,27.0,0.10148504624764125
2301,2.0,40.0,20.0,0.5,10.0,32.0,0.10021096219619115
2302,2.0,40.0,20.0,0.5,100.0,31.0,0.10036092499891917
2303,2.0,40.0,20.0,0.5,1000.0,30.0,0.10286469509204228
2304,2.0,40.0,20.0,0.5,10000.0,28.0,0.09859234342972438
2305,2.0,40.0,20.0,0.7,0.0,37.0,0.11464079717795055
2306,2.0,40.0,20.0,0.7,10.0,31.0,0.1075282022356987
2307,2.0,40.0,20.0,0.7,100.0,45.0,0.1035773182908694
2308,2.0,40.0,20.0,0.7,1000.0,43.0,0.10749295105536778
2309,2.0,40.0,20.0,0.7,10000.0,33.0,0.10914529860019684
2310,2.0,40.0,25.0,0.3,0.0,24.0,0.10387090593576431
2311,2.0,40.0,25.0,0.3,10.0,24.0,0.1052870328227679
2312,2.0,40.0,25.0,0.3,100.0,31.0,0.10147231568892796
2313,2.0,40.0,25.0,0.3,1000.0,25.0,0.10063532243172328
2314,2.0,40.0,25.0,0.3,10000.0,24.0,0.0998129074772199
2315,2.0,40.0,25.0,0.5,0.0,26.0,0.09933104614416759
2316,2.0,40.0,25.0,0.5,10.0,32.0,0.10318014522393544
2317,2.0,40.0,25.0,0.5,100.0,30.0,0.1010465919971466
2318,2.0,40.0,25.0,0.5,1000.0,24.0,0.09771881252527237
2319,2.0,40.0,25.0,0.5,10000.0,26.0,0.09953797111908595
2320,2.0,40.0,25.0,0.7,0.0,28.0,0.10000346352656682
2321,2.0,40.0,25.0,0.7,10.0,47.0,0.11299602190653484
2322,2.0,40.0,25.0,0.7,100.0,37.0,0.10295808811982472
2323,2.0,40.0,25.0,0.7,1000.0,37.0,0.102549247443676
2324,2.0,40.0,25.0,0.7,10000.0,39.0,0.10433772206306458
2325,2.0,40.0,30.0,0.3,0.0,25.0,0.10216602683067322
2326,2.0,40.0,30.0,0.3,10.0,24.0,0.10290268808603287
2327,2.0,40.0,30.0,0.3,100.0,27.0,0.1027382140358289
2328,2.0,40.0,30.0,0.3,1000.0,21.0,0.10106664647658666
2329,2.0,40.0,30.0,0.3,10000.0,34.0,0.10176130632559459
2330,2.0,40.0,30.0,0.5,0.0,34.0,0.10150809586048126
2331,2.0,40.0,30.0,0.5,10.0,35.0,0.10474227865537007
2332,2.0,40.0,30.0,0.5,100.0,25.0,0.09965077042579651
2333,2.0,40.0,30.0,0.5,1000.0,28.0,0.09834748258193333
2334,2.0,40.0,30.0,0.5,10000.0,26.0,0.1005503386259079
2335,2.0,40.0,30.0,0.7,0.0,37.0,0.10290969908237457
2336,2.0,40.0,30.0,0.7,10.0,26.0,0.10142479836940765
2337,2.0,40.0,30.0,0.7,100.0,27.0,0.10719786087671916
2338,2.0,40.0,30.0,0.7,1000.0,36.0,0.10106330861647923
2339,2.0,40.0,30.0,0.7,10000.0,37.0,0.10252229621013005
2340,2.0,40.0,35.0,0.3,0.0,25.0,0.10586895048618317
2341,2.0,40.0,35.0,0.3,10.0,22.0,0.10228719810644786
2342,2.0,40.0,35.0,0.3,100.0,23.0,0.10656084616978963
2343,2.0,40.0,35.0,0.3,1000.0,24.0,0.10654086371262868
2344,2.0,40.0,35.0,0.3,10000.0,29.0,0.10762735952933629
2345,2.0,40.0,35.0,0.5,0.0,21.0,0.10108915468056996
2346,2.0,40.0,35.0,0.5,10.0,25.0,0.10034312556187312
2347,2.0,40.0,35.0,0.5,100.0,23.0,0.10328375796477
2348,2.0,40.0,35.0,0.5,1000.0,26.0,0.10115537544091542
2349,2.0,40.0,35.0,0.5,10000.0,29.0,0.10350427279869716
2350,2.0,40.0,35.0,0.7,0.0,27.0,0.10071597496668498
2351,2.0,40.0,35.0,0.7,10.0,28.0,0.10109564413626988
2352,2.0,40.0,35.0,0.7,100.0,31.0,0.10362109293540318
2353,2.0,40.0,35.0,0.7,1000.0,28.0,0.10445327311754227
2354,2.0,40.0,35.0,0.7,10000.0,28.0,0.10144077241420746
2355,2.0,40.0,40.0,0.3,0.0,21.0,0.1056173841158549
2356,2.0,40.0,40.0,0.3,10.0,21.0,0.10175052285194397
2357,2.0,40.0,40.0,0.3,100.0,23.0,0.10286917785803477
2358,2.0,40.0,40.0,0.3,1000.0,21.0,0.10528162370125453
2359,2.0,40.0,40.0,0.3,10000.0,21.0,0.10180281599362691
2360,2.0,40.0,40.0,0.5,0.0,21.0,0.09985996037721634
2361,2.0,40.0,40.0,0.5,10.0,22.0,0.09856570760409038
2362,2.0,40.0,40.0,0.5,100.0,32.0,0.10211051255464554
2363,2.0,40.0,40.0,0.5,1000.0,24.0,0.102321557700634
2364,2.0,40.0,40.0,0.5,10000.0,22.0,0.09984148542086284
2365,2.0,40.0,40.0,0.7,0.0,27.0,0.0994730939467748
2366,2.0,40.0,40.0,0.7,10.0,26.0,0.10319588085015614
2367,2.0,40.0,40.0,0.7,100.0,42.0,0.10186553994814555
2368,2.0,40.0,40.0,0.7,1000.0,28.0,0.10298800965150197
2369,2.0,40.0,40.0,0.7,10000.0,25.0,0.10140671581029892
2370,2.0,40.0,45.0,0.3,0.0,24.0,0.10679635902245839
2371,2.0,40.0,45.0,0.3,10.0,29.0,0.10550383975108464
2372,2.0,40.0,45.0,0.3,100.0,23.0,0.10290513187646866
2373,2.0,40.0,45.0,0.3,1000.0,21.0,0.10328751554091771
2374,2.0,40.0,45.0,0.3,10000.0,19.0,0.1007881040374438
2375,2.0,40.0,45.0,0.5,0.0,24.0,0.10292798032363255
2376,2.0,40.0,45.0,0.5,10.0,23.0,0.10435706873734792
2377,2.0,40.0,45.0,0.5,100.0,23.0,0.10165304193894069
2378,2.0,40.0,45.0,0.5,1000.0,20.0,0.10072280714909236
2379,2.0,40.0,45.0,0.5,10000.0,24.0,0.09916754812002182
2380,2.0,40.0,45.0,0.7,0.0,26.0,0.10104603072007497
2381,2.0,40.0,45.0,0.7,10.0,22.0,0.09928818047046661
2382,2.0,40.0,45.0,0.7,100.0,30.0,0.10000659028689067
2383,2.0,40.0,45.0,0.7,1000.0,25.0,0.10142139842112859
2384,2.0,40.0,45.0,0.7,10000.0,28.0,0.09877156714598338
2385,2.0,40.0,50.0,0.3,0.0,24.0,0.10721375544865926
2386,2.0,40.0,50.0,0.3,10.0,19.0,0.10400630285342534
2387,2.0,40.0,50.0,0.3,100.0,20.0,0.10473339259624481
2388,2.0,40.0,50.0,0.3,1000.0,30.0,0.10824912289778392
2389,2.0,40.0,50.0,0.3,10000.0,21.0,0.10282015800476074
2390,2.0,40.0,50.0,0.5,0.0,23.0,0.1029556542634964
2391,2.0,40.0,50.0,0.5,10.0,21.0,0.10392129917939504
2392,2.0,40.0,50.0,0.5,100.0,21.0,0.10053255905707677
2393,2.0,40.0,50.0,0.5,1000.0,24.0,0.10392530014117558
2394,2.0,40.0,50.0,0.5,10000.0,21.0,0.09965936342875163
2395,2.0,40.0,50.0,0.7,0.0,27.0,0.09980432689189911
2396,2.0,40.0,50.0,0.7,10.0,24.0,0.101332222421964
2397,2.0,40.0,50.0,0.7,100.0,23.0,0.10155724734067917
2398,2.0,40.0,50.0,0.7,1000.0,23.0,0.10250479231278102
2399,2.0,40.0,50.0,0.7,10000.0,27.0,0.09913461158672969
2400,1.0,45.0,5.0,0.3,0.0,50.0,0.09469445546468098
2401,1.0,45.0,5.0,0.3,10.0,86.0,0.09535008420546849
2402,1.0,45.0,5.0,0.3,100.0,65.0,0.10880586256583531
2403,1.0,45.0,5.0,0.3,1000.0,76.0,0.09587118277947108
2404,1.0,45.0,5.0,0.3,10000.0,79.0,0.1337271680434545
2405,1.0,45.0,5.0,0.5,0.0,73.0,0.12194039175907771
2406,1.0,45.0,5.0,0.5,10.0,79.0,0.10846749941507976
2407,1.0,45.0,5.0,0.5,100.0,81.0,0.15479706476132074
2408,1.0,45.0,5.0,0.5,1000.0,78.0,0.11676426728566487
2409,1.0,45.0,5.0,0.5,10000.0,37.0,0.11735234657923381
2410,1.0,45.0,5.0,0.7,0.0,73.0,0.1661106844743093
2411,1.0,45.0,5.0,0.7,10.0,43.0,0.14811145762602487
2412,1.0,45.0,5.0,0.7,100.0,44.0,0.24963372945785522
2413,1.0,45.0,5.0,0.7,1000.0,38.0,0.14452730864286423
2414,1.0,45.0,5.0,0.7,10000.0,60.0,0.1703979472319285
2415,1.0,45.0,10.0,0.3,0.0,94.0,0.09517996509869893
2416,1.0,45.0,10.0,0.3,10.0,39.0,0.10128225386142731
2417,1.0,45.0,10.0,0.3,100.0,52.0,0.10251512626806895
2418,1.0,45.0,10.0,0.3,1000.0,33.0,0.10214020560185115
2419,1.0,45.0,10.0,0.3,10000.0,44.0,0.09993324925502141
2420,1.0,45.0,10.0,0.5,0.0,46.0,0.11518009503682454
2421,1.0,45.0,10.0,0.5,10.0,52.0,0.10304419696331024
2422,1.0,45.0,10.0,0.5,100.0,47.0,0.10583473493655522
2423,1.0,45.0,10.0,0.5,1000.0,48.0,0.10130234807729721
2424,1.0,45.0,10.0,0.5,10000.0,42.0,0.09989042580127716
2425,1.0,45.0,10.0,0.7,0.0,29.0,0.18219305823246637
2426,1.0,45.0,10.0,0.7,10.0,47.0,0.13368617494901022
2427,1.0,45.0,10.0,0.7,100.0,37.0,0.1337297558784485
2428,1.0,45.0,10.0,0.7,1000.0,31.0,0.11722851792971294
2429,1.0,45.0,10.0,0.7,10000.0,55.0,0.12359548856814702
2430,1.0,45.0,15.0,0.3,0.0,30.0,0.09595156212647755
2431,1.0,45.0,15.0,0.3,10.0,39.0,0.10544623186190923
2432,1.0,45.0,15.0,0.3,100.0,31.0,0.10884983589251836
2433,1.0,45.0,15.0,0.3,1000.0,33.0,0.10259914646546046
2434,1.0,45.0,15.0,0.3,10000.0,105.0,0.09050415456295013
2435,1.0,45.0,15.0,0.5,0.0,39.0,0.09378830095132192
2436,1.0,45.0,15.0,0.5,10.0,62.0,0.10318364948034286
2437,1.0,45.0,15.0,0.5,100.0,26.0,0.10433801760276158
2438,1.0,45.0,15.0,0.5,1000.0,30.0,0.09923350811004639
2439,1.0,45.0,15.0,0.5,10000.0,35.0,0.10233990848064423
2440,1.0,45.0,15.0,0.7,0.0,29.0,0.1077251061797142
2441,1.0,45.0,15.0,0.7,10.0,33.0,0.1262395679950714
2442,1.0,45.0,15.0,0.7,100.0,27.0,0.11303203801314037
2443,1.0,45.0,15.0,0.7,1000.0,41.0,0.11373733729124069
2444,1.0,45.0,15.0,0.7,10000.0,36.0,0.11476888507604599
2445,1.0,45.0,20.0,0.3,0.0,30.0,0.10374231884876887
2446,1.0,45.0,20.0,0.3,10.0,32.0,0.10588678220907848
2447,1.0,45.0,20.0,0.3,100.0,28.0,0.11010948320229848
2448,1.0,45.0,20.0,0.3,1000.0,38.0,0.10307816416025162
2449,1.0,45.0,20.0,0.3,10000.0,35.0,0.10487194110949834
2450,1.0,45.0,20.0,0.5,0.0,32.0,0.10209228843450546
2451,1.0,45.0,20.0,0.5,10.0,31.0,0.10254670431216557
2452,1.0,45.0,20.0,0.5,100.0,27.0,0.10478353748718898
2453,1.0,45.0,20.0,0.5,1000.0,40.0,0.09974267582098643
2454,1.0,45.0,20.0,0.5,10000.0,27.0,0.1020802656809489
2455,1.0,45.0,20.0,0.7,0.0,34.0,0.11423810323079427
2456,1.0,45.0,20.0,0.7,10.0,36.0,0.10617611060539882
2457,1.0,45.0,20.0,0.7,100.0,27.0,0.10485911617676417
2458,1.0,45.0,20.0,0.7,1000.0,35.0,0.10711412876844406
2459,1.0,45.0,20.0,0.7,10000.0,40.0,0.10785698145627975
2460,1.0,45.0,25.0,0.3,0.0,30.0,0.10513674467802048
2461,1.0,45.0,25.0,0.3,10.0,23.0,0.10805467516183853
2462,1.0,45.0,25.0,0.3,100.0,25.0,0.10959072907765706
2463,1.0,45.0,25.0,0.3,1000.0,26.0,0.10348662734031677
2464,1.0,45.0,25.0,0.3,10000.0,29.0,0.10731822003920873
2465,1.0,45.0,25.0,0.5,0.0,31.0,0.10233090569575627
2466,1.0,45.0,25.0,0.5,10.0,25.0,0.10469838976860046
2467,1.0,45.0,25.0,0.5,100.0,25.0,0.1041988655924797
2468,1.0,45.0,25.0,0.5,1000.0,26.0,0.10029179106156032
2469,1.0,45.0,25.0,0.5,10000.0,26.0,0.10104350497325261
2470,1.0,45.0,25.0,0.7,0.0,31.0,0.1036878451704979
2471,1.0,45.0,25.0,0.7,10.0,31.0,0.10954632610082626
2472,1.0,45.0,25.0,0.7,100.0,34.0,0.10680540402730306
2473,1.0,45.0,25.0,0.7,1000.0,41.0,0.1067731703321139
2474,1.0,45.0,25.0,0.7,10000.0,39.0,0.10460823029279709
2475,1.0,45.0,30.0,0.3,0.0,31.0,0.103878748913606
2476,1.0,45.0,30.0,0.3,10.0,24.0,0.10742035259803136
2477,1.0,45.0,30.0,0.3,100.0,28.0,0.10946114112933476
2478,1.0,45.0,30.0,0.3,1000.0,22.0,0.10668990761041641
2479,1.0,45.0,30.0,0.3,10000.0,26.0,0.11018282920122147
2480,1.0,45.0,30.0,0.5,0.0,34.0,0.10152493168910344
2481,1.0,45.0,30.0,0.5,10.0,25.0,0.10379851361115773
2482,1.0,45.0,30.0,0.5,100.0,28.0,0.10593486328919728
2483,1.0,45.0,30.0,0.5,1000.0,22.0,0.10208716988563538
2484,1.0,45.0,30.0,0.5,10000.0,25.0,0.10712718466917674
2485,1.0,45.0,30.0,0.7,0.0,40.0,0.10294899841149648
2486,1.0,45.0,30.0,0.7,10.0,27.0,0.10214352359374364
2487,1.0,45.0,30.0,0.7,100.0,27.0,0.10573159406582515
2488,1.0,45.0,30.0,0.7,1000.0,30.0,0.10635119179884593
2489,1.0,45.0,30.0,0.7,10000.0,27.0,0.10527206212282181
2490,1.0,45.0,35.0,0.3,0.0,22.0,0.10775293161471684
2491,1.0,45.0,35.0,0.3,10.0,25.0,0.10749578972657521
2492,1.0,45.0,35.0,0.3,100.0,19.0,0.10802821566661198
2493,1.0,45.0,35.0,0.3,1000.0,22.0,0.10791344940662384
2494,1.0,45.0,35.0,0.3,10000.0,29.0,0.11015383650859197
2495,1.0,45.0,35.0,0.5,0.0,23.0,0.10199495653311412
2496,1.0,45.0,35.0,0.5,10.0,23.0,0.102446715037028
2497,1.0,45.0,35.0,0.5,100.0,21.0,0.10746817042430241
2498,1.0,45.0,35.0,0.5,1000.0,22.0,0.10119232038656871
2499,1.0,45.0,35.0,0.5,10000.0,25.0,0.10643134266138077
2500,1.0,45.0,35.0,0.7,0.0,26.0,0.10143472750981648
2501,1.0,45.0,35.0,0.7,10.0,29.0,0.10047456870476405
2502,1.0,45.0,35.0,0.7,100.0,30.0,0.10518426696459453
2503,1.0,45.0,35.0,0.7,1000.0,25.0,0.1006425345937411
2504,1.0,45.0,35.0,0.7,10000.0,24.0,0.10260635862747829
2505,1.0,45.0,40.0,0.3,0.0,26.0,0.10591614743073781
2506,1.0,45.0,40.0,0.3,10.0,22.0,0.11033974091211955
2507,1.0,45.0,40.0,0.3,100.0,27.0,0.10825580855210622
2508,1.0,45.0,40.0,0.3,1000.0,23.0,0.10521390289068222
2509,1.0,45.0,40.0,0.3,10000.0,20.0,0.10421206802129745
2510,1.0,45.0,40.0,0.5,0.0,28.0,0.10173696527878444
2511,1.0,45.0,40.0,0.5,10.0,22.0,0.1069318229953448
2512,1.0,45.0,40.0,0.5,100.0,24.0,0.10678766916195552
2513,1.0,45.0,40.0,0.5,1000.0,23.0,0.1021632378300031
2514,1.0,45.0,40.0,0.5,10000.0,25.0,0.10289955884218216
2515,1.0,45.0,40.0,0.7,0.0,31.0,0.10201725860436757
2516,1.0,45.0,40.0,0.7,10.0,24.0,0.10339539249738057
2517,1.0,45.0,40.0,0.7,100.0,21.0,0.10419534891843796
2518,1.0,45.0,40.0,0.7,1000.0,30.0,0.10358795275290807
2519,1.0,45.0,40.0,0.7,10000.0,23.0,0.1015904222925504
2520,1.0,45.0,45.0,0.3,0.0,23.0,0.10217341283957164
2521,1.0,45.0,45.0,0.3,10.0,26.0,0.11471886684497197
2522,1.0,45.0,45.0,0.3,100.0,21.0,0.11143579085667928
2523,1.0,45.0,45.0,0.3,1000.0,22.0,0.10792421797911327
2524,1.0,45.0,45.0,0.3,10000.0,33.0,0.11362680544455846
2525,1.0,45.0,45.0,0.5,0.0,30.0,0.10035499930381775
2526,1.0,45.0,45.0,0.5,10.0,24.0,0.10859809070825577
2527,1.0,45.0,45.0,0.5,100.0,24.0,0.10691045473019282
2528,1.0,45.0,45.0,0.5,1000.0,22.0,0.10477899511655171
2529,1.0,45.0,45.0,0.5,10000.0,30.0,0.1080407053232193
2530,1.0,45.0,45.0,0.7,0.0,33.0,0.10247287154197693
2531,1.0,45.0,45.0,0.7,10.0,25.0,0.10356424003839493
2532,1.0,45.0,45.0,0.7,100.0,23.0,0.10370691865682602
2533,1.0,45.0,45.0,0.7,1000.0,23.0,0.10180419186751048
2534,1.0,45.0,45.0,0.7,10000.0,28.0,0.1029036616285642
2535,1.0,45.0,50.0,0.3,0.0,24.0,0.11000252515077591
2536,1.0,45.0,50.0,0.3,10.0,22.0,0.11021784941355388
2537,1.0,45.0,50.0,0.3,100.0,19.0,0.10991237560908
2538,1.0,45.0,50.0,0.3,1000.0,22.0,0.11006091783444087
2539,1.0,45.0,50.0,0.3,10000.0,25.0,0.10894942035277684
2540,1.0,45.0,50.0,0.5,0.0,23.0,0.10308477779229482
2541,1.0,45.0,50.0,0.5,10.0,25.0,0.10659770419200261
2542,1.0,45.0,50.0,0.5,100.0,21.0,0.10671534637610118
2543,1.0,45.0,50.0,0.5,1000.0,23.0,0.10399562865495682
2544,1.0,45.0,50.0,0.5,10000.0,25.0,0.10540444652239482
2545,1.0,45.0,50.0,0.7,0.0,25.0,0.10042551904916763
2546,1.0,45.0,50.0,0.7,10.0,31.0,0.10320371141036351
2547,1.0,45.0,50.0,0.7,100.0,20.0,0.10242911179860432
2548,1.0,45.0,50.0,0.7,1000.0,22.0,0.10087622702121735
2549,1.0,45.0,50.0,0.7,10000.0,27.0,0.10503893842299779
2550,2.0,45.0,5.0,0.3,0.0,57.0,0.10161821792523067
2551,2.0,45.0,5.0,0.3,10.0,44.0,0.10071354111035664
2552,2.0,45.0,5.0,0.3,100.0,74.0,0.09510557601849239
2553,2.0,45.0,5.0,0.3,1000.0,43.0,0.09691189229488373
2554,2.0,45.0,5.0,0.3,10000.0,61.0,0.1083778589963913
2555,2.0,45.0,5.0,0.5,0.0,51.0,0.1238233173886935
2556,2.0,45.0,5.0,0.5,10.0,40.0,0.12582959731419882
2557,2.0,45.0,5.0,0.5,100.0,44.0,0.10095661878585815
2558,2.0,45.0,5.0,0.5,1000.0,44.0,0.11075595021247864
2559,2.0,45.0,5.0,0.5,10000.0,51.0,0.1554947023590406
2560,2.0,45.0,5.0,0.7,0.0,41.0,0.19645162920157114
2561,2.0,45.0,5.0,0.7,10.0,51.0,0.196239044268926
2562,2.0,45.0,5.0,0.7,100.0,34.0,0.1270360698302587
2563,2.0,45.0,5.0,0.7,1000.0,39.0,0.17631724973519644
2564,2.0,45.0,5.0,0.7,10000.0,51.0,0.2521898051102956
2565,2.0,45.0,10.0,0.3,0.0,55.0,0.08977184444665909
2566,2.0,45.0,10.0,0.3,10.0,60.0,0.09945613394180934
2567,2.0,45.0,10.0,0.3,100.0,94.0,0.08977038413286209
2568,2.0,45.0,10.0,0.3,1000.0,30.0,0.0965280532836914
2569,2.0,45.0,10.0,0.3,10000.0,32.0,0.10174348453680675
2570,2.0,45.0,10.0,0.5,0.0,31.0,0.0916077271103859
2571,2.0,45.0,10.0,0.5,10.0,43.0,0.11908107250928879
2572,2.0,45.0,10.0,0.5,100.0,30.0,0.10192215691010158
2573,2.0,45.0,10.0,0.5,1000.0,36.0,0.09851843615372975
2574,2.0,45.0,10.0,0.5,10000.0,31.0,0.10451510300238927
2575,2.0,45.0,10.0,0.7,0.0,34.0,0.11567677805821101
2576,2.0,45.0,10.0,0.7,10.0,38.0,0.18020121256510416
2577,2.0,45.0,10.0,0.7,100.0,42.0,0.11475292593240738
2578,2.0,45.0,10.0,0.7,1000.0,39.0,0.11845508962869644
2579,2.0,45.0,10.0,0.7,10000.0,27.0,0.13445474952459335
2580,2.0,45.0,15.0,0.3,0.0,23.0,0.09866897761821747
2581,2.0,45.0,15.0,0.3,10.0,69.0,0.0979920228322347
2582,2.0,45.0,15.0,0.3,100.0,54.0,0.10272125899791718
2583,2.0,45.0,15.0,0.3,1000.0,25.0,0.09796826789776485
2584,2.0,45.0,15.0,0.3,10000.0,25.0,0.10194663951794307
2585,2.0,45.0,15.0,0.5,0.0,30.0,0.09983092546463013
2586,2.0,45.0,15.0,0.5,10.0,75.0,0.0988708958029747
2587,2.0,45.0,15.0,0.5,100.0,42.0,0.10393422345320384
2588,2.0,45.0,15.0,0.5,1000.0,49.0,0.09987431267897288
2589,2.0,45.0,15.0,0.5,10000.0,27.0,0.09959327677885692
2590,2.0,45.0,15.0,0.7,0.0,43.0,0.11212264498074849
2591,2.0,45.0,15.0,0.7,10.0,33.0,0.12130626291036606
2592,2.0,45.0,15.0,0.7,100.0,29.0,0.1346595138311386
2593,2.0,45.0,15.0,0.7,1000.0,35.0,0.11063139637311299
2594,2.0,45.0,15.0,0.7,10000.0,27.0,0.10975217819213867
2595,2.0,45.0,20.0,0.3,0.0,30.0,0.10037141541639964
2596,2.0,45.0,20.0,0.3,10.0,33.0,0.10396559536457062
2597,2.0,45.0,20.0,0.3,100.0,27.0,0.10203684121370316
2598,2.0,45.0,20.0,0.3,1000.0,22.0,0.1039811447262764
2599,2.0,45.0,20.0,0.3,10000.0,24.0,0.10410445183515549
2600,2.0,45.0,20.0,0.5,0.0,24.0,0.0985040416320165
2601,2.0,45.0,20.0,0.5,10.0,34.0,0.10303800304730733
2602,2.0,45.0,20.0,0.5,100.0,25.0,0.09975861509641011
2603,2.0,45.0,20.0,0.5,1000.0,22.0,0.10086745023727417
2604,2.0,45.0,20.0,0.5,10000.0,25.0,0.10229739298423131
2605,2.0,45.0,20.0,0.7,0.0,28.0,0.10464926560719807
2606,2.0,45.0,20.0,0.7,10.0,33.0,0.11275474478801091
2607,2.0,45.0,20.0,0.7,100.0,33.0,0.10352300355831782
2608,2.0,45.0,20.0,0.7,1000.0,25.0,0.10115493088960648
2609,2.0,45.0,20.0,0.7,10000.0,32.0,0.11277468999226888
2610,2.0,45.0,25.0,0.3,0.0,23.0,0.09902425855398178
2611,2.0,45.0,25.0,0.3,10.0,23.0,0.10322539259990056
2612,2.0,45.0,25.0,0.3,100.0,22.0,0.10322132458289464
2613,2.0,45.0,25.0,0.3,1000.0,25.0,0.10197254021962483
2614,2.0,45.0,25.0,0.3,10000.0,25.0,0.1030044953028361
2615,2.0,45.0,25.0,0.5,0.0,27.0,0.09868897497653961
2616,2.0,45.0,25.0,0.5,10.0,26.0,0.10272298008203506
2617,2.0,45.0,25.0,0.5,100.0,23.0,0.10260494301716487
2618,2.0,45.0,25.0,0.5,1000.0,31.0,0.10033201674620311
2619,2.0,45.0,25.0,0.5,10000.0,27.0,0.10252399742603302
2620,2.0,45.0,25.0,0.7,0.0,31.0,0.09909893820683162
2621,2.0,45.0,25.0,0.7,10.0,24.0,0.10251494745413463
2622,2.0,45.0,25.0,0.7,100.0,34.0,0.10957468797763188
2623,2.0,45.0,25.0,0.7,1000.0,30.0,0.10873222351074219
2624,2.0,45.0,25.0,0.7,10000.0,27.0,0.12088811894257863
2625,2.0,45.0,30.0,0.3,0.0,30.0,0.10061723738908768
2626,2.0,45.0,30.0,0.3,10.0,21.0,0.10333556930224101
2627,2.0,45.0,30.0,0.3,100.0,28.0,0.09953924765189488
2628,2.0,45.0,30.0,0.3,1000.0,22.0,0.10221785058577855
2629,2.0,45.0,30.0,0.3,10000.0,21.0,0.10192401707172394
2630,2.0,45.0,30.0,0.5,0.0,31.0,0.09495629618565242
2631,2.0,45.0,30.0,0.5,10.0,23.0,0.10543315609296162
2632,2.0,45.0,30.0,0.5,100.0,24.0,0.0970694770415624
2633,2.0,45.0,30.0,0.5,1000.0,24.0,0.10019636154174805
2634,2.0,45.0,30.0,0.5,10000.0,25.0,0.09992747505505879
2635,2.0,45.0,30.0,0.7,0.0,40.0,0.09873362630605698
2636,2.0,45.0,30.0,0.7,10.0,28.0,0.10393956800301869
2637,2.0,45.0,30.0,0.7,100.0,30.0,0.10270548363526662
2638,2.0,45.0,30.0,0.7,1000.0,30.0,0.10299599667390187
2639,2.0,45.0,30.0,0.7,10000.0,27.0,0.10411205639441808
2640,2.0,45.0,35.0,0.3,0.0,21.0,0.1028331642349561
2641,2.0,45.0,35.0,0.3,10.0,22.0,0.10611530145009358
2642,2.0,45.0,35.0,0.3,100.0,21.0,0.10598072906335194
2643,2.0,45.0,35.0,0.3,1000.0,25.0,0.10366920381784439
2644,2.0,45.0,35.0,0.3,10000.0,20.0,0.10263434052467346
2645,2.0,45.0,35.0,0.5,0.0,23.0,0.09811401615540187
2646,2.0,45.0,35.0,0.5,10.0,22.0,0.10350221892197926
2647,2.0,45.0,35.0,0.5,100.0,21.0,0.10386887937784195
2648,2.0,45.0,35.0,0.5,1000.0,24.0,0.10251313696304958
2649,2.0,45.0,35.0,0.5,10000.0,21.0,0.09794802218675613
2650,2.0,45.0,35.0,0.7,0.0,31.0,0.10207478453715642
2651,2.0,45.0,35.0,0.7,10.0,27.0,0.10169641176859538
2652,2.0,45.0,35.0,0.7,100.0,22.0,0.1011041874686877
2653,2.0,45.0,35.0,0.7,1000.0,32.0,0.10329197843869527
2654,2.0,45.0,35.0,0.7,10000.0,23.0,0.10033287107944489
2655,2.0,45.0,40.0,0.3,0.0,18.0,0.10158315300941467
2656,2.0,45.0,40.0,0.3,10.0,21.0,0.10415129115184148
2657,2.0,45.0,40.0,0.3,100.0,21.0,0.10323283324639003
2658,2.0,45.0,40.0,0.3,1000.0,24.0,0.10329645623763402
2659,2.0,45.0,40.0,0.3,10000.0,24.0,0.10355175038178761
2660,2.0,45.0,40.0,0.5,0.0,19.0,0.10159924377997716
2661,2.0,45.0,40.0,0.5,10.0,22.0,0.10202754785617192
2662,2.0,45.0,40.0,0.5,100.0,20.0,0.10277029871940613
2663,2.0,45.0,40.0,0.5,1000.0,24.0,0.09939771890640259
2664,2.0,45.0,40.0,0.5,10000.0,22.0,0.10028734554847081
2665,2.0,45.0,40.0,0.7,0.0,26.0,0.09952141592899959
2666,2.0,45.0,40.0,0.7,10.0,26.0,0.10190059741338094
2667,2.0,45.0,40.0,0.7,100.0,23.0,0.1029307022690773
2668,2.0,45.0,40.0,0.7,1000.0,26.0,0.1014198288321495
2669,2.0,45.0,40.0,0.7,10000.0,27.0,0.10127371301253636
2670,2.0,45.0,45.0,0.3,0.0,19.0,0.10331300646066666
2671,2.0,45.0,45.0,0.3,10.0,18.0,0.10657897591590881
2672,2.0,45.0,45.0,0.3,100.0,20.0,0.1046123777826627
2673,2.0,45.0,45.0,0.3,1000.0,22.0,0.10502565403779347
2674,2.0,45.0,45.0,0.3,10000.0,18.0,0.10375213374694188
2675,2.0,45.0,45.0,0.5,0.0,19.0,0.10095066825548808
2676,2.0,45.0,45.0,0.5,10.0,19.0,0.10181891918182373
2677,2.0,45.0,45.0,0.5,100.0,24.0,0.10288045555353165
2678,2.0,45.0,45.0,0.5,1000.0,21.0,0.10161770135164261
2679,2.0,45.0,45.0,0.5,10000.0,19.0,0.09815273185571034
2680,2.0,45.0,45.0,0.7,0.0,22.0,0.09738530218601227
2681,2.0,45.0,45.0,0.7,10.0,25.0,0.10111575325330098
2682,2.0,45.0,45.0,0.7,100.0,29.0,0.10146152724822362
2683,2.0,45.0,45.0,0.7,1000.0,35.0,0.10175858438014984
2684,2.0,45.0,45.0,0.7,10000.0,27.0,0.09928477803866069
2685,2.0,45.0,50.0,0.3,0.0,21.0,0.10230698188145955
2686,2.0,45.0,50.0,0.3,10.0,25.0,0.10496850808461507
2687,2.0,45.0,50.0,0.3,100.0,22.0,0.10666773468255997
2688,2.0,45.0,50.0,0.3,1000.0,19.0,0.10299810767173767
2689,2.0,45.0,50.0,0.3,10000.0,19.0,0.10620186477899551
2690,2.0,45.0,50.0,0.5,0.0,20.0,0.09920245409011841
2691,2.0,45.0,50.0,0.5,10.0,25.0,0.10300878435373306
2692,2.0,45.0,50.0,0.5,100.0,21.0,0.10306040197610855
2693,2.0,45.0,50.0,0.5,1000.0,21.0,0.10069784025351207
2694,2.0,45.0,50.0,0.5,10000.0,19.0,0.10174170384804408
2695,2.0,45.0,50.0,0.7,0.0,24.0,0.10001625865697861
2696,2.0,45.0,50.0,0.7,10.0,24.0,0.1020119736591975
2697,2.0,45.0,50.0,0.7,100.0,21.0,0.10205294440189998
2698,2.0,45.0,50.0,0.7,1000.0,26.0,0.10098360727230708
2699,2.0,45.0,50.0,0.7,10000.0,30.0,0.10378986845413844
2700,1.0,50.0,5.0,0.3,0.0,33.0,0.0928000882267952
2701,1.0,50.0,5.0,0.3,10.0,96.0,0.08582736800114314
2702,1.0,50.0,5.0,0.3,100.0,46.0,0.09129440536101659
2703,1.0,50.0,5.0,0.3,1000.0,57.0,0.10388667633136113
2704,1.0,50.0,5.0,0.3,10000.0,43.0,0.10883554071187973
2705,1.0,50.0,5.0,0.5,0.0,34.0,0.10254740218321483
2706,1.0,50.0,5.0,0.5,10.0,43.0,0.11468910425901413
2707,1.0,50.0,5.0,0.5,100.0,89.0,0.09841965138912201
2708,1.0,50.0,5.0,0.5,1000.0,54.0,0.16346402217944464
2709,1.0,50.0,5.0,0.5,10000.0,37.0,0.12033737699190776
2710,1.0,50.0,5.0,0.7,0.0,43.0,0.15328583618005118
2711,1.0,50.0,5.0,0.7,10.0,31.0,0.15714452415704727
2712,1.0,50.0,5.0,0.7,100.0,58.0,0.15635221203168234
2713,1.0,50.0,5.0,0.7,1000.0,32.0,0.2675533543030421
2714,1.0,50.0,5.0,0.7,10000.0,40.0,0.19249137739340463
2715,1.0,50.0,10.0,0.3,0.0,51.0,0.10114311675230662
2716,1.0,50.0,10.0,0.3,10.0,32.0,0.10165796925624211
2717,1.0,50.0,10.0,0.3,100.0,62.0,0.12643342465162277
2718,1.0,50.0,10.0,0.3,1000.0,33.0,0.10310535877943039
2719,1.0,50.0,10.0,0.3,10000.0,89.0,0.08501222481330235
2720,1.0,50.0,10.0,0.5,0.0,77.0,0.08659752955039342
2721,1.0,50.0,10.0,0.5,10.0,38.0,0.09905209640661876
2722,1.0,50.0,10.0,0.5,100.0,57.0,0.19715148210525513
2723,1.0,50.0,10.0,0.5,1000.0,32.0,0.10505749036868413
2724,1.0,50.0,10.0,0.5,10000.0,108.0,0.10371278723080952
2725,1.0,50.0,10.0,0.7,0.0,48.0,0.13766354570786157
2726,1.0,50.0,10.0,0.7,10.0,52.0,0.11286148180564244
2727,1.0,50.0,10.0,0.7,100.0,53.0,0.24409703413645426
2728,1.0,50.0,10.0,0.7,1000.0,39.0,0.1466715211669604
2729,1.0,50.0,10.0,0.7,10000.0,40.0,0.11547248810529709
2730,1.0,50.0,15.0,0.3,0.0,23.0,0.10564991335074107
2731,1.0,50.0,15.0,0.3,10.0,26.0,0.1045936147371928
2732,1.0,50.0,15.0,0.3,100.0,31.0,0.1057438204685847
2733,1.0,50.0,15.0,0.3,1000.0,26.0,0.1065739889939626
2734,1.0,50.0,15.0,0.3,10000.0,27.0,0.10493693500757217
2735,1.0,50.0,15.0,0.5,0.0,24.0,0.10355820506811142
2736,1.0,50.0,15.0,0.5,10.0,32.0,0.10118853052457173
2737,1.0,50.0,15.0,0.5,100.0,50.0,0.10316130270560582
2738,1.0,50.0,15.0,0.5,1000.0,31.0,0.10254938652118047
2739,1.0,50.0,15.0,0.5,10000.0,25.0,0.10320044060548146
2740,1.0,50.0,15.0,0.7,0.0,28.0,0.11018809179464976
2741,1.0,50.0,15.0,0.7,10.0,37.0,0.11263823012510936
2742,1.0,50.0,15.0,0.7,100.0,42.0,0.1139566699663798
2743,1.0,50.0,15.0,0.7,1000.0,35.0,0.10449585070212682
2744,1.0,50.0,15.0,0.7,10000.0,91.0,0.1126724233229955
2745,1.0,50.0,20.0,0.3,0.0,23.0,0.1045662338534991
2746,1.0,50.0,20.0,0.3,10.0,23.0,0.09791918347279231
2747,1.0,50.0,20.0,0.3,100.0,25.0,0.1027099887530009
2748,1.0,50.0,20.0,0.3,1000.0,25.0,0.10627803703149159
2749,1.0,50.0,20.0,0.3,10000.0,82.0,0.08608759939670563
2750,1.0,50.0,20.0,0.5,0.0,24.0,0.10120055824518204
2751,1.0,50.0,20.0,0.5,10.0,27.0,0.09958532949288686
2752,1.0,50.0,20.0,0.5,100.0,25.0,0.10118645677963893
2753,1.0,50.0,20.0,0.5,1000.0,25.0,0.10166582961877187
2754,1.0,50.0,20.0,0.5,10000.0,31.0,0.10131797939538956
2755,1.0,50.0,20.0,0.7,0.0,28.0,0.10312132289012273
2756,1.0,50.0,20.0,0.7,10.0,31.0,0.10489415377378464
2757,1.0,50.0,20.0,0.7,100.0,34.0,0.107930988073349
2758,1.0,50.0,20.0,0.7,1000.0,29.0,0.10154137760400772
2759,1.0,50.0,20.0,0.7,10000.0,32.0,0.10752764344215393
2760,1.0,50.0,25.0,0.3,0.0,21.0,0.1032094011704127
2761,1.0,50.0,25.0,0.3,10.0,24.0,0.1065785785516103
2762,1.0,50.0,25.0,0.3,100.0,26.0,0.10747876266638438
2763,1.0,50.0,25.0,0.3,1000.0,28.0,0.10880906631549199
2764,1.0,50.0,25.0,0.3,10000.0,26.0,0.10083891451358795
2765,1.0,50.0,25.0,0.5,0.0,26.0,0.1028686910867691
2766,1.0,50.0,25.0,0.5,10.0,24.0,0.10334704567988713
2767,1.0,50.0,25.0,0.5,100.0,26.0,0.1033859724799792
2768,1.0,50.0,25.0,0.5,1000.0,30.0,0.10560932258764903
2769,1.0,50.0,25.0,0.5,10000.0,26.0,0.09854079782962799
2770,1.0,50.0,25.0,0.7,0.0,27.0,0.10449886073668797
2771,1.0,50.0,25.0,0.7,10.0,26.0,0.10276723653078079
2772,1.0,50.0,25.0,0.7,100.0,28.0,0.10424373050530751
2773,1.0,50.0,25.0,0.7,1000.0,32.0,0.10614485541979472
2774,1.0,50.0,25.0,0.7,10000.0,25.0,0.10384020209312439
2775,1.0,50.0,30.0,0.3,0.0,23.0,0.10584788769483566
2776,1.0,50.0,30.0,0.3,10.0,27.0,0.10609071950117747
2777,1.0,50.0,30.0,0.3,100.0,25.0,0.1078775425752004
2778,1.0,50.0,30.0,0.3,1000.0,21.0,0.10332038005193074
2779,1.0,50.0,30.0,0.3,10000.0,26.0,0.10335107644399007
2780,1.0,50.0,30.0,0.5,0.0,23.0,0.10066687315702438
2781,1.0,50.0,30.0,0.5,10.0,27.0,0.1059616357088089
2782,1.0,50.0,30.0,0.5,100.0,22.0,0.10582497467597325
2783,1.0,50.0,30.0,0.5,1000.0,29.0,0.10338581601778667
2784,1.0,50.0,30.0,0.5,10000.0,23.0,0.10031625628471375
2785,1.0,50.0,30.0,0.7,0.0,29.0,0.10000768303871155
2786,1.0,50.0,30.0,0.7,10.0,31.0,0.10612250864505768
2787,1.0,50.0,30.0,0.7,100.0,27.0,0.10345265517632167
2788,1.0,50.0,30.0,0.7,1000.0,25.0,0.10375981032848358
2789,1.0,50.0,30.0,0.7,10000.0,27.0,0.10223191728194554
2790,1.0,50.0,35.0,0.3,0.0,21.0,0.10983000199000041
2791,1.0,50.0,35.0,0.3,10.0,18.0,0.10625557849804561
2792,1.0,50.0,35.0,0.3,100.0,24.0,0.10690424839655559
2793,1.0,50.0,35.0,0.3,1000.0,18.0,0.1098800078034401
2794,1.0,50.0,35.0,0.3,10000.0,21.0,0.10638235757748286
2795,1.0,50.0,35.0,0.5,0.0,23.0,0.10478161027034123
2796,1.0,50.0,35.0,0.5,10.0,18.0,0.10212413718303044
2797,1.0,50.0,35.0,0.5,100.0,24.0,0.10376205543677013
2798,1.0,50.0,35.0,0.5,1000.0,29.0,0.10803790887196858
2799,1.0,50.0,35.0,0.5,10000.0,22.0,0.10009373227755229
2800,1.0,50.0,35.0,0.7,0.0,23.0,0.10369238505760829
2801,1.0,50.0,35.0,0.7,10.0,24.0,0.10310366253058116
2802,1.0,50.0,35.0,0.7,100.0,26.0,0.10235159595807393
2803,1.0,50.0,35.0,0.7,1000.0,25.0,0.10301797340313594
2804,1.0,50.0,35.0,0.7,10000.0,28.0,0.09931754569212596
2805,1.0,50.0,40.0,0.3,0.0,23.0,0.10834108044703801
2806,1.0,50.0,40.0,0.3,10.0,22.0,0.10708415259917577
2807,1.0,50.0,40.0,0.3,100.0,18.0,0.10670946290095647
2808,1.0,50.0,40.0,0.3,1000.0,24.0,0.10910905400911967
2809,1.0,50.0,40.0,0.3,10000.0,28.0,0.10672479122877121
2810,1.0,50.0,40.0,0.5,0.0,23.0,0.1039034773906072
2811,1.0,50.0,40.0,0.5,10.0,22.0,0.10310576607783635
2812,1.0,50.0,40.0,0.5,100.0,18.0,0.10340018570423126
2813,1.0,50.0,40.0,0.5,1000.0,24.0,0.10419092824061711
2814,1.0,50.0,40.0,0.5,10000.0,24.0,0.10321901241938274
2815,1.0,50.0,40.0,0.7,0.0,27.0,0.10238933811585109
2816,1.0,50.0,40.0,0.7,10.0,23.0,0.1018613800406456
2817,1.0,50.0,40.0,0.7,100.0,26.0,0.10407878210147221
2818,1.0,50.0,40.0,0.7,1000.0,26.0,0.10196653753519058
2819,1.0,50.0,40.0,0.7,10000.0,26.0,0.10207303861776988
2820,1.0,50.0,45.0,0.3,0.0,21.0,0.10716534157594045
2821,1.0,50.0,45.0,0.3,10.0,18.0,0.10807282974322636
2822,1.0,50.0,45.0,0.3,100.0,20.0,0.10842787971099217
2823,1.0,50.0,45.0,0.3,1000.0,18.0,0.107418492436409
2824,1.0,50.0,45.0,0.3,10000.0,19.0,0.10577694326639175
2825,1.0,50.0,45.0,0.5,0.0,23.0,0.10288922240336736
2826,1.0,50.0,45.0,0.5,10.0,22.0,0.10375701387723286
2827,1.0,50.0,45.0,0.5,100.0,22.0,0.10402114440997441
2828,1.0,50.0,45.0,0.5,1000.0,18.0,0.10550833990176518
2829,1.0,50.0,45.0,0.5,10000.0,22.0,0.10187342514594395
2830,1.0,50.0,45.0,0.7,0.0,27.0,0.10189108302195866
2831,1.0,50.0,45.0,0.7,10.0,23.0,0.10105586300293605
2832,1.0,50.0,45.0,0.7,100.0,25.0,0.10336228460073471
2833,1.0,50.0,45.0,0.7,1000.0,27.0,0.1019247571627299
2834,1.0,50.0,45.0,0.7,10000.0,23.0,0.10122876117626826
2835,1.0,50.0,50.0,0.3,0.0,23.0,0.10806992153326671
2836,1.0,50.0,50.0,0.3,10.0,21.0,0.10743224124113719
2837,1.0,50.0,50.0,0.3,100.0,31.0,0.10923068970441818
2838,1.0,50.0,50.0,0.3,1000.0,26.0,0.10787836462259293
2839,1.0,50.0,50.0,0.3,10000.0,18.0,0.10552396376927693
2840,1.0,50.0,50.0,0.5,0.0,21.0,0.10411044210195541
2841,1.0,50.0,50.0,0.5,10.0,23.0,0.10464064528544743
2842,1.0,50.0,50.0,0.5,100.0,25.0,0.10403498510519664
2843,1.0,50.0,50.0,0.5,1000.0,21.0,0.1032094011704127
2844,1.0,50.0,50.0,0.5,10000.0,21.0,0.10423437257607777
2845,1.0,50.0,50.0,0.7,0.0,22.0,0.10196415334939957
2846,1.0,50.0,50.0,0.7,10.0,23.0,0.10248968750238419
2847,1.0,50.0,50.0,0.7,100.0,27.0,0.1052563910682996
2848,1.0,50.0,50.0,0.7,1000.0,21.0,0.10190402964750926
2849,1.0,50.0,50.0,0.7,10000.0,26.0,0.10058780511220296
2850,2.0,50.0,5.0,0.3,0.0,22.0,0.1066633015871048
2851,2.0,50.0,5.0,0.3,10.0,82.0,0.1003707026441892
2852,2.0,50.0,5.0,0.3,100.0,56.0,0.09545235584179561
2853,2.0,50.0,5.0,0.3,1000.0,96.0,0.08438085267941157
2854,2.0,50.0,5.0,0.3,10000.0,61.0,0.09520336240530014
2855,2.0,50.0,5.0,0.5,0.0,100.0,0.09642002483208974
2856,2.0,50.0,5.0,0.5,10.0,43.0,0.1221643437941869
2857,2.0,50.0,5.0,0.5,100.0,33.0,0.12772113581498465
2858,2.0,50.0,5.0,0.5,1000.0,70.0,0.10525977363189061
2859,2.0,50.0,5.0,0.5,10000.0,24.0,0.12192802131175995
2860,2.0,50.0,5.0,0.7,0.0,61.0,0.17858425279458365
2861,2.0,50.0,5.0,0.7,10.0,41.0,0.18972228467464447
2862,2.0,50.0,5.0,0.7,100.0,32.0,0.20582295457522073
2863,2.0,50.0,5.0,0.7,1000.0,34.0,0.1490722050269445
2864,2.0,50.0,5.0,0.7,10000.0,27.0,0.19613079726696014
2865,2.0,50.0,10.0,0.3,0.0,64.0,0.10867319504419963
2866,2.0,50.0,10.0,0.3,10.0,44.0,0.0967562769850095
2867,2.0,50.0,10.0,0.3,100.0,33.0,0.09521703173716863
2868,2.0,50.0,10.0,0.3,1000.0,34.0,0.10081515957911809
2869,2.0,50.0,10.0,0.3,10000.0,23.0,0.09864742557207744
2870,2.0,50.0,10.0,0.5,0.0,40.0,0.1040731891989708
2871,2.0,50.0,10.0,0.5,10.0,53.0,0.0958714559674263
2872,2.0,50.0,10.0,0.5,100.0,33.0,0.10649678111076355
2873,2.0,50.0,10.0,0.5,1000.0,35.0,0.10316860179106395
2874,2.0,50.0,10.0,0.5,10000.0,26.0,0.09999872247378032
2875,2.0,50.0,10.0,0.7,0.0,61.0,0.136136660973231
2876,2.0,50.0,10.0,0.7,10.0,39.0,0.14874296138683954
2877,2.0,50.0,10.0,0.7,100.0,76.0,0.12963689615329108
2878,2.0,50.0,10.0,0.7,1000.0,39.0,0.12773014605045319
2879,2.0,50.0,10.0,0.7,10000.0,31.0,0.11633174866437912
2880,2.0,50.0,15.0,0.3,0.0,22.0,0.09873435646295547
2881,2.0,50.0,15.0,0.3,10.0,41.0,0.09800377736488979
2882,2.0,50.0,15.0,0.3,100.0,35.0,0.10243504246075948
2883,2.0,50.0,15.0,0.3,1000.0,26.0,0.09854288150866826
2884,2.0,50.0,15.0,0.3,10000.0,33.0,0.09726579984029134
2885,2.0,50.0,15.0,0.5,0.0,27.0,0.09997860342264175
2886,2.0,50.0,15.0,0.5,10.0,43.0,0.0990099882086118
2887,2.0,50.0,15.0,0.5,100.0,34.0,0.10281517604986827
2888,2.0,50.0,15.0,0.5,1000.0,30.0,0.0993134727080663
2889,2.0,50.0,15.0,0.5,10000.0,32.0,0.0975074569384257
2890,2.0,50.0,15.0,0.7,0.0,37.0,0.12132394562164943
2891,2.0,50.0,15.0,0.7,10.0,37.0,0.11677685131629308
2892,2.0,50.0,15.0,0.7,100.0,30.0,0.13092863808075586
2893,2.0,50.0,15.0,0.7,1000.0,37.0,0.1084941178560257
2894,2.0,50.0,15.0,0.7,10000.0,27.0,0.10853159924348195
2895,2.0,50.0,20.0,0.3,0.0,26.0,0.09739049275716145
2896,2.0,50.0,20.0,0.3,10.0,23.0,0.10141962518294652
2897,2.0,50.0,20.0,0.3,100.0,35.0,0.10168254872163136
2898,2.0,50.0,20.0,0.3,1000.0,25.0,0.10093607008457184
2899,2.0,50.0,20.0,0.3,10000.0,49.0,0.08670889586210251
2900,2.0,50.0,20.0,0.5,0.0,27.0,0.09517586976289749
2901,2.0,50.0,20.0,0.5,10.0,23.0,0.10027226557334264
2902,2.0,50.0,20.0,0.5,100.0,34.0,0.10228110601504643
2903,2.0,50.0,20.0,0.5,1000.0,29.0,0.10283460716406505
2904,2.0,50.0,20.0,0.5,10000.0,31.0,0.09490842868884404
2905,2.0,50.0,20.0,0.7,0.0,34.0,0.10566855470339458
2906,2.0,50.0,20.0,0.7,10.0,24.0,0.10174786299467087
2907,2.0,50.0,20.0,0.7,100.0,36.0,0.11245487878719966
2908,2.0,50.0,20.0,0.7,1000.0,26.0,0.1107051024834315
2909,2.0,50.0,20.0,0.7,10000.0,33.0,0.10625655700763066
2910,2.0,50.0,25.0,0.3,0.0,23.0,0.09913556029399236
2911,2.0,50.0,25.0,0.3,10.0,22.0,0.10053818424542744
2912,2.0,50.0,25.0,0.3,100.0,22.0,0.10167395571867625
2913,2.0,50.0,25.0,0.3,1000.0,58.0,0.0912356252471606
2914,2.0,50.0,25.0,0.3,10000.0,21.0,0.0996153677503268
2915,2.0,50.0,25.0,0.5,0.0,26.0,0.09713567545016606
2916,2.0,50.0,25.0,0.5,10.0,24.0,0.09978742649157842
2917,2.0,50.0,25.0,0.5,100.0,25.0,0.099337433775266
2918,2.0,50.0,25.0,0.5,1000.0,30.0,0.10068848232428233
2919,2.0,50.0,25.0,0.5,10000.0,23.0,0.09623237450917561
2920,2.0,50.0,25.0,0.7,0.0,27.0,0.1040472611784935
2921,2.0,50.0,25.0,0.7,10.0,36.0,0.1025321160753568
2922,2.0,50.0,25.0,0.7,100.0,28.0,0.1034428949157397
2923,2.0,50.0,25.0,0.7,1000.0,32.0,0.11212024341026942
2924,2.0,50.0,25.0,0.7,10000.0,27.0,0.10212945938110352
2925,2.0,50.0,30.0,0.3,0.0,23.0,0.0981356327732404
2926,2.0,50.0,30.0,0.3,10.0,20.0,0.10731690376996994
2927,2.0,50.0,30.0,0.3,100.0,24.0,0.10164347539345424
2928,2.0,50.0,30.0,0.3,1000.0,20.0,0.1037430539727211
2929,2.0,50.0,30.0,0.3,10000.0,26.0,0.0996266355117162
2930,2.0,50.0,30.0,0.5,0.0,26.0,0.09846546252568562
2931,2.0,50.0,30.0,0.5,10.0,21.0,0.10256904860337575
2932,2.0,50.0,30.0,0.5,100.0,25.0,0.10048190504312515
2933,2.0,50.0,30.0,0.5,1000.0,20.0,0.10005136330922444
2934,2.0,50.0,30.0,0.5,10000.0,25.0,0.09889129549264908
2935,2.0,50.0,30.0,0.7,0.0,29.0,0.09968395779530208
2936,2.0,50.0,30.0,0.7,10.0,22.0,0.10251471400260925
2937,2.0,50.0,30.0,0.7,100.0,27.0,0.10228342314561208
2938,2.0,50.0,30.0,0.7,1000.0,25.0,0.10132679839928944
2939,2.0,50.0,30.0,0.7,10000.0,37.0,0.10612528522809346
2940,2.0,50.0,35.0,0.3,0.0,20.0,0.10290118555227916
2941,2.0,50.0,35.0,0.3,10.0,22.0,0.10284818708896637
2942,2.0,50.0,35.0,0.3,100.0,20.0,0.10316858192284901
2943,2.0,50.0,35.0,0.3,1000.0,20.0,0.10615519930919011
2944,2.0,50.0,35.0,0.3,10000.0,20.0,0.10036356498797734
2945,2.0,50.0,35.0,0.5,0.0,20.0,0.1010544349749883
2946,2.0,50.0,35.0,0.5,10.0,23.0,0.10312709957361221
2947,2.0,50.0,35.0,0.5,100.0,24.0,0.10177566856145859
2948,2.0,50.0,35.0,0.5,1000.0,21.0,0.10214819262425105
2949,2.0,50.0,35.0,0.5,10000.0,20.0,0.09820792575677235
2950,2.0,50.0,35.0,0.7,0.0,24.0,0.10247540473937988
2951,2.0,50.0,35.0,0.7,10.0,27.0,0.10346853733062744
2952,2.0,50.0,35.0,0.7,100.0,31.0,0.1034612978498141
2953,2.0,50.0,35.0,0.7,1000.0,26.0,0.1042112410068512
2954,2.0,50.0,35.0,0.7,10000.0,26.0,0.10157316426436107
2955,2.0,50.0,40.0,0.3,0.0,23.0,0.10164760053157806
2956,2.0,50.0,40.0,0.3,10.0,20.0,0.10296769191821416
2957,2.0,50.0,40.0,0.3,100.0,20.0,0.10640184829632442
2958,2.0,50.0,40.0,0.3,1000.0,23.0,0.10684854537248611
2959,2.0,50.0,40.0,0.3,10000.0,19.0,0.10303844263156255
2960,2.0,50.0,40.0,0.5,0.0,22.0,0.09903768201669057
2961,2.0,50.0,40.0,0.5,10.0,21.0,0.09996085117260615
2962,2.0,50.0,40.0,0.5,100.0,22.0,0.10100419322649638
2963,2.0,50.0,40.0,0.5,1000.0,23.0,0.10368852068980534
2964,2.0,50.0,40.0,0.5,10000.0,19.0,0.10000679641962051
2965,2.0,50.0,40.0,0.7,0.0,24.0,0.10091059158245723
2966,2.0,50.0,40.0,0.7,10.0,22.0,0.10011179000139236
2967,2.0,50.0,40.0,0.7,100.0,25.0,0.1039552316069603
2968,2.0,50.0,40.0,0.7,1000.0,26.0,0.1035914992292722
2969,2.0,50.0,40.0,0.7,10000.0,27.0,0.10294485340515773
2970,2.0,50.0,45.0,0.3,0.0,21.0,0.10124933471282323
2971,2.0,50.0,45.0,0.3,10.0,17.0,0.10230356206496556
2972,2.0,50.0,45.0,0.3,100.0,19.0,0.10314620037873586
2973,2.0,50.0,45.0,0.3,1000.0,22.0,0.10592190424601237
2974,2.0,50.0,45.0,0.3,10000.0,19.0,0.10102326671282451
2975,2.0,50.0,45.0,0.5,0.0,23.0,0.09876886506875356
2976,2.0,50.0,45.0,0.5,10.0,21.0,0.10214039931694667
2977,2.0,50.0,45.0,0.5,100.0,19.0,0.10037339478731155
2978,2.0,50.0,45.0,0.5,1000.0,19.0,0.10036173462867737
2979,2.0,50.0,45.0,0.5,10000.0,33.0,0.09971956660350163
2980,2.0,50.0,45.0,0.7,0.0,26.0,0.09887689848740895
2981,2.0,50.0,45.0,0.7,10.0,22.0,0.10026075939337413
2982,2.0,50.0,45.0,0.7,100.0,26.0,0.10036174704631169
2983,2.0,50.0,45.0,0.7,1000.0,23.0,0.10227845857540767
2984,2.0,50.0,45.0,0.7,10000.0,28.0,0.1007075309753418
2985,2.0,50.0,50.0,0.3,0.0,22.0,0.10264665633440018
2986,2.0,50.0,50.0,0.3,10.0,18.0,0.10398691644271214
2987,2.0,50.0,50.0,0.3,100.0,20.0,0.10650579631328583
2988,2.0,50.0,50.0,0.3,1000.0,19.0,0.10578204443057378
2989,2.0,50.0,50.0,0.3,10000.0,18.0,0.10584353407224019
2990,2.0,50.0,50.0,0.5,0.0,23.0,0.10024031748374303
2991,2.0,50.0,50.0,0.5,10.0,20.0,0.10111478467782338
2992,2.0,50.0,50.0,0.5,100.0,20.0,0.1020024965206782
2993,2.0,50.0,50.0,0.5,1000.0,20.0,0.10288064181804657
2994,2.0,50.0,50.0,0.5,10000.0,19.0,0.10340019067128499
2995,2.0,50.0,50.0,0.7,0.0,28.0,0.09969302515188853
2996,2.0,50.0,50.0,0.7,10.0,22.0,0.10131519287824631
2997,2.0,50.0,50.0,0.7,100.0,28.0,0.10103707760572433
2998,2.0,50.0,50.0,0.7,1000.0,26.0,0.10179923723141353
2999,2.0,50.0,50.0,0.7,10000.0,24.0,0.10248313099145889
