,num_layers,hidden1,hidden2,dropout,random_seed,epochs_trained,val_error
0,1.0,5.0,5.0,0.3,0.0,54.0,0.5313922514518102
1,1.0,5.0,5.0,0.3,10.0,76.0,0.5052628368139267
2,1.0,5.0,5.0,0.3,100.0,93.0,0.47565096616744995
3,1.0,5.0,5.0,0.3,1000.0,93.0,0.573331892490387
4,1.0,5.0,5.0,0.3,10000.0,91.0,0.4996804744005203
5,1.0,5.0,5.0,0.5,0.0,89.0,0.5529809296131134
6,1.0,5.0,5.0,0.5,10.0,76.0,0.5496041675408682
7,1.0,5.0,5.0,0.5,100.0,78.0,0.49388861656188965
8,1.0,5.0,5.0,0.5,1000.0,93.0,0.616195023059845
9,1.0,5.0,5.0,0.5,10000.0,78.0,0.5193529079357783
10,1.0,5.0,5.0,0.7,0.0,83.0,0.6180423100789388
11,1.0,5.0,5.0,0.7,10.0,144.0,0.6112382809321085
12,1.0,5.0,5.0,0.7,100.0,78.0,0.5569977760314941
13,1.0,5.0,5.0,0.7,1000.0,84.0,0.6802000304063162
14,1.0,5.0,5.0,0.7,10000.0,66.0,0.6145712733268738
15,1.0,5.0,10.0,0.3,0.0,52.0,0.5208143393198649
16,1.0,5.0,10.0,0.3,10.0,80.0,0.4859002431233724
17,1.0,5.0,10.0,0.3,100.0,64.0,0.5164545426766077
18,1.0,5.0,10.0,0.3,1000.0,42.0,0.5015380879243215
19,1.0,5.0,10.0,0.3,10000.0,82.0,0.5084574520587921
20,1.0,5.0,10.0,0.5,0.0,96.0,0.5494593679904938
21,1.0,5.0,10.0,0.5,10.0,103.0,0.49113989373048145
22,1.0,5.0,10.0,0.5,100.0,108.0,0.567704568306605
23,1.0,5.0,10.0,0.5,1000.0,55.0,0.5015354007482529
24,1.0,5.0,10.0,0.5,10000.0,114.0,0.5189375380674998
25,1.0,5.0,10.0,0.7,0.0,168.0,0.5625445147355398
26,1.0,5.0,10.0,0.7,10.0,108.0,0.5379879474639893
27,1.0,5.0,10.0,0.7,100.0,175.0,0.6181487540404002
28,1.0,5.0,10.0,0.7,1000.0,60.0,0.5491806268692017
29,1.0,5.0,10.0,0.7,10000.0,157.0,0.5593243539333344
30,1.0,5.0,15.0,0.3,0.0,96.0,0.5317285557587942
31,1.0,5.0,15.0,0.3,10.0,77.0,0.5005137026309967
32,1.0,5.0,15.0,0.3,100.0,62.0,0.48701559007167816
33,1.0,5.0,15.0,0.3,1000.0,36.0,0.5066079447666804
34,1.0,5.0,15.0,0.3,10000.0,38.0,0.5303223878145218
35,1.0,5.0,15.0,0.5,0.0,86.0,0.593601405620575
36,1.0,5.0,15.0,0.5,10.0,98.0,0.5107525289058685
37,1.0,5.0,15.0,0.5,100.0,80.0,0.5047427316506704
38,1.0,5.0,15.0,0.5,1000.0,39.0,0.513409212231636
39,1.0,5.0,15.0,0.5,10000.0,101.0,0.5209110975265503
40,1.0,5.0,15.0,0.7,0.0,189.0,0.5951192677021027
41,1.0,5.0,15.0,0.7,10.0,124.0,0.5623962978521982
42,1.0,5.0,15.0,0.7,100.0,93.0,0.5664885342121124
43,1.0,5.0,15.0,0.7,1000.0,116.0,0.5488772292931875
44,1.0,5.0,15.0,0.7,10000.0,81.0,0.5936425427595774
45,1.0,5.0,20.0,0.3,0.0,95.0,0.4811236411333084
46,1.0,5.0,20.0,0.3,10.0,62.0,0.49124812583128613
47,1.0,5.0,20.0,0.3,100.0,67.0,0.47713571786880493
48,1.0,5.0,20.0,0.3,1000.0,39.0,0.5040709575017294
49,1.0,5.0,20.0,0.3,10000.0,43.0,0.4850236227114995
50,1.0,5.0,20.0,0.5,0.0,89.0,0.4994418074687322
51,1.0,5.0,20.0,0.5,10.0,97.0,0.497594490647316
52,1.0,5.0,20.0,0.5,100.0,78.0,0.4880940119425456
53,1.0,5.0,20.0,0.5,1000.0,47.0,0.5143053034941355
54,1.0,5.0,20.0,0.5,10000.0,55.0,0.491819495956103
55,1.0,5.0,20.0,0.7,0.0,106.0,0.5448784629503886
56,1.0,5.0,20.0,0.7,10.0,108.0,0.5370784997940063
57,1.0,5.0,20.0,0.7,100.0,11.0,0.6981199582417806
58,1.0,5.0,20.0,0.7,1000.0,127.0,0.5472955306371053
59,1.0,5.0,20.0,0.7,10000.0,51.0,0.5470062692960104
60,1.0,5.0,25.0,0.3,0.0,48.0,0.494224950671196
61,1.0,5.0,25.0,0.3,10.0,64.0,0.4829216053088506
62,1.0,5.0,25.0,0.3,100.0,66.0,0.4809390703837077
63,1.0,5.0,25.0,0.3,1000.0,34.0,0.48584140837192535
64,1.0,5.0,25.0,0.3,10000.0,51.0,0.4828276385863622
65,1.0,5.0,25.0,0.5,0.0,77.0,0.505616769194603
66,1.0,5.0,25.0,0.5,10.0,78.0,0.4881414125363032
67,1.0,5.0,25.0,0.5,100.0,95.0,0.4983120759328206
68,1.0,5.0,25.0,0.5,1000.0,51.0,0.4976199169953664
69,1.0,5.0,25.0,0.5,10000.0,60.0,0.49074259400367737
70,1.0,5.0,25.0,0.7,0.0,103.0,0.5288651088873545
71,1.0,5.0,25.0,0.7,10.0,119.0,0.5193334221839905
72,1.0,5.0,25.0,0.7,100.0,103.0,0.5549714267253876
73,1.0,5.0,25.0,0.7,1000.0,78.0,0.5377205014228821
74,1.0,5.0,25.0,0.7,10000.0,72.0,0.5359239180882772
75,1.0,5.0,30.0,0.3,0.0,57.0,0.4801019827524821
76,1.0,5.0,30.0,0.3,10.0,64.0,0.48558250566323596
77,1.0,5.0,30.0,0.3,100.0,47.0,0.49238264560699463
78,1.0,5.0,30.0,0.3,1000.0,37.0,0.481429527203242
79,1.0,5.0,30.0,0.3,10000.0,38.0,0.49671780069669086
80,1.0,5.0,30.0,0.5,0.0,69.0,0.49485287070274353
81,1.0,5.0,30.0,0.5,10.0,65.0,0.48309217393398285
82,1.0,5.0,30.0,0.5,100.0,65.0,0.5142753918965658
83,1.0,5.0,30.0,0.5,1000.0,42.0,0.4786093086004257
84,1.0,5.0,30.0,0.5,10000.0,50.0,0.4932977755864461
85,1.0,5.0,30.0,0.7,0.0,87.0,0.5301541388034821
86,1.0,5.0,30.0,0.7,10.0,55.0,0.5264904052019119
87,1.0,5.0,30.0,0.7,100.0,92.0,0.5689589281876882
88,1.0,5.0,30.0,0.7,1000.0,69.0,0.5081769873698553
89,1.0,5.0,30.0,0.7,10000.0,72.0,0.5344266494115194
90,1.0,5.0,35.0,0.3,0.0,47.0,0.5021785000960032
91,1.0,5.0,35.0,0.3,10.0,80.0,0.48923105994860333
92,1.0,5.0,35.0,0.3,100.0,53.0,0.48372748990853626
93,1.0,5.0,35.0,0.3,1000.0,70.0,0.47413097818692523
94,1.0,5.0,35.0,0.3,10000.0,49.0,0.48335390786329907
95,1.0,5.0,35.0,0.5,0.0,49.0,0.5120962311824163
96,1.0,5.0,35.0,0.5,10.0,66.0,0.48954621454079944
97,1.0,5.0,35.0,0.5,100.0,56.0,0.49543145795663196
98,1.0,5.0,35.0,0.5,1000.0,71.0,0.47393182416756946
99,1.0,5.0,35.0,0.5,10000.0,68.0,0.4845292866230011
100,1.0,5.0,35.0,0.7,0.0,11.0,0.7256367007891337
101,1.0,5.0,35.0,0.7,10.0,66.0,0.5329686750968298
102,1.0,5.0,35.0,0.7,100.0,69.0,0.5539844930171967
103,1.0,5.0,35.0,0.7,1000.0,73.0,0.5138788123925527
104,1.0,5.0,35.0,0.7,10000.0,101.0,0.5289905071258545
105,1.0,5.0,40.0,0.3,0.0,11.0,0.7073063353697459
106,1.0,5.0,40.0,0.3,10.0,77.0,0.49667438368002575
107,1.0,5.0,40.0,0.3,100.0,53.0,0.47060075402259827
108,1.0,5.0,40.0,0.3,1000.0,32.0,0.48918632169564563
109,1.0,5.0,40.0,0.3,10000.0,54.0,0.47678489486376446
110,1.0,5.0,40.0,0.5,0.0,11.0,0.7015968064467112
111,1.0,5.0,40.0,0.5,10.0,73.0,0.49209848543008167
112,1.0,5.0,40.0,0.5,100.0,56.0,0.49018368621667224
113,1.0,5.0,40.0,0.5,1000.0,48.0,0.5026746441920599
114,1.0,5.0,40.0,0.5,10000.0,53.0,0.4914642572402954
115,1.0,5.0,40.0,0.7,0.0,11.0,0.708294282356898
116,1.0,5.0,40.0,0.7,10.0,126.0,0.5236714979012808
117,1.0,5.0,40.0,0.7,100.0,11.0,0.7012245655059814
118,1.0,5.0,40.0,0.7,1000.0,68.0,0.5403699080149332
119,1.0,5.0,40.0,0.7,10000.0,120.0,0.5393596390883127
120,1.0,5.0,45.0,0.3,0.0,76.0,0.49584784110387164
121,1.0,5.0,45.0,0.3,10.0,54.0,0.48778649667898816
122,1.0,5.0,45.0,0.3,100.0,49.0,0.4787743290265401
123,1.0,5.0,45.0,0.3,1000.0,64.0,0.47937729954719543
124,1.0,5.0,45.0,0.3,10000.0,38.0,0.47783611218134564
125,1.0,5.0,45.0,0.5,0.0,76.0,0.5101998746395111
126,1.0,5.0,45.0,0.5,10.0,77.0,0.49392510453859967
127,1.0,5.0,45.0,0.5,100.0,54.0,0.48835092782974243
128,1.0,5.0,45.0,0.5,1000.0,70.0,0.4862770736217499
129,1.0,5.0,45.0,0.5,10000.0,55.0,0.4821394930283229
130,1.0,5.0,45.0,0.7,0.0,117.0,0.5346298615137736
131,1.0,5.0,45.0,0.7,10.0,87.0,0.532791386047999
132,1.0,5.0,45.0,0.7,100.0,68.0,0.539336085319519
133,1.0,5.0,45.0,0.7,1000.0,69.0,0.523274153470993
134,1.0,5.0,45.0,0.7,10000.0,52.0,0.5264868835608164
135,1.0,5.0,50.0,0.3,0.0,47.0,0.5085376898447672
136,1.0,5.0,50.0,0.3,10.0,77.0,0.48969629406929016
137,1.0,5.0,50.0,0.3,100.0,64.0,0.4720092713832855
138,1.0,5.0,50.0,0.3,1000.0,54.0,0.4710807055234909
139,1.0,5.0,50.0,0.3,10000.0,37.0,0.48955975472927094
140,1.0,5.0,50.0,0.5,0.0,70.0,0.5113692581653595
141,1.0,5.0,50.0,0.5,10.0,87.0,0.49572208027044934
142,1.0,5.0,50.0,0.5,100.0,64.0,0.489983469247818
143,1.0,5.0,50.0,0.5,1000.0,70.0,0.4770118147134781
144,1.0,5.0,50.0,0.5,10000.0,52.0,0.489588330189387
145,1.0,5.0,50.0,0.7,0.0,87.0,0.5336091915766398
146,1.0,5.0,50.0,0.7,10.0,118.0,0.5325422783692678
147,1.0,5.0,50.0,0.7,100.0,53.0,0.5500302314758301
148,1.0,5.0,50.0,0.7,1000.0,60.0,0.5033652434746424
149,1.0,5.0,50.0,0.7,10000.0,57.0,0.5454367399215698
150,2.0,5.0,5.0,0.3,0.0,57.0,0.5913554529349009
151,2.0,5.0,5.0,0.3,10.0,14.0,0.6744332114855448
152,2.0,5.0,5.0,0.3,100.0,11.0,0.6915869812170664
153,2.0,5.0,5.0,0.3,1000.0,53.0,0.5711099604765574
154,2.0,5.0,5.0,0.3,10000.0,61.0,0.5056002885103226
155,2.0,5.0,5.0,0.5,0.0,86.0,0.594517320394516
156,2.0,5.0,5.0,0.5,10.0,14.0,0.6756089727083842
157,2.0,5.0,5.0,0.5,100.0,11.0,0.6897155344486237
158,2.0,5.0,5.0,0.5,1000.0,88.0,0.5748419264952341
159,2.0,5.0,5.0,0.5,10000.0,61.0,0.5284725030263265
160,2.0,5.0,5.0,0.7,0.0,95.0,0.6686716675758362
161,2.0,5.0,5.0,0.7,10.0,14.0,0.6788148681322733
162,2.0,5.0,5.0,0.7,100.0,11.0,0.6907973686854044
163,2.0,5.0,5.0,0.7,1000.0,82.0,0.6559548676013947
164,2.0,5.0,5.0,0.7,10000.0,35.0,0.6223662495613098
165,2.0,5.0,10.0,0.3,0.0,60.0,0.5289575159549713
166,2.0,5.0,10.0,0.3,10.0,44.0,0.514991338054339
167,2.0,5.0,10.0,0.3,100.0,36.0,0.5358416239420573
168,2.0,5.0,10.0,0.3,1000.0,63.0,0.5380867421627045
169,2.0,5.0,10.0,0.3,10000.0,51.0,0.4962463478247325
170,2.0,5.0,10.0,0.5,0.0,56.0,0.54123588403066
171,2.0,5.0,10.0,0.5,10.0,44.0,0.5092611561218897
172,2.0,5.0,10.0,0.5,100.0,111.0,0.5231831471125284
173,2.0,5.0,10.0,0.5,1000.0,80.0,0.5468742946783701
174,2.0,5.0,10.0,0.5,10000.0,67.0,0.5108028401931127
175,2.0,5.0,10.0,0.7,0.0,68.0,0.5929644703865051
176,2.0,5.0,10.0,0.7,10.0,56.0,0.54825692375501
177,2.0,5.0,10.0,0.7,100.0,136.0,0.5633887052536011
178,2.0,5.0,10.0,0.7,1000.0,108.0,0.5763044357299805
179,2.0,5.0,10.0,0.7,10000.0,99.0,0.559311717748642
180,2.0,5.0,15.0,0.3,0.0,11.0,0.7228020032246908
181,2.0,5.0,15.0,0.3,10.0,40.0,0.5055568218231201
182,2.0,5.0,15.0,0.3,100.0,81.0,0.5088423093159994
183,2.0,5.0,15.0,0.3,1000.0,44.0,0.5280275543530782
184,2.0,5.0,15.0,0.3,10000.0,88.0,0.5078641970952352
185,2.0,5.0,15.0,0.5,0.0,11.0,0.7213591237862905
186,2.0,5.0,15.0,0.5,10.0,47.0,0.5128069122632345
187,2.0,5.0,15.0,0.5,100.0,110.0,0.520183598001798
188,2.0,5.0,15.0,0.5,1000.0,62.0,0.564401904741923
189,2.0,5.0,15.0,0.5,10000.0,73.0,0.5211559931437174
190,2.0,5.0,15.0,0.7,0.0,11.0,0.7176570991675059
191,2.0,5.0,15.0,0.7,10.0,60.0,0.5403826932112376
192,2.0,5.0,15.0,0.7,100.0,96.0,0.5522911846637726
193,2.0,5.0,15.0,0.7,1000.0,71.0,0.5758235653241476
194,2.0,5.0,15.0,0.7,10000.0,93.0,0.555973082780838
195,2.0,5.0,20.0,0.3,0.0,65.0,0.4901696741580963
196,2.0,5.0,20.0,0.3,10.0,48.0,0.505189115802447
197,2.0,5.0,20.0,0.3,100.0,45.0,0.4869866619507472
198,2.0,5.0,20.0,0.3,1000.0,52.0,0.4996144771575928
199,2.0,5.0,20.0,0.3,10000.0,11.0,0.7226050595442454
200,2.0,5.0,20.0,0.5,0.0,53.0,0.5010137756665548
201,2.0,5.0,20.0,0.5,10.0,48.0,0.49506236612796783
202,2.0,5.0,20.0,0.5,100.0,44.0,0.4891062577565511
203,2.0,5.0,20.0,0.5,1000.0,63.0,0.5308883587519327
204,2.0,5.0,20.0,0.5,10000.0,11.0,0.7222561836242676
205,2.0,5.0,20.0,0.7,0.0,39.0,0.5438890258471171
206,2.0,5.0,20.0,0.7,10.0,51.0,0.53950434923172
207,2.0,5.0,20.0,0.7,100.0,56.0,0.5298714339733124
208,2.0,5.0,20.0,0.7,1000.0,97.0,0.552164892355601
209,2.0,5.0,20.0,0.7,10000.0,11.0,0.7206005056699117
210,2.0,5.0,25.0,0.3,0.0,70.0,0.549176832040151
211,2.0,5.0,25.0,0.3,10.0,56.0,0.49673716723918915
212,2.0,5.0,25.0,0.3,100.0,39.0,0.5037458886702856
213,2.0,5.0,25.0,0.3,1000.0,51.0,0.49958109855651855
214,2.0,5.0,25.0,0.3,10000.0,56.0,0.5032378981510798
215,2.0,5.0,25.0,0.5,0.0,70.0,0.528127908706665
216,2.0,5.0,25.0,0.5,10.0,67.0,0.5114083389441172
217,2.0,5.0,25.0,0.5,100.0,65.0,0.5067953765392303
218,2.0,5.0,25.0,0.5,1000.0,63.0,0.5267950892448425
219,2.0,5.0,25.0,0.5,10000.0,78.0,0.50491135319074
220,2.0,5.0,25.0,0.7,0.0,105.0,0.5544998447100321
221,2.0,5.0,25.0,0.7,10.0,87.0,0.5659908056259155
222,2.0,5.0,25.0,0.7,100.0,84.0,0.5506575206915537
223,2.0,5.0,25.0,0.7,1000.0,95.0,0.5423162380854288
224,2.0,5.0,25.0,0.7,10000.0,92.0,0.5392958720525106
225,2.0,5.0,30.0,0.3,0.0,53.0,0.5265519966681799
226,2.0,5.0,30.0,0.3,10.0,48.0,0.4977199236551921
227,2.0,5.0,30.0,0.3,100.0,35.0,0.4893908351659775
228,2.0,5.0,30.0,0.3,1000.0,38.0,0.510768860578537
229,2.0,5.0,30.0,0.3,10000.0,54.0,0.5040286034345627
230,2.0,5.0,30.0,0.5,0.0,52.0,0.5194421162207922
231,2.0,5.0,30.0,0.5,10.0,50.0,0.4978034595648448
232,2.0,5.0,30.0,0.5,100.0,12.0,0.6789722641309103
233,2.0,5.0,30.0,0.5,1000.0,48.0,0.5175714095433553
234,2.0,5.0,30.0,0.5,10000.0,73.0,0.4982091238101323
235,2.0,5.0,30.0,0.7,0.0,11.0,0.7084780434767405
236,2.0,5.0,30.0,0.7,10.0,65.0,0.5281694730122884
237,2.0,5.0,30.0,0.7,100.0,11.0,0.7013122042020162
238,2.0,5.0,30.0,0.7,1000.0,104.0,0.537365198135376
239,2.0,5.0,30.0,0.7,10000.0,67.0,0.539169023434321
240,2.0,5.0,35.0,0.3,0.0,47.0,0.5369304517904917
241,2.0,5.0,35.0,0.3,10.0,50.0,0.4883653074502945
242,2.0,5.0,35.0,0.3,100.0,39.0,0.4894927740097046
243,2.0,5.0,35.0,0.3,1000.0,35.0,0.4964350660641988
244,2.0,5.0,35.0,0.3,10000.0,58.0,0.49738923211892444
245,2.0,5.0,35.0,0.5,0.0,53.0,0.5350137750307719
246,2.0,5.0,35.0,0.5,10.0,55.0,0.49428804715474445
247,2.0,5.0,35.0,0.5,100.0,45.0,0.49428963164488476
248,2.0,5.0,35.0,0.5,1000.0,37.0,0.49588972826798755
249,2.0,5.0,35.0,0.5,10000.0,55.0,0.5025634616613388
250,2.0,5.0,35.0,0.7,0.0,52.0,0.561148981253306
251,2.0,5.0,35.0,0.7,10.0,67.0,0.5301110645135244
252,2.0,5.0,35.0,0.7,100.0,78.0,0.5263622204462687
253,2.0,5.0,35.0,0.7,1000.0,11.0,0.683481365442276
254,2.0,5.0,35.0,0.7,10000.0,72.0,0.5452950795491537
255,2.0,5.0,40.0,0.3,0.0,53.0,0.5102342267831167
256,2.0,5.0,40.0,0.3,10.0,53.0,0.49498870472113293
257,2.0,5.0,40.0,0.3,100.0,33.0,0.48681427041689557
258,2.0,5.0,40.0,0.3,1000.0,43.0,0.4986586272716522
259,2.0,5.0,40.0,0.3,10000.0,11.0,0.7185708383719126
260,2.0,5.0,40.0,0.5,0.0,61.0,0.5099343756834666
261,2.0,5.0,40.0,0.5,10.0,53.0,0.4926678587992986
262,2.0,5.0,40.0,0.5,100.0,38.0,0.5007356504599253
263,2.0,5.0,40.0,0.5,1000.0,47.0,0.5231710076332092
264,2.0,5.0,40.0,0.5,10000.0,53.0,0.49380384385585785
265,2.0,5.0,40.0,0.7,0.0,64.0,0.5353514353434244
266,2.0,5.0,40.0,0.7,10.0,48.0,0.5340726176897684
267,2.0,5.0,40.0,0.7,100.0,83.0,0.5145745972792307
268,2.0,5.0,40.0,0.7,1000.0,85.0,0.567360132932663
269,2.0,5.0,40.0,0.7,10000.0,11.0,0.7144584655761719
270,2.0,5.0,45.0,0.3,0.0,49.0,0.5075699985027313
271,2.0,5.0,45.0,0.3,10.0,30.0,0.4878222594658534
272,2.0,5.0,45.0,0.3,100.0,39.0,0.4890005439519882
273,2.0,5.0,45.0,0.3,1000.0,32.0,0.4932852238416672
274,2.0,5.0,45.0,0.3,10000.0,56.0,0.4993905673424403
275,2.0,5.0,45.0,0.5,0.0,56.0,0.5267498145500819
276,2.0,5.0,45.0,0.5,10.0,44.0,0.49050358931223553
277,2.0,5.0,45.0,0.5,100.0,45.0,0.491293802857399
278,2.0,5.0,45.0,0.5,1000.0,32.0,0.49901531140009564
279,2.0,5.0,45.0,0.5,10000.0,54.0,0.523406594991684
280,2.0,5.0,45.0,0.7,0.0,64.0,0.5461386839548746
281,2.0,5.0,45.0,0.7,10.0,60.0,0.5215330322583517
282,2.0,5.0,45.0,0.7,100.0,94.0,0.5199937423070272
283,2.0,5.0,45.0,0.7,1000.0,60.0,0.5416595935821533
284,2.0,5.0,45.0,0.7,10000.0,77.0,0.5718381603558859
285,2.0,5.0,50.0,0.3,0.0,38.0,0.5162582943836848
286,2.0,5.0,50.0,0.3,10.0,35.0,0.49635149041811627
287,2.0,5.0,50.0,0.3,100.0,31.0,0.48118337988853455
288,2.0,5.0,50.0,0.3,1000.0,30.0,0.4908306946357091
289,2.0,5.0,50.0,0.3,10000.0,68.0,0.4875955134630203
290,2.0,5.0,50.0,0.5,0.0,63.0,0.5065971364577612
291,2.0,5.0,50.0,0.5,10.0,44.0,0.5011702477931976
292,2.0,5.0,50.0,0.5,100.0,63.0,0.4835776885350545
293,2.0,5.0,50.0,0.5,1000.0,41.0,0.49982158839702606
294,2.0,5.0,50.0,0.5,10000.0,50.0,0.49982670942942303
295,2.0,5.0,50.0,0.7,0.0,57.0,0.5504634380340576
296,2.0,5.0,50.0,0.7,10.0,44.0,0.5277999689181646
297,2.0,5.0,50.0,0.7,100.0,61.0,0.5196147759755453
298,2.0,5.0,50.0,0.7,1000.0,60.0,0.5321533580621084
299,2.0,5.0,50.0,0.7,10000.0,56.0,0.5642063021659851
300,1.0,10.0,5.0,0.3,0.0,31.0,0.5226851850748062
301,1.0,10.0,5.0,0.3,10.0,46.0,0.4911578993002574
302,1.0,10.0,5.0,0.3,100.0,31.0,0.5481488307317098
303,1.0,10.0,5.0,0.3,1000.0,34.0,0.5074558655420939
304,1.0,10.0,5.0,0.3,10000.0,60.0,0.505730872352918
305,1.0,10.0,5.0,0.5,0.0,30.0,0.5233957767486572
306,1.0,10.0,5.0,0.5,10.0,63.0,0.5115084846814474
307,1.0,10.0,5.0,0.5,100.0,58.0,0.5273347496986389
308,1.0,10.0,5.0,0.5,1000.0,36.0,0.5087324728568395
309,1.0,10.0,5.0,0.5,10000.0,54.0,0.5219295074542364
310,1.0,10.0,5.0,0.7,0.0,36.0,0.5518491268157959
311,1.0,10.0,5.0,0.7,10.0,57.0,0.561692863702774
312,1.0,10.0,5.0,0.7,100.0,65.0,0.5736144880453745
313,1.0,10.0,5.0,0.7,1000.0,50.0,0.5407385031382242
314,1.0,10.0,5.0,0.7,10000.0,101.0,0.5633040070533752
315,1.0,10.0,10.0,0.3,0.0,26.0,0.5403959552447001
316,1.0,10.0,10.0,0.3,10.0,31.0,0.5296304523944855
317,1.0,10.0,10.0,0.3,100.0,28.0,0.5438028623660406
318,1.0,10.0,10.0,0.3,1000.0,36.0,0.5278244465589523
319,1.0,10.0,10.0,0.3,10000.0,43.0,0.4873618483543396
320,1.0,10.0,10.0,0.5,0.0,34.0,0.5550021827220917
321,1.0,10.0,10.0,0.5,10.0,33.0,0.5372250775496165
322,1.0,10.0,10.0,0.5,100.0,28.0,0.5488885243733724
323,1.0,10.0,10.0,0.5,1000.0,36.0,0.5406561742226282
324,1.0,10.0,10.0,0.5,10000.0,51.0,0.49506620566050213
325,1.0,10.0,10.0,0.7,0.0,87.0,0.5617925326029459
326,1.0,10.0,10.0,0.7,10.0,32.0,0.561705599228541
327,1.0,10.0,10.0,0.7,100.0,75.0,0.5549328525861105
328,1.0,10.0,10.0,0.7,1000.0,51.0,0.5747222304344177
329,1.0,10.0,10.0,0.7,10000.0,50.0,0.5370046397050222
330,1.0,10.0,15.0,0.3,0.0,33.0,0.4917379518349965
331,1.0,10.0,15.0,0.3,10.0,35.0,0.49407347043355304
332,1.0,10.0,15.0,0.3,100.0,24.0,0.5384607563416163
333,1.0,10.0,15.0,0.3,1000.0,53.0,0.5078098922967911
334,1.0,10.0,15.0,0.3,10000.0,41.0,0.48007115224997204
335,1.0,10.0,15.0,0.5,0.0,33.0,0.48673706750075024
336,1.0,10.0,15.0,0.5,10.0,44.0,0.5073401679595312
337,1.0,10.0,15.0,0.5,100.0,26.0,0.5457272529602051
338,1.0,10.0,15.0,0.5,1000.0,53.0,0.5063313295443853
339,1.0,10.0,15.0,0.5,10000.0,41.0,0.47610945006211597
340,1.0,10.0,15.0,0.7,0.0,44.0,0.5124248216549555
341,1.0,10.0,15.0,0.7,10.0,75.0,0.5415372451146444
342,1.0,10.0,15.0,0.7,100.0,31.0,0.5781437357266744
343,1.0,10.0,15.0,0.7,1000.0,66.0,0.5335884292920431
344,1.0,10.0,15.0,0.7,10000.0,39.0,0.4913855294386546
345,1.0,10.0,20.0,0.3,0.0,27.0,0.5023819158474604
346,1.0,10.0,20.0,0.3,10.0,30.0,0.4855026106039683
347,1.0,10.0,20.0,0.3,100.0,27.0,0.5340324938297272
348,1.0,10.0,20.0,0.3,1000.0,33.0,0.49833524227142334
349,1.0,10.0,20.0,0.3,10000.0,49.0,0.48311327894528705
350,1.0,10.0,20.0,0.5,0.0,46.0,0.5113799472649893
351,1.0,10.0,20.0,0.5,10.0,34.0,0.4905850092569987
352,1.0,10.0,20.0,0.5,100.0,45.0,0.5025979926188787
353,1.0,10.0,20.0,0.5,1000.0,67.0,0.5057946791251501
354,1.0,10.0,20.0,0.5,10000.0,38.0,0.48818498353163403
355,1.0,10.0,20.0,0.7,0.0,53.0,0.5373411377271017
356,1.0,10.0,20.0,0.7,10.0,63.0,0.5163181374470392
357,1.0,10.0,20.0,0.7,100.0,66.0,0.5178743700186411
358,1.0,10.0,20.0,0.7,1000.0,100.0,0.5282435119152069
359,1.0,10.0,20.0,0.7,10000.0,65.0,0.5098916043837866
360,1.0,10.0,25.0,0.3,0.0,28.0,0.49727705617745716
361,1.0,10.0,25.0,0.3,10.0,35.0,0.4968792100747426
362,1.0,10.0,25.0,0.3,100.0,25.0,0.5077398618062338
363,1.0,10.0,25.0,0.3,1000.0,30.0,0.48774536450703937
364,1.0,10.0,25.0,0.3,10000.0,29.0,0.487874632080396
365,1.0,10.0,25.0,0.5,0.0,60.0,0.5024846295515696
366,1.0,10.0,25.0,0.5,10.0,38.0,0.5083080480496088
367,1.0,10.0,25.0,0.5,100.0,53.0,0.4976436098416646
368,1.0,10.0,25.0,0.5,1000.0,51.0,0.48716731866200763
369,1.0,10.0,25.0,0.5,10000.0,38.0,0.489343985915184
370,1.0,10.0,25.0,0.7,0.0,67.0,0.5208270798126856
371,1.0,10.0,25.0,0.7,10.0,51.0,0.5372366507848104
372,1.0,10.0,25.0,0.7,100.0,58.0,0.5126479764779409
373,1.0,10.0,25.0,0.7,1000.0,69.0,0.5035916666189829
374,1.0,10.0,25.0,0.7,10000.0,76.0,0.5053943147261938
375,1.0,10.0,30.0,0.3,0.0,27.0,0.5044094572464625
376,1.0,10.0,30.0,0.3,10.0,33.0,0.48347871502240497
377,1.0,10.0,30.0,0.3,100.0,27.0,0.49752536912759143
378,1.0,10.0,30.0,0.3,1000.0,34.0,0.4854775418837865
379,1.0,10.0,30.0,0.3,10000.0,37.0,0.4868909567594528
380,1.0,10.0,30.0,0.5,0.0,30.0,0.49526404837767285
381,1.0,10.0,30.0,0.5,10.0,43.0,0.49125468730926514
382,1.0,10.0,30.0,0.5,100.0,50.0,0.4911116460959117
383,1.0,10.0,30.0,0.5,1000.0,39.0,0.4852481782436371
384,1.0,10.0,30.0,0.5,10000.0,46.0,0.4884518136580785
385,1.0,10.0,30.0,0.7,0.0,65.0,0.5080339858929316
386,1.0,10.0,30.0,0.7,10.0,57.0,0.5080473323663076
387,1.0,10.0,30.0,0.7,100.0,68.0,0.5012483298778534
388,1.0,10.0,30.0,0.7,1000.0,46.0,0.5044339845577875
389,1.0,10.0,30.0,0.7,10000.0,51.0,0.5084156940380732
390,1.0,10.0,35.0,0.3,0.0,33.0,0.4945672998825709
391,1.0,10.0,35.0,0.3,10.0,27.0,0.48233458399772644
392,1.0,10.0,35.0,0.3,100.0,21.0,0.516971230506897
393,1.0,10.0,35.0,0.3,1000.0,34.0,0.4960351785024007
394,1.0,10.0,35.0,0.3,10000.0,38.0,0.4859810421864192
395,1.0,10.0,35.0,0.5,0.0,35.0,0.4938935587803523
396,1.0,10.0,35.0,0.5,10.0,50.0,0.4821501473585765
397,1.0,10.0,35.0,0.5,100.0,45.0,0.5119135826826096
398,1.0,10.0,35.0,0.5,1000.0,52.0,0.493656521042188
399,1.0,10.0,35.0,0.5,10000.0,40.0,0.4869515101114909
400,1.0,10.0,35.0,0.7,0.0,46.0,0.5133435527483622
401,1.0,10.0,35.0,0.7,10.0,54.0,0.5000050266583761
402,1.0,10.0,35.0,0.7,100.0,82.0,0.5238189548254013
403,1.0,10.0,35.0,0.7,1000.0,82.0,0.5046191612879435
404,1.0,10.0,35.0,0.7,10000.0,63.0,0.501145213842392
405,1.0,10.0,40.0,0.3,0.0,31.0,0.483493114511172
406,1.0,10.0,40.0,0.3,10.0,31.0,0.48232772449652356
407,1.0,10.0,40.0,0.3,100.0,26.0,0.49415286878744763
408,1.0,10.0,40.0,0.3,1000.0,33.0,0.4865338057279587
409,1.0,10.0,40.0,0.3,10000.0,42.0,0.481196661790212
410,1.0,10.0,40.0,0.5,0.0,31.0,0.4816967199246089
411,1.0,10.0,40.0,0.5,10.0,34.0,0.48290808002154034
412,1.0,10.0,40.0,0.5,100.0,27.0,0.4896465092897415
413,1.0,10.0,40.0,0.5,1000.0,48.0,0.4864044437805812
414,1.0,10.0,40.0,0.5,10000.0,42.0,0.4805660496155421
415,1.0,10.0,40.0,0.7,0.0,33.0,0.49335605402787525
416,1.0,10.0,40.0,0.7,10.0,54.0,0.49491840104262036
417,1.0,10.0,40.0,0.7,100.0,45.0,0.49718791246414185
418,1.0,10.0,40.0,0.7,1000.0,69.0,0.49757492542266846
419,1.0,10.0,40.0,0.7,10000.0,52.0,0.4896082083384196
420,1.0,10.0,45.0,0.3,0.0,26.0,0.4851320683956146
421,1.0,10.0,45.0,0.3,10.0,52.0,0.47875818610191345
422,1.0,10.0,45.0,0.3,100.0,27.0,0.5049784680207571
423,1.0,10.0,45.0,0.3,1000.0,29.0,0.48713626464207965
424,1.0,10.0,45.0,0.3,10000.0,37.0,0.4796461711327235
425,1.0,10.0,45.0,0.5,0.0,35.0,0.483900581796964
426,1.0,10.0,45.0,0.5,10.0,43.0,0.47728172441323596
427,1.0,10.0,45.0,0.5,100.0,39.0,0.4980841825405757
428,1.0,10.0,45.0,0.5,1000.0,51.0,0.4854618658622106
429,1.0,10.0,45.0,0.5,10000.0,37.0,0.4781719495852788
430,1.0,10.0,45.0,0.7,0.0,48.0,0.4991620530684789
431,1.0,10.0,45.0,0.7,10.0,66.0,0.4908167819182078
432,1.0,10.0,45.0,0.7,100.0,46.0,0.5023221323887507
433,1.0,10.0,45.0,0.7,1000.0,70.0,0.4950106193621953
434,1.0,10.0,45.0,0.7,10000.0,61.0,0.48508446911970776
435,1.0,10.0,50.0,0.3,0.0,28.0,0.4849782834450404
436,1.0,10.0,50.0,0.3,10.0,35.0,0.47933657964070636
437,1.0,10.0,50.0,0.3,100.0,20.0,0.5393528987963995
438,1.0,10.0,50.0,0.3,1000.0,33.0,0.487776185075442
439,1.0,10.0,50.0,0.3,10000.0,33.0,0.4823908805847168
440,1.0,10.0,50.0,0.5,0.0,38.0,0.4827759563922882
441,1.0,10.0,50.0,0.5,10.0,44.0,0.4776016175746918
442,1.0,10.0,50.0,0.5,100.0,21.0,0.5308626145124435
443,1.0,10.0,50.0,0.5,1000.0,49.0,0.4805033455292384
444,1.0,10.0,50.0,0.5,10000.0,37.0,0.4772961934407552
445,1.0,10.0,50.0,0.7,0.0,60.0,0.48916805783907574
446,1.0,10.0,50.0,0.7,10.0,49.0,0.48519183198610943
447,1.0,10.0,50.0,0.7,100.0,85.0,0.5447320391734441
448,1.0,10.0,50.0,0.7,1000.0,49.0,0.48545779784520465
449,1.0,10.0,50.0,0.7,10000.0,51.0,0.48591505487759906
450,2.0,10.0,5.0,0.3,0.0,58.0,0.522395188609759
451,2.0,10.0,5.0,0.3,10.0,72.0,0.5875345468521118
452,2.0,10.0,5.0,0.3,100.0,73.0,0.5298261245091757
453,2.0,10.0,5.0,0.3,1000.0,77.0,0.5258596887191137
454,2.0,10.0,5.0,0.3,10000.0,100.0,0.5766842116912206
455,2.0,10.0,5.0,0.5,0.0,85.0,0.5519583970308304
456,2.0,10.0,5.0,0.5,10.0,115.0,0.5632238785425822
457,2.0,10.0,5.0,0.5,100.0,78.0,0.5277448097864786
458,2.0,10.0,5.0,0.5,1000.0,94.0,0.5631446540355682
459,2.0,10.0,5.0,0.5,10000.0,99.0,0.555002878109614
460,2.0,10.0,5.0,0.7,0.0,82.0,0.611466517051061
461,2.0,10.0,5.0,0.7,10.0,99.0,0.586687445640564
462,2.0,10.0,5.0,0.7,100.0,83.0,0.5513931512832642
463,2.0,10.0,5.0,0.7,1000.0,68.0,0.6509411334991455
464,2.0,10.0,5.0,0.7,10000.0,95.0,0.6318142612775167
465,2.0,10.0,10.0,0.3,0.0,50.0,0.5039207388957342
466,2.0,10.0,10.0,0.3,10.0,44.0,0.48970603942871094
467,2.0,10.0,10.0,0.3,100.0,46.0,0.5116501649220785
468,2.0,10.0,10.0,0.3,1000.0,33.0,0.5336127281188965
469,2.0,10.0,10.0,0.3,10000.0,58.0,0.4973915417989095
470,2.0,10.0,10.0,0.5,0.0,51.0,0.5135196596384048
471,2.0,10.0,10.0,0.5,10.0,48.0,0.49319852888584137
472,2.0,10.0,10.0,0.5,100.0,51.0,0.5058547755082449
473,2.0,10.0,10.0,0.5,1000.0,49.0,0.5564190347989401
474,2.0,10.0,10.0,0.5,10000.0,67.0,0.5032579898834229
475,2.0,10.0,10.0,0.7,0.0,71.0,0.5500970681508383
476,2.0,10.0,10.0,0.7,10.0,48.0,0.5190337002277374
477,2.0,10.0,10.0,0.7,100.0,55.0,0.5230830361445745
478,2.0,10.0,10.0,0.7,1000.0,61.0,0.5910139779249827
479,2.0,10.0,10.0,0.7,10000.0,62.0,0.538349469502767
480,2.0,10.0,15.0,0.3,0.0,48.0,0.5103354305028915
481,2.0,10.0,15.0,0.3,10.0,50.0,0.48825350900491077
482,2.0,10.0,15.0,0.3,100.0,47.0,0.5271314928929011
483,2.0,10.0,15.0,0.3,1000.0,35.0,0.5031300683816274
484,2.0,10.0,15.0,0.3,10000.0,47.0,0.5171328186988831
485,2.0,10.0,15.0,0.5,0.0,53.0,0.5071603655815125
486,2.0,10.0,15.0,0.5,10.0,74.0,0.5005104194084803
487,2.0,10.0,15.0,0.5,100.0,47.0,0.5342870354652405
488,2.0,10.0,15.0,0.5,1000.0,44.0,0.5063295314709345
489,2.0,10.0,15.0,0.5,10000.0,36.0,0.5128825902938843
490,2.0,10.0,15.0,0.7,0.0,67.0,0.5233355859915415
491,2.0,10.0,15.0,0.7,10.0,61.0,0.5130842526753744
492,2.0,10.0,15.0,0.7,100.0,80.0,0.5442018210887909
493,2.0,10.0,15.0,0.7,1000.0,67.0,0.5317746847867966
494,2.0,10.0,15.0,0.7,10000.0,70.0,0.5454447666803995
495,2.0,10.0,20.0,0.3,0.0,34.0,0.4840470453103383
496,2.0,10.0,20.0,0.3,10.0,45.0,0.4858462264140447
497,2.0,10.0,20.0,0.3,100.0,49.0,0.5049526989459991
498,2.0,10.0,20.0,0.3,1000.0,26.0,0.5058714399735132
499,2.0,10.0,20.0,0.3,10000.0,50.0,0.5263304859399796
500,2.0,10.0,20.0,0.5,0.0,48.0,0.48358505467573804
501,2.0,10.0,20.0,0.5,10.0,47.0,0.4862610697746277
502,2.0,10.0,20.0,0.5,100.0,55.0,0.5195592244466146
503,2.0,10.0,20.0,0.5,1000.0,44.0,0.5080673197905222
504,2.0,10.0,20.0,0.5,10000.0,43.0,0.4920949637889862
505,2.0,10.0,20.0,0.7,0.0,53.0,0.5011116862297058
506,2.0,10.0,20.0,0.7,10.0,48.0,0.5027944445610046
507,2.0,10.0,20.0,0.7,100.0,65.0,0.5410628418127695
508,2.0,10.0,20.0,0.7,1000.0,60.0,0.5330048402150472
509,2.0,10.0,20.0,0.7,10000.0,52.0,0.5131169358889262
510,2.0,10.0,25.0,0.3,0.0,53.0,0.4830618053674698
511,2.0,10.0,25.0,0.3,10.0,71.0,0.5086801250775655
512,2.0,10.0,25.0,0.3,100.0,54.0,0.4924827814102173
513,2.0,10.0,25.0,0.3,1000.0,27.0,0.5468624035517374
514,2.0,10.0,25.0,0.3,10000.0,26.0,0.528510163227717
515,2.0,10.0,25.0,0.5,0.0,56.0,0.48306500415007275
516,2.0,10.0,25.0,0.5,10.0,39.0,0.512040987610817
517,2.0,10.0,25.0,0.5,100.0,44.0,0.5059746106465658
518,2.0,10.0,25.0,0.5,1000.0,38.0,0.5243426511685053
519,2.0,10.0,25.0,0.5,10000.0,51.0,0.5430814276138941
520,2.0,10.0,25.0,0.7,0.0,69.0,0.5077827324469885
521,2.0,10.0,25.0,0.7,10.0,57.0,0.5288621534903845
522,2.0,10.0,25.0,0.7,100.0,44.0,0.5169668694337209
523,2.0,10.0,25.0,0.7,1000.0,51.0,0.622003565231959
524,2.0,10.0,25.0,0.7,10000.0,75.0,0.53304024040699
525,2.0,10.0,30.0,0.3,0.0,55.0,0.4947168380022049
526,2.0,10.0,30.0,0.3,10.0,50.0,0.48221173385779065
527,2.0,10.0,30.0,0.3,100.0,39.0,0.5033600876728693
528,2.0,10.0,30.0,0.3,1000.0,45.0,0.4977297931909561
529,2.0,10.0,30.0,0.3,10000.0,41.0,0.49510090549786884
530,2.0,10.0,30.0,0.5,0.0,86.0,0.49108659227689105
531,2.0,10.0,30.0,0.5,10.0,60.0,0.48813511927922565
532,2.0,10.0,30.0,0.5,100.0,45.0,0.5005746930837631
533,2.0,10.0,30.0,0.5,1000.0,52.0,0.5004615833361944
534,2.0,10.0,30.0,0.5,10000.0,41.0,0.5022052824497223
535,2.0,10.0,30.0,0.7,0.0,70.0,0.510901927947998
536,2.0,10.0,30.0,0.7,10.0,67.0,0.5056155224641165
537,2.0,10.0,30.0,0.7,100.0,63.0,0.5181764165560404
538,2.0,10.0,30.0,0.7,1000.0,51.0,0.49936525026957196
539,2.0,10.0,30.0,0.7,10000.0,64.0,0.5446189790964127
540,2.0,10.0,35.0,0.3,0.0,34.0,0.4975207547346751
541,2.0,10.0,35.0,0.3,10.0,36.0,0.4858477960030238
542,2.0,10.0,35.0,0.3,100.0,45.0,0.5020050903161367
543,2.0,10.0,35.0,0.3,1000.0,37.0,0.48681264619032544
544,2.0,10.0,35.0,0.3,10000.0,30.0,0.48465952773888904
545,2.0,10.0,35.0,0.5,0.0,34.0,0.49436600506305695
546,2.0,10.0,35.0,0.5,10.0,53.0,0.490876500805219
547,2.0,10.0,35.0,0.5,100.0,46.0,0.49284576376279193
548,2.0,10.0,35.0,0.5,1000.0,47.0,0.4981839756170909
549,2.0,10.0,35.0,0.5,10000.0,40.0,0.4838518500328064
550,2.0,10.0,35.0,0.7,0.0,33.0,0.5070911397536596
551,2.0,10.0,35.0,0.7,10.0,50.0,0.5103574494520823
552,2.0,10.0,35.0,0.7,100.0,58.0,0.5054311752319336
553,2.0,10.0,35.0,0.7,1000.0,48.0,0.4966275642315547
554,2.0,10.0,35.0,0.7,10000.0,52.0,0.4871375809113185
555,2.0,10.0,40.0,0.3,0.0,41.0,0.4949859182039897
556,2.0,10.0,40.0,0.3,10.0,39.0,0.47906985382239026
557,2.0,10.0,40.0,0.3,100.0,38.0,0.5097603648900986
558,2.0,10.0,40.0,0.3,1000.0,41.0,0.48816410700480145
559,2.0,10.0,40.0,0.3,10000.0,41.0,0.4881713539361954
560,2.0,10.0,40.0,0.5,0.0,41.0,0.4868115286032359
561,2.0,10.0,40.0,0.5,10.0,48.0,0.4781945248444875
562,2.0,10.0,40.0,0.5,100.0,38.0,0.5291661620140076
563,2.0,10.0,40.0,0.5,1000.0,37.0,0.4814409911632538
564,2.0,10.0,40.0,0.5,10000.0,41.0,0.4929702430963516
565,2.0,10.0,40.0,0.7,0.0,44.0,0.5017695873975754
566,2.0,10.0,40.0,0.7,10.0,44.0,0.48965803782145184
567,2.0,10.0,40.0,0.7,100.0,58.0,0.5337962458531061
568,2.0,10.0,40.0,0.7,1000.0,60.0,0.5000760157903036
569,2.0,10.0,40.0,0.7,10000.0,65.0,0.5083908985058466
570,2.0,10.0,45.0,0.3,0.0,40.0,0.49151483178138733
571,2.0,10.0,45.0,0.3,10.0,42.0,0.4843650311231613
572,2.0,10.0,45.0,0.3,100.0,46.0,0.5016732811927795
573,2.0,10.0,45.0,0.3,1000.0,26.0,0.4870413988828659
574,2.0,10.0,45.0,0.3,10000.0,49.0,0.48578059176603955
575,2.0,10.0,45.0,0.5,0.0,48.0,0.5003604739904404
576,2.0,10.0,45.0,0.5,10.0,43.0,0.48093395431836444
577,2.0,10.0,45.0,0.5,100.0,46.0,0.4984457542498906
578,2.0,10.0,45.0,0.5,1000.0,26.0,0.48479512830575305
579,2.0,10.0,45.0,0.5,10000.0,36.0,0.47766343752543133
580,2.0,10.0,45.0,0.7,0.0,46.0,0.5017632196346918
581,2.0,10.0,45.0,0.7,10.0,45.0,0.4931752185026805
582,2.0,10.0,45.0,0.7,100.0,67.0,0.5116443683703741
583,2.0,10.0,45.0,0.7,1000.0,51.0,0.48965337375799817
584,2.0,10.0,45.0,0.7,10000.0,68.0,0.4956193615992864
585,2.0,10.0,50.0,0.3,0.0,47.0,0.498148371775945
586,2.0,10.0,50.0,0.3,10.0,47.0,0.4798589100440343
587,2.0,10.0,50.0,0.3,100.0,39.0,0.4958029439051946
588,2.0,10.0,50.0,0.3,1000.0,51.0,0.49101213614145917
589,2.0,10.0,50.0,0.3,10000.0,24.0,0.4918222576379776
590,2.0,10.0,50.0,0.5,0.0,61.0,0.492832417289416
591,2.0,10.0,50.0,0.5,10.0,48.0,0.47704343994458515
592,2.0,10.0,50.0,0.5,100.0,39.0,0.4956808437903722
593,2.0,10.0,50.0,0.5,1000.0,52.0,0.4825155089298884
594,2.0,10.0,50.0,0.5,10000.0,53.0,0.4970903346935908
595,2.0,10.0,50.0,0.7,0.0,60.0,0.5109966546297073
596,2.0,10.0,50.0,0.7,10.0,44.0,0.4935649832089742
597,2.0,10.0,50.0,0.7,100.0,45.0,0.5112888365983963
598,2.0,10.0,50.0,0.7,1000.0,50.0,0.4898918718099594
599,2.0,10.0,50.0,0.7,10000.0,50.0,0.5067771772543589
600,1.0,15.0,5.0,0.3,0.0,48.0,0.5269790689150492
601,1.0,15.0,5.0,0.3,10.0,32.0,0.5178239345550537
602,1.0,15.0,5.0,0.3,100.0,29.0,0.509511669476827
603,1.0,15.0,5.0,0.3,1000.0,37.0,0.5019775927066803
604,1.0,15.0,5.0,0.3,10000.0,29.0,0.5186315278212229
605,1.0,15.0,5.0,0.5,0.0,103.0,0.5388908187548319
606,1.0,15.0,5.0,0.5,10.0,41.0,0.531387080748876
607,1.0,15.0,5.0,0.5,100.0,44.0,0.5205255548159281
608,1.0,15.0,5.0,0.5,1000.0,32.0,0.5034131854772568
609,1.0,15.0,5.0,0.5,10000.0,40.0,0.52189502120018
610,1.0,15.0,5.0,0.7,0.0,136.0,0.572394589583079
611,1.0,15.0,5.0,0.7,10.0,55.0,0.5635891755421957
612,1.0,15.0,5.0,0.7,100.0,52.0,0.5725372930367788
613,1.0,15.0,5.0,0.7,1000.0,33.0,0.536443680524826
614,1.0,15.0,5.0,0.7,10000.0,49.0,0.5645417670408884
615,1.0,15.0,10.0,0.3,0.0,24.0,0.5220977067947388
616,1.0,15.0,10.0,0.3,10.0,36.0,0.49416881799697876
617,1.0,15.0,10.0,0.3,100.0,33.0,0.4898230930169423
618,1.0,15.0,10.0,0.3,1000.0,25.0,0.5200913349787394
619,1.0,15.0,10.0,0.3,10000.0,66.0,0.5234871059656143
620,1.0,15.0,10.0,0.5,0.0,60.0,0.5597565422455469
621,1.0,15.0,10.0,0.5,10.0,50.0,0.4992012431224187
622,1.0,15.0,10.0,0.5,100.0,46.0,0.49885156750679016
623,1.0,15.0,10.0,0.5,1000.0,39.0,0.5082926551500956
624,1.0,15.0,10.0,0.5,10000.0,67.0,0.5352906932433447
625,1.0,15.0,10.0,0.7,0.0,62.0,0.5893948276837667
626,1.0,15.0,10.0,0.7,10.0,50.0,0.537189910809199
627,1.0,15.0,10.0,0.7,100.0,44.0,0.5344968537489573
628,1.0,15.0,10.0,0.7,1000.0,65.0,0.5407208700974783
629,1.0,15.0,10.0,0.7,10000.0,67.0,0.5632710556189219
630,1.0,15.0,15.0,0.3,0.0,33.0,0.4891642977794011
631,1.0,15.0,15.0,0.3,10.0,31.0,0.4991551786661148
632,1.0,15.0,15.0,0.3,100.0,31.0,0.48834197719891864
633,1.0,15.0,15.0,0.3,1000.0,32.0,0.49217794835567474
634,1.0,15.0,15.0,0.3,10000.0,25.0,0.4794656385978063
635,1.0,15.0,15.0,0.5,0.0,34.0,0.48982580999533337
636,1.0,15.0,15.0,0.5,10.0,31.0,0.5032180945078532
637,1.0,15.0,15.0,0.5,100.0,31.0,0.48973964154720306
638,1.0,15.0,15.0,0.5,1000.0,30.0,0.4862334032853444
639,1.0,15.0,15.0,0.5,10000.0,34.0,0.4823586791753769
640,1.0,15.0,15.0,0.7,0.0,53.0,0.5037293781836828
641,1.0,15.0,15.0,0.7,10.0,87.0,0.5211842159430186
642,1.0,15.0,15.0,0.7,100.0,45.0,0.5108849008878072
643,1.0,15.0,15.0,0.7,1000.0,31.0,0.5012912303209305
644,1.0,15.0,15.0,0.7,10000.0,38.0,0.49968259036540985
645,1.0,15.0,20.0,0.3,0.0,31.0,0.49010924498240155
646,1.0,15.0,20.0,0.3,10.0,33.0,0.493891974290212
647,1.0,15.0,20.0,0.3,100.0,27.0,0.4950711925824483
648,1.0,15.0,20.0,0.3,1000.0,37.0,0.49293822050094604
649,1.0,15.0,20.0,0.3,10000.0,25.0,0.4986570527156194
650,1.0,15.0,20.0,0.5,0.0,45.0,0.5022882372140884
651,1.0,15.0,20.0,0.5,10.0,30.0,0.4916767030954361
652,1.0,15.0,20.0,0.5,100.0,28.0,0.4956486572821935
653,1.0,15.0,20.0,0.5,1000.0,32.0,0.488939310113589
654,1.0,15.0,20.0,0.5,10000.0,26.0,0.4969771206378937
655,1.0,15.0,20.0,0.7,0.0,56.0,0.5292496085166931
656,1.0,15.0,20.0,0.7,10.0,40.0,0.5168090363343557
657,1.0,15.0,20.0,0.7,100.0,46.0,0.5173888951539993
658,1.0,15.0,20.0,0.7,1000.0,37.0,0.4966794898112615
659,1.0,15.0,20.0,0.7,10000.0,39.0,0.5135301103194555
660,1.0,15.0,25.0,0.3,0.0,31.0,0.48025016486644745
661,1.0,15.0,25.0,0.3,10.0,25.0,0.4827558447917302
662,1.0,15.0,25.0,0.3,100.0,30.0,0.48931626975536346
663,1.0,15.0,25.0,0.3,1000.0,25.0,0.4801414757966995
664,1.0,15.0,25.0,0.3,10000.0,27.0,0.49237655599912006
665,1.0,15.0,25.0,0.5,0.0,32.0,0.47589760025342304
666,1.0,15.0,25.0,0.5,10.0,39.0,0.48146510124206543
667,1.0,15.0,25.0,0.5,100.0,35.0,0.49592505892117816
668,1.0,15.0,25.0,0.5,1000.0,26.0,0.4776254693667094
669,1.0,15.0,25.0,0.5,10000.0,27.0,0.4939173012971878
670,1.0,15.0,25.0,0.7,0.0,44.0,0.4935232202212016
671,1.0,15.0,25.0,0.7,10.0,53.0,0.4918963462114334
672,1.0,15.0,25.0,0.7,100.0,49.0,0.5164943685134252
673,1.0,15.0,25.0,0.7,1000.0,32.0,0.4923864354689916
674,1.0,15.0,25.0,0.7,10000.0,51.0,0.49935362736384076
675,1.0,15.0,30.0,0.3,0.0,27.0,0.4810429314772288
676,1.0,15.0,30.0,0.3,10.0,24.0,0.4850642532110214
677,1.0,15.0,30.0,0.3,100.0,24.0,0.4836086183786392
678,1.0,15.0,30.0,0.3,1000.0,25.0,0.49168623487154645
679,1.0,15.0,30.0,0.3,10000.0,22.0,0.5071435123682022
680,1.0,15.0,30.0,0.5,0.0,37.0,0.4818482498327891
681,1.0,15.0,30.0,0.5,10.0,27.0,0.48209260404109955
682,1.0,15.0,30.0,0.5,100.0,46.0,0.48718548317750293
683,1.0,15.0,30.0,0.5,1000.0,26.0,0.4882737497488658
684,1.0,15.0,30.0,0.5,10000.0,23.0,0.5085947414239248
685,1.0,15.0,30.0,0.7,0.0,47.0,0.49633007248242694
686,1.0,15.0,30.0,0.7,10.0,53.0,0.49575430651505786
687,1.0,15.0,30.0,0.7,100.0,46.0,0.5025137911240259
688,1.0,15.0,30.0,0.7,1000.0,35.0,0.4951929599046707
689,1.0,15.0,30.0,0.7,10000.0,49.0,0.5236282745997111
690,1.0,15.0,35.0,0.3,0.0,25.0,0.4871765077114105
691,1.0,15.0,35.0,0.3,10.0,25.0,0.4895608127117157
692,1.0,15.0,35.0,0.3,100.0,27.0,0.4823588083187739
693,1.0,15.0,35.0,0.3,1000.0,24.0,0.490775262316068
694,1.0,15.0,35.0,0.3,10000.0,23.0,0.4864283005396525
695,1.0,15.0,35.0,0.5,0.0,25.0,0.4864843189716339
696,1.0,15.0,35.0,0.5,10.0,24.0,0.4879005302985509
697,1.0,15.0,35.0,0.5,100.0,42.0,0.47900612155596417
698,1.0,15.0,35.0,0.5,1000.0,25.0,0.4836042821407318
699,1.0,15.0,35.0,0.5,10000.0,25.0,0.48644724984963733
700,1.0,15.0,35.0,0.7,0.0,27.0,0.49891070524851483
701,1.0,15.0,35.0,0.7,10.0,41.0,0.5006107091903687
702,1.0,15.0,35.0,0.7,100.0,46.0,0.4867379864056905
703,1.0,15.0,35.0,0.7,1000.0,36.0,0.49759278694788617
704,1.0,15.0,35.0,0.7,10000.0,39.0,0.4992962380250295
705,1.0,15.0,40.0,0.3,0.0,27.0,0.4959590832392375
706,1.0,15.0,40.0,0.3,10.0,27.0,0.4819771498441696
707,1.0,15.0,40.0,0.3,100.0,27.0,0.48585235079129535
708,1.0,15.0,40.0,0.3,1000.0,26.0,0.49418385326862335
709,1.0,15.0,40.0,0.3,10000.0,23.0,0.4792560636997223
710,1.0,15.0,40.0,0.5,0.0,43.0,0.488548422853152
711,1.0,15.0,40.0,0.5,10.0,27.0,0.47567277153333026
712,1.0,15.0,40.0,0.5,100.0,32.0,0.48448387285073596
713,1.0,15.0,40.0,0.5,1000.0,27.0,0.4890202631553014
714,1.0,15.0,40.0,0.5,10000.0,23.0,0.4762849360704422
715,1.0,15.0,40.0,0.7,0.0,44.0,0.4966781586408615
716,1.0,15.0,40.0,0.7,10.0,37.0,0.49076856176058453
717,1.0,15.0,40.0,0.7,100.0,52.0,0.49642278750737506
718,1.0,15.0,40.0,0.7,1000.0,43.0,0.5003714859485626
719,1.0,15.0,40.0,0.7,10000.0,39.0,0.4859846880038579
720,1.0,15.0,45.0,0.3,0.0,24.0,0.4826957782109578
721,1.0,15.0,45.0,0.3,10.0,22.0,0.4826500018437703
722,1.0,15.0,45.0,0.3,100.0,27.0,0.4838017523288727
723,1.0,15.0,45.0,0.3,1000.0,22.0,0.4807370752096176
724,1.0,15.0,45.0,0.3,10000.0,23.0,0.4861711263656616
725,1.0,15.0,45.0,0.5,0.0,24.0,0.47942670186360675
726,1.0,15.0,45.0,0.5,10.0,27.0,0.4829880843559901
727,1.0,15.0,45.0,0.5,100.0,33.0,0.4830480714639028
728,1.0,15.0,45.0,0.5,1000.0,23.0,0.4809461881717046
729,1.0,15.0,45.0,0.5,10000.0,28.0,0.48713575800259906
730,1.0,15.0,45.0,0.7,0.0,32.0,0.48930563529332477
731,1.0,15.0,45.0,0.7,10.0,53.0,0.4919308324654897
732,1.0,15.0,45.0,0.7,100.0,34.0,0.4892215331395467
733,1.0,15.0,45.0,0.7,1000.0,36.0,0.4971509575843811
734,1.0,15.0,45.0,0.7,10000.0,38.0,0.4956562767426173
735,1.0,15.0,50.0,0.3,0.0,26.0,0.481746310989062
736,1.0,15.0,50.0,0.3,10.0,26.0,0.4881965070962906
737,1.0,15.0,50.0,0.3,100.0,24.0,0.47834959129492444
738,1.0,15.0,50.0,0.3,1000.0,23.0,0.485609695315361
739,1.0,15.0,50.0,0.3,10000.0,23.0,0.48084665834903717
740,1.0,15.0,50.0,0.5,0.0,27.0,0.47443365554014844
741,1.0,15.0,50.0,0.5,10.0,26.0,0.48713963230450946
742,1.0,15.0,50.0,0.5,100.0,29.0,0.4773899515469869
743,1.0,15.0,50.0,0.5,1000.0,23.0,0.482052485148112
744,1.0,15.0,50.0,0.5,10000.0,24.0,0.479805866877238
745,1.0,15.0,50.0,0.7,0.0,34.0,0.4798467308282852
746,1.0,15.0,50.0,0.7,10.0,50.0,0.4982306758562724
747,1.0,15.0,50.0,0.7,100.0,28.0,0.4824163218339284
748,1.0,15.0,50.0,0.7,1000.0,43.0,0.4948960840702057
749,1.0,15.0,50.0,0.7,10000.0,39.0,0.4909040331840515
750,2.0,15.0,5.0,0.3,0.0,26.0,0.466431791583697
751,2.0,15.0,5.0,0.3,10.0,64.0,0.5219724923372269
752,2.0,15.0,5.0,0.3,100.0,46.0,0.531484435002009
753,2.0,15.0,5.0,0.3,1000.0,47.0,0.5371298293272654
754,2.0,15.0,5.0,0.3,10000.0,51.0,0.5138436357180277
755,2.0,15.0,5.0,0.5,0.0,27.0,0.4656650324662526
756,2.0,15.0,5.0,0.5,10.0,40.0,0.5476445456345876
757,2.0,15.0,5.0,0.5,100.0,52.0,0.5439283649126688
758,2.0,15.0,5.0,0.5,1000.0,50.0,0.5142313440640768
759,2.0,15.0,5.0,0.5,10000.0,59.0,0.5501057306925455
760,2.0,15.0,5.0,0.7,0.0,29.0,0.4894142498572667
761,2.0,15.0,5.0,0.7,10.0,56.0,0.6046935319900513
762,2.0,15.0,5.0,0.7,100.0,64.0,0.5916634897391001
763,2.0,15.0,5.0,0.7,1000.0,43.0,0.5637051363786062
764,2.0,15.0,5.0,0.7,10000.0,60.0,0.5731075803438822
765,2.0,15.0,10.0,0.3,0.0,23.0,0.5208784341812134
766,2.0,15.0,10.0,0.3,10.0,26.0,0.48686933020750683
767,2.0,15.0,10.0,0.3,100.0,33.0,0.5200938830773035
768,2.0,15.0,10.0,0.3,1000.0,54.0,0.49855837225914
769,2.0,15.0,10.0,0.3,10000.0,35.0,0.4942634453376134
770,2.0,15.0,10.0,0.5,0.0,24.0,0.5241647313038508
771,2.0,15.0,10.0,0.5,10.0,26.0,0.4898911664883296
772,2.0,15.0,10.0,0.5,100.0,44.0,0.5421015868584315
773,2.0,15.0,10.0,0.5,1000.0,62.0,0.5153309851884842
774,2.0,15.0,10.0,0.5,10000.0,36.0,0.49151583512624103
775,2.0,15.0,10.0,0.7,0.0,45.0,0.5545012156168619
776,2.0,15.0,10.0,0.7,10.0,24.0,0.5259386400381724
777,2.0,15.0,10.0,0.7,100.0,64.0,0.5737377206484476
778,2.0,15.0,10.0,0.7,1000.0,59.0,0.5458709796269735
779,2.0,15.0,10.0,0.7,10000.0,55.0,0.5121034880479177
780,2.0,15.0,15.0,0.3,0.0,32.0,0.5055102954308192
781,2.0,15.0,15.0,0.3,10.0,26.0,0.4814456154902776
782,2.0,15.0,15.0,0.3,100.0,42.0,0.5100312978029251
783,2.0,15.0,15.0,0.3,1000.0,46.0,0.5045440296332041
784,2.0,15.0,15.0,0.3,10000.0,35.0,0.5064724733432134
785,2.0,15.0,15.0,0.5,0.0,27.0,0.49378280341625214
786,2.0,15.0,15.0,0.5,10.0,31.0,0.48136311769485474
787,2.0,15.0,15.0,0.5,100.0,45.0,0.5154929508765539
788,2.0,15.0,15.0,0.5,1000.0,39.0,0.5021411031484604
789,2.0,15.0,15.0,0.5,10000.0,40.0,0.5054777810970942
790,2.0,15.0,15.0,0.7,0.0,32.0,0.5005799482266108
791,2.0,15.0,15.0,0.7,10.0,29.0,0.4947512249151866
792,2.0,15.0,15.0,0.7,100.0,45.0,0.5261012067397436
793,2.0,15.0,15.0,0.7,1000.0,58.0,0.5365059326092402
794,2.0,15.0,15.0,0.7,10000.0,47.0,0.5345539798339208
795,2.0,15.0,20.0,0.3,0.0,31.0,0.5095387101173401
796,2.0,15.0,20.0,0.3,10.0,32.0,0.4865476538737615
797,2.0,15.0,20.0,0.3,100.0,46.0,0.5018093883991241
798,2.0,15.0,20.0,0.3,1000.0,47.0,0.510268916686376
799,2.0,15.0,20.0,0.3,10000.0,36.0,0.5077132185300192
800,2.0,15.0,20.0,0.5,0.0,31.0,0.5075485954682032
801,2.0,15.0,20.0,0.5,10.0,26.0,0.4848392456769943
802,2.0,15.0,20.0,0.5,100.0,48.0,0.503785694638888
803,2.0,15.0,20.0,0.5,1000.0,48.0,0.5089645187060038
804,2.0,15.0,20.0,0.5,10000.0,39.0,0.5060616036256155
805,2.0,15.0,20.0,0.7,0.0,57.0,0.5252151042222977
806,2.0,15.0,20.0,0.7,10.0,39.0,0.4962243338425954
807,2.0,15.0,20.0,0.7,100.0,58.0,0.5341841032107671
808,2.0,15.0,20.0,0.7,1000.0,56.0,0.5295830468336741
809,2.0,15.0,20.0,0.7,10000.0,73.0,0.5542729943990707
810,2.0,15.0,25.0,0.3,0.0,23.0,0.4885911097129186
811,2.0,15.0,25.0,0.3,10.0,39.0,0.4909190634886424
812,2.0,15.0,25.0,0.3,100.0,23.0,0.49123092492421466
813,2.0,15.0,25.0,0.3,1000.0,36.0,0.4874676118294398
814,2.0,15.0,25.0,0.3,10000.0,23.0,0.5015214383602142
815,2.0,15.0,25.0,0.5,0.0,24.0,0.4865589489539464
816,2.0,15.0,25.0,0.5,10.0,39.0,0.49227912724018097
817,2.0,15.0,25.0,0.5,100.0,23.0,0.48464179535706836
818,2.0,15.0,25.0,0.5,1000.0,39.0,0.4845368564128876
819,2.0,15.0,25.0,0.5,10000.0,45.0,0.5091707756121954
820,2.0,15.0,25.0,0.7,0.0,26.0,0.4920290758212407
821,2.0,15.0,25.0,0.7,10.0,39.0,0.5071161588033041
822,2.0,15.0,25.0,0.7,100.0,32.0,0.49507397909959155
823,2.0,15.0,25.0,0.7,1000.0,47.0,0.4973990023136139
824,2.0,15.0,25.0,0.7,10000.0,55.0,0.5183861752351125
825,2.0,15.0,30.0,0.3,0.0,22.0,0.4897301296393077
826,2.0,15.0,30.0,0.3,10.0,36.0,0.4887634714444478
827,2.0,15.0,30.0,0.3,100.0,33.0,0.4928192545970281
828,2.0,15.0,30.0,0.3,1000.0,47.0,0.4937874476114909
829,2.0,15.0,30.0,0.3,10000.0,22.0,0.49031683305899304
830,2.0,15.0,30.0,0.5,0.0,22.0,0.4889833827813466
831,2.0,15.0,30.0,0.5,10.0,35.0,0.4844028850396474
832,2.0,15.0,30.0,0.5,100.0,35.0,0.48480086028575897
833,2.0,15.0,30.0,0.5,1000.0,36.0,0.48418515423933667
834,2.0,15.0,30.0,0.5,10000.0,35.0,0.4872644891341527
835,2.0,15.0,30.0,0.7,0.0,41.0,0.5227566013733546
836,2.0,15.0,30.0,0.7,10.0,51.0,0.49290097256501514
837,2.0,15.0,30.0,0.7,100.0,40.0,0.49470168352127075
838,2.0,15.0,30.0,0.7,1000.0,35.0,0.49237441023190814
839,2.0,15.0,30.0,0.7,10000.0,47.0,0.49123581747214
840,2.0,15.0,35.0,0.3,0.0,22.0,0.4847872455914815
841,2.0,15.0,35.0,0.3,10.0,45.0,0.49249715109666187
842,2.0,15.0,35.0,0.3,100.0,23.0,0.4918545087178548
843,2.0,15.0,35.0,0.3,1000.0,40.0,0.5056538780530294
844,2.0,15.0,35.0,0.3,10000.0,22.0,0.49443768461545307
845,2.0,15.0,35.0,0.5,0.0,23.0,0.48181405663490295
846,2.0,15.0,35.0,0.5,10.0,34.0,0.4931581566731135
847,2.0,15.0,35.0,0.5,100.0,23.0,0.49118033548196155
848,2.0,15.0,35.0,0.5,1000.0,40.0,0.49413620432217914
849,2.0,15.0,35.0,0.5,10000.0,22.0,0.49908516307671863
850,2.0,15.0,35.0,0.7,0.0,38.0,0.4933278113603592
851,2.0,15.0,35.0,0.7,10.0,41.0,0.5067425817251205
852,2.0,15.0,35.0,0.7,100.0,44.0,0.5022676487763723
853,2.0,15.0,35.0,0.7,1000.0,40.0,0.4978155692418416
854,2.0,15.0,35.0,0.7,10000.0,64.0,0.5095873177051544
855,2.0,15.0,40.0,0.3,0.0,21.0,0.49060634275277454
856,2.0,15.0,40.0,0.3,10.0,23.0,0.4819950113693873
857,2.0,15.0,40.0,0.3,100.0,23.0,0.49161387979984283
858,2.0,15.0,40.0,0.3,1000.0,40.0,0.4991636623938878
859,2.0,15.0,40.0,0.3,10000.0,20.0,0.5058386226495107
860,2.0,15.0,40.0,0.5,0.0,21.0,0.48968705534935
861,2.0,15.0,40.0,0.5,10.0,23.0,0.4824601858854294
862,2.0,15.0,40.0,0.5,100.0,38.0,0.4918725738922755
863,2.0,15.0,40.0,0.5,1000.0,42.0,0.4990304410457611
864,2.0,15.0,40.0,0.5,10000.0,33.0,0.5047637571891149
865,2.0,15.0,40.0,0.7,0.0,21.0,0.4972330580155055
866,2.0,15.0,40.0,0.7,10.0,36.0,0.4911607503890991
867,2.0,15.0,40.0,0.7,100.0,39.0,0.4986478388309479
868,2.0,15.0,40.0,0.7,1000.0,42.0,0.5026859988768896
869,2.0,15.0,40.0,0.7,10000.0,35.0,0.4882723887761434
870,2.0,15.0,45.0,0.3,0.0,21.0,0.4861056258281072
871,2.0,15.0,45.0,0.3,10.0,21.0,0.48369020720322925
872,2.0,15.0,45.0,0.3,100.0,25.0,0.4927954326073329
873,2.0,15.0,45.0,0.3,1000.0,36.0,0.4895458569129308
874,2.0,15.0,45.0,0.3,10000.0,21.0,0.498228798309962
875,2.0,15.0,45.0,0.5,0.0,21.0,0.48205676674842834
876,2.0,15.0,45.0,0.5,10.0,21.0,0.48028770585854846
877,2.0,15.0,45.0,0.5,100.0,34.0,0.498104065656662
878,2.0,15.0,45.0,0.5,1000.0,31.0,0.4863539437452952
879,2.0,15.0,45.0,0.5,10000.0,22.0,0.49246572454770404
880,2.0,15.0,45.0,0.7,0.0,22.0,0.4784590154886246
881,2.0,15.0,45.0,0.7,10.0,45.0,0.4852003256479899
882,2.0,15.0,45.0,0.7,100.0,46.0,0.5106713722149531
883,2.0,15.0,45.0,0.7,1000.0,35.0,0.4903597782055537
884,2.0,15.0,45.0,0.7,10000.0,44.0,0.4911240339279175
885,2.0,15.0,50.0,0.3,0.0,20.0,0.4959934602181117
886,2.0,15.0,50.0,0.3,10.0,22.0,0.4887586385011673
887,2.0,15.0,50.0,0.3,100.0,25.0,0.4850828101237615
888,2.0,15.0,50.0,0.3,1000.0,37.0,0.4943615049123764
889,2.0,15.0,50.0,0.3,10000.0,22.0,0.4887949973344803
890,2.0,15.0,50.0,0.5,0.0,21.0,0.4912706861893336
891,2.0,15.0,50.0,0.5,10.0,22.0,0.4900386532147725
892,2.0,15.0,50.0,0.5,100.0,28.0,0.49185095230738324
893,2.0,15.0,50.0,0.5,1000.0,37.0,0.4972136269013087
894,2.0,15.0,50.0,0.5,10000.0,22.0,0.48696808020273846
895,2.0,15.0,50.0,0.7,0.0,31.0,0.5029327919085821
896,2.0,15.0,50.0,0.7,10.0,39.0,0.4971829404433568
897,2.0,15.0,50.0,0.7,100.0,53.0,0.5053091943264008
898,2.0,15.0,50.0,0.7,1000.0,49.0,0.5084105183680853
899,2.0,15.0,50.0,0.7,10000.0,30.0,0.4912006805340449
900,1.0,20.0,5.0,0.3,0.0,77.0,0.5221643447875977
901,1.0,20.0,5.0,0.3,10.0,26.0,0.5340796808401743
902,1.0,20.0,5.0,0.3,100.0,25.0,0.5344405720631281
903,1.0,20.0,5.0,0.3,1000.0,63.0,0.5161984066168467
904,1.0,20.0,5.0,0.3,10000.0,43.0,0.5103498697280884
905,1.0,20.0,5.0,0.5,0.0,43.0,0.5089269578456879
906,1.0,20.0,5.0,0.5,10.0,62.0,0.556364377339681
907,1.0,20.0,5.0,0.5,100.0,82.0,0.5345979183912277
908,1.0,20.0,5.0,0.5,1000.0,69.0,0.5570718050003052
909,1.0,20.0,5.0,0.5,10000.0,58.0,0.5224308570226034
910,1.0,20.0,5.0,0.7,0.0,41.0,0.5471696853637695
911,1.0,20.0,5.0,0.7,10.0,121.0,0.5948492685953776
912,1.0,20.0,5.0,0.7,100.0,78.0,0.579484204451243
913,1.0,20.0,5.0,0.7,1000.0,74.0,0.5899193485577902
914,1.0,20.0,5.0,0.7,10000.0,43.0,0.5685319602489471
915,1.0,20.0,10.0,0.3,0.0,22.0,0.4993179788192113
916,1.0,20.0,10.0,0.3,10.0,26.0,0.5042477945486704
917,1.0,20.0,10.0,0.3,100.0,27.0,0.48062214255332947
918,1.0,20.0,10.0,0.3,1000.0,32.0,0.4807956914107005
919,1.0,20.0,10.0,0.3,10000.0,33.0,0.49636465807755786
920,1.0,20.0,10.0,0.5,0.0,23.0,0.49719486633936566
921,1.0,20.0,10.0,0.5,10.0,34.0,0.5045462648073832
922,1.0,20.0,10.0,0.5,100.0,29.0,0.4795285761356354
923,1.0,20.0,10.0,0.5,1000.0,31.0,0.4738629112641017
924,1.0,20.0,10.0,0.5,10000.0,41.0,0.5012476245562235
925,1.0,20.0,10.0,0.7,0.0,25.0,0.5093311766783396
926,1.0,20.0,10.0,0.7,10.0,41.0,0.5296352704366049
927,1.0,20.0,10.0,0.7,100.0,38.0,0.4978380848964055
928,1.0,20.0,10.0,0.7,1000.0,45.0,0.490287904938062
929,1.0,20.0,10.0,0.7,10000.0,40.0,0.5234821935494741
930,1.0,20.0,15.0,0.3,0.0,22.0,0.5040401369333267
931,1.0,20.0,15.0,0.3,10.0,23.0,0.49871422350406647
932,1.0,20.0,15.0,0.3,100.0,27.0,0.49845844010512036
933,1.0,20.0,15.0,0.3,1000.0,22.0,0.5235028465588888
934,1.0,20.0,15.0,0.3,10000.0,28.0,0.49778903524080914
935,1.0,20.0,15.0,0.5,0.0,27.0,0.5012269765138626
936,1.0,20.0,15.0,0.5,10.0,27.0,0.5001016159852346
937,1.0,20.0,15.0,0.5,100.0,35.0,0.4928339123725891
938,1.0,20.0,15.0,0.5,1000.0,21.0,0.52508345246315
939,1.0,20.0,15.0,0.5,10000.0,25.0,0.49030675490697223
940,1.0,20.0,15.0,0.7,0.0,53.0,0.5127811580896378
941,1.0,20.0,15.0,0.7,10.0,29.0,0.51406230032444
942,1.0,20.0,15.0,0.7,100.0,35.0,0.49588308731714886
943,1.0,20.0,15.0,0.7,1000.0,68.0,0.5281746735175451
944,1.0,20.0,15.0,0.7,10000.0,29.0,0.5021899342536926
945,1.0,20.0,20.0,0.3,0.0,26.0,0.5034111340840658
946,1.0,20.0,20.0,0.3,10.0,22.0,0.509171704451243
947,1.0,20.0,20.0,0.3,100.0,23.0,0.5105542987585068
948,1.0,20.0,20.0,0.3,1000.0,23.0,0.4967763324578603
949,1.0,20.0,20.0,0.3,10000.0,25.0,0.5098458627859751
950,1.0,20.0,20.0,0.5,0.0,30.0,0.49765290319919586
951,1.0,20.0,20.0,0.5,10.0,22.0,0.5094400395949682
952,1.0,20.0,20.0,0.5,100.0,24.0,0.5117927690347036
953,1.0,20.0,20.0,0.5,1000.0,24.0,0.49204889436562854
954,1.0,20.0,20.0,0.5,10000.0,25.0,0.504557599623998
955,1.0,20.0,20.0,0.7,0.0,30.0,0.5037954847017924
956,1.0,20.0,20.0,0.7,10.0,34.0,0.5165904561678568
957,1.0,20.0,20.0,0.7,100.0,43.0,0.525718112786611
958,1.0,20.0,20.0,0.7,1000.0,33.0,0.49818165600299835
959,1.0,20.0,20.0,0.7,10000.0,35.0,0.5053978761037191
960,1.0,20.0,25.0,0.3,0.0,26.0,0.4975028137365977
961,1.0,20.0,25.0,0.3,10.0,23.0,0.49386899173259735
962,1.0,20.0,25.0,0.3,100.0,30.0,0.49315569798151654
963,1.0,20.0,25.0,0.3,1000.0,23.0,0.49715028206507367
964,1.0,20.0,25.0,0.3,10000.0,22.0,0.5001453508933386
965,1.0,20.0,25.0,0.5,0.0,26.0,0.4959041277567546
966,1.0,20.0,25.0,0.5,10.0,23.0,0.49086229006449383
967,1.0,20.0,25.0,0.5,100.0,37.0,0.49142001072565716
968,1.0,20.0,25.0,0.5,1000.0,24.0,0.4903370936711629
969,1.0,20.0,25.0,0.5,10000.0,25.0,0.4966897865136464
970,1.0,20.0,25.0,0.7,0.0,33.0,0.5098950366179148
971,1.0,20.0,25.0,0.7,10.0,25.0,0.49704211950302124
972,1.0,20.0,25.0,0.7,100.0,38.0,0.49005140860875446
973,1.0,20.0,25.0,0.7,1000.0,38.0,0.5027990142504374
974,1.0,20.0,25.0,0.7,10000.0,29.0,0.49841297169526416
975,1.0,20.0,30.0,0.3,0.0,22.0,0.48781387507915497
976,1.0,20.0,30.0,0.3,10.0,24.0,0.4894171357154846
977,1.0,20.0,30.0,0.3,100.0,25.0,0.4818847229083379
978,1.0,20.0,30.0,0.3,1000.0,20.0,0.5057188173135122
979,1.0,20.0,30.0,0.3,10000.0,27.0,0.4894535442193349
980,1.0,20.0,30.0,0.5,0.0,23.0,0.4847328911225001
981,1.0,20.0,30.0,0.5,10.0,35.0,0.4933968434731166
982,1.0,20.0,30.0,0.5,100.0,30.0,0.47975655893484753
983,1.0,20.0,30.0,0.5,1000.0,28.0,0.5102599809567133
984,1.0,20.0,30.0,0.5,10000.0,25.0,0.487351194024086
985,1.0,20.0,30.0,0.7,0.0,30.0,0.48937181135018665
986,1.0,20.0,30.0,0.7,10.0,54.0,0.5033508688211441
987,1.0,20.0,30.0,0.7,100.0,38.0,0.48202677071094513
988,1.0,20.0,30.0,0.7,1000.0,34.0,0.5276824533939362
989,1.0,20.0,30.0,0.7,10000.0,27.0,0.4891437590122223
990,1.0,20.0,35.0,0.3,0.0,18.0,0.5024080177148184
991,1.0,20.0,35.0,0.3,10.0,24.0,0.48500508069992065
992,1.0,20.0,35.0,0.3,100.0,26.0,0.5021939178307852
993,1.0,20.0,35.0,0.3,1000.0,23.0,0.49414657056331635
994,1.0,20.0,35.0,0.3,10000.0,25.0,0.49505020181337994
995,1.0,20.0,35.0,0.5,0.0,23.0,0.505152220527331
996,1.0,20.0,35.0,0.5,10.0,26.0,0.48337189853191376
997,1.0,20.0,35.0,0.5,100.0,25.0,0.5002844432989756
998,1.0,20.0,35.0,0.5,1000.0,24.0,0.4905029386281967
999,1.0,20.0,35.0,0.5,10000.0,25.0,0.49041316906611127
1000,1.0,20.0,35.0,0.7,0.0,30.0,0.5118177632490793
1001,1.0,20.0,35.0,0.7,10.0,29.0,0.47952693204085034
1002,1.0,20.0,35.0,0.7,100.0,38.0,0.5068518966436386
1003,1.0,20.0,35.0,0.7,1000.0,30.0,0.5010557423035303
1004,1.0,20.0,35.0,0.7,10000.0,37.0,0.49747409919897717
1005,1.0,20.0,40.0,0.3,0.0,22.0,0.49059122304121655
1006,1.0,20.0,40.0,0.3,10.0,22.0,0.4874420116345088
1007,1.0,20.0,40.0,0.3,100.0,22.0,0.4900047183036804
1008,1.0,20.0,40.0,0.3,1000.0,24.0,0.4962272296349208
1009,1.0,20.0,40.0,0.3,10000.0,24.0,0.4911768138408661
1010,1.0,20.0,40.0,0.5,0.0,21.0,0.48500214517116547
1011,1.0,20.0,40.0,0.5,10.0,22.0,0.48629022638003033
1012,1.0,20.0,40.0,0.5,100.0,22.0,0.4865625947713852
1013,1.0,20.0,40.0,0.5,1000.0,24.0,0.48919181029001874
1014,1.0,20.0,40.0,0.5,10000.0,29.0,0.49243969718615216
1015,1.0,20.0,40.0,0.7,0.0,22.0,0.4888124366601308
1016,1.0,20.0,40.0,0.7,10.0,31.0,0.49540520707766217
1017,1.0,20.0,40.0,0.7,100.0,25.0,0.4991739292939504
1018,1.0,20.0,40.0,0.7,1000.0,24.0,0.4856421450773875
1019,1.0,20.0,40.0,0.7,10000.0,29.0,0.4968332499265671
1020,1.0,20.0,45.0,0.3,0.0,20.0,0.4897513836622238
1021,1.0,20.0,45.0,0.3,10.0,23.0,0.4942621092001597
1022,1.0,20.0,45.0,0.3,100.0,21.0,0.47932521998882294
1023,1.0,20.0,45.0,0.3,1000.0,23.0,0.5033782124519348
1024,1.0,20.0,45.0,0.3,10000.0,23.0,0.48576267063617706
1025,1.0,20.0,45.0,0.5,0.0,20.0,0.48444290459156036
1026,1.0,20.0,45.0,0.5,10.0,23.0,0.4951785405476888
1027,1.0,20.0,45.0,0.5,100.0,21.0,0.47708424429098767
1028,1.0,20.0,45.0,0.5,1000.0,24.0,0.49439962208271027
1029,1.0,20.0,45.0,0.5,10000.0,28.0,0.4874355693658193
1030,1.0,20.0,45.0,0.7,0.0,25.0,0.4918075054883957
1031,1.0,20.0,45.0,0.7,10.0,25.0,0.49983666837215424
1032,1.0,20.0,45.0,0.7,100.0,30.0,0.4891027361154556
1033,1.0,20.0,45.0,0.7,1000.0,34.0,0.5065220594406128
1034,1.0,20.0,45.0,0.7,10000.0,28.0,0.49601424237092334
1035,1.0,20.0,50.0,0.3,0.0,22.0,0.4932175974051158
1036,1.0,20.0,50.0,0.3,10.0,22.0,0.4872026989857356
1037,1.0,20.0,50.0,0.3,100.0,22.0,0.48624645670255023
1038,1.0,20.0,50.0,0.3,1000.0,22.0,0.4859222074349721
1039,1.0,20.0,50.0,0.3,10000.0,22.0,0.48561642070611316
1040,1.0,20.0,50.0,0.5,0.0,21.0,0.4877462387084961
1041,1.0,20.0,50.0,0.5,10.0,22.0,0.4848079631725947
1042,1.0,20.0,50.0,0.5,100.0,22.0,0.48546404639879864
1043,1.0,20.0,50.0,0.5,1000.0,24.0,0.48364634315172833
1044,1.0,20.0,50.0,0.5,10000.0,23.0,0.4854429215192795
1045,1.0,20.0,50.0,0.7,0.0,21.0,0.48636366923650104
1046,1.0,20.0,50.0,0.7,10.0,29.0,0.4894903302192688
1047,1.0,20.0,50.0,0.7,100.0,28.0,0.4917931507031123
1048,1.0,20.0,50.0,0.7,1000.0,24.0,0.48348186910152435
1049,1.0,20.0,50.0,0.7,10000.0,28.0,0.48855195939540863
1050,2.0,20.0,5.0,0.3,0.0,30.0,0.5264661957820257
1051,2.0,20.0,5.0,0.3,10.0,38.0,0.5234926789999008
1052,2.0,20.0,5.0,0.3,100.0,31.0,0.5797593295574188
1053,2.0,20.0,5.0,0.3,1000.0,18.0,0.5459905167420706
1054,2.0,20.0,5.0,0.3,10000.0,32.0,0.5120263894399008
1055,2.0,20.0,5.0,0.5,0.0,30.0,0.5228101015090942
1056,2.0,20.0,5.0,0.5,10.0,34.0,0.5400643746058146
1057,2.0,20.0,5.0,0.5,100.0,31.0,0.6053819954395294
1058,2.0,20.0,5.0,0.5,1000.0,83.0,0.5772983133792877
1059,2.0,20.0,5.0,0.5,10000.0,34.0,0.523611714442571
1060,2.0,20.0,5.0,0.7,0.0,28.0,0.5358532865842184
1061,2.0,20.0,5.0,0.7,10.0,66.0,0.5775442024072012
1062,2.0,20.0,5.0,0.7,100.0,66.0,0.6259818573792776
1063,2.0,20.0,5.0,0.7,1000.0,72.0,0.5990857779979706
1064,2.0,20.0,5.0,0.7,10000.0,69.0,0.567189613978068
1065,2.0,20.0,10.0,0.3,0.0,34.0,0.5105948150157928
1066,2.0,20.0,10.0,0.3,10.0,31.0,0.48487647374471027
1067,2.0,20.0,10.0,0.3,100.0,37.0,0.5070934444665909
1068,2.0,20.0,10.0,0.3,1000.0,35.0,0.5112232814232508
1069,2.0,20.0,10.0,0.3,10000.0,37.0,0.5134569406509399
1070,2.0,20.0,10.0,0.5,0.0,35.0,0.4998881320158641
1071,2.0,20.0,10.0,0.5,10.0,38.0,0.4764010012149811
1072,2.0,20.0,10.0,0.5,100.0,33.0,0.5030435969432195
1073,2.0,20.0,10.0,0.5,1000.0,34.0,0.5219644556442896
1074,2.0,20.0,10.0,0.5,10000.0,68.0,0.5285708904266357
1075,2.0,20.0,10.0,0.7,0.0,30.0,0.5114867140849432
1076,2.0,20.0,10.0,0.7,10.0,39.0,0.49073728422323865
1077,2.0,20.0,10.0,0.7,100.0,61.0,0.5279584228992462
1078,2.0,20.0,10.0,0.7,1000.0,40.0,0.5506008962790171
1079,2.0,20.0,10.0,0.7,10000.0,86.0,0.5840659936269125
1080,2.0,20.0,15.0,0.3,0.0,21.0,0.4804760863383611
1081,2.0,20.0,15.0,0.3,10.0,31.0,0.4954049587249756
1082,2.0,20.0,15.0,0.3,100.0,20.0,0.48938069740931195
1083,2.0,20.0,15.0,0.3,1000.0,28.0,0.5010998745759329
1084,2.0,20.0,15.0,0.3,10000.0,21.0,0.4894390304883321
1085,2.0,20.0,15.0,0.5,0.0,21.0,0.4755115161339442
1086,2.0,20.0,15.0,0.5,10.0,27.0,0.4930554876724879
1087,2.0,20.0,15.0,0.5,100.0,30.0,0.4895725796620051
1088,2.0,20.0,15.0,0.5,1000.0,31.0,0.5056445946296056
1089,2.0,20.0,15.0,0.5,10000.0,27.0,0.4871880114078522
1090,2.0,20.0,15.0,0.7,0.0,38.0,0.5015261818965276
1091,2.0,20.0,15.0,0.7,10.0,27.0,0.5030492842197418
1092,2.0,20.0,15.0,0.7,100.0,32.0,0.49896812438964844
1093,2.0,20.0,15.0,0.7,1000.0,39.0,0.5219553758700689
1094,2.0,20.0,15.0,0.7,10000.0,40.0,0.5015842616558075
1095,2.0,20.0,20.0,0.3,0.0,30.0,0.4990483770767848
1096,2.0,20.0,20.0,0.3,10.0,31.0,0.48665064573287964
1097,2.0,20.0,20.0,0.3,100.0,30.0,0.49901820719242096
1098,2.0,20.0,20.0,0.3,1000.0,31.0,0.49802641570568085
1099,2.0,20.0,20.0,0.3,10000.0,54.0,0.5115045805772146
1100,2.0,20.0,20.0,0.5,0.0,34.0,0.5445052236318588
1101,2.0,20.0,20.0,0.5,10.0,24.0,0.48571520547072095
1102,2.0,20.0,20.0,0.5,100.0,28.0,0.49721600115299225
1103,2.0,20.0,20.0,0.5,1000.0,24.0,0.49438096582889557
1104,2.0,20.0,20.0,0.5,10000.0,36.0,0.5137315988540649
1105,2.0,20.0,20.0,0.7,0.0,34.0,0.5390533705552419
1106,2.0,20.0,20.0,0.7,10.0,34.0,0.4929857899745305
1107,2.0,20.0,20.0,0.7,100.0,40.0,0.5041139125823975
1108,2.0,20.0,20.0,0.7,1000.0,39.0,0.5036875853935877
1109,2.0,20.0,20.0,0.7,10000.0,73.0,0.5211182832717896
1110,2.0,20.0,25.0,0.3,0.0,30.0,0.5051085501909256
1111,2.0,20.0,25.0,0.3,10.0,34.0,0.5038004219532013
1112,2.0,20.0,25.0,0.3,100.0,18.0,0.5043108661969503
1113,2.0,20.0,25.0,0.3,1000.0,31.0,0.4865978459517161
1114,2.0,20.0,25.0,0.3,10000.0,36.0,0.5018670459588369
1115,2.0,20.0,25.0,0.5,0.0,30.0,0.49685849249362946
1116,2.0,20.0,25.0,0.5,10.0,38.0,0.4998592138290405
1117,2.0,20.0,25.0,0.5,100.0,39.0,0.5055368145306905
1118,2.0,20.0,25.0,0.5,1000.0,24.0,0.4788867235183716
1119,2.0,20.0,25.0,0.5,10000.0,36.0,0.49911737938721973
1120,2.0,20.0,25.0,0.7,0.0,38.0,0.5105490237474442
1121,2.0,20.0,25.0,0.7,10.0,38.0,0.5068579465150833
1122,2.0,20.0,25.0,0.7,100.0,53.0,0.5180079738299052
1123,2.0,20.0,25.0,0.7,1000.0,39.0,0.484513853987058
1124,2.0,20.0,25.0,0.7,10000.0,36.0,0.5126694142818451
1125,2.0,20.0,30.0,0.3,0.0,19.0,0.506157398223877
1126,2.0,20.0,30.0,0.3,10.0,31.0,0.49305739005406696
1127,2.0,20.0,30.0,0.3,100.0,20.0,0.5098012487093607
1128,2.0,20.0,30.0,0.3,1000.0,34.0,0.49636384348074597
1129,2.0,20.0,30.0,0.3,10000.0,20.0,0.4885283460219701
1130,2.0,20.0,30.0,0.5,0.0,35.0,0.5253664205471674
1131,2.0,20.0,30.0,0.5,10.0,37.0,0.48703721165657043
1132,2.0,20.0,30.0,0.5,100.0,35.0,0.5028648426135381
1133,2.0,20.0,30.0,0.5,1000.0,39.0,0.5019992689291636
1134,2.0,20.0,30.0,0.5,10000.0,20.0,0.4810311992963155
1135,2.0,20.0,30.0,0.7,0.0,40.0,0.5989749928315481
1136,2.0,20.0,30.0,0.7,10.0,36.0,0.49954600632190704
1137,2.0,20.0,30.0,0.7,100.0,49.0,0.506096805135409
1138,2.0,20.0,30.0,0.7,1000.0,39.0,0.5105986793835958
1139,2.0,20.0,30.0,0.7,10000.0,22.0,0.48271716634432477
1140,2.0,20.0,35.0,0.3,0.0,23.0,0.4914475580056508
1141,2.0,20.0,35.0,0.3,10.0,24.0,0.4938560177882512
1142,2.0,20.0,35.0,0.3,100.0,20.0,0.4906486968199412
1143,2.0,20.0,35.0,0.3,1000.0,20.0,0.496909702817599
1144,2.0,20.0,35.0,0.3,10000.0,20.0,0.48830199241638184
1145,2.0,20.0,35.0,0.5,0.0,19.0,0.4842443565527598
1146,2.0,20.0,35.0,0.5,10.0,30.0,0.49700277547041577
1147,2.0,20.0,35.0,0.5,100.0,21.0,0.49321243166923523
1148,2.0,20.0,35.0,0.5,1000.0,33.0,0.49812417725721997
1149,2.0,20.0,35.0,0.5,10000.0,20.0,0.4850275168816249
1150,2.0,20.0,35.0,0.7,0.0,30.0,0.49010418852170307
1151,2.0,20.0,35.0,0.7,10.0,34.0,0.4989832043647766
1152,2.0,20.0,35.0,0.7,100.0,38.0,0.5003359019756317
1153,2.0,20.0,35.0,0.7,1000.0,41.0,0.5062896410624186
1154,2.0,20.0,35.0,0.7,10000.0,29.0,0.49446752667427063
1155,2.0,20.0,40.0,0.3,0.0,26.0,0.4886106600364049
1156,2.0,20.0,40.0,0.3,10.0,22.0,0.48620379467805225
1157,2.0,20.0,40.0,0.3,100.0,20.0,0.4824177374442418
1158,2.0,20.0,40.0,0.3,1000.0,19.0,0.4888715247313182
1159,2.0,20.0,40.0,0.3,10000.0,21.0,0.5002343455950419
1160,2.0,20.0,40.0,0.5,0.0,26.0,0.48768048485120136
1161,2.0,20.0,40.0,0.5,10.0,21.0,0.4787592093149821
1162,2.0,20.0,40.0,0.5,100.0,21.0,0.48002241055170697
1163,2.0,20.0,40.0,0.5,1000.0,20.0,0.4867760588725408
1164,2.0,20.0,40.0,0.5,10000.0,21.0,0.5009992470343908
1165,2.0,20.0,40.0,0.7,0.0,30.0,0.4919541925191879
1166,2.0,20.0,40.0,0.7,10.0,31.0,0.481648067633311
1167,2.0,20.0,40.0,0.7,100.0,25.0,0.4831370711326599
1168,2.0,20.0,40.0,0.7,1000.0,34.0,0.5040442099173864
1169,2.0,20.0,40.0,0.7,10000.0,56.0,0.5182054738203684
1170,2.0,20.0,45.0,0.3,0.0,26.0,0.502140055100123
1171,2.0,20.0,45.0,0.3,10.0,20.0,0.4850712716579437
1172,2.0,20.0,45.0,0.3,100.0,27.0,0.48991458614667255
1173,2.0,20.0,45.0,0.3,1000.0,33.0,0.4888111650943756
1174,2.0,20.0,45.0,0.3,10000.0,20.0,0.4823615849018097
1175,2.0,20.0,45.0,0.5,0.0,26.0,0.4958104242881139
1176,2.0,20.0,45.0,0.5,10.0,35.0,0.48781809707482654
1177,2.0,20.0,45.0,0.5,100.0,31.0,0.4826050251722336
1178,2.0,20.0,45.0,0.5,1000.0,31.0,0.48027129968007404
1179,2.0,20.0,45.0,0.5,10000.0,20.0,0.4789084742466609
1180,2.0,20.0,45.0,0.7,0.0,38.0,0.5185419718424479
1181,2.0,20.0,45.0,0.7,10.0,34.0,0.48763544857501984
1182,2.0,20.0,45.0,0.7,100.0,52.0,0.48419250547885895
1183,2.0,20.0,45.0,0.7,1000.0,41.0,0.48261964321136475
1184,2.0,20.0,45.0,0.7,10000.0,21.0,0.48024554550647736
1185,2.0,20.0,50.0,0.3,0.0,19.0,0.4853912641604741
1186,2.0,20.0,50.0,0.3,10.0,20.0,0.4890417704979579
1187,2.0,20.0,50.0,0.3,100.0,20.0,0.4918554375569026
1188,2.0,20.0,50.0,0.3,1000.0,19.0,0.48977704842885333
1189,2.0,20.0,50.0,0.3,10000.0,19.0,0.49702539046605426
1190,2.0,20.0,50.0,0.5,0.0,20.0,0.47851048906644184
1191,2.0,20.0,50.0,0.5,10.0,20.0,0.4856414745251338
1192,2.0,20.0,50.0,0.5,100.0,20.0,0.49118318657080334
1193,2.0,20.0,50.0,0.5,1000.0,24.0,0.48853445053100586
1194,2.0,20.0,50.0,0.5,10000.0,28.0,0.49645087619622547
1195,2.0,20.0,50.0,0.7,0.0,33.0,0.4913000017404556
1196,2.0,20.0,50.0,0.7,10.0,34.0,0.48837267855803174
1197,2.0,20.0,50.0,0.7,100.0,33.0,0.49702370663483936
1198,2.0,20.0,50.0,0.7,1000.0,39.0,0.4931425054868062
1199,2.0,20.0,50.0,0.7,10000.0,41.0,0.5033014168341955
1200,1.0,25.0,5.0,0.3,0.0,65.0,0.511640136440595
1201,1.0,25.0,5.0,0.3,10.0,25.0,0.5406725207964579
1202,1.0,25.0,5.0,0.3,100.0,45.0,0.49562905232111615
1203,1.0,25.0,5.0,0.3,1000.0,28.0,0.5083442678054174
1204,1.0,25.0,5.0,0.3,10000.0,22.0,0.5237382998069128
1205,1.0,25.0,5.0,0.5,0.0,68.0,0.5429092943668365
1206,1.0,25.0,5.0,0.5,10.0,73.0,0.5515092213948568
1207,1.0,25.0,5.0,0.5,100.0,57.0,0.5370640158653259
1208,1.0,25.0,5.0,0.5,1000.0,31.0,0.5178372909625372
1209,1.0,25.0,5.0,0.5,10000.0,22.0,0.5332219203313192
1210,1.0,25.0,5.0,0.7,0.0,52.0,0.5783222715059916
1211,1.0,25.0,5.0,0.7,10.0,64.0,0.588946262995402
1212,1.0,25.0,5.0,0.7,100.0,57.0,0.5813762744267782
1213,1.0,25.0,5.0,0.7,1000.0,26.0,0.5616511404514313
1214,1.0,25.0,5.0,0.7,10000.0,61.0,0.5764546891053518
1215,1.0,25.0,10.0,0.3,0.0,41.0,0.498240331808726
1216,1.0,25.0,10.0,0.3,10.0,19.0,0.5194140275319418
1217,1.0,25.0,10.0,0.3,100.0,19.0,0.5145853757858276
1218,1.0,25.0,10.0,0.3,1000.0,29.0,0.5052735110123953
1219,1.0,25.0,10.0,0.3,10000.0,24.0,0.5258334328730901
1220,1.0,25.0,10.0,0.5,0.0,41.0,0.49185073872407276
1221,1.0,25.0,10.0,0.5,10.0,19.0,0.5343242088953654
1222,1.0,25.0,10.0,0.5,100.0,19.0,0.5227590501308441
1223,1.0,25.0,10.0,0.5,1000.0,25.0,0.5076487163702647
1224,1.0,25.0,10.0,0.5,10000.0,27.0,0.5379755894343058
1225,1.0,25.0,10.0,0.7,0.0,49.0,0.5104373097419739
1226,1.0,25.0,10.0,0.7,10.0,55.0,0.5541747113068899
1227,1.0,25.0,10.0,0.7,100.0,69.0,0.5346440573533376
1228,1.0,25.0,10.0,0.7,1000.0,41.0,0.5194735924402872
1229,1.0,25.0,10.0,0.7,10000.0,39.0,0.5589013199011484
1230,1.0,25.0,15.0,0.3,0.0,28.0,0.501623218258222
1231,1.0,25.0,15.0,0.3,10.0,24.0,0.5111803064743677
1232,1.0,25.0,15.0,0.3,100.0,18.0,0.5145650853713354
1233,1.0,25.0,15.0,0.3,1000.0,45.0,0.5150303145249685
1234,1.0,25.0,15.0,0.3,10000.0,21.0,0.5096714347600937
1235,1.0,25.0,15.0,0.5,0.0,40.0,0.5069740911324819
1236,1.0,25.0,15.0,0.5,10.0,29.0,0.5105414489905039
1237,1.0,25.0,15.0,0.5,100.0,18.0,0.5193893363078436
1238,1.0,25.0,15.0,0.5,1000.0,100.0,0.5140455861886343
1239,1.0,25.0,15.0,0.5,10000.0,27.0,0.5081936965386072
1240,1.0,25.0,15.0,0.7,0.0,40.0,0.5244243641694387
1241,1.0,25.0,15.0,0.7,10.0,30.0,0.5132424831390381
1242,1.0,25.0,15.0,0.7,100.0,55.0,0.5273002485434214
1243,1.0,25.0,15.0,0.7,1000.0,117.0,0.5136017253001531
1244,1.0,25.0,15.0,0.7,10000.0,37.0,0.5163083573182424
1245,1.0,25.0,20.0,0.3,0.0,19.0,0.49102817475795746
1246,1.0,25.0,20.0,0.3,10.0,21.0,0.4919825742642085
1247,1.0,25.0,20.0,0.3,100.0,19.0,0.5110118140776952
1248,1.0,25.0,20.0,0.3,1000.0,25.0,0.5045384218295416
1249,1.0,25.0,20.0,0.3,10000.0,20.0,0.5116618523995081
1250,1.0,25.0,20.0,0.5,0.0,25.0,0.49615759154160816
1251,1.0,25.0,20.0,0.5,10.0,24.0,0.49112644294897717
1252,1.0,25.0,20.0,0.5,100.0,20.0,0.5092549820741018
1253,1.0,25.0,20.0,0.5,1000.0,22.0,0.49957357347011566
1254,1.0,25.0,20.0,0.5,10000.0,20.0,0.5130708465973536
1255,1.0,25.0,20.0,0.7,0.0,47.0,0.5246723542610804
1256,1.0,25.0,20.0,0.7,10.0,25.0,0.49547507365544635
1257,1.0,25.0,20.0,0.7,100.0,21.0,0.522089958190918
1258,1.0,25.0,20.0,0.7,1000.0,31.0,0.5051084359486898
1259,1.0,25.0,20.0,0.7,10000.0,29.0,0.5228742361068726
1260,1.0,25.0,25.0,0.3,0.0,26.0,0.48441119492053986
1261,1.0,25.0,25.0,0.3,10.0,27.0,0.49600013593832654
1262,1.0,25.0,25.0,0.3,100.0,19.0,0.5083660980065664
1263,1.0,25.0,25.0,0.3,1000.0,28.0,0.5044214427471161
1264,1.0,25.0,25.0,0.3,10000.0,21.0,0.49148420492808026
1265,1.0,25.0,25.0,0.5,0.0,26.0,0.4808359444141388
1266,1.0,25.0,25.0,0.5,10.0,23.0,0.4928870350122452
1267,1.0,25.0,25.0,0.5,100.0,19.0,0.5042876750230789
1268,1.0,25.0,25.0,0.5,1000.0,28.0,0.49706395467122394
1269,1.0,25.0,25.0,0.5,10000.0,21.0,0.4971096267302831
1270,1.0,25.0,25.0,0.7,0.0,33.0,0.48816274603207904
1271,1.0,25.0,25.0,0.7,10.0,24.0,0.4872502535581589
1272,1.0,25.0,25.0,0.7,100.0,65.0,0.5076927791039149
1273,1.0,25.0,25.0,0.7,1000.0,29.0,0.49400495489438373
1274,1.0,25.0,25.0,0.7,10000.0,23.0,0.502536286910375
1275,1.0,25.0,30.0,0.3,0.0,20.0,0.4908592700958252
1276,1.0,25.0,30.0,0.3,10.0,20.0,0.49639401336510974
1277,1.0,25.0,30.0,0.3,100.0,20.0,0.49579327801863354
1278,1.0,25.0,30.0,0.3,1000.0,21.0,0.5015024046103159
1279,1.0,25.0,30.0,0.3,10000.0,21.0,0.49818021555741626
1280,1.0,25.0,30.0,0.5,0.0,20.0,0.485359862446785
1281,1.0,25.0,30.0,0.5,10.0,20.0,0.4925902187824249
1282,1.0,25.0,30.0,0.5,100.0,20.0,0.4856854776541392
1283,1.0,25.0,30.0,0.5,1000.0,22.0,0.49866288900375366
1284,1.0,25.0,30.0,0.5,10000.0,21.0,0.4996938556432724
1285,1.0,25.0,30.0,0.7,0.0,21.0,0.4877955863873164
1286,1.0,25.0,30.0,0.7,10.0,20.0,0.4969887087742488
1287,1.0,25.0,30.0,0.7,100.0,21.0,0.48732327421506244
1288,1.0,25.0,30.0,0.7,1000.0,29.0,0.5007851074139277
1289,1.0,25.0,30.0,0.7,10000.0,30.0,0.5090069621801376
1290,1.0,25.0,35.0,0.3,0.0,24.0,0.4904983739058177
1291,1.0,25.0,35.0,0.3,10.0,20.0,0.49657265345255536
1292,1.0,25.0,35.0,0.3,100.0,20.0,0.49435486396153766
1293,1.0,25.0,35.0,0.3,1000.0,24.0,0.5069519231716791
1294,1.0,25.0,35.0,0.3,10000.0,19.0,0.5067592114210129
1295,1.0,25.0,35.0,0.5,0.0,25.0,0.4897157500187556
1296,1.0,25.0,35.0,0.5,10.0,20.0,0.490449716647466
1297,1.0,25.0,35.0,0.5,100.0,20.0,0.48720281819502514
1298,1.0,25.0,35.0,0.5,1000.0,23.0,0.5001477897167206
1299,1.0,25.0,35.0,0.5,10000.0,23.0,0.4993244955937068
1300,1.0,25.0,35.0,0.7,0.0,29.0,0.4985937029123306
1301,1.0,25.0,35.0,0.7,10.0,30.0,0.4999586045742035
1302,1.0,25.0,35.0,0.7,100.0,22.0,0.48896800478299457
1303,1.0,25.0,35.0,0.7,1000.0,31.0,0.502713734904925
1304,1.0,25.0,35.0,0.7,10000.0,27.0,0.4968812068303426
1305,1.0,25.0,40.0,0.3,0.0,21.0,0.48528945446014404
1306,1.0,25.0,40.0,0.3,10.0,20.0,0.5036304146051407
1307,1.0,25.0,40.0,0.3,100.0,20.0,0.5054800063371658
1308,1.0,25.0,40.0,0.3,1000.0,20.0,0.4991708993911743
1309,1.0,25.0,40.0,0.3,10000.0,19.0,0.48545096814632416
1310,1.0,25.0,40.0,0.5,0.0,21.0,0.48046069343884784
1311,1.0,25.0,40.0,0.5,10.0,20.0,0.5009206434090933
1312,1.0,25.0,40.0,0.5,100.0,20.0,0.4996732423702876
1313,1.0,25.0,40.0,0.5,1000.0,21.0,0.493450661500295
1314,1.0,25.0,40.0,0.5,10000.0,20.0,0.48457174003124237
1315,1.0,25.0,40.0,0.7,0.0,22.0,0.4843653937180837
1316,1.0,25.0,40.0,0.7,10.0,28.0,0.5071423550446829
1317,1.0,25.0,40.0,0.7,100.0,22.0,0.5000330060720444
1318,1.0,25.0,40.0,0.7,1000.0,24.0,0.4885036696990331
1319,1.0,25.0,40.0,0.7,10000.0,24.0,0.48443950215975445
1320,1.0,25.0,45.0,0.3,0.0,21.0,0.49352967242399853
1321,1.0,25.0,45.0,0.3,10.0,20.0,0.4972570290168126
1322,1.0,25.0,45.0,0.3,100.0,19.0,0.5053669611612955
1323,1.0,25.0,45.0,0.3,1000.0,19.0,0.49568820496400195
1324,1.0,25.0,45.0,0.3,10000.0,21.0,0.497024804353714
1325,1.0,25.0,45.0,0.5,0.0,20.0,0.48691852390766144
1326,1.0,25.0,45.0,0.5,10.0,20.0,0.49656157195568085
1327,1.0,25.0,45.0,0.5,100.0,19.0,0.5042722225189209
1328,1.0,25.0,45.0,0.5,1000.0,20.0,0.49394452075163525
1329,1.0,25.0,45.0,0.5,10000.0,21.0,0.4907755156358083
1330,1.0,25.0,45.0,0.7,0.0,21.0,0.49415433406829834
1331,1.0,25.0,45.0,0.7,10.0,20.0,0.5005884021520615
1332,1.0,25.0,45.0,0.7,100.0,20.0,0.5086434781551361
1333,1.0,25.0,45.0,0.7,1000.0,20.0,0.4896288315455119
1334,1.0,25.0,45.0,0.7,10000.0,21.0,0.48854633172353107
1335,1.0,25.0,50.0,0.3,0.0,20.0,0.4901636987924576
1336,1.0,25.0,50.0,0.3,10.0,20.0,0.49159374833106995
1337,1.0,25.0,50.0,0.3,100.0,19.0,0.4886513352394104
1338,1.0,25.0,50.0,0.3,1000.0,20.0,0.4999792178471883
1339,1.0,25.0,50.0,0.3,10000.0,19.0,0.4937376429637273
1340,1.0,25.0,50.0,0.5,0.0,20.0,0.4875022570292155
1341,1.0,25.0,50.0,0.5,10.0,20.0,0.4881642609834671
1342,1.0,25.0,50.0,0.5,100.0,19.0,0.4803025871515274
1343,1.0,25.0,50.0,0.5,1000.0,20.0,0.4982171952724457
1344,1.0,25.0,50.0,0.5,10000.0,19.0,0.4948376367489497
1345,1.0,25.0,50.0,0.7,0.0,20.0,0.49274492760499317
1346,1.0,25.0,50.0,0.7,10.0,21.0,0.48596659302711487
1347,1.0,25.0,50.0,0.7,100.0,23.0,0.4802637646595637
1348,1.0,25.0,50.0,0.7,1000.0,28.0,0.5033604254325231
1349,1.0,25.0,50.0,0.7,10000.0,20.0,0.5015175541241964
1350,2.0,25.0,5.0,0.3,0.0,29.0,0.4795265843470891
1351,2.0,25.0,5.0,0.3,10.0,51.0,0.49668366213639575
1352,2.0,25.0,5.0,0.3,100.0,26.0,0.4752742697795232
1353,2.0,25.0,5.0,0.3,1000.0,31.0,0.4964255938927333
1354,2.0,25.0,5.0,0.3,10000.0,33.0,0.47338589032491046
1355,2.0,25.0,5.0,0.5,0.0,33.0,0.4834737281004588
1356,2.0,25.0,5.0,0.5,10.0,40.0,0.49010010063648224
1357,2.0,25.0,5.0,0.5,100.0,33.0,0.4784567654132843
1358,2.0,25.0,5.0,0.5,1000.0,31.0,0.5050294498602549
1359,2.0,25.0,5.0,0.5,10000.0,33.0,0.4784899701674779
1360,2.0,25.0,5.0,0.7,0.0,29.0,0.5148134976625443
1361,2.0,25.0,5.0,0.7,10.0,38.0,0.5251212765773138
1362,2.0,25.0,5.0,0.7,100.0,40.0,0.5012863129377365
1363,2.0,25.0,5.0,0.7,1000.0,32.0,0.5326284269491831
1364,2.0,25.0,5.0,0.7,10000.0,28.0,0.5198005785544714
1365,2.0,25.0,10.0,0.3,0.0,19.0,0.47999729216098785
1366,2.0,25.0,10.0,0.3,10.0,43.0,0.5082786728938421
1367,2.0,25.0,10.0,0.3,100.0,32.0,0.5156364639600118
1368,2.0,25.0,10.0,0.3,1000.0,40.0,0.49338532487551373
1369,2.0,25.0,10.0,0.3,10000.0,33.0,0.507724404335022
1370,2.0,25.0,10.0,0.5,0.0,20.0,0.4749417652686437
1371,2.0,25.0,10.0,0.5,10.0,38.0,0.5167533159255981
1372,2.0,25.0,10.0,0.5,100.0,55.0,0.5269715835650762
1373,2.0,25.0,10.0,0.5,1000.0,48.0,0.49349079032739
1374,2.0,25.0,10.0,0.5,10000.0,33.0,0.5092484305302302
1375,2.0,25.0,10.0,0.7,0.0,22.0,0.48451728125413257
1376,2.0,25.0,10.0,0.7,10.0,57.0,0.5369706551233927
1377,2.0,25.0,10.0,0.7,100.0,52.0,0.5585943063100179
1378,2.0,25.0,10.0,0.7,1000.0,42.0,0.5088299810886383
1379,2.0,25.0,10.0,0.7,10000.0,55.0,0.5558720429738363
1380,2.0,25.0,15.0,0.3,0.0,19.0,0.4883194367090861
1381,2.0,25.0,15.0,0.3,10.0,31.0,0.5032716790835062
1382,2.0,25.0,15.0,0.3,100.0,32.0,0.49940771361192066
1383,2.0,25.0,15.0,0.3,1000.0,45.0,0.4915882498025894
1384,2.0,25.0,15.0,0.3,10000.0,29.0,0.49707116186618805
1385,2.0,25.0,15.0,0.5,0.0,40.0,0.5023516863584518
1386,2.0,25.0,15.0,0.5,10.0,31.0,0.5069949676593145
1387,2.0,25.0,15.0,0.5,100.0,49.0,0.5191755046447118
1388,2.0,25.0,15.0,0.5,1000.0,47.0,0.49944156408309937
1389,2.0,25.0,15.0,0.5,10000.0,37.0,0.49814383685588837
1390,2.0,25.0,15.0,0.7,0.0,39.0,0.5077756345272064
1391,2.0,25.0,15.0,0.7,10.0,42.0,0.521639088789622
1392,2.0,25.0,15.0,0.7,100.0,46.0,0.5236694713433584
1393,2.0,25.0,15.0,0.7,1000.0,44.0,0.5230740308761597
1394,2.0,25.0,15.0,0.7,10000.0,35.0,0.5056042373180389
1395,2.0,25.0,20.0,0.3,0.0,29.0,0.5084234674771627
1396,2.0,25.0,20.0,0.3,10.0,26.0,0.49239355822404224
1397,2.0,25.0,20.0,0.3,100.0,32.0,0.5010570883750916
1398,2.0,25.0,20.0,0.3,1000.0,39.0,0.4930175691843033
1399,2.0,25.0,20.0,0.3,10000.0,24.0,0.49867017070452374
1400,2.0,25.0,20.0,0.5,0.0,30.0,0.5234755327304205
1401,2.0,25.0,20.0,0.5,10.0,30.0,0.48749326666196185
1402,2.0,25.0,20.0,0.5,100.0,26.0,0.5052122374375662
1403,2.0,25.0,20.0,0.5,1000.0,35.0,0.49332572023073834
1404,2.0,25.0,20.0,0.5,10000.0,35.0,0.5044660915931066
1405,2.0,25.0,20.0,0.7,0.0,34.0,0.5531959036986033
1406,2.0,25.0,20.0,0.7,10.0,40.0,0.49672384560108185
1407,2.0,25.0,20.0,0.7,100.0,30.0,0.5094538529713949
1408,2.0,25.0,20.0,0.7,1000.0,39.0,0.4984050840139389
1409,2.0,25.0,20.0,0.7,10000.0,48.0,0.5203460703293482
1410,2.0,25.0,25.0,0.3,0.0,31.0,0.5072160710891088
1411,2.0,25.0,25.0,0.3,10.0,30.0,0.4918839981158574
1412,2.0,25.0,25.0,0.3,100.0,45.0,0.5179145236810049
1413,2.0,25.0,25.0,0.3,1000.0,39.0,0.4860634158054988
1414,2.0,25.0,25.0,0.3,10000.0,27.0,0.49552543958028156
1415,2.0,25.0,25.0,0.5,0.0,21.0,0.48166807492574054
1416,2.0,25.0,25.0,0.5,10.0,28.0,0.4965825031201045
1417,2.0,25.0,25.0,0.5,100.0,39.0,0.5037990063428879
1418,2.0,25.0,25.0,0.5,1000.0,28.0,0.4853790005048116
1419,2.0,25.0,25.0,0.5,10000.0,24.0,0.4958216995000839
1420,2.0,25.0,25.0,0.7,0.0,30.0,0.4867455412944158
1421,2.0,25.0,25.0,0.7,10.0,38.0,0.5170146971940994
1422,2.0,25.0,25.0,0.7,100.0,43.0,0.5971839328606924
1423,2.0,25.0,25.0,0.7,1000.0,34.0,0.4906650980313619
1424,2.0,25.0,25.0,0.7,10000.0,32.0,0.501764973004659
1425,2.0,25.0,30.0,0.3,0.0,27.0,0.4862440377473831
1426,2.0,25.0,30.0,0.3,10.0,19.0,0.49051885306835175
1427,2.0,25.0,30.0,0.3,100.0,18.0,0.4912484387556712
1428,2.0,25.0,30.0,0.3,1000.0,32.0,0.4937854657570521
1429,2.0,25.0,30.0,0.3,10000.0,28.0,0.4868021508057912
1430,2.0,25.0,30.0,0.5,0.0,20.0,0.4762095957994461
1431,2.0,25.0,30.0,0.5,10.0,29.0,0.4880149265130361
1432,2.0,25.0,30.0,0.5,100.0,18.0,0.4872208486000697
1433,2.0,25.0,30.0,0.5,1000.0,29.0,0.49419712523619336
1434,2.0,25.0,30.0,0.5,10000.0,28.0,0.4861514667669932
1435,2.0,25.0,30.0,0.7,0.0,21.0,0.47928228477636975
1436,2.0,25.0,30.0,0.7,10.0,21.0,0.49084222316741943
1437,2.0,25.0,30.0,0.7,100.0,32.0,0.49220166603724164
1438,2.0,25.0,30.0,0.7,1000.0,34.0,0.5002313951651255
1439,2.0,25.0,30.0,0.7,10000.0,28.0,0.49102791647116345
1440,2.0,25.0,35.0,0.3,0.0,28.0,0.4918188254038493
1441,2.0,25.0,35.0,0.3,10.0,19.0,0.48961987098058063
1442,2.0,25.0,35.0,0.3,100.0,18.0,0.4901527812083562
1443,2.0,25.0,35.0,0.3,1000.0,19.0,0.48871563374996185
1444,2.0,25.0,35.0,0.3,10000.0,32.0,0.496775820851326
1445,2.0,25.0,35.0,0.5,0.0,30.0,0.4919760177532832
1446,2.0,25.0,35.0,0.5,10.0,19.0,0.4886394987503688
1447,2.0,25.0,35.0,0.5,100.0,28.0,0.4874947319428126
1448,2.0,25.0,35.0,0.5,1000.0,23.0,0.4912470082441966
1449,2.0,25.0,35.0,0.5,10000.0,32.0,0.4941728313763936
1450,2.0,25.0,35.0,0.7,0.0,42.0,0.5212690035502116
1451,2.0,25.0,35.0,0.7,10.0,19.0,0.4913206547498703
1452,2.0,25.0,35.0,0.7,100.0,43.0,0.49183804790178937
1453,2.0,25.0,35.0,0.7,1000.0,28.0,0.4942265252272288
1454,2.0,25.0,35.0,0.7,10000.0,36.0,0.4936143755912781
1455,2.0,25.0,40.0,0.3,0.0,27.0,0.4967211534579595
1456,2.0,25.0,40.0,0.3,10.0,22.0,0.4846648822228114
1457,2.0,25.0,40.0,0.3,100.0,18.0,0.49357469379901886
1458,2.0,25.0,40.0,0.3,1000.0,18.0,0.4908933490514755
1459,2.0,25.0,40.0,0.3,10000.0,36.0,0.49099773665269214
1460,2.0,25.0,40.0,0.5,0.0,27.0,0.4900044749180476
1461,2.0,25.0,40.0,0.5,10.0,22.0,0.47901615003744763
1462,2.0,25.0,40.0,0.5,100.0,39.0,0.4959869980812073
1463,2.0,25.0,40.0,0.5,1000.0,27.0,0.4923929621775945
1464,2.0,25.0,40.0,0.5,10000.0,32.0,0.4873381902774175
1465,2.0,25.0,40.0,0.7,0.0,27.0,0.4897964596748352
1466,2.0,25.0,40.0,0.7,10.0,21.0,0.48079395294189453
1467,2.0,25.0,40.0,0.7,100.0,29.0,0.49266931414604187
1468,2.0,25.0,40.0,0.7,1000.0,42.0,0.4955528974533081
1469,2.0,25.0,40.0,0.7,10000.0,40.0,0.48780979712804157
1470,2.0,25.0,45.0,0.3,0.0,28.0,0.5194639762242635
1471,2.0,25.0,45.0,0.3,10.0,18.0,0.48887785772482556
1472,2.0,25.0,45.0,0.3,100.0,18.0,0.48832596838474274
1473,2.0,25.0,45.0,0.3,1000.0,29.0,0.49001513918240863
1474,2.0,25.0,45.0,0.3,10000.0,18.0,0.4809260567029317
1475,2.0,25.0,45.0,0.5,0.0,30.0,0.500851591428121
1476,2.0,25.0,45.0,0.5,10.0,18.0,0.4836106797059377
1477,2.0,25.0,45.0,0.5,100.0,18.0,0.48219427466392517
1478,2.0,25.0,45.0,0.5,1000.0,26.0,0.4944952925046285
1479,2.0,25.0,45.0,0.5,10000.0,18.0,0.47595517337322235
1480,2.0,25.0,45.0,0.7,0.0,28.0,0.49962381025155383
1481,2.0,25.0,45.0,0.7,10.0,26.0,0.48568908870220184
1482,2.0,25.0,45.0,0.7,100.0,30.0,0.48114901781082153
1483,2.0,25.0,45.0,0.7,1000.0,41.0,0.49862200518449146
1484,2.0,25.0,45.0,0.7,10000.0,18.0,0.47495971123377484
1485,2.0,25.0,50.0,0.3,0.0,18.0,0.48852858940760296
1486,2.0,25.0,50.0,0.3,10.0,18.0,0.48721668620904285
1487,2.0,25.0,50.0,0.3,100.0,18.0,0.48841850459575653
1488,2.0,25.0,50.0,0.3,1000.0,19.0,0.48891744514306384
1489,2.0,25.0,50.0,0.3,10000.0,17.0,0.4848619153102239
1490,2.0,25.0,50.0,0.5,0.0,18.0,0.4856732984383901
1491,2.0,25.0,50.0,0.5,10.0,18.0,0.4831080883741379
1492,2.0,25.0,50.0,0.5,100.0,18.0,0.485979085167249
1493,2.0,25.0,50.0,0.5,1000.0,32.0,0.48617659012476605
1494,2.0,25.0,50.0,0.5,10000.0,17.0,0.4798814356327057
1495,2.0,25.0,50.0,0.7,0.0,19.0,0.48649637897809345
1496,2.0,25.0,50.0,0.7,10.0,18.0,0.4850756327311198
1497,2.0,25.0,50.0,0.7,100.0,18.0,0.4839324156443278
1498,2.0,25.0,50.0,0.7,1000.0,27.0,0.49072786172231037
1499,2.0,25.0,50.0,0.7,10000.0,17.0,0.47381677726904553
1500,1.0,30.0,5.0,0.3,0.0,35.0,0.5018992225329081
1501,1.0,30.0,5.0,0.3,10.0,27.0,0.4832407434781392
1502,1.0,30.0,5.0,0.3,100.0,31.0,0.5135022103786469
1503,1.0,30.0,5.0,0.3,1000.0,46.0,0.49717483421166736
1504,1.0,30.0,5.0,0.3,10000.0,35.0,0.5118205944697062
1505,1.0,30.0,5.0,0.5,0.0,37.0,0.5175889680782954
1506,1.0,30.0,5.0,0.5,10.0,26.0,0.4840218921502431
1507,1.0,30.0,5.0,0.5,100.0,38.0,0.5404935677846273
1508,1.0,30.0,5.0,0.5,1000.0,38.0,0.5178567419449488
1509,1.0,30.0,5.0,0.5,10000.0,47.0,0.5391777952512106
1510,1.0,30.0,5.0,0.7,0.0,39.0,0.5660258531570435
1511,1.0,30.0,5.0,0.7,10.0,25.0,0.5093185901641846
1512,1.0,30.0,5.0,0.7,100.0,52.0,0.6036424140135447
1513,1.0,30.0,5.0,0.7,1000.0,31.0,0.5698380470275879
1514,1.0,30.0,5.0,0.7,10000.0,52.0,0.5683549841245016
1515,1.0,30.0,10.0,0.3,0.0,28.0,0.4888570159673691
1516,1.0,30.0,10.0,0.3,10.0,19.0,0.4924626996119817
1517,1.0,30.0,10.0,0.3,100.0,20.0,0.500013550122579
1518,1.0,30.0,10.0,0.3,1000.0,26.0,0.5157477706670761
1519,1.0,30.0,10.0,0.3,10000.0,21.0,0.5165335287650427
1520,1.0,30.0,10.0,0.5,0.0,28.0,0.4867113083600998
1521,1.0,30.0,10.0,0.5,10.0,23.0,0.493649497628212
1522,1.0,30.0,10.0,0.5,100.0,26.0,0.5009339153766632
1523,1.0,30.0,10.0,0.5,1000.0,31.0,0.5210667252540588
1524,1.0,30.0,10.0,0.5,10000.0,29.0,0.5114798347155253
1525,1.0,30.0,10.0,0.7,0.0,37.0,0.5024705280860265
1526,1.0,30.0,10.0,0.7,10.0,23.0,0.5053210159142812
1527,1.0,30.0,10.0,0.7,100.0,34.0,0.5183574855327606
1528,1.0,30.0,10.0,0.7,1000.0,35.0,0.5428595840930939
1529,1.0,30.0,10.0,0.7,10000.0,35.0,0.5208378036816915
1530,1.0,30.0,15.0,0.3,0.0,27.0,0.4913220802942912
1531,1.0,30.0,15.0,0.3,10.0,20.0,0.5130691677331924
1532,1.0,30.0,15.0,0.3,100.0,25.0,0.49651945134003955
1533,1.0,30.0,15.0,0.3,1000.0,30.0,0.49085408945878345
1534,1.0,30.0,15.0,0.3,10000.0,30.0,0.5004896024862925
1535,1.0,30.0,15.0,0.5,0.0,27.0,0.48799098034699756
1536,1.0,30.0,15.0,0.5,10.0,20.0,0.5124450127283732
1537,1.0,30.0,15.0,0.5,100.0,24.0,0.4948153595129649
1538,1.0,30.0,15.0,0.5,1000.0,30.0,0.48781538506348926
1539,1.0,30.0,15.0,0.5,10000.0,29.0,0.5007059425115585
1540,1.0,30.0,15.0,0.7,0.0,28.0,0.5021665543317795
1541,1.0,30.0,15.0,0.7,10.0,30.0,0.5274824301401774
1542,1.0,30.0,15.0,0.7,100.0,42.0,0.5149005701144537
1543,1.0,30.0,15.0,0.7,1000.0,30.0,0.49644894401232403
1544,1.0,30.0,15.0,0.7,10000.0,27.0,0.5153064131736755
1545,1.0,30.0,20.0,0.3,0.0,20.0,0.49762653311093646
1546,1.0,30.0,20.0,0.3,10.0,20.0,0.4940967907508214
1547,1.0,30.0,20.0,0.3,100.0,19.0,0.50169704357783
1548,1.0,30.0,20.0,0.3,1000.0,23.0,0.49120065073172253
1549,1.0,30.0,20.0,0.3,10000.0,24.0,0.5084680964549383
1550,1.0,30.0,20.0,0.5,0.0,20.0,0.4970627874135971
1551,1.0,30.0,20.0,0.5,10.0,23.0,0.49379972120126087
1552,1.0,30.0,20.0,0.5,100.0,19.0,0.4976353297630946
1553,1.0,30.0,20.0,0.5,1000.0,22.0,0.4875817745923996
1554,1.0,30.0,20.0,0.5,10000.0,22.0,0.5032598276933035
1555,1.0,30.0,20.0,0.7,0.0,37.0,0.5063281009594599
1556,1.0,30.0,20.0,0.7,10.0,23.0,0.48690591752529144
1557,1.0,30.0,20.0,0.7,100.0,61.0,0.509778211514155
1558,1.0,30.0,20.0,0.7,1000.0,22.0,0.4944385538498561
1559,1.0,30.0,20.0,0.7,10000.0,22.0,0.513909583290418
1560,1.0,30.0,25.0,0.3,0.0,19.0,0.49411679804325104
1561,1.0,30.0,25.0,0.3,10.0,19.0,0.4987771113713582
1562,1.0,30.0,25.0,0.3,100.0,21.0,0.4969566911458969
1563,1.0,30.0,25.0,0.3,1000.0,24.0,0.4934896429379781
1564,1.0,30.0,25.0,0.3,10000.0,23.0,0.4979172796010971
1565,1.0,30.0,25.0,0.5,0.0,19.0,0.49503744145234424
1566,1.0,30.0,25.0,0.5,10.0,20.0,0.4899539152781169
1567,1.0,30.0,25.0,0.5,100.0,22.0,0.49584179123242694
1568,1.0,30.0,25.0,0.5,1000.0,24.0,0.49594830473264057
1569,1.0,30.0,25.0,0.5,10000.0,20.0,0.4919898708661397
1570,1.0,30.0,25.0,0.7,0.0,20.0,0.5027354707320532
1571,1.0,30.0,25.0,0.7,10.0,23.0,0.4941803316275279
1572,1.0,30.0,25.0,0.7,100.0,25.0,0.49911333123842877
1573,1.0,30.0,25.0,0.7,1000.0,24.0,0.49883679548899335
1574,1.0,30.0,25.0,0.7,10000.0,23.0,0.49140480160713196
1575,1.0,30.0,30.0,0.3,0.0,20.0,0.49855250616868335
1576,1.0,30.0,30.0,0.3,10.0,18.0,0.496271217862765
1577,1.0,30.0,30.0,0.3,100.0,16.0,0.49491942425568897
1578,1.0,30.0,30.0,0.3,1000.0,19.0,0.5100216815869013
1579,1.0,30.0,30.0,0.3,10000.0,22.0,0.49229803681373596
1580,1.0,30.0,30.0,0.5,0.0,20.0,0.49282439053058624
1581,1.0,30.0,30.0,0.5,10.0,19.0,0.4929644713799159
1582,1.0,30.0,30.0,0.5,100.0,20.0,0.5036450376113256
1583,1.0,30.0,30.0,0.5,1000.0,19.0,0.502952496210734
1584,1.0,30.0,30.0,0.5,10000.0,22.0,0.48922646542390186
1585,1.0,30.0,30.0,0.7,0.0,20.0,0.49217163026332855
1586,1.0,30.0,30.0,0.7,10.0,21.0,0.4878094842036565
1587,1.0,30.0,30.0,0.7,100.0,24.0,0.5067244370778402
1588,1.0,30.0,30.0,0.7,1000.0,30.0,0.510840172568957
1589,1.0,30.0,30.0,0.7,10000.0,22.0,0.48853571712970734
1590,1.0,30.0,35.0,0.3,0.0,19.0,0.49139704803625744
1591,1.0,30.0,35.0,0.3,10.0,19.0,0.4947965790828069
1592,1.0,30.0,35.0,0.3,100.0,19.0,0.5009994059801102
1593,1.0,30.0,35.0,0.3,1000.0,19.0,0.4883924623330434
1594,1.0,30.0,35.0,0.3,10000.0,20.0,0.49700791637102765
1595,1.0,30.0,35.0,0.5,0.0,19.0,0.4869554837544759
1596,1.0,30.0,35.0,0.5,10.0,19.0,0.49282264212767285
1597,1.0,30.0,35.0,0.5,100.0,23.0,0.4969976494709651
1598,1.0,30.0,35.0,0.5,1000.0,20.0,0.4858342260122299
1599,1.0,30.0,35.0,0.5,10000.0,20.0,0.494619886080424
1600,1.0,30.0,35.0,0.7,0.0,20.0,0.48464302221934
1601,1.0,30.0,35.0,0.7,10.0,19.0,0.48812776803970337
1602,1.0,30.0,35.0,0.7,100.0,26.0,0.5007005631923676
1603,1.0,30.0,35.0,0.7,1000.0,20.0,0.49023228387037915
1604,1.0,30.0,35.0,0.7,10000.0,22.0,0.4976429392894109
1605,1.0,30.0,40.0,0.3,0.0,19.0,0.488138347864151
1606,1.0,30.0,40.0,0.3,10.0,19.0,0.5015814354022344
1607,1.0,30.0,40.0,0.3,100.0,19.0,0.4969615638256073
1608,1.0,30.0,40.0,0.3,1000.0,18.0,0.49071813623110455
1609,1.0,30.0,40.0,0.3,10000.0,19.0,0.48912883798281354
1610,1.0,30.0,40.0,0.5,0.0,19.0,0.48301273087660473
1611,1.0,30.0,40.0,0.5,10.0,19.0,0.502057726184527
1612,1.0,30.0,40.0,0.5,100.0,19.0,0.4932343512773514
1613,1.0,30.0,40.0,0.5,1000.0,18.0,0.4924558798472087
1614,1.0,30.0,40.0,0.5,10000.0,19.0,0.4843825002511342
1615,1.0,30.0,40.0,0.7,0.0,20.0,0.4847905884186427
1616,1.0,30.0,40.0,0.7,10.0,19.0,0.5034926335016886
1617,1.0,30.0,40.0,0.7,100.0,22.0,0.4927161286274592
1618,1.0,30.0,40.0,0.7,1000.0,20.0,0.494703342517217
1619,1.0,30.0,40.0,0.7,10000.0,21.0,0.4867174079020818
1620,1.0,30.0,45.0,0.3,0.0,19.0,0.49290476242701214
1621,1.0,30.0,45.0,0.3,10.0,19.0,0.4983924974997838
1622,1.0,30.0,45.0,0.3,100.0,19.0,0.50009652475516
1623,1.0,30.0,45.0,0.3,1000.0,19.0,0.48864516615867615
1624,1.0,30.0,45.0,0.3,10000.0,20.0,0.4980797270933787
1625,1.0,30.0,45.0,0.5,0.0,19.0,0.48989924788475037
1626,1.0,30.0,45.0,0.5,10.0,19.0,0.49617476264635724
1627,1.0,30.0,45.0,0.5,100.0,19.0,0.49996771415074664
1628,1.0,30.0,45.0,0.5,1000.0,19.0,0.48593318462371826
1629,1.0,30.0,45.0,0.5,10000.0,20.0,0.49323498209317523
1630,1.0,30.0,45.0,0.7,0.0,20.0,0.49659401675065357
1631,1.0,30.0,45.0,0.7,10.0,19.0,0.49530497193336487
1632,1.0,30.0,45.0,0.7,100.0,19.0,0.49872306485970813
1633,1.0,30.0,45.0,0.7,1000.0,25.0,0.48998798429965973
1634,1.0,30.0,45.0,0.7,10000.0,20.0,0.4903063625097275
1635,1.0,30.0,50.0,0.3,0.0,19.0,0.4883520156145096
1636,1.0,30.0,50.0,0.3,10.0,18.0,0.4998731017112732
1637,1.0,30.0,50.0,0.3,100.0,18.0,0.49166421095530194
1638,1.0,30.0,50.0,0.3,1000.0,19.0,0.4965323209762573
1639,1.0,30.0,50.0,0.3,10000.0,19.0,0.5004685620466868
1640,1.0,30.0,50.0,0.5,0.0,19.0,0.48778340717156726
1641,1.0,30.0,50.0,0.5,10.0,18.0,0.4962027072906494
1642,1.0,30.0,50.0,0.5,100.0,19.0,0.487465297182401
1643,1.0,30.0,50.0,0.5,1000.0,19.0,0.4934996118148168
1644,1.0,30.0,50.0,0.5,10000.0,19.0,0.4987268050511678
1645,1.0,30.0,50.0,0.7,0.0,19.0,0.4836189200480779
1646,1.0,30.0,50.0,0.7,10.0,19.0,0.49396730959415436
1647,1.0,30.0,50.0,0.7,100.0,22.0,0.48563143610954285
1648,1.0,30.0,50.0,0.7,1000.0,19.0,0.49249084293842316
1649,1.0,30.0,50.0,0.7,10000.0,20.0,0.5044217010339102
1650,2.0,30.0,5.0,0.3,0.0,31.0,0.5068888068199158
1651,2.0,30.0,5.0,0.3,10.0,21.0,0.49449468155701953
1652,2.0,30.0,5.0,0.3,100.0,15.0,0.5348322292168936
1653,2.0,30.0,5.0,0.3,1000.0,18.0,0.492913082242012
1654,2.0,30.0,5.0,0.3,10000.0,44.0,0.5680610040823618
1655,2.0,30.0,5.0,0.5,0.0,46.0,0.5231309036413828
1656,2.0,30.0,5.0,0.5,10.0,18.0,0.49022452036539715
1657,2.0,30.0,5.0,0.5,100.0,47.0,0.5682995716730753
1658,2.0,30.0,5.0,0.5,1000.0,21.0,0.49524087210496265
1659,2.0,30.0,5.0,0.5,10000.0,58.0,0.5560321907202402
1660,2.0,30.0,5.0,0.7,0.0,44.0,0.5642129977544149
1661,2.0,30.0,5.0,0.7,10.0,19.0,0.502429743607839
1662,2.0,30.0,5.0,0.7,100.0,68.0,0.6292260885238647
1663,2.0,30.0,5.0,0.7,1000.0,24.0,0.5199697911739349
1664,2.0,30.0,5.0,0.7,10000.0,47.0,0.5863778491814932
1665,2.0,30.0,10.0,0.3,0.0,21.0,0.47822004556655884
1666,2.0,30.0,10.0,0.3,10.0,30.0,0.5109866162141165
1667,2.0,30.0,10.0,0.3,100.0,41.0,0.5206508338451385
1668,2.0,30.0,10.0,0.3,1000.0,31.0,0.48252857228120166
1669,2.0,30.0,10.0,0.3,10000.0,46.0,0.556816985209783
1670,2.0,30.0,10.0,0.5,0.0,19.0,0.4776410559813182
1671,2.0,30.0,10.0,0.5,10.0,26.0,0.5297898550828298
1672,2.0,30.0,10.0,0.5,100.0,49.0,0.5345951070388159
1673,2.0,30.0,10.0,0.5,1000.0,25.0,0.48282046616077423
1674,2.0,30.0,10.0,0.5,10000.0,43.0,0.57886902987957
1675,2.0,30.0,10.0,0.7,0.0,23.0,0.49389325082302094
1676,2.0,30.0,10.0,0.7,10.0,40.0,0.562779704729716
1677,2.0,30.0,10.0,0.7,100.0,43.0,0.5336685578028361
1678,2.0,30.0,10.0,0.7,1000.0,23.0,0.49533316989739734
1679,2.0,30.0,10.0,0.7,10000.0,55.0,0.5304229458173116
1680,2.0,30.0,15.0,0.3,0.0,28.0,0.4989348401625951
1681,2.0,30.0,15.0,0.3,10.0,18.0,0.49174846212069195
1682,2.0,30.0,15.0,0.3,100.0,32.0,0.5000162820021311
1683,2.0,30.0,15.0,0.3,1000.0,47.0,0.48867855966091156
1684,2.0,30.0,15.0,0.3,10000.0,48.0,0.5105665028095245
1685,2.0,30.0,15.0,0.5,0.0,40.0,0.5461596995592117
1686,2.0,30.0,15.0,0.5,10.0,39.0,0.48966774344444275
1687,2.0,30.0,15.0,0.5,100.0,34.0,0.5074447393417358
1688,2.0,30.0,15.0,0.5,1000.0,26.0,0.49958089490731555
1689,2.0,30.0,15.0,0.5,10000.0,34.0,0.5635681599378586
1690,2.0,30.0,15.0,0.7,0.0,42.0,0.5662467082341512
1691,2.0,30.0,15.0,0.7,10.0,45.0,0.5170410772164663
1692,2.0,30.0,15.0,0.7,100.0,46.0,0.5264727671941122
1693,2.0,30.0,15.0,0.7,1000.0,62.0,0.5216314345598221
1694,2.0,30.0,15.0,0.7,10000.0,34.0,0.5244014163812002
1695,2.0,30.0,20.0,0.3,0.0,29.0,0.497500479221344
1696,2.0,30.0,20.0,0.3,10.0,18.0,0.49238088726997375
1697,2.0,30.0,20.0,0.3,100.0,24.0,0.49835605919361115
1698,2.0,30.0,20.0,0.3,1000.0,35.0,0.4989854097366333
1699,2.0,30.0,20.0,0.3,10000.0,32.0,0.49589792887369794
1700,2.0,30.0,20.0,0.5,0.0,28.0,0.499721755584081
1701,2.0,30.0,20.0,0.5,10.0,18.0,0.4945760617653529
1702,2.0,30.0,20.0,0.5,100.0,24.0,0.5000198980172476
1703,2.0,30.0,20.0,0.5,1000.0,39.0,0.5011428346236547
1704,2.0,30.0,20.0,0.5,10000.0,29.0,0.4872910777727763
1705,2.0,30.0,20.0,0.7,0.0,34.0,0.5170022398233414
1706,2.0,30.0,20.0,0.7,10.0,18.0,0.5045373886823654
1707,2.0,30.0,20.0,0.7,100.0,34.0,0.5153158456087112
1708,2.0,30.0,20.0,0.7,1000.0,35.0,0.5087906966606776
1709,2.0,30.0,20.0,0.7,10000.0,35.0,0.5048211713631948
1710,2.0,30.0,25.0,0.3,0.0,15.0,0.4970681518316269
1711,2.0,30.0,25.0,0.3,10.0,19.0,0.48855576912562054
1712,2.0,30.0,25.0,0.3,100.0,18.0,0.4926694283882777
1713,2.0,30.0,25.0,0.3,1000.0,49.0,0.4888673573732376
1714,2.0,30.0,25.0,0.3,10000.0,29.0,0.4867507567008336
1715,2.0,30.0,25.0,0.5,0.0,33.0,0.4962932566801707
1716,2.0,30.0,25.0,0.5,10.0,19.0,0.4877705971399943
1717,2.0,30.0,25.0,0.5,100.0,18.0,0.49152979751427966
1718,2.0,30.0,25.0,0.5,1000.0,25.0,0.494024525086085
1719,2.0,30.0,25.0,0.5,10000.0,39.0,0.49998797476291656
1720,2.0,30.0,25.0,0.7,0.0,33.0,0.5056944688161215
1721,2.0,30.0,25.0,0.7,10.0,39.0,0.49691397945086163
1722,2.0,30.0,25.0,0.7,100.0,18.0,0.4961637556552887
1723,2.0,30.0,25.0,0.7,1000.0,30.0,0.5040784279505411
1724,2.0,30.0,25.0,0.7,10000.0,30.0,0.4896974563598633
1725,2.0,30.0,30.0,0.3,0.0,40.0,0.5269432862599691
1726,2.0,30.0,30.0,0.3,10.0,18.0,0.48667194942633313
1727,2.0,30.0,30.0,0.3,100.0,17.0,0.4977961430946986
1728,2.0,30.0,30.0,0.3,1000.0,18.0,0.48959944645563763
1729,2.0,30.0,30.0,0.3,10000.0,31.0,0.4913991043965022
1730,2.0,30.0,30.0,0.5,0.0,34.0,0.5576224029064178
1731,2.0,30.0,30.0,0.5,10.0,18.0,0.4816029767195384
1732,2.0,30.0,30.0,0.5,100.0,24.0,0.4919374038775762
1733,2.0,30.0,30.0,0.5,1000.0,18.0,0.48534021774927777
1734,2.0,30.0,30.0,0.5,10000.0,20.0,0.4791961411635081
1735,2.0,30.0,30.0,0.7,0.0,27.0,0.501623660326004
1736,2.0,30.0,30.0,0.7,10.0,22.0,0.4837031712134679
1737,2.0,30.0,30.0,0.7,100.0,45.0,0.5795135051012039
1738,2.0,30.0,30.0,0.7,1000.0,18.0,0.48665396372477215
1739,2.0,30.0,30.0,0.7,10000.0,21.0,0.48126926521460217
1740,2.0,30.0,35.0,0.3,0.0,16.0,0.4936870038509369
1741,2.0,30.0,35.0,0.3,10.0,17.0,0.4878350148598353
1742,2.0,30.0,35.0,0.3,100.0,18.0,0.48877712587515515
1743,2.0,30.0,35.0,0.3,1000.0,18.0,0.4858877907196681
1744,2.0,30.0,35.0,0.3,10000.0,29.0,0.49739886820316315
1745,2.0,30.0,35.0,0.5,0.0,28.0,0.49676909546057385
1746,2.0,30.0,35.0,0.5,10.0,17.0,0.4855367640654246
1747,2.0,30.0,35.0,0.5,100.0,18.0,0.48279716571172077
1748,2.0,30.0,35.0,0.5,1000.0,18.0,0.48521962265173596
1749,2.0,30.0,35.0,0.5,10000.0,26.0,0.4968087673187256
1750,2.0,30.0,35.0,0.7,0.0,28.0,0.5038580497105917
1751,2.0,30.0,35.0,0.7,10.0,19.0,0.48949266970157623
1752,2.0,30.0,35.0,0.7,100.0,18.0,0.4828198204437892
1753,2.0,30.0,35.0,0.7,1000.0,18.0,0.4908618777990341
1754,2.0,30.0,35.0,0.7,10000.0,33.0,0.5085072368383408
1755,2.0,30.0,40.0,0.3,0.0,18.0,0.48781590163707733
1756,2.0,30.0,40.0,0.3,10.0,17.0,0.49086282153924304
1757,2.0,30.0,40.0,0.3,100.0,18.0,0.4907822112242381
1758,2.0,30.0,40.0,0.3,1000.0,18.0,0.4884197662274043
1759,2.0,30.0,40.0,0.3,10000.0,18.0,0.4889108290274938
1760,2.0,30.0,40.0,0.5,0.0,18.0,0.48453523715337116
1761,2.0,30.0,40.0,0.5,10.0,17.0,0.48828889926274616
1762,2.0,30.0,40.0,0.5,100.0,18.0,0.4852614452441533
1763,2.0,30.0,40.0,0.5,1000.0,25.0,0.4888409773508708
1764,2.0,30.0,40.0,0.5,10000.0,18.0,0.4893159717321396
1765,2.0,30.0,40.0,0.7,0.0,27.0,0.4991610149542491
1766,2.0,30.0,40.0,0.7,10.0,18.0,0.4955245206753413
1767,2.0,30.0,40.0,0.7,100.0,31.0,0.48873158792654675
1768,2.0,30.0,40.0,0.7,1000.0,34.0,0.5069059034188589
1769,2.0,30.0,40.0,0.7,10000.0,32.0,0.504403367638588
1770,2.0,30.0,45.0,0.3,0.0,18.0,0.49094099799791974
1771,2.0,30.0,45.0,0.3,10.0,17.0,0.4883430649836858
1772,2.0,30.0,45.0,0.3,100.0,22.0,0.4923571050167084
1773,2.0,30.0,45.0,0.3,1000.0,17.0,0.49178701639175415
1774,2.0,30.0,45.0,0.3,10000.0,31.0,0.5048067619403204
1775,2.0,30.0,45.0,0.5,0.0,34.0,0.5234402318795522
1776,2.0,30.0,45.0,0.5,10.0,17.0,0.4893028885126114
1777,2.0,30.0,45.0,0.5,100.0,18.0,0.4934952110052109
1778,2.0,30.0,45.0,0.5,1000.0,17.0,0.4916445116202037
1779,2.0,30.0,45.0,0.5,10000.0,38.0,0.5857337613900503
1780,2.0,30.0,45.0,0.7,0.0,27.0,0.4992845058441162
1781,2.0,30.0,45.0,0.7,10.0,19.0,0.49302512407302856
1782,2.0,30.0,45.0,0.7,100.0,26.0,0.501903752485911
1783,2.0,30.0,45.0,0.7,1000.0,17.0,0.49109619359175366
1784,2.0,30.0,45.0,0.7,10000.0,31.0,0.504874105254809
1785,2.0,30.0,50.0,0.3,0.0,32.0,0.5712974965572357
1786,2.0,30.0,50.0,0.3,10.0,17.0,0.4892056733369827
1787,2.0,30.0,50.0,0.3,100.0,18.0,0.4932034562031428
1788,2.0,30.0,50.0,0.3,1000.0,18.0,0.49054918189843494
1789,2.0,30.0,50.0,0.3,10000.0,20.0,0.4867698550224304
1790,2.0,30.0,50.0,0.5,0.0,36.0,0.547136719028155
1791,2.0,30.0,50.0,0.5,10.0,16.0,0.48512589931488037
1792,2.0,30.0,50.0,0.5,100.0,18.0,0.49207256237665814
1793,2.0,30.0,50.0,0.5,1000.0,18.0,0.49274441599845886
1794,2.0,30.0,50.0,0.5,10000.0,20.0,0.4860997051000595
1795,2.0,30.0,50.0,0.7,0.0,40.0,0.5278883328040441
1796,2.0,30.0,50.0,0.7,10.0,17.0,0.490371177593867
1797,2.0,30.0,50.0,0.7,100.0,22.0,0.49298031628131866
1798,2.0,30.0,50.0,0.7,1000.0,18.0,0.495162030061086
1799,2.0,30.0,50.0,0.7,10000.0,21.0,0.4986758480469386
1800,1.0,35.0,5.0,0.3,0.0,16.0,0.5483332822720209
1801,1.0,35.0,5.0,0.3,10.0,22.0,0.5403628249963125
1802,1.0,35.0,5.0,0.3,100.0,32.0,0.5275258620580038
1803,1.0,35.0,5.0,0.3,1000.0,91.0,0.5762861867745718
1804,1.0,35.0,5.0,0.3,10000.0,31.0,0.5515148142973582
1805,1.0,35.0,5.0,0.5,0.0,48.0,0.5673666844765345
1806,1.0,35.0,5.0,0.5,10.0,116.0,0.5733230262994766
1807,1.0,35.0,5.0,0.5,100.0,66.0,0.5436835885047913
1808,1.0,35.0,5.0,0.5,1000.0,86.0,0.5918150593837103
1809,1.0,35.0,5.0,0.5,10000.0,29.0,0.5858413577079773
1810,1.0,35.0,5.0,0.7,0.0,59.0,0.6368592083454132
1811,1.0,35.0,5.0,0.7,10.0,17.0,0.692358672618866
1812,1.0,35.0,5.0,0.7,100.0,61.0,0.573739250500997
1813,1.0,35.0,5.0,0.7,1000.0,11.0,0.6768452723821005
1814,1.0,35.0,5.0,0.7,10000.0,32.0,0.6331187884012858
1815,1.0,35.0,10.0,0.3,0.0,25.0,0.5021999726692835
1816,1.0,35.0,10.0,0.3,10.0,42.0,0.5075006435314814
1817,1.0,35.0,10.0,0.3,100.0,17.0,0.5121005872885386
1818,1.0,35.0,10.0,0.3,1000.0,28.0,0.4847240100304286
1819,1.0,35.0,10.0,0.3,10000.0,24.0,0.5132474899291992
1820,1.0,35.0,10.0,0.5,0.0,28.0,0.49843815962473553
1821,1.0,35.0,10.0,0.5,10.0,42.0,0.5041373173395792
1822,1.0,35.0,10.0,0.5,100.0,43.0,0.5314626395702362
1823,1.0,35.0,10.0,0.5,1000.0,28.0,0.4808547298113505
1824,1.0,35.0,10.0,0.5,10000.0,30.0,0.5224645386139551
1825,1.0,35.0,10.0,0.7,0.0,47.0,0.5210981865723928
1826,1.0,35.0,10.0,0.7,10.0,40.0,0.5315756301085154
1827,1.0,35.0,10.0,0.7,100.0,49.0,0.5657238264878591
1828,1.0,35.0,10.0,0.7,1000.0,29.0,0.4909957597653071
1829,1.0,35.0,10.0,0.7,10000.0,67.0,0.5675768057505289
1830,1.0,35.0,15.0,0.3,0.0,19.0,0.48828446865081787
1831,1.0,35.0,15.0,0.3,10.0,19.0,0.5114569216966629
1832,1.0,35.0,15.0,0.3,100.0,28.0,0.49953649441401166
1833,1.0,35.0,15.0,0.3,1000.0,17.0,0.4980133722225825
1834,1.0,35.0,15.0,0.3,10000.0,19.0,0.5003213336070379
1835,1.0,35.0,15.0,0.5,0.0,19.0,0.48207515478134155
1836,1.0,35.0,15.0,0.5,10.0,39.0,0.5124776214361191
1837,1.0,35.0,15.0,0.5,100.0,30.0,0.4927017043034236
1838,1.0,35.0,15.0,0.5,1000.0,24.0,0.5034146706263224
1839,1.0,35.0,15.0,0.5,10000.0,24.0,0.4974542409181595
1840,1.0,35.0,15.0,0.7,0.0,20.0,0.4846718857685725
1841,1.0,35.0,15.0,0.7,10.0,39.0,0.5260544021924337
1842,1.0,35.0,15.0,0.7,100.0,30.0,0.5050129840771357
1843,1.0,35.0,15.0,0.7,1000.0,32.0,0.5242953797181448
1844,1.0,35.0,15.0,0.7,10000.0,52.0,0.5195965121189753
1845,1.0,35.0,20.0,0.3,0.0,18.0,0.4961463361978531
1846,1.0,35.0,20.0,0.3,10.0,21.0,0.5008825113375982
1847,1.0,35.0,20.0,0.3,100.0,20.0,0.5026412655909857
1848,1.0,35.0,20.0,0.3,1000.0,18.0,0.5172901600599289
1849,1.0,35.0,20.0,0.3,10000.0,22.0,0.48393045862515766
1850,1.0,35.0,20.0,0.5,0.0,18.0,0.4954915593067805
1851,1.0,35.0,20.0,0.5,10.0,25.0,0.4987560311953227
1852,1.0,35.0,20.0,0.5,100.0,20.0,0.4948021819194158
1853,1.0,35.0,20.0,0.5,1000.0,19.0,0.5096165984869003
1854,1.0,35.0,20.0,0.5,10000.0,22.0,0.4816807856162389
1855,1.0,35.0,20.0,0.7,0.0,36.0,0.5115075508753458
1856,1.0,35.0,20.0,0.7,10.0,24.0,0.4987025161584218
1857,1.0,35.0,20.0,0.7,100.0,30.0,0.507520725329717
1858,1.0,35.0,20.0,0.7,1000.0,31.0,0.5123501867055893
1859,1.0,35.0,20.0,0.7,10000.0,24.0,0.48238828778266907
1860,1.0,35.0,25.0,0.3,0.0,26.0,0.49234164754549664
1861,1.0,35.0,25.0,0.3,10.0,21.0,0.49427884817123413
1862,1.0,35.0,25.0,0.3,100.0,16.0,0.5022589713335037
1863,1.0,35.0,25.0,0.3,1000.0,23.0,0.4953361550966899
1864,1.0,35.0,25.0,0.3,10000.0,21.0,0.49232589701811474
1865,1.0,35.0,25.0,0.5,0.0,25.0,0.4915747145811717
1866,1.0,35.0,25.0,0.5,10.0,21.0,0.49041833480199176
1867,1.0,35.0,25.0,0.5,100.0,16.0,0.504030908147494
1868,1.0,35.0,25.0,0.5,1000.0,23.0,0.4943300634622574
1869,1.0,35.0,25.0,0.5,10000.0,19.0,0.49100648363431293
1870,1.0,35.0,25.0,0.7,0.0,25.0,0.496661717693011
1871,1.0,35.0,25.0,0.7,10.0,21.0,0.48846407731374103
1872,1.0,35.0,25.0,0.7,100.0,28.0,0.5192907104889551
1873,1.0,35.0,25.0,0.7,1000.0,22.0,0.49578893184661865
1874,1.0,35.0,25.0,0.7,10000.0,27.0,0.5044614126284918
1875,1.0,35.0,30.0,0.3,0.0,19.0,0.4943257023890813
1876,1.0,35.0,30.0,0.3,10.0,21.0,0.503255620598793
1877,1.0,35.0,30.0,0.3,100.0,18.0,0.5053196450074514
1878,1.0,35.0,30.0,0.3,1000.0,18.0,0.5043913026650747
1879,1.0,35.0,30.0,0.3,10000.0,18.0,0.489648977915446
1880,1.0,35.0,30.0,0.5,0.0,19.0,0.4918126662572225
1881,1.0,35.0,30.0,0.5,10.0,21.0,0.49894216656684875
1882,1.0,35.0,30.0,0.5,100.0,19.0,0.5003439883391062
1883,1.0,35.0,30.0,0.5,1000.0,18.0,0.4920685092608134
1884,1.0,35.0,30.0,0.5,10000.0,18.0,0.4819078842798869
1885,1.0,35.0,30.0,0.7,0.0,23.0,0.5038720468680064
1886,1.0,35.0,30.0,0.7,10.0,25.0,0.49768486618995667
1887,1.0,35.0,30.0,0.7,100.0,22.0,0.5085407247145971
1888,1.0,35.0,30.0,0.7,1000.0,27.0,0.5025701920191447
1889,1.0,35.0,30.0,0.7,10000.0,19.0,0.4803798347711563
1890,1.0,35.0,35.0,0.3,0.0,18.0,0.49640799562136334
1891,1.0,35.0,35.0,0.3,10.0,18.0,0.5017486065626144
1892,1.0,35.0,35.0,0.3,100.0,19.0,0.5009218355019888
1893,1.0,35.0,35.0,0.3,1000.0,18.0,0.5076036800940832
1894,1.0,35.0,35.0,0.3,10000.0,19.0,0.4937060872713725
1895,1.0,35.0,35.0,0.5,0.0,18.0,0.49639183779557544
1896,1.0,35.0,35.0,0.5,10.0,19.0,0.5007626463969549
1897,1.0,35.0,35.0,0.5,100.0,19.0,0.49629857142766315
1898,1.0,35.0,35.0,0.5,1000.0,18.0,0.4990513026714325
1899,1.0,35.0,35.0,0.5,10000.0,20.0,0.49114538729190826
1900,1.0,35.0,35.0,0.7,0.0,18.0,0.5061030586560568
1901,1.0,35.0,35.0,0.7,10.0,30.0,0.5091419517993927
1902,1.0,35.0,35.0,0.7,100.0,19.0,0.4947548011938731
1903,1.0,35.0,35.0,0.7,1000.0,18.0,0.5048159658908844
1904,1.0,35.0,35.0,0.7,10000.0,29.0,0.4961935132741928
1905,1.0,35.0,40.0,0.3,0.0,19.0,0.4870640089114507
1906,1.0,35.0,40.0,0.3,10.0,18.0,0.4899136771758397
1907,1.0,35.0,40.0,0.3,100.0,18.0,0.49812065064907074
1908,1.0,35.0,40.0,0.3,1000.0,18.0,0.4952856699625651
1909,1.0,35.0,40.0,0.3,10000.0,20.0,0.48825570940971375
1910,1.0,35.0,40.0,0.5,0.0,19.0,0.4833218604326248
1911,1.0,35.0,40.0,0.5,10.0,18.0,0.49009354412555695
1912,1.0,35.0,40.0,0.5,100.0,18.0,0.4934299240509669
1913,1.0,35.0,40.0,0.5,1000.0,20.0,0.49719732503096264
1914,1.0,35.0,40.0,0.5,10000.0,21.0,0.4851877937714259
1915,1.0,35.0,40.0,0.7,0.0,20.0,0.48753754794597626
1916,1.0,35.0,40.0,0.7,10.0,18.0,0.4906850854555766
1917,1.0,35.0,40.0,0.7,100.0,19.0,0.4965968082348506
1918,1.0,35.0,40.0,0.7,1000.0,21.0,0.4920791337887446
1919,1.0,35.0,40.0,0.7,10000.0,29.0,0.482119157910347
1920,1.0,35.0,45.0,0.3,0.0,19.0,0.4978507508834203
1921,1.0,35.0,45.0,0.3,10.0,18.0,0.501408631602923
1922,1.0,35.0,45.0,0.3,100.0,19.0,0.4962964355945587
1923,1.0,35.0,45.0,0.3,1000.0,20.0,0.4990898221731186
1924,1.0,35.0,45.0,0.3,10000.0,18.0,0.49602272113164264
1925,1.0,35.0,45.0,0.5,0.0,19.0,0.49336837232112885
1926,1.0,35.0,45.0,0.5,10.0,18.0,0.5034984846909841
1927,1.0,35.0,45.0,0.5,100.0,19.0,0.49313883980115253
1928,1.0,35.0,45.0,0.5,1000.0,20.0,0.49788808822631836
1929,1.0,35.0,45.0,0.5,10000.0,18.0,0.4960791418949763
1930,1.0,35.0,45.0,0.7,0.0,19.0,0.49410481254259747
1931,1.0,35.0,45.0,0.7,10.0,30.0,0.5035898586114248
1932,1.0,35.0,45.0,0.7,100.0,22.0,0.4968148022890091
1933,1.0,35.0,45.0,0.7,1000.0,20.0,0.4954725702603658
1934,1.0,35.0,45.0,0.7,10000.0,24.0,0.5060132046540579
1935,1.0,35.0,50.0,0.3,0.0,18.0,0.4930278907219569
1936,1.0,35.0,50.0,0.3,10.0,18.0,0.4944005658229192
1937,1.0,35.0,50.0,0.3,100.0,18.0,0.4855794807275136
1938,1.0,35.0,50.0,0.3,1000.0,17.0,0.4938926299413045
1939,1.0,35.0,50.0,0.3,10000.0,18.0,0.4988591472307841
1940,1.0,35.0,50.0,0.5,0.0,18.0,0.4940478503704071
1941,1.0,35.0,50.0,0.5,10.0,18.0,0.4903532067934672
1942,1.0,35.0,50.0,0.5,100.0,19.0,0.48318074146906537
1943,1.0,35.0,50.0,0.5,1000.0,18.0,0.48279468218485516
1944,1.0,35.0,50.0,0.5,10000.0,18.0,0.4937456299861272
1945,1.0,35.0,50.0,0.7,0.0,18.0,0.4992810438076655
1946,1.0,35.0,50.0,0.7,10.0,19.0,0.4861177106698354
1947,1.0,35.0,50.0,0.7,100.0,19.0,0.47842346628506977
1948,1.0,35.0,50.0,0.7,1000.0,21.0,0.48307166000207263
1949,1.0,35.0,50.0,0.7,10000.0,18.0,0.491635466615359
1950,2.0,35.0,5.0,0.3,0.0,20.0,0.4747401177883148
1951,2.0,35.0,5.0,0.3,10.0,62.0,0.5760059704383215
1952,2.0,35.0,5.0,0.3,100.0,28.0,0.4955351750055949
1953,2.0,35.0,5.0,0.3,1000.0,31.0,0.4998485843340556
1954,2.0,35.0,5.0,0.3,10000.0,26.0,0.5130722870429357
1955,2.0,35.0,5.0,0.5,0.0,20.0,0.46759096284707385
1956,2.0,35.0,5.0,0.5,10.0,61.0,0.5476335883140564
1957,2.0,35.0,5.0,0.5,100.0,56.0,0.5363084723552068
1958,2.0,35.0,5.0,0.5,1000.0,31.0,0.510811393459638
1959,2.0,35.0,5.0,0.5,10000.0,28.0,0.5177355806032816
1960,2.0,35.0,5.0,0.7,0.0,19.0,0.47737211485703784
1961,2.0,35.0,5.0,0.7,10.0,57.0,0.5782451232274374
1962,2.0,35.0,5.0,0.7,100.0,44.0,0.5751409629980723
1963,2.0,35.0,5.0,0.7,1000.0,25.0,0.55007537206014
1964,2.0,35.0,5.0,0.7,10000.0,33.0,0.5395792424678802
1965,2.0,35.0,10.0,0.3,0.0,37.0,0.5061536480983099
1966,2.0,35.0,10.0,0.3,10.0,26.0,0.503965233763059
1967,2.0,35.0,10.0,0.3,100.0,31.0,0.4988401184479396
1968,2.0,35.0,10.0,0.3,1000.0,31.0,0.49091002841790515
1969,2.0,35.0,10.0,0.3,10000.0,28.0,0.4903390556573868
1970,2.0,35.0,10.0,0.5,0.0,37.0,0.5011088848114014
1971,2.0,35.0,10.0,0.5,10.0,29.0,0.5101515650749207
1972,2.0,35.0,10.0,0.5,100.0,27.0,0.5104365597168604
1973,2.0,35.0,10.0,0.5,1000.0,31.0,0.4841834753751755
1974,2.0,35.0,10.0,0.5,10000.0,29.0,0.4858303467432658
1975,2.0,35.0,10.0,0.7,0.0,33.0,0.5360952814420065
1976,2.0,35.0,10.0,0.7,10.0,38.0,0.5261067946751913
1977,2.0,35.0,10.0,0.7,100.0,31.0,0.5461887319882711
1978,2.0,35.0,10.0,0.7,1000.0,53.0,0.5020474940538406
1979,2.0,35.0,10.0,0.7,10000.0,35.0,0.5055843542019526
1980,2.0,35.0,15.0,0.3,0.0,28.0,0.4943725566069285
1981,2.0,35.0,15.0,0.3,10.0,35.0,0.5101698587338129
1982,2.0,35.0,15.0,0.3,100.0,23.0,0.4934595376253128
1983,2.0,35.0,15.0,0.3,1000.0,44.0,0.5099206070105234
1984,2.0,35.0,15.0,0.3,10000.0,27.0,0.5081177403529485
1985,2.0,35.0,15.0,0.5,0.0,36.0,0.49280960361162823
1986,2.0,35.0,15.0,0.5,10.0,35.0,0.5233489274978638
1987,2.0,35.0,15.0,0.5,100.0,38.0,0.49628910919030506
1988,2.0,35.0,15.0,0.5,1000.0,35.0,0.509313553571701
1989,2.0,35.0,15.0,0.5,10000.0,27.0,0.5128215750058492
1990,2.0,35.0,15.0,0.7,0.0,46.0,0.5109290430943171
1991,2.0,35.0,15.0,0.7,10.0,47.0,0.5721028049786886
1992,2.0,35.0,15.0,0.7,100.0,29.0,0.5094102223714193
1993,2.0,35.0,15.0,0.7,1000.0,53.0,0.5651616454124451
1994,2.0,35.0,15.0,0.7,10000.0,34.0,0.5268125236034393
1995,2.0,35.0,20.0,0.3,0.0,17.0,0.4925750344991684
1996,2.0,35.0,20.0,0.3,10.0,24.0,0.49642378091812134
1997,2.0,35.0,20.0,0.3,100.0,18.0,0.4893554250399272
1998,2.0,35.0,20.0,0.3,1000.0,15.0,0.4961549590031306
1999,2.0,35.0,20.0,0.3,10000.0,24.0,0.49890104432900745
2000,2.0,35.0,20.0,0.5,0.0,17.0,0.48520893851915997
2001,2.0,35.0,20.0,0.5,10.0,24.0,0.4981299390395482
2002,2.0,35.0,20.0,0.5,100.0,18.0,0.48744765917460126
2003,2.0,35.0,20.0,0.5,1000.0,33.0,0.4940785864988963
2004,2.0,35.0,20.0,0.5,10000.0,24.0,0.49055517216523487
2005,2.0,35.0,20.0,0.7,0.0,27.0,0.4899773846069972
2006,2.0,35.0,20.0,0.7,10.0,40.0,0.5276618897914886
2007,2.0,35.0,20.0,0.7,100.0,18.0,0.4913087636232376
2008,2.0,35.0,20.0,0.7,1000.0,38.0,0.5020831078290939
2009,2.0,35.0,20.0,0.7,10000.0,35.0,0.4916638682285945
2010,2.0,35.0,25.0,0.3,0.0,25.0,0.48640502989292145
2011,2.0,35.0,25.0,0.3,10.0,28.0,0.4961007684469223
2012,2.0,35.0,25.0,0.3,100.0,18.0,0.48802968859672546
2013,2.0,35.0,25.0,0.3,1000.0,22.0,0.488126739859581
2014,2.0,35.0,25.0,0.3,10000.0,30.0,0.4942491054534912
2015,2.0,35.0,25.0,0.5,0.0,24.0,0.48303204278151196
2016,2.0,35.0,25.0,0.5,10.0,17.0,0.5001877198616663
2017,2.0,35.0,25.0,0.5,100.0,18.0,0.48118234674135846
2018,2.0,35.0,25.0,0.5,1000.0,26.0,0.48321085671583813
2019,2.0,35.0,25.0,0.5,10000.0,30.0,0.48978408177693683
2020,2.0,35.0,25.0,0.7,0.0,24.0,0.4807577580213547
2021,2.0,35.0,25.0,0.7,10.0,28.0,0.5028796344995499
2022,2.0,35.0,25.0,0.7,100.0,19.0,0.47763393819332123
2023,2.0,35.0,25.0,0.7,1000.0,32.0,0.488189955552419
2024,2.0,35.0,25.0,0.7,10000.0,19.0,0.48312608400980633
2025,2.0,35.0,30.0,0.3,0.0,17.0,0.48773830632368725
2026,2.0,35.0,30.0,0.3,10.0,31.0,0.49197542667388916
2027,2.0,35.0,30.0,0.3,100.0,17.0,0.4880003333091736
2028,2.0,35.0,30.0,0.3,1000.0,17.0,0.48376138011614483
2029,2.0,35.0,30.0,0.3,10000.0,35.0,0.49687451124191284
2030,2.0,35.0,30.0,0.5,0.0,17.0,0.48438500861326855
2031,2.0,35.0,30.0,0.5,10.0,21.0,0.48416292170683545
2032,2.0,35.0,30.0,0.5,100.0,17.0,0.4859161674976349
2033,2.0,35.0,30.0,0.5,1000.0,17.0,0.4808298746744792
2034,2.0,35.0,30.0,0.5,10000.0,35.0,0.4922536512215932
2035,2.0,35.0,30.0,0.7,0.0,19.0,0.48129840691884357
2036,2.0,35.0,30.0,0.7,10.0,30.0,0.4918879022200902
2037,2.0,35.0,30.0,0.7,100.0,17.0,0.48618450264136
2038,2.0,35.0,30.0,0.7,1000.0,18.0,0.47771058479944867
2039,2.0,35.0,30.0,0.7,10000.0,35.0,0.4917611628770828
2040,2.0,35.0,35.0,0.3,0.0,23.0,0.4964500566323598
2041,2.0,35.0,35.0,0.3,10.0,33.0,0.49571246405442554
2042,2.0,35.0,35.0,0.3,100.0,22.0,0.5002060433228811
2043,2.0,35.0,35.0,0.3,1000.0,29.0,0.4972982158263524
2044,2.0,35.0,35.0,0.3,10000.0,17.0,0.4925333609183629
2045,2.0,35.0,35.0,0.5,0.0,28.0,0.4936745713154475
2046,2.0,35.0,35.0,0.5,10.0,33.0,0.4978785713513692
2047,2.0,35.0,35.0,0.5,100.0,26.0,0.5133529206116995
2048,2.0,35.0,35.0,0.5,1000.0,29.0,0.4882485767205556
2049,2.0,35.0,35.0,0.5,10000.0,17.0,0.49369662006696063
2050,2.0,35.0,35.0,0.7,0.0,42.0,0.5158037493626276
2051,2.0,35.0,35.0,0.7,10.0,30.0,0.4969167709350586
2052,2.0,35.0,35.0,0.7,100.0,27.0,0.5142558763424555
2053,2.0,35.0,35.0,0.7,1000.0,32.0,0.48396483063697815
2054,2.0,35.0,35.0,0.7,10000.0,35.0,0.49891876180966693
2055,2.0,35.0,40.0,0.3,0.0,17.0,0.4893704801797867
2056,2.0,35.0,40.0,0.3,10.0,27.0,0.49810778101285297
2057,2.0,35.0,40.0,0.3,100.0,18.0,0.4902172088623047
2058,2.0,35.0,40.0,0.3,1000.0,17.0,0.4837254385153453
2059,2.0,35.0,40.0,0.3,10000.0,17.0,0.48826835056145984
2060,2.0,35.0,40.0,0.5,0.0,17.0,0.48739683131376904
2061,2.0,35.0,40.0,0.5,10.0,28.0,0.49464641511440277
2062,2.0,35.0,40.0,0.5,100.0,18.0,0.4885842502117157
2063,2.0,35.0,40.0,0.5,1000.0,17.0,0.477712482213974
2064,2.0,35.0,40.0,0.5,10000.0,17.0,0.48685501019159955
2065,2.0,35.0,40.0,0.7,0.0,17.0,0.4837662031253179
2066,2.0,35.0,40.0,0.7,10.0,30.0,0.49325848122437793
2067,2.0,35.0,40.0,0.7,100.0,22.0,0.4871116429567337
2068,2.0,35.0,40.0,0.7,1000.0,17.0,0.4744756321112315
2069,2.0,35.0,40.0,0.7,10000.0,17.0,0.48604102432727814
2070,2.0,35.0,45.0,0.3,0.0,17.0,0.49750325580437976
2071,2.0,35.0,45.0,0.3,10.0,17.0,0.48768848180770874
2072,2.0,35.0,45.0,0.3,100.0,15.0,0.49022040764490765
2073,2.0,35.0,45.0,0.3,1000.0,17.0,0.4886913100878398
2074,2.0,35.0,45.0,0.3,10000.0,17.0,0.4916043182214101
2075,2.0,35.0,45.0,0.5,0.0,17.0,0.49589569369951886
2076,2.0,35.0,45.0,0.5,10.0,17.0,0.48839186628659564
2077,2.0,35.0,45.0,0.5,100.0,15.0,0.4930853098630905
2078,2.0,35.0,45.0,0.5,1000.0,17.0,0.4874688386917114
2079,2.0,35.0,45.0,0.5,10000.0,21.0,0.4912172257900238
2080,2.0,35.0,45.0,0.7,0.0,17.0,0.5010102639595667
2081,2.0,35.0,45.0,0.7,10.0,26.0,0.49960683286190033
2082,2.0,35.0,45.0,0.7,100.0,35.0,0.5534242242574692
2083,2.0,35.0,45.0,0.7,1000.0,17.0,0.48951201637585956
2084,2.0,35.0,45.0,0.7,10000.0,28.0,0.4961681365966797
2085,2.0,35.0,50.0,0.3,0.0,20.0,0.4911717126766841
2086,2.0,35.0,50.0,0.3,10.0,17.0,0.49676697452863056
2087,2.0,35.0,50.0,0.3,100.0,18.0,0.4922543565432231
2088,2.0,35.0,50.0,0.3,1000.0,29.0,0.4903533061345418
2089,2.0,35.0,50.0,0.3,10000.0,18.0,0.49414442479610443
2090,2.0,35.0,50.0,0.5,0.0,17.0,0.48537952701250714
2091,2.0,35.0,50.0,0.5,10.0,17.0,0.4964817663033803
2092,2.0,35.0,50.0,0.5,100.0,18.0,0.48973127206166583
2093,2.0,35.0,50.0,0.5,1000.0,32.0,0.4901774674654007
2094,2.0,35.0,50.0,0.5,10000.0,24.0,0.4932040025790532
2095,2.0,35.0,50.0,0.7,0.0,17.0,0.48179536561171216
2096,2.0,35.0,50.0,0.7,10.0,17.0,0.49460527797540027
2097,2.0,35.0,50.0,0.7,100.0,28.0,0.4875348110993703
2098,2.0,35.0,50.0,0.7,1000.0,32.0,0.4860641310612361
2099,2.0,35.0,50.0,0.7,10000.0,34.0,0.5021106402079264
2100,1.0,40.0,5.0,0.3,0.0,28.0,0.5273521741231283
2101,1.0,40.0,5.0,0.3,10.0,18.0,0.5272243817647299
2102,1.0,40.0,5.0,0.3,100.0,21.0,0.4811520278453827
2103,1.0,40.0,5.0,0.3,1000.0,25.0,0.5302236924568812
2104,1.0,40.0,5.0,0.3,10000.0,87.0,0.6159230172634125
2105,1.0,40.0,5.0,0.5,0.0,28.0,0.5484477678934733
2106,1.0,40.0,5.0,0.5,10.0,41.0,0.5411705176035563
2107,1.0,40.0,5.0,0.5,100.0,21.0,0.47039492925008136
2108,1.0,40.0,5.0,0.5,1000.0,42.0,0.5584723552068075
2109,1.0,40.0,5.0,0.5,10000.0,111.0,0.5825000405311584
2110,1.0,40.0,5.0,0.7,0.0,52.0,0.5784310400485992
2111,1.0,40.0,5.0,0.7,10.0,64.0,0.606590211391449
2112,1.0,40.0,5.0,0.7,100.0,20.0,0.48202209174633026
2113,1.0,40.0,5.0,0.7,1000.0,35.0,0.5999763309955597
2114,1.0,40.0,5.0,0.7,10000.0,180.0,0.5713395774364471
2115,1.0,40.0,10.0,0.3,0.0,21.0,0.5098221053679785
2116,1.0,40.0,10.0,0.3,10.0,22.0,0.509435291091601
2117,1.0,40.0,10.0,0.3,100.0,33.0,0.5057199398676554
2118,1.0,40.0,10.0,0.3,1000.0,31.0,0.4892391761144002
2119,1.0,40.0,10.0,0.3,10000.0,26.0,0.4974131186803182
2120,1.0,40.0,10.0,0.5,0.0,29.0,0.5219234476486841
2121,1.0,40.0,10.0,0.5,10.0,22.0,0.5187247345844904
2122,1.0,40.0,10.0,0.5,100.0,32.0,0.5009006410837173
2123,1.0,40.0,10.0,0.5,1000.0,21.0,0.47726785639921826
2124,1.0,40.0,10.0,0.5,10000.0,25.0,0.49919135371843976
2125,1.0,40.0,10.0,0.7,0.0,41.0,0.5489610433578491
2126,1.0,40.0,10.0,0.7,10.0,26.0,0.5404401421546936
2127,1.0,40.0,10.0,0.7,100.0,39.0,0.5235040038824081
2128,1.0,40.0,10.0,0.7,1000.0,21.0,0.4923885067303975
2129,1.0,40.0,10.0,0.7,10000.0,32.0,0.5138813406229019
2130,1.0,40.0,15.0,0.3,0.0,18.0,0.5108765910069147
2131,1.0,40.0,15.0,0.3,10.0,17.0,0.48623377581437427
2132,1.0,40.0,15.0,0.3,100.0,18.0,0.504785974820455
2133,1.0,40.0,15.0,0.3,1000.0,24.0,0.49502386649449664
2134,1.0,40.0,15.0,0.3,10000.0,31.0,0.4971837153037389
2135,1.0,40.0,15.0,0.5,0.0,18.0,0.505108912785848
2136,1.0,40.0,15.0,0.5,10.0,21.0,0.48548733194669086
2137,1.0,40.0,15.0,0.5,100.0,18.0,0.5032495558261871
2138,1.0,40.0,15.0,0.5,1000.0,24.0,0.4803790549437205
2139,1.0,40.0,15.0,0.5,10000.0,32.0,0.4966776023308436
2140,1.0,40.0,15.0,0.7,0.0,36.0,0.5200389722983042
2141,1.0,40.0,15.0,0.7,10.0,21.0,0.4872218718131383
2142,1.0,40.0,15.0,0.7,100.0,26.0,0.5039985279242197
2143,1.0,40.0,15.0,0.7,1000.0,23.0,0.48495779434839886
2144,1.0,40.0,15.0,0.7,10000.0,40.0,0.5259544004996618
2145,1.0,40.0,20.0,0.3,0.0,21.0,0.502366637190183
2146,1.0,40.0,20.0,0.3,10.0,24.0,0.5030065178871155
2147,1.0,40.0,20.0,0.3,100.0,16.0,0.4999610632658005
2148,1.0,40.0,20.0,0.3,1000.0,20.0,0.4959811568260193
2149,1.0,40.0,20.0,0.3,10000.0,24.0,0.4975658605496089
2150,1.0,40.0,20.0,0.5,0.0,23.0,0.5004728684822718
2151,1.0,40.0,20.0,0.5,10.0,24.0,0.5084500809510549
2152,1.0,40.0,20.0,0.5,100.0,22.0,0.5002265026172003
2153,1.0,40.0,20.0,0.5,1000.0,21.0,0.4896545559167862
2154,1.0,40.0,20.0,0.5,10000.0,25.0,0.4977191438277562
2155,1.0,40.0,20.0,0.7,0.0,23.0,0.5015963315963745
2156,1.0,40.0,20.0,0.7,10.0,23.0,0.5151826093594233
2157,1.0,40.0,20.0,0.7,100.0,26.0,0.5130534221728643
2158,1.0,40.0,20.0,0.7,1000.0,21.0,0.5001110931237539
2159,1.0,40.0,20.0,0.7,10000.0,24.0,0.5118365238110224
2160,1.0,40.0,25.0,0.3,0.0,20.0,0.5004903872807821
2161,1.0,40.0,25.0,0.3,10.0,18.0,0.4976782649755478
2162,1.0,40.0,25.0,0.3,100.0,39.0,0.5018170277277628
2163,1.0,40.0,25.0,0.3,1000.0,18.0,0.48251645267009735
2164,1.0,40.0,25.0,0.3,10000.0,25.0,0.4932485818862915
2165,1.0,40.0,25.0,0.5,0.0,21.0,0.49560829003651935
2166,1.0,40.0,25.0,0.5,10.0,18.0,0.49187203248341876
2167,1.0,40.0,25.0,0.5,100.0,22.0,0.5045880575974783
2168,1.0,40.0,25.0,0.5,1000.0,21.0,0.48121340076128644
2169,1.0,40.0,25.0,0.5,10000.0,25.0,0.4874841074148814
2170,1.0,40.0,25.0,0.7,0.0,26.0,0.5041558494170507
2171,1.0,40.0,25.0,0.7,10.0,24.0,0.5022119830052058
2172,1.0,40.0,25.0,0.7,100.0,29.0,0.5159075905879339
2173,1.0,40.0,25.0,0.7,1000.0,20.0,0.4806941747665405
2174,1.0,40.0,25.0,0.7,10000.0,27.0,0.4861675550540288
2175,1.0,40.0,30.0,0.3,0.0,18.0,0.5015391856431961
2176,1.0,40.0,30.0,0.3,10.0,20.0,0.489916056394577
2177,1.0,40.0,30.0,0.3,100.0,17.0,0.502675250172615
2178,1.0,40.0,30.0,0.3,1000.0,18.0,0.4934854358434677
2179,1.0,40.0,30.0,0.3,10000.0,17.0,0.4948607136805852
2180,1.0,40.0,30.0,0.5,0.0,18.0,0.4957434634367625
2181,1.0,40.0,30.0,0.5,10.0,21.0,0.48892630636692047
2182,1.0,40.0,30.0,0.5,100.0,17.0,0.5053729663292567
2183,1.0,40.0,30.0,0.5,1000.0,19.0,0.49017849067846936
2184,1.0,40.0,30.0,0.5,10000.0,21.0,0.49393904209136963
2185,1.0,40.0,30.0,0.7,0.0,23.0,0.5033594369888306
2186,1.0,40.0,30.0,0.7,10.0,24.0,0.48729577163855237
2187,1.0,40.0,30.0,0.7,100.0,35.0,0.506391242146492
2188,1.0,40.0,30.0,0.7,1000.0,32.0,0.49948738018671673
2189,1.0,40.0,30.0,0.7,10000.0,28.0,0.5017481197913488
2190,1.0,40.0,35.0,0.3,0.0,21.0,0.4964388807614644
2191,1.0,40.0,35.0,0.3,10.0,20.0,0.4938793480396271
2192,1.0,40.0,35.0,0.3,100.0,18.0,0.5008667260408401
2193,1.0,40.0,35.0,0.3,1000.0,18.0,0.5003370195627213
2194,1.0,40.0,35.0,0.3,10000.0,18.0,0.4989064186811447
2195,1.0,40.0,35.0,0.5,0.0,21.0,0.4893648624420166
2196,1.0,40.0,35.0,0.5,10.0,21.0,0.4888349175453186
2197,1.0,40.0,35.0,0.5,100.0,18.0,0.5021011183659235
2198,1.0,40.0,35.0,0.5,1000.0,18.0,0.5026076038678488
2199,1.0,40.0,35.0,0.5,10000.0,18.0,0.49332722028096515
2200,1.0,40.0,35.0,0.7,0.0,22.0,0.4840158671140671
2201,1.0,40.0,35.0,0.7,10.0,19.0,0.4812650630871455
2202,1.0,40.0,35.0,0.7,100.0,26.0,0.5084362278381983
2203,1.0,40.0,35.0,0.7,1000.0,18.0,0.5023570905129114
2204,1.0,40.0,35.0,0.7,10000.0,18.0,0.49186702569325763
2205,1.0,40.0,40.0,0.3,0.0,18.0,0.5066490719715754
2206,1.0,40.0,40.0,0.3,10.0,18.0,0.4909901072581609
2207,1.0,40.0,40.0,0.3,100.0,17.0,0.4972725460926692
2208,1.0,40.0,40.0,0.3,1000.0,18.0,0.4923875133196513
2209,1.0,40.0,40.0,0.3,10000.0,17.0,0.49545814096927643
2210,1.0,40.0,40.0,0.5,0.0,18.0,0.50508813560009
2211,1.0,40.0,40.0,0.5,10.0,18.0,0.4840795248746872
2212,1.0,40.0,40.0,0.5,100.0,17.0,0.4979434112707774
2213,1.0,40.0,40.0,0.5,1000.0,18.0,0.4888268957535426
2214,1.0,40.0,40.0,0.5,10000.0,17.0,0.4921960433324178
2215,1.0,40.0,40.0,0.7,0.0,18.0,0.5079061587651571
2216,1.0,40.0,40.0,0.7,10.0,21.0,0.4786023547252019
2217,1.0,40.0,40.0,0.7,100.0,18.0,0.4969561696052551
2218,1.0,40.0,40.0,0.7,1000.0,18.0,0.48297834396362305
2219,1.0,40.0,40.0,0.7,10000.0,18.0,0.4904162486394246
2220,1.0,40.0,45.0,0.3,0.0,18.0,0.5011925001939138
2221,1.0,40.0,45.0,0.3,10.0,21.0,0.4958454966545105
2222,1.0,40.0,45.0,0.3,100.0,18.0,0.49748977025349933
2223,1.0,40.0,45.0,0.3,1000.0,18.0,0.49825229744116467
2224,1.0,40.0,45.0,0.3,10000.0,18.0,0.49927810827891034
2225,1.0,40.0,45.0,0.5,0.0,18.0,0.49529771010080975
2226,1.0,40.0,45.0,0.5,10.0,21.0,0.491904616355896
2227,1.0,40.0,45.0,0.5,100.0,18.0,0.4951746165752411
2228,1.0,40.0,45.0,0.5,1000.0,18.0,0.4964476575454076
2229,1.0,40.0,45.0,0.5,10000.0,18.0,0.4993222653865814
2230,1.0,40.0,45.0,0.7,0.0,18.0,0.49516523877779645
2231,1.0,40.0,45.0,0.7,10.0,21.0,0.48786213497320813
2232,1.0,40.0,45.0,0.7,100.0,18.0,0.4957610219717026
2233,1.0,40.0,45.0,0.7,1000.0,19.0,0.496228684981664
2234,1.0,40.0,45.0,0.7,10000.0,17.0,0.49389885862668353
2235,1.0,40.0,50.0,0.3,0.0,18.0,0.5012752066055933
2236,1.0,40.0,50.0,0.3,10.0,17.0,0.5017793079217275
2237,1.0,40.0,50.0,0.3,100.0,17.0,0.4936135560274124
2238,1.0,40.0,50.0,0.3,1000.0,15.0,0.49010048309961957
2239,1.0,40.0,50.0,0.3,10000.0,18.0,0.49816079437732697
2240,1.0,40.0,50.0,0.5,0.0,18.0,0.5012101133664449
2241,1.0,40.0,50.0,0.5,10.0,17.0,0.4990718811750412
2242,1.0,40.0,50.0,0.5,100.0,17.0,0.4925449738899867
2243,1.0,40.0,50.0,0.5,1000.0,18.0,0.49347569545110065
2244,1.0,40.0,50.0,0.5,10000.0,18.0,0.49575871229171753
2245,1.0,40.0,50.0,0.7,0.0,18.0,0.4967588285605113
2246,1.0,40.0,50.0,0.7,10.0,18.0,0.494770626227061
2247,1.0,40.0,50.0,0.7,100.0,18.0,0.48892684280872345
2248,1.0,40.0,50.0,0.7,1000.0,24.0,0.4943147997061412
2249,1.0,40.0,50.0,0.7,10000.0,19.0,0.49830374121665955
2250,2.0,40.0,5.0,0.3,0.0,20.0,0.48734145363171893
2251,2.0,40.0,5.0,0.3,10.0,29.0,0.5218287954727808
2252,2.0,40.0,5.0,0.3,100.0,69.0,0.4903987298409144
2253,2.0,40.0,5.0,0.3,1000.0,30.0,0.49630531668663025
2254,2.0,40.0,5.0,0.3,10000.0,32.0,0.5094537883996964
2255,2.0,40.0,5.0,0.5,0.0,19.0,0.482064629594485
2256,2.0,40.0,5.0,0.5,10.0,27.0,0.5018068502346674
2257,2.0,40.0,5.0,0.5,100.0,45.0,0.5031897723674774
2258,2.0,40.0,5.0,0.5,1000.0,41.0,0.4994175086418788
2259,2.0,40.0,5.0,0.5,10000.0,43.0,0.5497637093067169
2260,2.0,40.0,5.0,0.7,0.0,22.0,0.49227121969064075
2261,2.0,40.0,5.0,0.7,10.0,32.0,0.5335070490837097
2262,2.0,40.0,5.0,0.7,100.0,43.0,0.5572207172711691
2263,2.0,40.0,5.0,0.7,1000.0,24.0,0.5089713434378306
2264,2.0,40.0,5.0,0.7,10000.0,55.0,0.5769810179869334
2265,2.0,40.0,10.0,0.3,0.0,29.0,0.49562036494414013
2266,2.0,40.0,10.0,0.3,10.0,21.0,0.4941994647185008
2267,2.0,40.0,10.0,0.3,100.0,40.0,0.5439745634794235
2268,2.0,40.0,10.0,0.3,1000.0,25.0,0.4812058359384537
2269,2.0,40.0,10.0,0.3,10000.0,32.0,0.5031974812348684
2270,2.0,40.0,10.0,0.5,0.0,28.0,0.4995185136795044
2271,2.0,40.0,10.0,0.5,10.0,19.0,0.4936068306366603
2272,2.0,40.0,10.0,0.5,100.0,40.0,0.5457789152860641
2273,2.0,40.0,10.0,0.5,1000.0,25.0,0.48472846547762555
2274,2.0,40.0,10.0,0.5,10000.0,43.0,0.5439515113830566
2275,2.0,40.0,10.0,0.7,0.0,30.0,0.5226826171080271
2276,2.0,40.0,10.0,0.7,10.0,34.0,0.5194939921299616
2277,2.0,40.0,10.0,0.7,100.0,42.0,0.5641562044620514
2278,2.0,40.0,10.0,0.7,1000.0,23.0,0.5162357290585836
2279,2.0,40.0,10.0,0.7,10000.0,46.0,0.589794248342514
2280,2.0,40.0,15.0,0.3,0.0,21.0,0.49247268338998157
2281,2.0,40.0,15.0,0.3,10.0,22.0,0.5005325824022293
2282,2.0,40.0,15.0,0.3,100.0,17.0,0.48815420766671497
2283,2.0,40.0,15.0,0.3,1000.0,25.0,0.4952445973952611
2284,2.0,40.0,15.0,0.3,10000.0,31.0,0.5069897572199503
2285,2.0,40.0,15.0,0.5,0.0,22.0,0.48767542839050293
2286,2.0,40.0,15.0,0.5,10.0,22.0,0.4948025047779083
2287,2.0,40.0,15.0,0.5,100.0,17.0,0.48762355744838715
2288,2.0,40.0,15.0,0.5,1000.0,42.0,0.5482336779435476
2289,2.0,40.0,15.0,0.5,10000.0,19.0,0.4890822023153305
2290,2.0,40.0,15.0,0.7,0.0,32.0,0.5015802979469299
2291,2.0,40.0,15.0,0.7,10.0,27.0,0.4993545909722646
2292,2.0,40.0,15.0,0.7,100.0,29.0,0.4953962564468384
2293,2.0,40.0,15.0,0.7,1000.0,43.0,0.5563394327958425
2294,2.0,40.0,15.0,0.7,10000.0,29.0,0.500481535991033
2295,2.0,40.0,20.0,0.3,0.0,24.0,0.4913822462161382
2296,2.0,40.0,20.0,0.3,10.0,33.0,0.507310152053833
2297,2.0,40.0,20.0,0.3,100.0,24.0,0.49200984338919324
2298,2.0,40.0,20.0,0.3,1000.0,42.0,0.5046387513478597
2299,2.0,40.0,20.0,0.3,10000.0,32.0,0.49243026475111645
2300,2.0,40.0,20.0,0.5,0.0,21.0,0.485800564289093
2301,2.0,40.0,20.0,0.5,10.0,26.0,0.49863555530707043
2302,2.0,40.0,20.0,0.5,100.0,24.0,0.49249312778313953
2303,2.0,40.0,20.0,0.5,1000.0,50.0,0.5087712953488032
2304,2.0,40.0,20.0,0.5,10000.0,32.0,0.4873453925053279
2305,2.0,40.0,20.0,0.7,0.0,26.0,0.4903062681357066
2306,2.0,40.0,20.0,0.7,10.0,34.0,0.5198932935794195
2307,2.0,40.0,20.0,0.7,100.0,34.0,0.5042642106612524
2308,2.0,40.0,20.0,0.7,1000.0,54.0,0.520538737376531
2309,2.0,40.0,20.0,0.7,10000.0,38.0,0.48836398621400195
2310,2.0,40.0,25.0,0.3,0.0,26.0,0.48915383716424304
2311,2.0,40.0,25.0,0.3,10.0,34.0,0.5092056840658188
2312,2.0,40.0,25.0,0.3,100.0,22.0,0.4938305815060933
2313,2.0,40.0,25.0,0.3,1000.0,30.0,0.4858264724413554
2314,2.0,40.0,25.0,0.3,10000.0,17.0,0.49353286623954773
2315,2.0,40.0,25.0,0.5,0.0,21.0,0.4852263530095418
2316,2.0,40.0,25.0,0.5,10.0,33.0,0.5090098182360331
2317,2.0,40.0,25.0,0.5,100.0,42.0,0.49679404000441235
2318,2.0,40.0,25.0,0.5,1000.0,30.0,0.47908301651477814
2319,2.0,40.0,25.0,0.5,10000.0,17.0,0.492261067032814
2320,2.0,40.0,25.0,0.7,0.0,19.0,0.4823419352372487
2321,2.0,40.0,25.0,0.7,10.0,28.0,0.5023104598124822
2322,2.0,40.0,25.0,0.7,100.0,32.0,0.4978153357903163
2323,2.0,40.0,25.0,0.7,1000.0,23.0,0.48185934126377106
2324,2.0,40.0,25.0,0.7,10000.0,17.0,0.4953382611274719
2325,2.0,40.0,30.0,0.3,0.0,22.0,0.4975774933894475
2326,2.0,40.0,30.0,0.3,10.0,17.0,0.4888721952835719
2327,2.0,40.0,30.0,0.3,100.0,24.0,0.49383411804835003
2328,2.0,40.0,30.0,0.3,1000.0,25.0,0.49732814729213715
2329,2.0,40.0,30.0,0.3,10000.0,24.0,0.4948887676000595
2330,2.0,40.0,30.0,0.5,0.0,17.0,0.49163225293159485
2331,2.0,40.0,30.0,0.5,10.0,17.0,0.4846489429473877
2332,2.0,40.0,30.0,0.5,100.0,34.0,0.502853920062383
2333,2.0,40.0,30.0,0.5,1000.0,24.0,0.4904787441094716
2334,2.0,40.0,30.0,0.5,10000.0,34.0,0.5012379934390386
2335,2.0,40.0,30.0,0.7,0.0,35.0,0.48834317922592163
2336,2.0,40.0,30.0,0.7,10.0,17.0,0.4821683466434479
2337,2.0,40.0,30.0,0.7,100.0,35.0,0.5014200111230215
2338,2.0,40.0,30.0,0.7,1000.0,24.0,0.491807758808136
2339,2.0,40.0,30.0,0.7,10000.0,27.0,0.5003130882978439
2340,2.0,40.0,35.0,0.3,0.0,17.0,0.4889197399218877
2341,2.0,40.0,35.0,0.3,10.0,19.0,0.4957348157962163
2342,2.0,40.0,35.0,0.3,100.0,16.0,0.4886684864759445
2343,2.0,40.0,35.0,0.3,1000.0,17.0,0.487410306930542
2344,2.0,40.0,35.0,0.3,10000.0,17.0,0.49454626937707263
2345,2.0,40.0,35.0,0.5,0.0,17.0,0.4848731408516566
2346,2.0,40.0,35.0,0.5,10.0,23.0,0.49072248737017315
2347,2.0,40.0,35.0,0.5,100.0,16.0,0.4877065767844518
2348,2.0,40.0,35.0,0.5,1000.0,17.0,0.4882110208272934
2349,2.0,40.0,35.0,0.5,10000.0,17.0,0.49475955963134766
2350,2.0,40.0,35.0,0.7,0.0,17.0,0.4837513516346614
2351,2.0,40.0,35.0,0.7,10.0,32.0,0.5054796934127808
2352,2.0,40.0,35.0,0.7,100.0,16.0,0.4824003626902898
2353,2.0,40.0,35.0,0.7,1000.0,33.0,0.4872485895951589
2354,2.0,40.0,35.0,0.7,10000.0,17.0,0.49131007492542267
2355,2.0,40.0,40.0,0.3,0.0,16.0,0.4869135320186615
2356,2.0,40.0,40.0,0.3,10.0,16.0,0.49064644674460095
2357,2.0,40.0,40.0,0.3,100.0,17.0,0.4917526791493098
2358,2.0,40.0,40.0,0.3,1000.0,21.0,0.49374974767367047
2359,2.0,40.0,40.0,0.3,10000.0,17.0,0.49584953983624774
2360,2.0,40.0,40.0,0.5,0.0,17.0,0.48448415100574493
2361,2.0,40.0,40.0,0.5,10.0,16.0,0.4868320971727371
2362,2.0,40.0,40.0,0.5,100.0,16.0,0.49692318836847943
2363,2.0,40.0,40.0,0.5,1000.0,25.0,0.49838171899318695
2364,2.0,40.0,40.0,0.5,10000.0,17.0,0.49731863538424176
2365,2.0,40.0,40.0,0.7,0.0,17.0,0.4811411698659261
2366,2.0,40.0,40.0,0.7,10.0,16.0,0.4864455809195836
2367,2.0,40.0,40.0,0.7,100.0,16.0,0.5028353929519653
2368,2.0,40.0,40.0,0.7,1000.0,32.0,0.5143549044926962
2369,2.0,40.0,40.0,0.7,10000.0,17.0,0.49472110470136005
2370,2.0,40.0,45.0,0.3,0.0,19.0,0.4901922543843587
2371,2.0,40.0,45.0,0.3,10.0,17.0,0.48570102949937183
2372,2.0,40.0,45.0,0.3,100.0,16.0,0.49042365451653797
2373,2.0,40.0,45.0,0.3,1000.0,16.0,0.4889936496814092
2374,2.0,40.0,45.0,0.3,10000.0,17.0,0.49487557510534924
2375,2.0,40.0,45.0,0.5,0.0,17.0,0.4910342792669932
2376,2.0,40.0,45.0,0.5,10.0,19.0,0.47793108224868774
2377,2.0,40.0,45.0,0.5,100.0,16.0,0.4913309911886851
2378,2.0,40.0,45.0,0.5,1000.0,17.0,0.486431618531545
2379,2.0,40.0,45.0,0.5,10000.0,17.0,0.4918871720631917
2380,2.0,40.0,45.0,0.7,0.0,17.0,0.49289211134115857
2381,2.0,40.0,45.0,0.7,10.0,17.0,0.4760732352733612
2382,2.0,40.0,45.0,0.7,100.0,17.0,0.4903370241324107
2383,2.0,40.0,45.0,0.7,1000.0,17.0,0.48910893003145856
2384,2.0,40.0,45.0,0.7,10000.0,17.0,0.4936458220084508
2385,2.0,40.0,50.0,0.3,0.0,17.0,0.49480139712492627
2386,2.0,40.0,50.0,0.3,10.0,17.0,0.4896640827258428
2387,2.0,40.0,50.0,0.3,100.0,21.0,0.49227574467658997
2388,2.0,40.0,50.0,0.3,1000.0,17.0,0.49054454763730365
2389,2.0,40.0,50.0,0.3,10000.0,16.0,0.49251491328080493
2390,2.0,40.0,50.0,0.5,0.0,17.0,0.494250367085139
2391,2.0,40.0,50.0,0.5,10.0,17.0,0.48581525186697644
2392,2.0,40.0,50.0,0.5,100.0,17.0,0.4923453132311503
2393,2.0,40.0,50.0,0.5,1000.0,17.0,0.49213502804438275
2394,2.0,40.0,50.0,0.5,10000.0,16.0,0.49179089069366455
2395,2.0,40.0,50.0,0.7,0.0,16.0,0.4860073924064636
2396,2.0,40.0,50.0,0.7,10.0,17.0,0.4834413677453995
2397,2.0,40.0,50.0,0.7,100.0,22.0,0.4928291241327922
2398,2.0,40.0,50.0,0.7,1000.0,31.0,0.49320416649182636
2399,2.0,40.0,50.0,0.7,10000.0,16.0,0.4918666034936905
2400,1.0,45.0,5.0,0.3,0.0,64.0,0.5175552517175674
2401,1.0,45.0,5.0,0.3,10.0,21.0,0.5511410534381866
2402,1.0,45.0,5.0,0.3,100.0,31.0,0.5189914852380753
2403,1.0,45.0,5.0,0.3,1000.0,26.0,0.49232250948747
2404,1.0,45.0,5.0,0.3,10000.0,35.0,0.5259894480307897
2405,1.0,45.0,5.0,0.5,0.0,67.0,0.5623830854892731
2406,1.0,45.0,5.0,0.5,10.0,21.0,0.5509773890177408
2407,1.0,45.0,5.0,0.5,100.0,32.0,0.5346213082472483
2408,1.0,45.0,5.0,0.5,1000.0,31.0,0.4800412853558858
2409,1.0,45.0,5.0,0.5,10000.0,51.0,0.5401382346947988
2410,1.0,45.0,5.0,0.7,0.0,81.0,0.5799242655436198
2411,1.0,45.0,5.0,0.7,10.0,20.0,0.5577095746994019
2412,1.0,45.0,5.0,0.7,100.0,43.0,0.5929752985636393
2413,1.0,45.0,5.0,0.7,1000.0,31.0,0.49256830910841626
2414,1.0,45.0,5.0,0.7,10000.0,79.0,0.6019407709439596
2415,1.0,45.0,10.0,0.3,0.0,25.0,0.500724732875824
2416,1.0,45.0,10.0,0.3,10.0,26.0,0.5070754090944926
2417,1.0,45.0,10.0,0.3,100.0,15.0,0.5097407400608063
2418,1.0,45.0,10.0,0.3,1000.0,26.0,0.4988226145505905
2419,1.0,45.0,10.0,0.3,10000.0,27.0,0.505622868736585
2420,1.0,45.0,10.0,0.5,0.0,29.0,0.5045204510291418
2421,1.0,45.0,10.0,0.5,10.0,33.0,0.5102657725413641
2422,1.0,45.0,10.0,0.5,100.0,33.0,0.5106722563505173
2423,1.0,45.0,10.0,0.5,1000.0,26.0,0.5008506129185358
2424,1.0,45.0,10.0,0.5,10000.0,27.0,0.5071184833844503
2425,1.0,45.0,10.0,0.7,0.0,26.0,0.525158574183782
2426,1.0,45.0,10.0,0.7,10.0,34.0,0.5359008312225342
2427,1.0,45.0,10.0,0.7,100.0,33.0,0.535222202539444
2428,1.0,45.0,10.0,0.7,1000.0,25.0,0.5122679273287455
2429,1.0,45.0,10.0,0.7,10000.0,35.0,0.5176059007644653
2430,1.0,45.0,15.0,0.3,0.0,22.0,0.5058442155520121
2431,1.0,45.0,15.0,0.3,10.0,27.0,0.5187697360912958
2432,1.0,45.0,15.0,0.3,100.0,17.0,0.5072896927595139
2433,1.0,45.0,15.0,0.3,1000.0,20.0,0.5020079265038172
2434,1.0,45.0,15.0,0.3,10000.0,31.0,0.5024757832288742
2435,1.0,45.0,15.0,0.5,0.0,20.0,0.4978267600138982
2436,1.0,45.0,15.0,0.5,10.0,26.0,0.5086518228054047
2437,1.0,45.0,15.0,0.5,100.0,21.0,0.506849596897761
2438,1.0,45.0,15.0,0.5,1000.0,21.0,0.49787238240242004
2439,1.0,45.0,15.0,0.5,10000.0,24.0,0.5030300666888555
2440,1.0,45.0,15.0,0.7,0.0,24.0,0.499995951851209
2441,1.0,45.0,15.0,0.7,10.0,35.0,0.5304574171702067
2442,1.0,45.0,15.0,0.7,100.0,29.0,0.5143935481707255
2443,1.0,45.0,15.0,0.7,1000.0,20.0,0.5038523524999619
2444,1.0,45.0,15.0,0.7,10000.0,47.0,0.5349080661932627
2445,1.0,45.0,20.0,0.3,0.0,20.0,0.5076789210240046
2446,1.0,45.0,20.0,0.3,10.0,21.0,0.5105887850125631
2447,1.0,45.0,20.0,0.3,100.0,19.0,0.49183932940165204
2448,1.0,45.0,20.0,0.3,1000.0,23.0,0.4924018234014511
2449,1.0,45.0,20.0,0.3,10000.0,17.0,0.4903022547562917
2450,1.0,45.0,20.0,0.5,0.0,30.0,0.5096682012081146
2451,1.0,45.0,20.0,0.5,10.0,21.0,0.5115942358970642
2452,1.0,45.0,20.0,0.5,100.0,21.0,0.4885762433211009
2453,1.0,45.0,20.0,0.5,1000.0,21.0,0.48943499227364856
2454,1.0,45.0,20.0,0.5,10000.0,20.0,0.4918297876914342
2455,1.0,45.0,20.0,0.7,0.0,30.0,0.514108826716741
2456,1.0,45.0,20.0,0.7,10.0,21.0,0.5158586800098419
2457,1.0,45.0,20.0,0.7,100.0,20.0,0.4847893218199412
2458,1.0,45.0,20.0,0.7,1000.0,21.0,0.4883083353439967
2459,1.0,45.0,20.0,0.7,10000.0,18.0,0.49365701774756116
2460,1.0,45.0,25.0,0.3,0.0,15.0,0.4962361355622609
2461,1.0,45.0,25.0,0.3,10.0,20.0,0.4939880619446437
2462,1.0,45.0,25.0,0.3,100.0,17.0,0.4922912468512853
2463,1.0,45.0,25.0,0.3,1000.0,17.0,0.49820542832215625
2464,1.0,45.0,25.0,0.3,10000.0,17.0,0.48882821202278137
2465,1.0,45.0,25.0,0.5,0.0,22.0,0.49936506648858386
2466,1.0,45.0,25.0,0.5,10.0,20.0,0.48856450617313385
2467,1.0,45.0,25.0,0.5,100.0,17.0,0.4905124455690384
2468,1.0,45.0,25.0,0.5,1000.0,18.0,0.5004788239796957
2469,1.0,45.0,25.0,0.5,10000.0,17.0,0.487345611055692
2470,1.0,45.0,25.0,0.7,0.0,30.0,0.511054515838623
2471,1.0,45.0,25.0,0.7,10.0,27.0,0.4923434605201085
2472,1.0,45.0,25.0,0.7,100.0,18.0,0.4907178729772568
2473,1.0,45.0,25.0,0.7,1000.0,18.0,0.49373481174310047
2474,1.0,45.0,25.0,0.7,10000.0,18.0,0.4893600990374883
2475,1.0,45.0,30.0,0.3,0.0,18.0,0.4951867212851842
2476,1.0,45.0,30.0,0.3,10.0,18.0,0.4997578908999761
2477,1.0,45.0,30.0,0.3,100.0,17.0,0.5011914571126302
2478,1.0,45.0,30.0,0.3,1000.0,17.0,0.4951617817083995
2479,1.0,45.0,30.0,0.3,10000.0,18.0,0.49214233458042145
2480,1.0,45.0,30.0,0.5,0.0,21.0,0.486784428358078
2481,1.0,45.0,30.0,0.5,10.0,18.0,0.49395062029361725
2482,1.0,45.0,30.0,0.5,100.0,17.0,0.500872790813446
2483,1.0,45.0,30.0,0.5,1000.0,17.0,0.49146997928619385
2484,1.0,45.0,30.0,0.5,10000.0,18.0,0.48901741206645966
2485,1.0,45.0,30.0,0.7,0.0,22.0,0.48623334368069965
2486,1.0,45.0,30.0,0.7,10.0,18.0,0.49315237005551654
2487,1.0,45.0,30.0,0.7,100.0,17.0,0.5053845196962357
2488,1.0,45.0,30.0,0.7,1000.0,18.0,0.49358777205149335
2489,1.0,45.0,30.0,0.7,10000.0,18.0,0.486665278673172
2490,1.0,45.0,35.0,0.3,0.0,17.0,0.5010411938031515
2491,1.0,45.0,35.0,0.3,10.0,17.0,0.494543398420016
2492,1.0,45.0,35.0,0.3,100.0,17.0,0.4983398864666621
2493,1.0,45.0,35.0,0.3,1000.0,18.0,0.4931165774663289
2494,1.0,45.0,35.0,0.3,10000.0,20.0,0.49623354772726697
2495,1.0,45.0,35.0,0.5,0.0,17.0,0.49008336663246155
2496,1.0,45.0,35.0,0.5,10.0,17.0,0.4954971671104431
2497,1.0,45.0,35.0,0.5,100.0,17.0,0.4987485458453496
2498,1.0,45.0,35.0,0.5,1000.0,18.0,0.49312063058217365
2499,1.0,45.0,35.0,0.5,10000.0,19.0,0.49323056141535443
2500,1.0,45.0,35.0,0.7,0.0,19.0,0.4884072889884313
2501,1.0,45.0,35.0,0.7,10.0,17.0,0.49265485008557636
2502,1.0,45.0,35.0,0.7,100.0,20.0,0.49600879351298016
2503,1.0,45.0,35.0,0.7,1000.0,18.0,0.49060724178949994
2504,1.0,45.0,35.0,0.7,10000.0,19.0,0.4902828484773636
2505,1.0,45.0,40.0,0.3,0.0,17.0,0.5013992091019949
2506,1.0,45.0,40.0,0.3,10.0,17.0,0.48581961790720624
2507,1.0,45.0,40.0,0.3,100.0,20.0,0.4922282596429189
2508,1.0,45.0,40.0,0.3,1000.0,21.0,0.4934098968903224
2509,1.0,45.0,40.0,0.3,10000.0,17.0,0.5007172624270121
2510,1.0,45.0,40.0,0.5,0.0,17.0,0.49587617814540863
2511,1.0,45.0,40.0,0.5,10.0,17.0,0.4856087863445282
2512,1.0,45.0,40.0,0.5,100.0,20.0,0.4876200904448827
2513,1.0,45.0,40.0,0.5,1000.0,21.0,0.49034765859444934
2514,1.0,45.0,40.0,0.5,10000.0,17.0,0.5033839245637258
2515,1.0,45.0,40.0,0.7,0.0,17.0,0.4976225594679515
2516,1.0,45.0,40.0,0.7,10.0,18.0,0.48294947544733685
2517,1.0,45.0,40.0,0.7,100.0,20.0,0.48190722862879437
2518,1.0,45.0,40.0,0.7,1000.0,21.0,0.4828999986251195
2519,1.0,45.0,40.0,0.7,10000.0,17.0,0.5076017479101816
2520,1.0,45.0,45.0,0.3,0.0,14.0,0.49612001578013104
2521,1.0,45.0,45.0,0.3,10.0,20.0,0.4955831418434779
2522,1.0,45.0,45.0,0.3,100.0,20.0,0.48914241294066113
2523,1.0,45.0,45.0,0.3,1000.0,17.0,0.49158138533433277
2524,1.0,45.0,45.0,0.3,10000.0,17.0,0.4989035129547119
2525,1.0,45.0,45.0,0.5,0.0,14.0,0.49338433643182117
2526,1.0,45.0,45.0,0.5,10.0,20.0,0.4905308236678441
2527,1.0,45.0,45.0,0.5,100.0,19.0,0.4848496913909912
2528,1.0,45.0,45.0,0.5,1000.0,17.0,0.4880925714969635
2529,1.0,45.0,45.0,0.5,10000.0,17.0,0.4984365850687027
2530,1.0,45.0,45.0,0.7,0.0,24.0,0.5069908301035563
2531,1.0,45.0,45.0,0.7,10.0,21.0,0.48264622688293457
2532,1.0,45.0,45.0,0.7,100.0,20.0,0.4816245436668396
2533,1.0,45.0,45.0,0.7,1000.0,20.0,0.4858413537343343
2534,1.0,45.0,45.0,0.7,10000.0,17.0,0.4948683480421702
2535,1.0,45.0,50.0,0.3,0.0,17.0,0.5032532662153244
2536,1.0,45.0,50.0,0.3,10.0,17.0,0.4969246834516525
2537,1.0,45.0,50.0,0.3,100.0,17.0,0.49448176225026447
2538,1.0,45.0,50.0,0.3,1000.0,17.0,0.48955971002578735
2539,1.0,45.0,50.0,0.3,10000.0,18.0,0.4999263733625412
2540,1.0,45.0,50.0,0.5,0.0,17.0,0.4995182454586029
2541,1.0,45.0,50.0,0.5,10.0,17.0,0.49436700840791065
2542,1.0,45.0,50.0,0.5,100.0,17.0,0.4933614134788513
2543,1.0,45.0,50.0,0.5,1000.0,17.0,0.48358070353666943
2544,1.0,45.0,50.0,0.5,10000.0,19.0,0.4941342721382777
2545,1.0,45.0,50.0,0.7,0.0,17.0,0.49710746109485626
2546,1.0,45.0,50.0,0.7,10.0,17.0,0.4952125350634257
2547,1.0,45.0,50.0,0.7,100.0,17.0,0.4885995437701543
2548,1.0,45.0,50.0,0.7,1000.0,18.0,0.4812210400899251
2549,1.0,45.0,50.0,0.7,10000.0,21.0,0.49653635422388714
2550,2.0,45.0,5.0,0.3,0.0,34.0,0.51363372306029
2551,2.0,45.0,5.0,0.3,10.0,38.0,0.5172976106405258
2552,2.0,45.0,5.0,0.3,100.0,18.0,0.4788208156824112
2553,2.0,45.0,5.0,0.3,1000.0,26.0,0.5038954168558121
2554,2.0,45.0,5.0,0.3,10000.0,39.0,0.5084137221177419
2555,2.0,45.0,5.0,0.5,0.0,49.0,0.5754437148571014
2556,2.0,45.0,5.0,0.5,10.0,50.0,0.5353329181671143
2557,2.0,45.0,5.0,0.5,100.0,18.0,0.47294538219769794
2558,2.0,45.0,5.0,0.5,1000.0,33.0,0.5281602690617243
2559,2.0,45.0,5.0,0.5,10000.0,32.0,0.5292697995901108
2560,2.0,45.0,5.0,0.7,0.0,42.0,0.605258991320928
2561,2.0,45.0,5.0,0.7,10.0,50.0,0.5931878387928009
2562,2.0,45.0,5.0,0.7,100.0,25.0,0.4838801274696986
2563,2.0,45.0,5.0,0.7,1000.0,43.0,0.5778127213319143
2564,2.0,45.0,5.0,0.7,10000.0,42.0,0.5863753259181976
2565,2.0,45.0,10.0,0.3,0.0,29.0,0.5002500812212626
2566,2.0,45.0,10.0,0.3,10.0,37.0,0.49457324544588727
2567,2.0,45.0,10.0,0.3,100.0,26.0,0.49970245858033496
2568,2.0,45.0,10.0,0.3,1000.0,26.0,0.4914182275533676
2569,2.0,45.0,10.0,0.3,10000.0,24.0,0.4898109585046768
2570,2.0,45.0,10.0,0.5,0.0,28.0,0.5030204405387243
2571,2.0,45.0,10.0,0.5,10.0,26.0,0.5035896599292755
2572,2.0,45.0,10.0,0.5,100.0,32.0,0.4950715700785319
2573,2.0,45.0,10.0,0.5,1000.0,31.0,0.48825063308080036
2574,2.0,45.0,10.0,0.5,10000.0,29.0,0.4858517050743103
2575,2.0,45.0,10.0,0.7,0.0,39.0,0.5361324797074
2576,2.0,45.0,10.0,0.7,10.0,40.0,0.54139876862367
2577,2.0,45.0,10.0,0.7,100.0,32.0,0.49773459633191425
2578,2.0,45.0,10.0,0.7,1000.0,35.0,0.49971309800942737
2579,2.0,45.0,10.0,0.7,10000.0,38.0,0.5154318511486053
2580,2.0,45.0,15.0,0.3,0.0,47.0,0.5681843310594559
2581,2.0,45.0,15.0,0.3,10.0,26.0,0.4934333364168803
2582,2.0,45.0,15.0,0.3,100.0,25.0,0.4987504680951436
2583,2.0,45.0,15.0,0.3,1000.0,21.0,0.5014316240946451
2584,2.0,45.0,15.0,0.3,10000.0,24.0,0.48957326511542004
2585,2.0,45.0,15.0,0.5,0.0,40.0,0.5319109559059143
2586,2.0,45.0,15.0,0.5,10.0,26.0,0.4960608631372452
2587,2.0,45.0,15.0,0.5,100.0,35.0,0.4956904649734497
2588,2.0,45.0,15.0,0.5,1000.0,39.0,0.501684640844663
2589,2.0,45.0,15.0,0.5,10000.0,24.0,0.48625678817431134
2590,2.0,45.0,15.0,0.7,0.0,38.0,0.5738940586646398
2591,2.0,45.0,15.0,0.7,10.0,30.0,0.5230411340792974
2592,2.0,45.0,15.0,0.7,100.0,50.0,0.5485092798868815
2593,2.0,45.0,15.0,0.7,1000.0,48.0,0.5484457413355509
2594,2.0,45.0,15.0,0.7,10000.0,25.0,0.4906891534725825
2595,2.0,45.0,20.0,0.3,0.0,24.0,0.49527589976787567
2596,2.0,45.0,20.0,0.3,10.0,26.0,0.49361532429854077
2597,2.0,45.0,20.0,0.3,100.0,16.0,0.49976881841818493
2598,2.0,45.0,20.0,0.3,1000.0,19.0,0.48951443533102673
2599,2.0,45.0,20.0,0.3,10000.0,16.0,0.4910423805316289
2600,2.0,45.0,20.0,0.5,0.0,24.0,0.4951713631550471
2601,2.0,45.0,20.0,0.5,10.0,26.0,0.4969966262578964
2602,2.0,45.0,20.0,0.5,100.0,16.0,0.49808081487814587
2603,2.0,45.0,20.0,0.5,1000.0,19.0,0.485458771387736
2604,2.0,45.0,20.0,0.5,10000.0,16.0,0.49004991352558136
2605,2.0,45.0,20.0,0.7,0.0,35.0,0.5050200372934341
2606,2.0,45.0,20.0,0.7,10.0,27.0,0.5047098696231842
2607,2.0,45.0,20.0,0.7,100.0,41.0,0.5484075794617335
2608,2.0,45.0,20.0,0.7,1000.0,19.0,0.48274574677149457
2609,2.0,45.0,20.0,0.7,10000.0,28.0,0.49337094525496167
2610,2.0,45.0,25.0,0.3,0.0,19.0,0.48808195690313977
2611,2.0,45.0,25.0,0.3,10.0,16.0,0.49584201474984485
2612,2.0,45.0,25.0,0.3,100.0,19.0,0.4892117877801259
2613,2.0,45.0,25.0,0.3,1000.0,19.0,0.4909215221802394
2614,2.0,45.0,25.0,0.3,10000.0,19.0,0.4899234672387441
2615,2.0,45.0,25.0,0.5,0.0,19.0,0.4799693028132121
2616,2.0,45.0,25.0,0.5,10.0,16.0,0.49916138748327893
2617,2.0,45.0,25.0,0.5,100.0,19.0,0.483457754055659
2618,2.0,45.0,25.0,0.5,1000.0,19.0,0.491400087873141
2619,2.0,45.0,25.0,0.5,10000.0,19.0,0.48442497849464417
2620,2.0,45.0,25.0,0.7,0.0,19.0,0.48543741802374524
2621,2.0,45.0,25.0,0.7,10.0,16.0,0.5053339848915736
2622,2.0,45.0,25.0,0.7,100.0,19.0,0.4808252404133479
2623,2.0,45.0,25.0,0.7,1000.0,19.0,0.48891841371854144
2624,2.0,45.0,25.0,0.7,10000.0,24.0,0.4796667844057083
2625,2.0,45.0,30.0,0.3,0.0,22.0,0.49649277826150257
2626,2.0,45.0,30.0,0.3,10.0,16.0,0.49609582126140594
2627,2.0,45.0,30.0,0.3,100.0,16.0,0.503431499004364
2628,2.0,45.0,30.0,0.3,1000.0,16.0,0.4824797362089157
2629,2.0,45.0,30.0,0.3,10000.0,19.0,0.4902469515800476
2630,2.0,45.0,30.0,0.5,0.0,21.0,0.49413075546423596
2631,2.0,45.0,30.0,0.5,10.0,16.0,0.4960174510876338
2632,2.0,45.0,30.0,0.5,100.0,16.0,0.5019849141438802
2633,2.0,45.0,30.0,0.5,1000.0,16.0,0.479809711376826
2634,2.0,45.0,30.0,0.5,10000.0,16.0,0.4909588744242986
2635,2.0,45.0,30.0,0.7,0.0,29.0,0.4997603048880895
2636,2.0,45.0,30.0,0.7,10.0,30.0,0.5109798163175583
2637,2.0,45.0,30.0,0.7,100.0,41.0,0.5207174718379974
2638,2.0,45.0,30.0,0.7,1000.0,17.0,0.4817190965016683
2639,2.0,45.0,30.0,0.7,10000.0,16.0,0.4973173240820567
2640,2.0,45.0,35.0,0.3,0.0,16.0,0.48908746739228565
2641,2.0,45.0,35.0,0.3,10.0,16.0,0.48776353895664215
2642,2.0,45.0,35.0,0.3,100.0,16.0,0.49157866338888806
2643,2.0,45.0,35.0,0.3,1000.0,29.0,0.5004789531230927
2644,2.0,45.0,35.0,0.3,10000.0,18.0,0.4894802321990331
2645,2.0,45.0,35.0,0.5,0.0,16.0,0.48779279987017315
2646,2.0,45.0,35.0,0.5,10.0,16.0,0.48513931532700855
2647,2.0,45.0,35.0,0.5,100.0,16.0,0.4889031747976939
2648,2.0,45.0,35.0,0.5,1000.0,24.0,0.4895120809475581
2649,2.0,45.0,35.0,0.5,10000.0,25.0,0.49112726747989655
2650,2.0,45.0,35.0,0.7,0.0,19.0,0.4836008946100871
2651,2.0,45.0,35.0,0.7,10.0,17.0,0.48447631299495697
2652,2.0,45.0,35.0,0.7,100.0,19.0,0.4888601452112198
2653,2.0,45.0,35.0,0.7,1000.0,29.0,0.5060419936974844
2654,2.0,45.0,35.0,0.7,10000.0,25.0,0.4826188087463379
2655,2.0,45.0,40.0,0.3,0.0,16.0,0.48854832351207733
2656,2.0,45.0,40.0,0.3,10.0,16.0,0.492842361330986
2657,2.0,45.0,40.0,0.3,100.0,17.0,0.498147447903951
2658,2.0,45.0,40.0,0.3,1000.0,16.0,0.49110718568166095
2659,2.0,45.0,40.0,0.3,10000.0,16.0,0.4902965823809306
2660,2.0,45.0,40.0,0.5,0.0,16.0,0.4854559352000554
2661,2.0,45.0,40.0,0.5,10.0,16.0,0.4932807783285777
2662,2.0,45.0,40.0,0.5,100.0,20.0,0.4984348863363266
2663,2.0,45.0,40.0,0.5,1000.0,16.0,0.4877219448486964
2664,2.0,45.0,40.0,0.5,10000.0,16.0,0.4896344343821208
2665,2.0,45.0,40.0,0.7,0.0,16.0,0.48132384320100147
2666,2.0,45.0,40.0,0.7,10.0,16.0,0.4957752625147502
2667,2.0,45.0,40.0,0.7,100.0,25.0,0.4987648477156957
2668,2.0,45.0,40.0,0.7,1000.0,19.0,0.48540496329466504
2669,2.0,45.0,40.0,0.7,10000.0,16.0,0.4893936216831207
2670,2.0,45.0,45.0,0.3,0.0,16.0,0.49029161036014557
2671,2.0,45.0,45.0,0.3,10.0,16.0,0.49097103377183277
2672,2.0,45.0,45.0,0.3,100.0,20.0,0.4994222968816757
2673,2.0,45.0,45.0,0.3,1000.0,16.0,0.49231333533922833
2674,2.0,45.0,45.0,0.3,10000.0,16.0,0.4924887965122859
2675,2.0,45.0,45.0,0.5,0.0,16.0,0.4898586571216583
2676,2.0,45.0,45.0,0.5,10.0,16.0,0.4901505211989085
2677,2.0,45.0,45.0,0.5,100.0,20.0,0.495968629916509
2678,2.0,45.0,45.0,0.5,1000.0,16.0,0.49338903029759723
2679,2.0,45.0,45.0,0.5,10000.0,16.0,0.4884838859240214
2680,2.0,45.0,45.0,0.7,0.0,16.0,0.4913237045208613
2681,2.0,45.0,45.0,0.7,10.0,21.0,0.4949481983979543
2682,2.0,45.0,45.0,0.7,100.0,20.0,0.4906245321035385
2683,2.0,45.0,45.0,0.7,1000.0,17.0,0.49357984960079193
2684,2.0,45.0,45.0,0.7,10000.0,16.0,0.48998955885569256
2685,2.0,45.0,50.0,0.3,0.0,14.0,0.49027687807877857
2686,2.0,45.0,50.0,0.3,10.0,16.0,0.49249477684497833
2687,2.0,45.0,50.0,0.3,100.0,17.0,0.4876749316851298
2688,2.0,45.0,50.0,0.3,1000.0,14.0,0.4897715797026952
2689,2.0,45.0,50.0,0.3,10000.0,16.0,0.4937921116749446
2690,2.0,45.0,50.0,0.5,0.0,28.0,0.4906141956647237
2691,2.0,45.0,50.0,0.5,10.0,16.0,0.48971526324748993
2692,2.0,45.0,50.0,0.5,100.0,17.0,0.488555168112119
2693,2.0,45.0,50.0,0.5,1000.0,18.0,0.4943078358968099
2694,2.0,45.0,50.0,0.5,10000.0,16.0,0.49552397429943085
2695,2.0,45.0,50.0,0.7,0.0,28.0,0.4928615788618724
2696,2.0,45.0,50.0,0.7,10.0,28.0,0.49746226767698926
2697,2.0,45.0,50.0,0.7,100.0,20.0,0.48245226840178174
2698,2.0,45.0,50.0,0.7,1000.0,32.0,0.507655143737793
2699,2.0,45.0,50.0,0.7,10000.0,44.0,0.6129527240991592
2700,1.0,50.0,5.0,0.3,0.0,24.0,0.5116630593935648
2701,1.0,50.0,5.0,0.3,10.0,26.0,0.5051191548506418
2702,1.0,50.0,5.0,0.3,100.0,63.0,0.5185357729593912
2703,1.0,50.0,5.0,0.3,1000.0,26.0,0.49668826162815094
2704,1.0,50.0,5.0,0.3,10000.0,23.0,0.507712334394455
2705,1.0,50.0,5.0,0.5,0.0,24.0,0.5290552278359731
2706,1.0,50.0,5.0,0.5,10.0,22.0,0.5133476505676905
2707,1.0,50.0,5.0,0.5,100.0,67.0,0.5413120786348978
2708,1.0,50.0,5.0,0.5,1000.0,22.0,0.5041377246379852
2709,1.0,50.0,5.0,0.5,10000.0,29.0,0.5120014647642771
2710,1.0,50.0,5.0,0.7,0.0,59.0,0.5722898443539938
2711,1.0,50.0,5.0,0.7,10.0,19.0,0.5456835726896921
2712,1.0,50.0,5.0,0.7,100.0,88.0,0.6030952533086141
2713,1.0,50.0,5.0,0.7,1000.0,30.0,0.5588006178538004
2714,1.0,50.0,5.0,0.7,10000.0,31.0,0.5483496884504954
2715,1.0,50.0,10.0,0.3,0.0,25.0,0.5118399461110433
2716,1.0,50.0,10.0,0.3,10.0,22.0,0.5155980636676153
2717,1.0,50.0,10.0,0.3,100.0,47.0,0.4744040171305339
2718,1.0,50.0,10.0,0.3,1000.0,23.0,0.4891919096310933
2719,1.0,50.0,10.0,0.3,10000.0,26.0,0.5035209059715271
2720,1.0,50.0,10.0,0.5,0.0,15.0,0.5254860818386078
2721,1.0,50.0,10.0,0.5,10.0,22.0,0.5099644362926483
2722,1.0,50.0,10.0,0.5,100.0,52.0,0.5075023372968038
2723,1.0,50.0,10.0,0.5,1000.0,21.0,0.48207013805707294
2724,1.0,50.0,10.0,0.5,10000.0,24.0,0.5049015879631042
2725,1.0,50.0,10.0,0.7,0.0,83.0,0.5998142759005228
2726,1.0,50.0,10.0,0.7,10.0,23.0,0.5150853941837946
2727,1.0,50.0,10.0,0.7,100.0,34.0,0.5451111793518066
2728,1.0,50.0,10.0,0.7,1000.0,35.0,0.5082497547070185
2729,1.0,50.0,10.0,0.7,10000.0,26.0,0.5169310967127482
2730,1.0,50.0,15.0,0.3,0.0,19.0,0.5066135625044504
2731,1.0,50.0,15.0,0.3,10.0,18.0,0.5070878515640894
2732,1.0,50.0,15.0,0.3,100.0,17.0,0.5192601680755615
2733,1.0,50.0,15.0,0.3,1000.0,19.0,0.48683033883571625
2734,1.0,50.0,15.0,0.3,10000.0,32.0,0.5071381578842798
2735,1.0,50.0,15.0,0.5,0.0,20.0,0.5045649607976278
2736,1.0,50.0,15.0,0.5,10.0,18.0,0.5083693613608679
2737,1.0,50.0,15.0,0.5,100.0,21.0,0.5183588763078054
2738,1.0,50.0,15.0,0.5,1000.0,19.0,0.4799967010815938
2739,1.0,50.0,15.0,0.5,10000.0,34.0,0.515187273422877
2740,1.0,50.0,15.0,0.7,0.0,21.0,0.5067763129870096
2741,1.0,50.0,15.0,0.7,10.0,31.0,0.5241632362206777
2742,1.0,50.0,15.0,0.7,100.0,30.0,0.5316310326258341
2743,1.0,50.0,15.0,0.7,1000.0,19.0,0.479899396498998
2744,1.0,50.0,15.0,0.7,10000.0,28.0,0.5371309816837311
2745,1.0,50.0,20.0,0.3,0.0,19.0,0.4915230522553126
2746,1.0,50.0,20.0,0.3,10.0,17.0,0.5026510159174601
2747,1.0,50.0,20.0,0.3,100.0,16.0,0.5040695269902548
2748,1.0,50.0,20.0,0.3,1000.0,23.0,0.497816930214564
2749,1.0,50.0,20.0,0.3,10000.0,17.0,0.4995609074831009
2750,1.0,50.0,20.0,0.5,0.0,19.0,0.48581139246622723
2751,1.0,50.0,20.0,0.5,10.0,17.0,0.5038896004358927
2752,1.0,50.0,20.0,0.5,100.0,16.0,0.505144457022349
2753,1.0,50.0,20.0,0.5,1000.0,22.0,0.4873197178045909
2754,1.0,50.0,20.0,0.5,10000.0,17.0,0.5003115932146708
2755,1.0,50.0,20.0,0.7,0.0,21.0,0.48343950013319653
2756,1.0,50.0,20.0,0.7,10.0,17.0,0.5103193571170171
2757,1.0,50.0,20.0,0.7,100.0,17.0,0.5224555979172388
2758,1.0,50.0,20.0,0.7,1000.0,25.0,0.4835210641225179
2759,1.0,50.0,20.0,0.7,10000.0,24.0,0.5104653586943945
2760,1.0,50.0,25.0,0.3,0.0,16.0,0.5057351489861807
2761,1.0,50.0,25.0,0.3,10.0,20.0,0.5027741144100825
2762,1.0,50.0,25.0,0.3,100.0,17.0,0.5028366049130758
2763,1.0,50.0,25.0,0.3,1000.0,17.0,0.48963989317417145
2764,1.0,50.0,25.0,0.3,10000.0,15.0,0.4985685298840205
2765,1.0,50.0,25.0,0.5,0.0,17.0,0.5037768483161926
2766,1.0,50.0,25.0,0.5,10.0,19.0,0.49946436285972595
2767,1.0,50.0,25.0,0.5,100.0,17.0,0.4971621185541153
2768,1.0,50.0,25.0,0.5,1000.0,17.0,0.48847298820813495
2769,1.0,50.0,25.0,0.5,10000.0,24.0,0.5022642413775126
2770,1.0,50.0,25.0,0.7,0.0,17.0,0.5020259420077006
2771,1.0,50.0,25.0,0.7,10.0,20.0,0.49612899621327716
2772,1.0,50.0,25.0,0.7,100.0,17.0,0.5011615057786306
2773,1.0,50.0,25.0,0.7,1000.0,17.0,0.4859396119912465
2774,1.0,50.0,25.0,0.7,10000.0,24.0,0.504519080122312
2775,1.0,50.0,30.0,0.3,0.0,19.0,0.5056985517342886
2776,1.0,50.0,30.0,0.3,10.0,17.0,0.49929983417193097
2777,1.0,50.0,30.0,0.3,100.0,19.0,0.5026470671097437
2778,1.0,50.0,30.0,0.3,1000.0,17.0,0.5004388839006424
2779,1.0,50.0,30.0,0.3,10000.0,17.0,0.4993318518002828
2780,1.0,50.0,30.0,0.5,0.0,19.0,0.5022829522689184
2781,1.0,50.0,30.0,0.5,10.0,17.0,0.5025841544071833
2782,1.0,50.0,30.0,0.5,100.0,19.0,0.49551605184872943
2783,1.0,50.0,30.0,0.5,1000.0,17.0,0.5074052015940348
2784,1.0,50.0,30.0,0.5,10000.0,16.0,0.5068757583697637
2785,1.0,50.0,30.0,0.7,0.0,19.0,0.5019063999255499
2786,1.0,50.0,30.0,0.7,10.0,17.0,0.5177261680364609
2787,1.0,50.0,30.0,0.7,100.0,24.0,0.49600861469904584
2788,1.0,50.0,30.0,0.7,1000.0,17.0,0.5115782767534256
2789,1.0,50.0,30.0,0.7,10000.0,17.0,0.5057742049296697
2790,1.0,50.0,35.0,0.3,0.0,16.0,0.49705636004606885
2791,1.0,50.0,35.0,0.3,10.0,22.0,0.49938449760278064
2792,1.0,50.0,35.0,0.3,100.0,16.0,0.497052068511645
2793,1.0,50.0,35.0,0.3,1000.0,19.0,0.4871971954902013
2794,1.0,50.0,35.0,0.3,10000.0,20.0,0.49448321262995404
2795,1.0,50.0,35.0,0.5,0.0,16.0,0.49781807760397595
2796,1.0,50.0,35.0,0.5,10.0,22.0,0.4969620058933894
2797,1.0,50.0,35.0,0.5,100.0,17.0,0.49849413832028705
2798,1.0,50.0,35.0,0.5,1000.0,20.0,0.4877926707267761
2799,1.0,50.0,35.0,0.5,10000.0,19.0,0.48808982968330383
2800,1.0,50.0,35.0,0.7,0.0,19.0,0.4988555610179901
2801,1.0,50.0,35.0,0.7,10.0,19.0,0.4853708744049072
2802,1.0,50.0,35.0,0.7,100.0,17.0,0.501849631468455
2803,1.0,50.0,35.0,0.7,1000.0,19.0,0.4803156356016795
2804,1.0,50.0,35.0,0.7,10000.0,19.0,0.48852401971817017
2805,1.0,50.0,40.0,0.3,0.0,17.0,0.5034721940755844
2806,1.0,50.0,40.0,0.3,10.0,17.0,0.4969137708346049
2807,1.0,50.0,40.0,0.3,100.0,19.0,0.5000218600034714
2808,1.0,50.0,40.0,0.3,1000.0,16.0,0.49257392684618634
2809,1.0,50.0,40.0,0.3,10000.0,17.0,0.4994128942489624
2810,1.0,50.0,40.0,0.5,0.0,17.0,0.5021515687306722
2811,1.0,50.0,40.0,0.5,10.0,17.0,0.49289771914482117
2812,1.0,50.0,40.0,0.5,100.0,20.0,0.5009429057439169
2813,1.0,50.0,40.0,0.5,1000.0,16.0,0.49050500988960266
2814,1.0,50.0,40.0,0.5,10000.0,17.0,0.5017517904440562
2815,1.0,50.0,40.0,0.7,0.0,17.0,0.4984932988882065
2816,1.0,50.0,40.0,0.7,10.0,18.0,0.4886212001244227
2817,1.0,50.0,40.0,0.7,100.0,20.0,0.49809640149275464
2818,1.0,50.0,40.0,0.7,1000.0,17.0,0.4822261929512024
2819,1.0,50.0,40.0,0.7,10000.0,17.0,0.5048343042532603
2820,1.0,50.0,45.0,0.3,0.0,17.0,0.4943115562200546
2821,1.0,50.0,45.0,0.3,10.0,19.0,0.5010289748509725
2822,1.0,50.0,45.0,0.3,100.0,17.0,0.4976775050163269
2823,1.0,50.0,45.0,0.3,1000.0,19.0,0.49579131106535596
2824,1.0,50.0,45.0,0.3,10000.0,17.0,0.49917463461558026
2825,1.0,50.0,45.0,0.5,0.0,17.0,0.4876031080881755
2826,1.0,50.0,45.0,0.5,10.0,19.0,0.49555162092049915
2827,1.0,50.0,45.0,0.5,100.0,17.0,0.49482964475949603
2828,1.0,50.0,45.0,0.5,1000.0,19.0,0.4944634288549423
2829,1.0,50.0,45.0,0.5,10000.0,17.0,0.49819575746854144
2830,1.0,50.0,45.0,0.7,0.0,19.0,0.4895502378543218
2831,1.0,50.0,45.0,0.7,10.0,19.0,0.4913222740093867
2832,1.0,50.0,45.0,0.7,100.0,17.0,0.495706041653951
2833,1.0,50.0,45.0,0.7,1000.0,20.0,0.4983823349078496
2834,1.0,50.0,45.0,0.7,10000.0,17.0,0.49773307144641876
2835,1.0,50.0,50.0,0.3,0.0,17.0,0.5009992520014445
2836,1.0,50.0,50.0,0.3,10.0,16.0,0.4949726313352585
2837,1.0,50.0,50.0,0.3,100.0,21.0,0.49973685542742413
2838,1.0,50.0,50.0,0.3,1000.0,16.0,0.4992430756489436
2839,1.0,50.0,50.0,0.3,10000.0,16.0,0.49884848296642303
2840,1.0,50.0,50.0,0.5,0.0,17.0,0.4962795476118724
2841,1.0,50.0,50.0,0.5,10.0,16.0,0.4892969876527786
2842,1.0,50.0,50.0,0.5,100.0,21.0,0.49547069768110913
2843,1.0,50.0,50.0,0.5,1000.0,16.0,0.4988565693298976
2844,1.0,50.0,50.0,0.5,10000.0,16.0,0.4953535745541255
2845,1.0,50.0,50.0,0.7,0.0,17.0,0.49263310929139453
2846,1.0,50.0,50.0,0.7,10.0,19.0,0.4841455320517222
2847,1.0,50.0,50.0,0.7,100.0,21.0,0.4907886286576589
2848,1.0,50.0,50.0,0.7,1000.0,17.0,0.49870990713437396
2849,1.0,50.0,50.0,0.7,10000.0,17.0,0.4914966921011607
2850,2.0,50.0,5.0,0.3,0.0,19.0,0.531012753645579
2851,2.0,50.0,5.0,0.3,10.0,41.0,0.5232030401627222
2852,2.0,50.0,5.0,0.3,100.0,14.0,0.515808085600535
2853,2.0,50.0,5.0,0.3,1000.0,19.0,0.5060214350620905
2854,2.0,50.0,5.0,0.3,10000.0,45.0,0.5229897449413935
2855,2.0,50.0,5.0,0.5,0.0,49.0,0.557867964108785
2856,2.0,50.0,5.0,0.5,10.0,44.0,0.5523944099744161
2857,2.0,50.0,5.0,0.5,100.0,53.0,0.5289736539125443
2858,2.0,50.0,5.0,0.5,1000.0,18.0,0.5207350552082062
2859,2.0,50.0,5.0,0.5,10000.0,41.0,0.644905169804891
2860,2.0,50.0,5.0,0.7,0.0,53.0,0.6101174056529999
2861,2.0,50.0,5.0,0.7,10.0,28.0,0.5446639060974121
2862,2.0,50.0,5.0,0.7,100.0,51.0,0.5909305413564047
2863,2.0,50.0,5.0,0.7,1000.0,35.0,0.5809876918792725
2864,2.0,50.0,5.0,0.7,10000.0,42.0,0.5665345986684164
2865,2.0,50.0,10.0,0.3,0.0,25.0,0.4979865501324336
2866,2.0,50.0,10.0,0.3,10.0,22.0,0.49933214485645294
2867,2.0,50.0,10.0,0.3,100.0,22.0,0.5242246141036352
2868,2.0,50.0,10.0,0.3,1000.0,36.0,0.5128463258345922
2869,2.0,50.0,10.0,0.3,10000.0,19.0,0.49070192873477936
2870,2.0,50.0,10.0,0.5,0.0,25.0,0.5059783508380254
2871,2.0,50.0,10.0,0.5,10.0,38.0,0.5233565817276636
2872,2.0,50.0,10.0,0.5,100.0,46.0,0.5692124664783478
2873,2.0,50.0,10.0,0.5,1000.0,24.0,0.5006520251433054
2874,2.0,50.0,10.0,0.5,10000.0,19.0,0.4924962917963664
2875,2.0,50.0,10.0,0.7,0.0,40.0,0.5578347643216451
2876,2.0,50.0,10.0,0.7,10.0,42.0,0.5355843951304754
2877,2.0,50.0,10.0,0.7,100.0,65.0,0.5896036326885223
2878,2.0,50.0,10.0,0.7,1000.0,28.0,0.5223696629206339
2879,2.0,50.0,10.0,0.7,10000.0,39.0,0.5246457904577255
2880,2.0,50.0,15.0,0.3,0.0,18.0,0.49781733254591626
2881,2.0,50.0,15.0,0.3,10.0,31.0,0.4973759204149246
2882,2.0,50.0,15.0,0.3,100.0,14.0,0.4948483159144719
2883,2.0,50.0,15.0,0.3,1000.0,16.0,0.4940831462542216
2884,2.0,50.0,15.0,0.3,10000.0,23.0,0.49840106070041656
2885,2.0,50.0,15.0,0.5,0.0,16.0,0.4960821916659673
2886,2.0,50.0,15.0,0.5,10.0,27.0,0.49314771592617035
2887,2.0,50.0,15.0,0.5,100.0,40.0,0.5727135390043259
2888,2.0,50.0,15.0,0.5,1000.0,16.0,0.49497192601362866
2889,2.0,50.0,15.0,0.5,10000.0,35.0,0.5193981428941091
2890,2.0,50.0,15.0,0.7,0.0,46.0,0.5314715951681137
2891,2.0,50.0,15.0,0.7,10.0,48.0,0.5324527422587076
2892,2.0,50.0,15.0,0.7,100.0,34.0,0.5248505820830663
2893,2.0,50.0,15.0,0.7,1000.0,24.0,0.5100253770748774
2894,2.0,50.0,15.0,0.7,10000.0,34.0,0.5212727884451548
2895,2.0,50.0,20.0,0.3,0.0,19.0,0.5019761770963669
2896,2.0,50.0,20.0,0.3,10.0,21.0,0.4896880139907201
2897,2.0,50.0,20.0,0.3,100.0,28.0,0.5044471273819605
2898,2.0,50.0,20.0,0.3,1000.0,14.0,0.49052928884824115
2899,2.0,50.0,20.0,0.3,10000.0,23.0,0.5054115653038025
2900,2.0,50.0,20.0,0.5,0.0,24.0,0.49815953771273297
2901,2.0,50.0,20.0,0.5,10.0,17.0,0.4795660624901454
2902,2.0,50.0,20.0,0.5,100.0,28.0,0.5178131461143494
2903,2.0,50.0,20.0,0.5,1000.0,40.0,0.5753337492545446
2904,2.0,50.0,20.0,0.5,10000.0,43.0,0.5742348631223043
2905,2.0,50.0,20.0,0.7,0.0,32.0,0.5362299631039301
2906,2.0,50.0,20.0,0.7,10.0,17.0,0.4810647467772166
2907,2.0,50.0,20.0,0.7,100.0,28.0,0.5186204314231873
2908,2.0,50.0,20.0,0.7,1000.0,35.0,0.5689777880907059
2909,2.0,50.0,20.0,0.7,10000.0,24.0,0.5144240657488505
2910,2.0,50.0,25.0,0.3,0.0,18.0,0.5015231867631277
2911,2.0,50.0,25.0,0.3,10.0,16.0,0.4954062302907308
2912,2.0,50.0,25.0,0.3,100.0,16.0,0.489784116546313
2913,2.0,50.0,25.0,0.3,1000.0,24.0,0.4966047803560893
2914,2.0,50.0,25.0,0.3,10000.0,22.0,0.49002620081106824
2915,2.0,50.0,25.0,0.5,0.0,24.0,0.4993555297454198
2916,2.0,50.0,25.0,0.5,10.0,16.0,0.49229467908541363
2917,2.0,50.0,25.0,0.5,100.0,16.0,0.48850110669930774
2918,2.0,50.0,25.0,0.5,1000.0,20.0,0.4966336339712143
2919,2.0,50.0,25.0,0.5,10000.0,23.0,0.48973047733306885
2920,2.0,50.0,25.0,0.7,0.0,21.0,0.49646372596422833
2921,2.0,50.0,25.0,0.7,10.0,30.0,0.4942713528871536
2922,2.0,50.0,25.0,0.7,100.0,24.0,0.4883257249991099
2923,2.0,50.0,25.0,0.7,1000.0,31.0,0.5583515216906866
2924,2.0,50.0,25.0,0.7,10000.0,27.0,0.4972469359636307
2925,2.0,50.0,30.0,0.3,0.0,22.0,0.5014280527830124
2926,2.0,50.0,30.0,0.3,10.0,18.0,0.4928993086020152
2927,2.0,50.0,30.0,0.3,100.0,16.0,0.49173112213611603
2928,2.0,50.0,30.0,0.3,1000.0,16.0,0.4896741857131322
2929,2.0,50.0,30.0,0.3,10000.0,23.0,0.4994082748889923
2930,2.0,50.0,30.0,0.5,0.0,16.0,0.49297476311524707
2931,2.0,50.0,30.0,0.5,10.0,18.0,0.48798753321170807
2932,2.0,50.0,30.0,0.5,100.0,16.0,0.49281315008799237
2933,2.0,50.0,30.0,0.5,1000.0,16.0,0.4872863292694092
2934,2.0,50.0,30.0,0.5,10000.0,27.0,0.49635223547617596
2935,2.0,50.0,30.0,0.7,0.0,27.0,0.4945252140363057
2936,2.0,50.0,30.0,0.7,10.0,16.0,0.48720356325308484
2937,2.0,50.0,30.0,0.7,100.0,16.0,0.4982661654551824
2938,2.0,50.0,30.0,0.7,1000.0,16.0,0.4908633679151535
2939,2.0,50.0,30.0,0.7,10000.0,27.0,0.5052076230446497
2940,2.0,50.0,35.0,0.3,0.0,15.0,0.5053005665540695
2941,2.0,50.0,35.0,0.3,10.0,16.0,0.4922619014978409
2942,2.0,50.0,35.0,0.3,100.0,16.0,0.4995235999425252
2943,2.0,50.0,35.0,0.3,1000.0,14.0,0.49061380823453266
2944,2.0,50.0,35.0,0.3,10000.0,32.0,0.5626060962677002
2945,2.0,50.0,35.0,0.5,0.0,15.0,0.5012191385030746
2946,2.0,50.0,35.0,0.5,10.0,16.0,0.48977269728978473
2947,2.0,50.0,35.0,0.5,100.0,16.0,0.4964810808499654
2948,2.0,50.0,35.0,0.5,1000.0,14.0,0.4899428089459737
2949,2.0,50.0,35.0,0.5,10000.0,16.0,0.4965430796146393
2950,2.0,50.0,35.0,0.7,0.0,16.0,0.49759407341480255
2951,2.0,50.0,35.0,0.7,10.0,16.0,0.4907192488511403
2952,2.0,50.0,35.0,0.7,100.0,29.0,0.5109203259150187
2953,2.0,50.0,35.0,0.7,1000.0,28.0,0.5062976082166036
2954,2.0,50.0,35.0,0.7,10000.0,27.0,0.4971487720807393
2955,2.0,50.0,40.0,0.3,0.0,16.0,0.4952886650959651
2956,2.0,50.0,40.0,0.3,10.0,18.0,0.48594237864017487
2957,2.0,50.0,40.0,0.3,100.0,15.0,0.49134092032909393
2958,2.0,50.0,40.0,0.3,1000.0,16.0,0.48986777166525525
2959,2.0,50.0,40.0,0.3,10000.0,14.0,0.4939879725376765
2960,2.0,50.0,40.0,0.5,0.0,16.0,0.49018149574597675
2961,2.0,50.0,40.0,0.5,10.0,18.0,0.48078257342179614
2962,2.0,50.0,40.0,0.5,100.0,15.0,0.4890858680009842
2963,2.0,50.0,40.0,0.5,1000.0,16.0,0.48355406522750854
2964,2.0,50.0,40.0,0.5,10000.0,29.0,0.5082419117291769
2965,2.0,50.0,40.0,0.7,0.0,29.0,0.4911215603351593
2966,2.0,50.0,40.0,0.7,10.0,17.0,0.48376914362112683
2967,2.0,50.0,40.0,0.7,100.0,15.0,0.48830991983413696
2968,2.0,50.0,40.0,0.7,1000.0,16.0,0.48229481279850006
2969,2.0,50.0,40.0,0.7,10000.0,28.0,0.5102342168490092
2970,2.0,50.0,45.0,0.3,0.0,18.0,0.4923202147086461
2971,2.0,50.0,45.0,0.3,10.0,18.0,0.49257249633471173
2972,2.0,50.0,45.0,0.3,100.0,15.0,0.48488567272822064
2973,2.0,50.0,45.0,0.3,1000.0,16.0,0.4954669674237569
2974,2.0,50.0,45.0,0.3,10000.0,20.0,0.49933308362960815
2975,2.0,50.0,45.0,0.5,0.0,17.0,0.48941410581270856
2976,2.0,50.0,45.0,0.5,10.0,18.0,0.48889581859111786
2977,2.0,50.0,45.0,0.5,100.0,16.0,0.48560626804828644
2978,2.0,50.0,45.0,0.5,1000.0,15.0,0.4928721288839976
2979,2.0,50.0,45.0,0.5,10000.0,28.0,0.5463269303242365
2980,2.0,50.0,45.0,0.7,0.0,17.0,0.4814111739397049
2981,2.0,50.0,45.0,0.7,10.0,18.0,0.48743874331315357
2982,2.0,50.0,45.0,0.7,100.0,16.0,0.4825899451971054
2983,2.0,50.0,45.0,0.7,1000.0,15.0,0.4960065285364787
2984,2.0,50.0,45.0,0.7,10000.0,27.0,0.5060666153828303
2985,2.0,50.0,50.0,0.3,0.0,15.0,0.5002457251151403
2986,2.0,50.0,50.0,0.3,10.0,15.0,0.495799978574117
2987,2.0,50.0,50.0,0.3,100.0,16.0,0.4922574311494827
2988,2.0,50.0,50.0,0.3,1000.0,15.0,0.4907850871483485
2989,2.0,50.0,50.0,0.3,10000.0,16.0,0.49053550759951275
2990,2.0,50.0,50.0,0.5,0.0,15.0,0.4965939869483312
2991,2.0,50.0,50.0,0.5,10.0,15.0,0.49277405937512714
2992,2.0,50.0,50.0,0.5,100.0,16.0,0.49308348695437115
2993,2.0,50.0,50.0,0.5,1000.0,15.0,0.48544130225976306
2994,2.0,50.0,50.0,0.5,10000.0,16.0,0.4878542423248291
2995,2.0,50.0,50.0,0.7,0.0,15.0,0.49326419333616894
2996,2.0,50.0,50.0,0.7,10.0,15.0,0.4916791369517644
2997,2.0,50.0,50.0,0.7,100.0,18.0,0.49289634823799133
2998,2.0,50.0,50.0,0.7,1000.0,16.0,0.48500609397888184
2999,2.0,50.0,50.0,0.7,10000.0,20.0,0.4940108160177867
